species,x,z,y,scale,rot_deg
spruce,-138.7,-72.4,10.16,0.82,314
spruce,-299.7,-71.8,18.67,1.06,191
spruce,-294.7,-70.5,18.99,1.08,279
spruce,-279.7,-71.2,10.94,1.01,207
spruce,-270.5,-68.5,9.23,0.87,40
spruce,-269.3,-70.6,7.67,0.86,172
spruce,-258.1,-71.2,5.92,1.01,328
alder,-255.5,-70.5,6.03,0.95,308
spruce,-248.4,-68.8,5.46,0.97,173
alder,-234.2,-71.3,5.82,0.98,241
spruce,-232.8,-69.0,5.87,1.03,138
alder,-226.3,-71.5,6.3,0.82,355
alder,-222.4,-68.8,6.5,1.25,286
alder,-187.6,-70.6,5.68,0.84,146
alder,-185.2,-70.6,5.66,0.85,230
spruce,-176.5,-69.8,5.92,1.19,246
oak,-169.8,-69.2,5.92,0.9,209
spruce,-161.9,-70.3,6.17,1.18,253
spruce,-157.3,-70.5,6.05,0.83,231
spruce,-154.6,-71.8,6.09,1.14,212
spruce,-148.4,-69.4,6.29,0.85,73
spruce,-142.2,-71.7,8.6,1.01,26
spruce,-140.4,-68.1,9.73,1.01,324
spruce,-133.4,-71.8,11.75,0.81,20
spruce,-276.6,-64.5,13.7,1.17,301
spruce,-268.1,-64.3,9.55,0.92,233
alder,-259.4,-66.7,6.51,1.11,45
alder,-254.4,-65.3,6.5,0.97,93
spruce,-248.4,-65.0,4.89,0.96,81
spruce,-241.4,-64.1,5.4,1.25,38
spruce,-227.1,-64.9,6.05,1.2,104
spruce,-220.9,-64.6,6.09,1.11,107
spruce,-218.0,-65.3,6.1,0.89,260
spruce,-211.1,-64.8,6.16,1.0,331
spruce,-186.4,-63.6,5.35,0.98,92
spruce,-155.4,-64.7,5.78,1.11,313
spruce,-153.5,-66.3,5.82,1.01,59
spruce,-146.9,-65.2,6.39,0.85,12
spruce,-139.9,-63.3,7.48,1.22,275
spruce,-295.6,-59.9,26.0,0.94,338
spruce,-280.9,-60.0,18.11,1.15,213
spruce,-262.0,-59.1,8.33,1.15,317
spruce,-259.9,-61.5,7.42,0.9,125
spruce,-255.3,-62.6,6.78,1.11,226
spruce,-241.6,-60.1,5.33,0.97,345
spruce,-227.7,-62.2,5.63,0.99,313
spruce,-223.5,-61.3,5.33,1.18,92
spruce,-211.8,-61.1,6.22,1.01,217
spruce,-204.6,-61.5,6.57,1.11,351
spruce,-196.0,-60.8,6.13,1.21,83
spruce,-166.0,-60.5,5.62,1.09,275
spruce,-163.8,-61.2,5.65,1.1,219
spruce,-298.3,-56.8,27.67,0.99,358
spruce,-297.1,-57.3,27.74,1.21,233
oak,-292.1,-57.3,27.53,1.03,277
spruce,-280.6,-57.8,19.35,1.16,275
spruce,-273.1,-57.7,15.98,0.84,273
spruce,-263.6,-55.4,10.35,0.94,145
alder,-258.7,-57.9,7.93,1.19,308
spruce,-239.1,-57.0,6.09,1.21,275
alder,-234.4,-56.4,5.69,1.1,45
spruce,-231.2,-55.8,5.36,0.84,168
spruce,-225.1,-53.9,4.94,0.88,249
birch,-220.8,-57.4,4.96,0.8,206
spruce,-196.0,-54.7,6.56,0.96,317
spruce,-191.0,-56.1,6.15,1.13,104
spruce,-174.3,-55.2,5.53,1.09,272
spruce,-169.6,-56.3,5.65,1.06,101
spruce,-165.6,-57.8,5.78,0.9,156
spruce,-297.5,-50.8,31.26,0.88,165
oak,-262.4,-50.9,10.29,1.08,145
spruce,-256.5,-52.5,8.34,0.97,261
spruce,-254.2,-51.6,7.5,1.25,130
spruce,-238.2,-49.8,6.72,1.03,222
oak,-229.8,-50.5,5.38,0.82,355
spruce,-223.3,-51.3,4.95,1.1,208
spruce,-217.4,-50.7,4.72,1.14,58
spruce,-210.0,-50.6,5.62,1.17,242
spruce,-298.9,-48.0,33.05,1.13,1
birch,-296.7,-48.1,33.11,1.06,42
spruce,-290.4,-47.2,34.14,0.89,130
spruce,-272.4,-47.5,18.72,1.04,325
spruce,-234.4,-45.9,7.32,1.17,24
spruce,-231.4,-46.6,6.34,1.23,119
spruce,-220.5,-47.3,5.1,1.09,7
spruce,-215.2,-45.0,4.96,1.09,304
spruce,-214.2,-48.1,4.92,1.19,34
spruce,-193.8,-46.7,6.69,0.93,239
spruce,-189.5,-48.0,6.86,0.82,235
spruce,-186.8,-45.0,7.02,1.24,317
spruce,-176.0,-47.2,5.67,1.03,64
spruce,-297.0,-42.5,33.31,0.88,20
spruce,-283.1,-41.4,37.16,1.11,64
spruce,-263.9,-41.9,13.56,0.82,196
spruce,-216.5,-41.3,5.5,0.87,6
oak,-193.5,-40.2,6.78,1.2,359
spruce,-188.0,-43.2,7.09,0.83,350
spruce,-178.7,-40.6,6.24,1.15,63
spruce,-299.8,-36.8,32.56,0.94,285
spruce,-293.6,-38.6,32.88,0.93,107
spruce,-291.9,-38.7,32.65,1.12,117
spruce,-285.8,-38.7,34.94,1.09,309
spruce,-276.7,-37.3,21.03,0.85,66
spruce,-267.2,-35.8,14.86,0.88,281
spruce,-264.1,-37.9,13.28,0.83,188
spruce,-236.2,-37.3,8.92,0.86,145
spruce,-232.7,-38.4,9.66,1.17,221
spruce,-184.2,-39.6,6.75,1.05,27
spruce,-297.3,-31.7,32.28,1.11,358
spruce,-271.3,-34.0,17.12,0.96,334
spruce,-266.5,-33.0,14.61,0.86,178
alder,-237.0,-32.0,9.48,0.97,82
spruce,-219.9,-33.9,7.42,1.1,147
spruce,-215.5,-33.0,6.28,0.82,301
spruce,-212.3,-31.6,5.66,1.25,108
spruce,-203.5,-30.9,5.79,1.05,96
spruce,-200.5,-34.7,5.52,0.88,172
spruce,-185.7,-32.5,6.46,1.22,113
spruce,-175.9,-31.7,6.37,1.17,235
spruce,-128.4,-32.6,6.53,1.15,28
spruce,-274.3,-29.3,18.56,0.86,347
birch,-263.6,-26.8,11.8,1.19,148
spruce,-259.4,-30.4,9.68,1.24,321
spruce,-253.8,-28.3,6.61,1.03,331
spruce,-242.9,-28.1,6.21,1.19,66
oak,-240.2,-29.4,8.06,0.91,61
spruce,-234.2,-30.0,11.12,0.99,18
oak,-228.2,-27.7,10.98,0.84,42
spruce,-215.3,-26.8,7.47,0.9,21
spruce,-205.0,-26.6,6.29,0.89,49
spruce,-200.0,-26.5,5.86,1.0,201
spruce,-195.6,-30.5,5.6,0.84,269
spruce,-191.2,-27.7,5.59,1.06,215
spruce,-182.0,-28.6,6.51,0.82,295
spruce,-174.6,-30.2,6.51,1.11,268
spruce,-173.3,-26.3,6.58,0.81,190
spruce,-128.8,-26.4,7.9,0.86,26
spruce,-295.0,-24.1,31.74,1.08,324
spruce,-280.0,-22.8,21.19,1.17,274
spruce,-263.2,-24.4,10.38,0.86,232
alder,-259.3,-24.1,8.87,0.94,71
spruce,-238.7,-25.0,8.92,0.99,276
spruce,-234.3,-22.7,11.51,1.24,48
spruce,-225.9,-23.6,10.51,0.99,269
alder,-221.8,-25.2,9.6,0.83,218
spruce,-209.1,-23.8,6.99,0.93,342
spruce,-202.7,-23.1,6.45,1.03,22
spruce,-196.9,-22.1,5.92,0.9,40
spruce,-195.9,-25.1,5.64,0.94,38
spruce,-191.4,-23.2,5.62,1.11,265
spruce,-183.2,-21.8,6.29,0.9,257
spruce,-182.2,-25.7,6.54,1.0,324
spruce,-175.5,-24.7,6.78,0.98,207
spruce,-134.5,-24.5,6.47,0.98,154
spruce,-129.3,-23.6,8.6,0.97,202
spruce,-259.1,-21.0,8.38,1.1,349
spruce,-254.9,-19.2,6.29,1.15,129
spruce,-244.9,-19.3,5.92,1.22,323
spruce,-235.1,-20.7,11.31,0.81,274
oak,-224.9,-18.2,10.06,1.12,232
spruce,-197.0,-18.4,6.36,1.04,203
birch,-186.1,-19.4,5.94,1.03,275
spruce,-178.6,-18.3,6.64,0.93,86
spruce,-172.4,-19.5,7.12,0.88,187
spruce,-163.0,-18.6,6.28,1.04,204
spruce,-144.9,-17.6,6.76,1.19,172
spruce,-137.5,-20.7,6.83,1.1,147
spruce,-268.3,-14.7,8.87,1.06,171
spruce,-260.2,-14.2,6.92,1.12,223
alder,-241.4,-13.5,8.93,0.83,37
spruce,-234.0,-14.9,10.74,1.02,107
spruce,-229.8,-15.2,10.26,0.85,250
oak,-203.3,-15.7,7.3,1.12,72
spruce,-195.3,-15.0,6.33,1.04,29
spruce,-188.9,-14.8,5.99,1.15,104
spruce,-184.0,-16.6,6.1,1.0,3
birch,-177.8,-13.9,6.8,1.07,319
spruce,-158.7,-13.2,7.25,0.83,28
spruce,-145.2,-14.4,8.02,0.81,137
spruce,-132.6,-14.6,12.13,1.05,327
spruce,-263.7,-9.6,5.77,1.07,32
spruce,-257.1,-10.2,5.57,0.93,348
alder,-246.5,-11.0,5.57,0.86,189
spruce,-239.5,-8.6,8.31,1.16,52
spruce,-235.7,-9.4,8.41,1.23,352
spruce,-207.2,-8.1,8.79,0.94,166
alder,-202.2,-9.0,7.99,1.15,312
spruce,-193.5,-11.0,6.6,0.95,33
spruce,-181.7,-8.4,6.38,0.82,74
spruce,-167.5,-11.5,7.67,0.81,27
spruce,-143.5,-11.3,9.47,1.09,223
birch,-137.1,-11.5,12.2,0.91,158
oak,-131.1,-10.7,11.21,1.15,344
spruce,-276.0,-6.5,6.47,1.1,215
spruce,-267.3,-4.7,4.87,1.14,342
alder,-263.1,-7.3,5.01,1.24,278
alder,-260.1,-4.8,4.81,1.07,18
alder,-253.9,-4.3,4.67,0.97,50
spruce,-241.6,-5.9,6.85,1.02,200
spruce,-225.8,-7.3,8.18,0.94,320
spruce,-221.5,-6.6,8.29,0.99,278
spruce,-202.3,-6.9,8.12,0.91,5
spruce,-191.5,-6.7,6.82,1.2,140
spruce,-171.3,-3.9,7.12,0.82,339
spruce,-148.5,-4.4,7.71,0.84,219
spruce,-145.5,-7.3,8.27,1.09,70
oak,-135.3,-6.5,11.99,1.05,306
spruce,-130.9,-5.3,11.77,0.84,303
spruce,-283.0,0.7,4.86,1.12,7
spruce,-278.9,-1.7,5.12,1.12,330
spruce,-268.4,-2.0,4.55,1.02,187
spruce,-259.0,-0.6,4.68,1.21,226
alder,-255.5,-0.8,4.71,1.15,131
alder,-241.0,-1.7,5.92,1.09,257
spruce,-234.2,-1.0,6.79,1.23,86
spruce,-227.3,0.5,7.76,1.11,237
spruce,-222.7,-0.9,7.91,1.18,290
spruce,-217.9,0.6,8.67,1.06,221
spruce,-210.6,0.6,9.56,0.84,58
spruce,-207.1,0.8,9.41,0.84,140
spruce,-180.4,1.2,7.01,1.14,114
oak,-170.7,-0.8,7.16,0.91,129
spruce,-167.5,-2.6,7.1,0.84,293
spruce,-160.6,0.4,9.37,1.06,94
spruce,-151.2,-1.3,7.39,0.89,95
spruce,-146.8,-0.6,7.56,1.25,206
spruce,-142.7,0.1,9.77,1.19,158
spruce,-139.5,-2.7,11.21,1.2,264
spruce,-286.6,5.6,5.24,1.09,16
spruce,-282.1,3.1,4.34,0.88,64
spruce,-275.3,2.1,4.48,0.96,44
spruce,-271.5,4.0,4.47,1.24,68
spruce,-261.3,2.4,4.81,1.2,333
spruce,-252.2,2.1,4.78,1.22,15
oak,-250.8,2.2,4.69,0.81,153
alder,-238.5,3.0,5.78,1.02,274
spruce,-230.5,2.3,7.28,0.84,141
spruce,-219.0,5.8,8.68,1.21,73
spruce,-212.2,4.7,9.36,1.1,212
spruce,-202.5,5.2,8.82,1.13,301
spruce,-199.7,4.6,8.37,0.93,287
spruce,-195.5,3.7,7.41,1.05,270
spruce,-187.8,3.5,6.49,1.05,17
spruce,-180.3,5.6,7.24,0.94,227
spruce,-176.9,5.1,7.43,1.2,26
spruce,-167.9,5.8,8.7,1.04,251
spruce,-151.8,3.6,8.05,1.23,261
spruce,-135.1,5.7,14.31,1.0,310
spruce,-289.1,10.3,5.12,0.81,211
spruce,-286.2,9.0,4.43,1.05,258
spruce,-279.6,10.1,4.88,0.96,302
spruce,-241.0,8.2,5.35,1.05,65
spruce,-233.7,10.0,6.29,0.89,186
spruce,-230.1,8.0,6.83,0.91,222
birch,-227.4,10.2,6.97,0.84,16
spruce,-198.7,6.9,8.25,0.86,350
spruce,-192.5,7.9,7.05,1.24,317
spruce,-188.2,8.2,6.87,0.97,141
spruce,-151.2,6.4,8.11,0.99,54
spruce,-137.9,10.1,12.95,1.14,229
spruce,-134.7,8.6,14.18,1.17,287
spruce,-239.6,12.2,5.41,1.25,261
alder,-235.7,11.3,6.04,1.13,66
spruce,-226.1,14.5,6.55,1.16,193
spruce,-223.7,14.6,6.92,1.21,103
spruce,-216.7,12.3,8.69,0.94,137
oak,-203.0,12.8,9.02,0.91,203
birch,-198.8,14.7,8.16,0.94,167
spruce,-143.6,11.6,9.56,1.01,29
spruce,-138.5,13.9,12.49,1.03,324
spruce,-134.7,11.1,14.63,0.89,274
spruce,-246.4,18.7,5.03,1.09,153
oak,-234.7,15.6,5.98,1.15,148
spruce,-224.9,17.4,6.57,0.86,257
spruce,-220.8,16.0,7.48,1.02,248
spruce,-213.9,16.6,8.46,0.91,208
birch,-197.8,18.8,7.86,0.97,266
spruce,-154.5,18.2,11.02,0.99,54
spruce,-133.3,19.3,13.1,0.8,303
spruce,-285.4,21.3,5.23,1.02,141
spruce,-283.5,21.2,5.12,1.05,343
alder,-233.8,23.5,5.66,0.86,110
spruce,-229.0,20.6,6.2,1.18,308
spruce,-226.2,22.1,6.51,0.99,93
spruce,-210.7,22.0,8.61,1.19,236
birch,-206.6,21.9,8.31,0.82,349
spruce,-195.8,23.5,7.59,0.81,324
spruce,-157.7,20.4,10.13,0.87,332
spruce,-154.2,24.1,11.2,0.98,20
spruce,-143.9,23.5,9.71,1.22,356
spruce,-137.0,20.5,11.71,1.08,327
spruce,-134.4,20.9,12.15,1.21,115
spruce,-129.5,23.7,9.02,1.05,21
spruce,-290.9,27.2,6.0,1.06,171
spruce,-286.6,28.3,5.09,1.14,342
spruce,-282.0,26.3,5.27,1.02,86
spruce,-234.3,28.4,5.41,1.1,49
alder,-229.6,27.3,5.7,0.9,239
spruce,-225.7,26.6,6.36,0.84,163
spruce,-218.7,26.1,7.47,1.19,66
spruce,-208.8,26.5,8.26,1.14,208
spruce,-204.8,25.9,7.54,0.88,261
birch,-199.8,26.4,7.36,0.82,290
spruce,-194.3,25.7,7.49,0.99,278
spruce,-156.0,27.1,10.5,0.92,36
spruce,-149.8,26.1,10.64,0.99,168
spruce,-135.5,28.7,7.65,1.09,44
spruce,-280.8,30.9,5.06,1.08,335
spruce,-278.6,33.3,5.13,0.95,3
spruce,-230.7,31.7,5.58,0.85,154
spruce,-222.9,31.7,6.46,1.09,2
spruce,-197.1,30.5,7.04,0.99,346
spruce,-148.4,30.1,9.6,1.0,234
spruce,-139.1,31.4,7.83,0.9,1
spruce,-133.8,32.6,5.25,1.16,246
spruce,-128.6,32.1,4.23,0.89,336
spruce,-287.4,36.1,6.81,1.01,262
birch,-276.6,36.5,5.6,1.15,10
oak,-271.8,37.8,5.79,1.09,315
oak,-235.7,36.9,5.88,1.19,143
alder,-230.1,35.6,5.58,1.16,252
spruce,-212.1,37.4,7.18,1.16,152
spruce,-207.6,34.1,7.08,0.92,91
spruce,-205.4,35.2,6.92,1.12,39
spruce,-198.9,36.7,6.66,1.14,164
spruce,-193.4,37.5,6.23,1.04,352
spruce,-183.2,37.4,6.37,1.21,23
spruce,-173.0,36.1,7.19,0.92,128
spruce,-157.8,37.6,8.17,0.98,52
spruce,-149.8,37.3,8.57,1.03,170
spruce,-138.6,35.9,6.76,1.17,107
spruce,-134.6,35.9,4.92,0.89,124
spruce,-128.4,35.9,3.81,0.82,165
spruce,-280.9,42.6,7.48,0.86,37
spruce,-273.7,40.9,6.13,1.22,240
spruce,-267.2,38.8,5.97,1.23,37
spruce,-264.9,42.3,6.18,1.17,82
spruce,-254.3,40.8,5.99,1.08,275
alder,-249.9,41.2,6.15,1.2,34
spruce,-235.0,41.1,5.76,1.24,229
alder,-232.0,40.4,5.95,1.16,142
spruce,-227.7,39.1,5.87,1.2,305
spruce,-215.2,38.8,7.14,1.04,3
spruce,-206.1,38.9,6.93,1.11,329
birch,-202.3,41.9,6.67,1.01,37
spruce,-197.8,41.9,6.15,0.88,329
spruce,-192.5,40.5,6.12,1.18,225
spruce,-189.3,38.7,6.06,1.25,13
spruce,-184.6,38.9,6.2,0.92,195
birch,-175.9,42.4,6.67,1.1,278
spruce,-170.0,40.2,6.81,0.86,339
spruce,-154.2,38.6,8.59,1.06,267
spruce,-149.4,39.9,8.25,1.16,72
spruce,-145.1,38.7,7.81,1.23,226
birch,-139.5,39.5,6.81,0.81,340
birch,-134.8,40.5,5.1,0.91,293
spruce,-275.1,45.2,6.9,1.0,278
spruce,-273.7,45.0,6.78,0.99,229
oak,-268.5,45.7,6.56,0.92,289
spruce,-263.7,46.4,6.26,0.8,122
spruce,-260.3,46.0,6.02,0.95,357
spruce,-252.5,44.7,6.29,0.95,0
spruce,-245.4,44.6,5.7,1.04,10
spruce,-231.2,46.4,6.25,1.19,287
spruce,-225.2,43.5,6.42,0.81,22
alder,-221.9,43.5,6.59,1.04,170
spruce,-216.1,46.5,7.58,0.88,67
oak,-206.8,45.0,6.91,1.1,312
spruce,-202.6,43.8,6.7,0.95,93
spruce,-196.0,44.0,6.0,0.97,77
spruce,-187.6,46.6,6.03,0.81,318
spruce,-172.8,45.7,6.35,0.88,164
birch,-160.6,45.2,7.23,1.24,351
spruce,-158.9,45.7,7.46,0.85,174
spruce,-154.6,46.6,7.39,1.23,223
spruce,-147.7,46.3,7.22,0.93,359
spruce,-143.1,46.9,6.9,1.11,45
oak,-275.3,50.5,9.32,1.18,210
spruce,-263.6,51.6,7.23,1.17,148
spruce,-258.1,51.3,6.31,1.05,222
spruce,-254.5,51.7,6.44,0.98,303
spruce,-223.1,51.2,7.92,1.2,151
spruce,-175.7,49.5,6.37,1.13,328
spruce,-169.7,48.0,6.39,1.06,249
oak,-161.0,50.6,7.11,0.89,303
spruce,-152.3,50.7,7.19,0.81,100
spruce,-253.3,55.9,6.96,1.13,6
birch,-250.6,54.0,6.75,1.18,333
spruce,-240.4,53.9,6.15,1.01,263
spruce,-225.9,55.9,7.07,1.05,133
spruce,-201.5,54.2,6.17,1.0,108
spruce,-196.2,52.5,5.66,1.2,111
birch,-186.4,53.4,6.3,0.98,260
spruce,-178.8,55.9,6.67,1.15,6
spruce,-177.1,55.7,6.73,1.01,183
spruce,-155.5,56.3,6.85,1.08,228
spruce,-255.4,59.8,7.89,0.99,30
spruce,-249.3,60.0,7.65,0.88,106
spruce,-244.4,58.2,7.36,0.91,266
spruce,-199.5,58.4,6.22,1.15,261
alder,-192.6,57.8,5.87,0.93,86
spruce,-187.8,59.2,6.06,0.85,22
alder,-182.1,59.1,6.53,0.91,220
spruce,-144.3,60.1,7.96,1.2,159
spruce,-134.8,58.5,11.83,1.21,330
spruce,-131.2,61.0,14.11,0.99,8
spruce,-290.5,63.7,35.1,1.23,48
spruce,-259.7,62.5,9.29,0.96,136
birch,-253.8,64.2,8.82,1.17,88
spruce,-250.1,64.2,8.55,1.09,337
spruce,-244.5,62.5,8.01,0.83,124
spruce,-239.2,65.4,8.33,1.02,17
birch,-201.6,62.0,7.3,1.12,282
spruce,-200.2,64.1,7.12,1.18,216
spruce,-194.4,62.9,6.47,0.89,55
spruce,-191.0,63.0,6.22,0.87,232
spruce,-181.2,62.7,6.69,1.08,54
spruce,-147.9,65.1,7.13,0.95,240
spruce,-143.8,64.8,8.21,1.07,225
spruce,-137.7,65.4,12.37,1.08,198
spruce,-134.9,63.8,14.58,0.89,34
spruce,-131.1,64.2,15.25,1.05,7
spruce,-255.1,67.1,9.29,1.07,168
spruce,-248.9,69.1,9.55,0.92,315
spruce,-245.2,68.3,9.1,1.13,116
spruce,-239.9,70.3,9.13,0.83,0
spruce,-236.3,68.3,8.44,1.03,129
spruce,-232.7,69.7,8.29,0.86,207
spruce,-209.2,70.3,8.06,1.17,62
spruce,-201.6,66.2,7.57,1.11,52
spruce,-200.4,67.9,7.33,1.16,257
spruce,-194.1,69.2,6.54,0.86,111
spruce,-183.1,69.9,6.45,0.99,303
spruce,-143.7,67.4,8.09,1.22,216
spruce,-135.3,67.4,14.93,0.89,208
spruce,-256.9,73.2,10.24,0.97,208
birch,-252.5,74.7,10.25,1.13,178
spruce,-241.1,71.9,9.49,1.06,192
spruce,-214.0,72.9,8.1,1.04,217
spruce,-207.0,72.1,7.68,1.08,91
spruce,-205.0,71.4,7.7,0.82,128
spruce,-197.5,70.8,6.71,1.01,150
spruce,-193.0,73.3,6.44,1.16,200
spruce,-185.9,72.4,6.54,1.19,46
spruce,-145.0,73.2,7.81,1.19,214
spruce,-133.9,74.8,16.95,0.93,320
spruce,-131.8,74.5,16.63,1.2,272
spruce,-286.6,78.5,32.82,1.17,289
birch,-261.8,78.1,10.29,1.12,154
oak,-255.2,78.2,10.55,0.81,183
spruce,-242.1,78.1,10.13,0.92,12
spruce,-229.5,76.6,7.83,1.23,172
spruce,-227.1,77.5,6.38,1.21,275
oak,-213.9,78.8,7.48,0.98,267
spruce,-208.0,77.6,7.51,0.93,224
spruce,-197.2,76.4,6.59,0.96,254
spruce,-194.7,78.4,6.63,1.05,266
spruce,-181.9,79.3,6.58,1.17,74
spruce,-150.8,79.2,7.08,1.23,122
spruce,-149.2,76.7,7.23,0.85,323
birch,-142.2,76.8,9.4,1.0,180
spruce,-296.8,80.2,28.34,1.21,32
spruce,-292.1,83.1,30.95,1.07,57
spruce,-252.7,80.2,10.35,0.81,28
spruce,-250.2,82.3,9.87,1.06,90
spruce,-244.0,83.4,9.69,0.83,324
alder,-227.0,80.1,6.63,0.87,349
spruce,-216.3,80.0,6.82,1.09,108
spruce,-211.2,81.1,7.4,0.99,266
spruce,-207.6,81.2,7.37,0.91,201
spruce,-197.1,79.9,6.81,0.99,99
spruce,-194.1,83.4,6.88,0.97,44
oak,-185.6,82.5,6.59,1.24,142
spruce,-182.2,83.1,6.5,1.0,76
spruce,-152.5,81.7,6.78,0.95,39
spruce,-146.8,80.2,7.41,0.99,275
birch,-136.0,82.5,14.52,1.02,193
spruce,-131.6,81.2,14.03,1.0,78
spruce,-286.5,85.5,33.5,1.03,37
spruce,-262.8,87.3,9.51,0.96,256
spruce,-248.9,88.1,9.54,1.08,221
spruce,-242.9,86.8,9.37,0.83,327
alder,-231.0,87.4,7.81,0.91,27
spruce,-228.0,87.7,7.12,1.08,312
spruce,-211.1,85.0,6.79,1.04,14
spruce,-207.2,85.4,7.0,0.82,188
spruce,-198.3,85.3,7.06,0.95,176
spruce,-195.9,85.0,7.05,1.24,99
spruce,-183.1,86.2,6.27,1.09,85
spruce,-163.0,86.8,6.6,1.08,138
spruce,-159.2,85.4,6.71,1.23,6
spruce,-132.7,86.8,13.34,0.96,50
spruce,-247.9,90.4,9.64,1.23,305
spruce,-243.1,89.8,9.5,1.11,298
spruce,-234.2,91.7,7.76,0.84,189
spruce,-230.1,92.3,7.04,1.07,30
alder,-226.4,92.6,6.39,1.09,216
spruce,-223.8,92.5,5.99,0.9,234
spruce,-218.8,92.2,5.2,1.13,272
spruce,-209.6,89.1,6.04,0.84,295
alder,-204.2,92.0,6.36,1.17,343
alder,-199.9,89.9,7.07,1.05,211
birch,-194.4,91.7,7.51,0.93,218
spruce,-188.4,90.4,6.77,1.05,123
spruce,-175.2,92.4,6.34,1.05,18
spruce,-172.0,89.9,6.27,0.98,237
oak,-167.5,91.9,5.9,0.98,138
spruce,-160.6,89.4,6.48,1.2,254
spruce,-156.9,92.6,6.3,0.86,16
spruce,-148.1,90.6,7.0,0.85,240
spruce,-137.3,90.3,13.72,1.17,283
spruce,-134.9,92.9,14.16,0.9,289
spruce,-252.2,94.4,9.46,1.14,130
birch,-235.6,96.0,7.93,1.07,319
birch,-231.2,93.8,7.07,1.04,336
oak,-226.7,94.0,6.5,1.12,29
alder,-220.5,93.8,5.45,1.2,342
spruce,-218.6,95.8,5.39,0.97,174
spruce,-193.4,94.0,7.4,1.2,175
oak,-175.6,97.8,6.36,0.88,100
spruce,-169.7,97.0,6.19,1.0,218
spruce,-166.8,93.8,5.91,0.82,269
spruce,-156.1,94.0,6.34,0.83,294
spruce,-147.0,96.9,7.9,0.86,124
spruce,-135.2,94.9,14.13,1.13,292
spruce,-131.5,96.7,12.98,0.84,141
spruce,-295.0,99.3,47.97,1.19,76
spruce,-245.5,98.8,8.96,0.88,27
oak,-235.6,98.9,7.71,0.99,61
spruce,-229.7,100.3,6.53,1.11,65
spruce,-226.0,102.5,5.86,1.01,19
alder,-220.8,98.4,5.51,0.99,195
spruce,-218.5,102.2,5.31,1.03,299
spruce,-191.5,101.1,5.62,1.22,314
spruce,-179.5,101.0,5.77,0.86,304
spruce,-174.0,99.8,6.41,1.07,294
spruce,-167.6,98.6,6.14,0.92,79
spruce,-163.4,100.7,5.87,1.22,236
spruce,-152.7,98.7,6.73,1.12,164
spruce,-149.5,98.8,7.24,0.99,35
spruce,-141.8,101.2,12.3,1.0,155
birch,-138.3,102.1,14.36,1.18,182
spruce,-135.1,101.5,14.59,0.85,67
spruce,-256.8,104.8,9.12,1.2,168
spruce,-250.5,106.3,8.46,0.88,191
spruce,-243.2,105.2,7.9,0.85,46
spruce,-242.1,106.7,7.6,0.9,44
spruce,-235.1,107.0,6.97,1.22,295
birch,-230.0,105.5,6.42,0.92,161
spruce,-227.1,104.4,5.94,0.94,189
spruce,-221.4,105.3,5.59,0.85,347
spruce,-215.3,104.4,5.45,1.14,342
spruce,-171.2,106.2,6.36,1.15,29
oak,-167.4,106.4,6.05,0.86,342
spruce,-150.8,103.7,7.73,1.03,74
spruce,-141.6,103.3,12.55,1.18,346
spruce,-252.3,108.7,8.24,0.81,207
spruce,-248.5,111.4,7.59,0.98,88
spruce,-244.1,107.7,7.61,0.83,311
spruce,-241.4,111.0,6.81,0.81,189
spruce,-235.6,108.4,7.09,0.89,170
spruce,-230.4,108.4,6.28,1.02,53
spruce,-227.3,110.6,5.99,1.18,234
spruce,-219.9,108.3,5.69,0.81,41
spruce,-215.2,111.3,5.61,1.21,90
spruce,-211.1,111.1,5.89,1.12,326
spruce,-199.4,110.7,5.91,1.11,286
spruce,-180.3,111.2,6.54,0.97,110
birch,-176.8,110.7,6.68,0.84,75
spruce,-165.6,110.0,6.36,1.21,201
spruce,-140.6,108.2,13.95,1.14,81
spruce,-260.0,116.1,7.87,1.23,91
spruce,-249.4,113.8,7.11,1.09,92
spruce,-244.0,113.1,6.78,0.86,294
spruce,-237.4,114.7,6.13,0.95,1
spruce,-229.6,115.9,5.48,0.88,246
spruce,-224.5,115.7,5.03,1.02,192
spruce,-217.3,114.8,5.36,1.19,270
oak,-208.6,115.0,5.72,0.95,68
spruce,-197.5,114.0,5.07,0.91,340
spruce,-185.7,115.5,5.98,0.83,292
spruce,-178.4,112.8,6.88,0.98,192
spruce,-176.3,112.8,6.81,1.06,45
oak,-161.9,112.6,6.71,1.09,346
spruce,-158.1,113.9,7.23,0.93,303
spruce,-137.5,113.0,14.93,0.81,279
spruce,-133.6,115.6,15.5,1.15,205
spruce,-258.1,116.8,7.17,1.24,195
spruce,-248.2,117.0,6.33,1.05,285
spruce,-243.6,120.8,5.39,1.15,236
spruce,-239.3,120.4,5.54,0.9,213
spruce,-235.6,117.9,5.63,0.82,244
oak,-231.4,119.7,4.91,0.81,160
spruce,-221.4,118.4,5.08,1.16,136
spruce,-216.7,120.1,5.19,1.22,302
spruce,-210.9,119.8,5.21,0.93,287
spruce,-207.9,118.0,5.6,0.95,189
spruce,-183.7,119.7,5.98,1.16,96
alder,-180.9,118.8,7.04,1.16,16
spruce,-174.0,119.0,7.2,1.15,289
birch,-171.0,117.3,6.88,1.25,119
birch,-167.8,116.9,6.93,1.06,229
oak,-161.9,116.9,7.06,0.84,258
spruce,-135.4,118.7,16.0,0.91,111
spruce,-263.2,121.7,8.45,0.92,309
spruce,-260.4,121.7,6.93,1.06,22
spruce,-254.7,121.9,6.14,0.89,262
spruce,-251.2,124.5,5.73,0.87,193
spruce,-246.0,122.3,5.48,1.19,112
oak,-233.8,122.8,4.91,0.82,106
spruce,-231.1,125.3,4.45,1.11,237
spruce,-224.7,123.1,4.46,0.81,65
spruce,-221.1,123.1,4.95,1.1,173
spruce,-216.5,123.4,5.05,1.09,23
birch,-214.5,123.4,4.97,1.0,98
birch,-208.9,125.4,5.16,1.21,229
spruce,-182.2,123.6,6.54,1.14,325
spruce,-175.9,121.9,7.47,1.03,233
spruce,-168.6,121.5,7.34,0.83,179
birch,-160.5,122.1,7.47,0.98,227
spruce,-255.6,127.4,5.84,1.21,321
oak,-249.0,126.4,5.58,0.89,253
oak,-245.5,126.2,5.36,0.93,324
spruce,-235.1,128.4,4.75,0.98,234
spruce,-229.2,126.8,4.43,0.99,315
birch,-216.9,127.6,4.66,1.21,199
spruce,-208.7,128.5,5.21,1.16,143
spruce,-187.6,128.4,6.17,1.22,192
spruce,-186.6,130.0,6.2,1.25,359
spruce,-169.8,126.8,7.49,1.05,133
spruce,-165.6,126.2,7.61,0.89,109
oak,-162.3,129.6,8.13,0.93,213
oak,-152.9,129.9,8.11,0.95,320
spruce,-140.4,126.7,15.24,1.19,235
spruce,-135.3,127.1,17.11,0.89,163
spruce,-131.7,129.7,17.4,1.05,223
spruce,-257.4,132.9,6.1,1.22,10
spruce,-252.1,133.7,5.71,0.95,356
spruce,-250.3,131.2,5.63,1.19,21
spruce,-243.9,130.9,4.94,1.15,283
spruce,-239.4,133.0,4.41,1.25,187
spruce,-237.6,131.7,4.4,1.09,338
spruce,-230.5,134.5,4.35,0.95,260
spruce,-214.4,133.7,5.15,1.1,118
spruce,-188.6,133.0,5.95,0.88,106
spruce,-175.8,130.6,7.41,0.89,210
birch,-171.5,131.0,7.51,1.19,3
spruce,-164.7,131.2,7.98,0.94,21
spruce,-161.9,132.3,8.3,0.98,353
spruce,-157.9,134.1,8.5,1.15,317
oak,-151.2,132.2,8.26,1.24,76
spruce,-138.7,130.7,16.05,1.03,182
spruce,-135.2,131.5,18.12,0.96,87
spruce,-259.9,136.5,6.23,0.84,263
spruce,-249.6,136.3,5.5,1.04,83
spruce,-244.8,136.3,5.24,1.11,7
oak,-238.9,139.0,4.89,1.05,180
birch,-232.8,137.8,4.34,1.21,53
spruce,-228.2,136.9,4.25,1.08,93
spruce,-191.0,138.0,5.48,1.07,120
spruce,-173.8,135.6,7.58,1.15,27
birch,-173.2,136.5,7.51,0.83,151
spruce,-161.6,137.9,8.49,0.86,115
spruce,-154.4,139.0,8.79,0.88,3
spruce,-149.8,136.2,8.72,0.87,353
spruce,-137.5,136.5,16.79,1.23,280
spruce,-134.8,136.1,17.61,1.19,310
spruce,-256.8,140.9,6.22,1.23,219
spruce,-234.4,143.6,5.13,1.16,302
spruce,-226.0,142.8,4.38,1.19,298
spruce,-223.7,143.8,4.38,1.02,9
spruce,-219.1,142.5,5.12,1.03,249
birch,-193.1,142.6,5.4,0.85,68
birch,-189.0,141.2,5.77,0.97,103
alder,-183.8,143.1,6.22,1.04,348
spruce,-170.3,141.6,7.46,1.23,221
spruce,-272.8,147.9,6.41,1.16,303
birch,-266.7,144.5,6.34,1.08,63
birch,-263.2,145.1,6.13,1.07,261
alder,-235.2,145.5,5.38,1.25,341
spruce,-230.8,147.3,5.09,0.89,70
spruce,-226.4,145.0,4.4,0.96,271
spruce,-220.4,147.1,4.79,0.8,345
spruce,-189.1,145.6,5.66,0.86,1
alder,-185.5,147.5,6.15,0.97,346
spruce,-181.4,144.8,6.34,0.98,321
spruce,-133.5,147.6,17.87,1.05,339
spruce,-264.6,150.3,6.07,1.16,281
spruce,-225.5,152.3,4.92,1.18,0
spruce,-223.1,152.6,4.94,1.11,58
spruce,-216.6,149.9,5.0,0.86,314
spruce,-214.6,150.2,5.12,1.23,5
spruce,-195.9,152.5,5.59,1.24,247
spruce,-190.6,152.0,5.77,1.24,126
alder,-185.8,149.1,5.97,0.97,89
alder,-180.7,152.1,6.06,1.13,167
spruce,-174.2,151.9,6.42,1.2,128
spruce,-141.5,152.7,15.02,0.99,151
spruce,-139.8,152.5,16.31,0.99,236
spruce,-262.0,155.8,5.93,1.11,63
spruce,-229.0,154.1,5.07,0.92,208
spruce,-228.2,154.1,5.03,1.12,48
spruce,-221.7,155.2,5.17,0.98,324
oak,-216.2,154.3,5.02,0.87,283
spruce,-211.9,154.2,5.21,1.0,213
spruce,-209.4,157.4,5.52,1.13,259
spruce,-198.6,154.3,5.46,1.15,101
oak,-193.2,155.4,5.73,1.18,246
spruce,-174.3,154.7,6.39,1.04,23
spruce,-150.0,154.8,9.81,1.08,67
spruce,-142.6,155.5,14.34,1.01,266
spruce,-139.4,157.1,17.16,1.13,279
spruce,-276.5,159.8,8.18,1.11,319
spruce,-272.4,160.7,6.25,1.07,220
spruce,-266.5,161.9,6.21,1.07,110
spruce,-234.9,159.8,5.35,0.95,347
spruce,-232.8,159.7,5.29,0.98,322
spruce,-220.5,160.7,5.34,0.9,307
spruce,-216.3,158.8,5.38,0.95,24
birch,-211.3,159.4,5.38,0.84,134
spruce,-195.8,159.6,5.8,0.97,109
alder,-170.9,161.5,6.7,1.07,167
spruce,-150.1,161.9,10.02,0.91,175
spruce,-142.2,159.3,15.52,1.22,223
spruce,-273.7,163.8,7.0,0.93,160
spruce,-267.8,163.6,6.29,1.19,105
spruce,-253.9,165.9,6.04,1.08,245
oak,-241.7,166.6,5.33,1.16,334
birch,-236.8,165.8,5.38,0.97,35
spruce,-231.4,163.8,5.22,0.97,199
spruce,-228.2,163.8,4.93,0.9,101
spruce,-223.7,166.7,4.58,0.83,227
spruce,-216.2,165.2,5.33,0.83,169
birch,-212.5,166.0,5.41,1.21,332
spruce,-204.8,166.6,5.7,1.15,134
spruce,-196.9,165.6,6.09,1.21,85
spruce,-194.0,166.4,5.94,0.9,76
spruce,-188.6,165.3,5.73,0.97,32
spruce,-179.5,166.5,5.86,0.82,327
oak,-174.2,166.9,6.11,1.23,205
spruce,-170.7,162.9,6.71,1.05,146
birch,-150.8,164.3,9.7,0.83,177
spruce,-148.0,165.3,11.05,1.01,150
spruce,-133.0,163.5,17.43,1.17,7
spruce,-272.9,171.1,9.13,0.96,227
spruce,-267.1,170.3,6.7,0.82,356
spruce,-264.6,167.7,6.53,0.86,76
oak,-259.4,169.7,6.07,1.12,209
spruce,-252.1,167.6,5.82,1.07,199
spruce,-248.2,169.9,5.72,1.21,335
spruce,-241.0,169.9,5.37,1.11,185
spruce,-235.2,168.4,5.28,1.19,208
spruce,-230.1,168.3,4.89,0.89,38
spruce,-225.6,169.1,4.5,1.09,350
spruce,-216.2,167.5,5.19,0.93,87
spruce,-212.6,170.9,5.54,0.81,326
oak,-205.5,171.3,5.79,0.91,173
spruce,-194.0,171.0,6.01,0.82,225
spruce,-185.7,169.8,6.08,1.25,89
spruce,-180.6,168.0,5.86,0.85,2
spruce,-175.2,170.7,5.76,1.08,119
spruce,-171.3,170.5,6.23,1.19,45
oak,-168.3,167.9,6.67,0.82,194
spruce,-155.7,170.4,8.57,1.15,157
spruce,-153.2,167.8,9.22,1.0,142
spruce,-139.1,170.6,16.98,0.81,300
spruce,-266.6,174.9,7.34,1.12,51
spruce,-253.4,173.0,5.92,0.99,252
spruce,-249.7,174.1,5.83,1.19,85
spruce,-243.9,175.5,5.49,1.16,245
birch,-240.2,172.9,5.26,1.23,16
spruce,-237.2,173.8,5.16,0.88,268
spruce,-221.1,171.9,4.47,1.21,206
spruce,-207.6,173.0,5.7,1.12,11
spruce,-205.4,172.1,5.72,0.9,99
spruce,-192.6,175.4,6.02,0.98,299
spruce,-190.1,175.1,5.97,0.9,210
spruce,-182.9,175.8,5.94,0.84,138
spruce,-180.7,174.0,5.97,1.21,115
birch,-174.7,174.2,5.78,1.02,17
spruce,-171.6,173.8,5.95,0.93,34
alder,-153.6,173.8,8.92,0.92,154
spruce,-123.5,173.0,5.78,1.07,25
spruce,-267.6,176.6,8.16,1.07,16
spruce,-261.9,177.6,6.49,1.03,187
spruce,-259.0,179.3,6.42,0.9,340
spruce,-255.9,177.6,6.09,1.15,123
spruce,-250.2,176.8,5.68,0.87,17
spruce,-245.5,177.6,5.56,1.08,78
spruce,-217.9,178.6,5.02,0.95,79
spruce,-209.0,178.3,5.77,0.84,232
oak,-202.7,178.2,5.77,1.0,40
spruce,-193.8,176.5,6.08,0.87,239
spruce,-189.8,179.6,6.11,1.19,242
spruce,-175.9,177.0,5.81,1.16,129
spruce,-158.4,178.7,7.52,1.01,319
alder,-154.8,179.7,7.94,1.24,190
spruce,-145.3,176.8,11.46,0.94,248
spruce,-121.8,176.7,4.98,0.81,89
oak,-261.7,181.4,7.2,1.08,47
oak,-244.5,183.0,5.89,0.97,178
spruce,-216.3,182.9,5.28,0.92,160
spruce,-203.4,183.4,6.13,0.99,296
spruce,-188.1,184.7,6.22,0.96,298
spruce,-178.6,183.9,5.64,1.0,107
birch,-167.7,182.8,5.84,0.87,146
spruce,-154.2,184.2,7.67,1.24,333
spruce,-143.8,181.8,11.9,0.89,340
spruce,-131.0,181.8,17.11,1.14,214
spruce,-260.0,186.2,8.42,1.18,294
spruce,-253.1,188.9,7.4,0.8,99
spruce,-251.4,187.1,6.22,1.02,83
spruce,-245.0,185.8,5.74,1.04,74
spruce,-206.3,187.2,6.16,0.82,177
spruce,-203.5,188.2,6.16,1.0,118
spruce,-189.4,189.7,6.08,1.25,75
oak,-187.0,187.3,6.18,0.98,359
spruce,-175.8,188.8,5.59,1.0,208
alder,-170.3,188.4,5.53,1.17,272
spruce,-165.3,189.1,5.91,1.1,206
alder,-163.9,187.6,5.97,0.82,136
spruce,-150.0,188.7,8.26,1.01,109
spruce,-136.0,188.3,17.55,1.04,57
alder,-208.2,191.2,5.89,1.01,117
spruce,-189.7,192.2,5.85,1.19,198
birch,-184.6,190.7,6.09,1.2,18
spruce,-179.9,192.5,6.12,1.23,204
spruce,-176.3,191.1,5.66,1.13,348
spruce,-161.0,192.2,6.01,1.23,105
spruce,-152.1,193.0,7.53,0.94,205
spruce,-149.9,193.8,8.01,1.21,303
spruce,-144.8,191.4,10.34,1.02,262
spruce,-139.1,190.6,15.24,1.08,108
birch,-136.2,191.9,16.95,1.19,232
spruce,-131.5,191.2,19.86,0.85,120
spruce,-125.4,191.5,23.14,1.13,332
spruce,-210.9,195.7,5.44,0.92,346
spruce,-204.2,198.3,5.23,1.0,34
spruce,-200.1,199.0,5.29,0.97,296
spruce,-185.6,198.0,6.07,0.81,169
spruce,-181.3,195.0,6.21,0.95,268
spruce,-169.5,195.9,5.93,0.88,223
alder,-160.2,198.6,6.68,0.93,319
spruce,-149.7,196.7,7.72,1.13,59
spruce,-139.9,196.0,13.59,0.98,267
oak,-131.3,199.0,17.9,1.01,87
spruce,-248.1,202.3,7.74,0.87,110
spruce,-210.0,202.7,5.3,0.97,164
spruce,-200.4,200.0,5.3,1.04,199
spruce,-189.2,201.2,5.84,1.0,288
spruce,-186.7,203.0,5.91,0.98,313
spruce,-180.5,202.6,6.0,1.09,192
spruce,-175.3,203.0,6.65,0.87,280
spruce,-166.9,203.0,6.41,1.02,309
spruce,-163.4,201.0,6.44,1.19,57
spruce,-137.1,201.4,14.02,0.96,174
spruce,-134.7,201.9,14.92,0.82,356
spruce,-131.8,203.2,16.34,0.82,279
spruce,-126.7,199.9,19.89,0.8,171
spruce,-120.2,202.5,23.3,0.81,116
spruce,-247.5,206.1,7.97,0.87,317
alder,-232.0,207.5,6.05,1.01,316
spruce,-218.9,205.8,5.26,0.81,325
spruce,-209.6,207.9,5.13,1.09,69
spruce,-204.5,205.3,5.68,1.03,312
spruce,-179.6,204.2,6.06,1.16,225
oak,-166.4,205.3,6.65,1.09,206
spruce,-143.0,206.2,8.24,1.11,243
spruce,-133.2,205.3,15.4,1.18,27
spruce,-130.8,207.4,16.08,0.97,122
spruce,-120.4,207.5,22.59,0.96,137
spruce,-243.7,209.0,7.26,0.93,43
spruce,-238.6,209.3,6.16,0.84,120
spruce,-230.0,211.4,5.75,1.13,253
spruce,-226.5,209.3,5.5,0.93,186
spruce,-213.5,210.5,4.49,1.21,218
spruce,-207.0,212.9,5.51,1.05,277
spruce,-174.7,210.8,6.22,0.88,224
spruce,-162.7,209.1,6.96,0.85,354
spruce,-131.1,209.2,15.65,0.88,105
spruce,-124.7,212.2,19.33,0.98,306
spruce,-120.4,211.5,22.41,0.86,30
spruce,-244.4,215.2,6.82,0.85,241
spruce,-241.0,216.8,6.07,0.81,40
spruce,-231.6,215.6,5.6,0.85,45
spruce,-221.5,217.4,4.51,1.22,68
spruce,-216.6,215.9,4.26,1.22,254
spruce,-213.7,213.4,4.44,1.17,195
spruce,-209.7,214.9,5.1,1.03,212
spruce,-201.6,217.1,5.82,1.11,255
spruce,-164.8,216.8,7.38,1.02,150
spruce,-163.2,216.8,7.45,1.03,273
spruce,-141.8,217.4,7.35,1.21,276
spruce,-135.0,217.2,10.15,0.88,312
spruce,-124.5,213.3,19.87,0.91,331
birch,-121.9,215.9,21.03,1.04,23
spruce,-299.0,220.3,39.0,1.21,27
birch,-244.6,217.9,6.6,0.95,6
spruce,-241.4,219.0,6.0,0.94,219
spruce,-228.3,221.3,4.74,0.8,227
birch,-221.3,219.0,4.63,1.17,236
spruce,-216.5,221.4,4.89,1.03,329
spruce,-206.6,219.6,5.72,1.23,77
spruce,-205.1,219.1,5.83,1.13,61
alder,-161.0,221.7,7.74,1.15,210
alder,-156.8,221.5,7.47,0.89,94
alder,-141.7,220.5,7.18,1.08,4
spruce,-139.0,219.3,7.92,1.08,238
oak,-121.5,221.6,22.11,1.01,359
spruce,-280.1,223.5,43.95,1.2,30
spruce,-250.4,225.5,7.14,0.81,57
spruce,-244.4,226.5,6.6,0.9,54
oak,-241.9,226.5,6.37,1.18,333
spruce,-231.0,224.3,5.14,1.23,63
spruce,-225.3,223.1,4.73,0.95,289
birch,-222.9,225.7,5.17,0.9,315
spruce,-208.2,226.3,5.61,1.11,284
oak,-202.3,222.7,5.71,1.16,352
spruce,-200.0,222.6,5.6,1.09,76
spruce,-162.2,224.7,7.9,0.94,19
birch,-159.4,223.3,7.77,0.8,344
spruce,-144.0,226.6,6.67,1.17,137
spruce,-140.5,224.7,7.06,1.25,254
spruce,-133.7,225.9,9.44,0.84,192
spruce,-120.6,226.1,22.66,1.07,140
birch,-242.8,230.6,6.44,0.86,103
spruce,-239.8,228.8,6.22,0.94,63
spruce,-236.7,231.2,5.96,0.96,335
spruce,-232.1,230.1,5.64,0.94,139
oak,-215.9,230.6,5.93,0.99,149
spruce,-210.9,230.4,5.7,1.07,37
spruce,-184.3,230.6,6.32,1.0,226
oak,-181.7,227.4,6.1,1.01,83
spruce,-163.0,228.1,7.84,1.18,163
spruce,-146.2,229.3,6.5,1.18,11
alder,-142.1,227.3,6.79,1.23,325
spruce,-137.3,228.6,7.76,0.84,127
spruce,-299.1,234.5,43.98,1.05,237
spruce,-297.3,233.0,44.05,1.18,336
spruce,-292.8,232.9,45.24,0.95,112
spruce,-246.8,235.5,6.79,1.09,345
spruce,-231.7,231.9,5.74,0.98,66
spruce,-224.5,232.7,5.44,1.23,305
spruce,-222.3,234.7,5.6,0.81,115
spruce,-216.9,235.9,5.82,0.84,44
spruce,-203.3,232.1,4.7,1.23,94
spruce,-195.8,233.5,4.62,1.03,274
spruce,-189.7,233.4,5.29,0.92,177
spruce,-185.1,235.4,5.97,0.85,316
spruce,-179.2,235.0,6.91,1.0,324
spruce,-174.0,235.3,7.16,1.0,280
spruce,-294.0,236.8,44.85,1.15,29
birch,-289.0,238.1,42.41,0.9,341
spruce,-276.2,237.9,43.76,1.2,28
birch,-248.7,238.2,7.38,1.22,117
spruce,-238.6,237.8,5.71,1.12,189
spruce,-235.0,238.8,5.73,0.88,112
spruce,-225.4,239.5,5.59,1.23,224
spruce,-223.8,237.7,5.51,0.83,72
spruce,-214.0,238.4,5.66,0.81,325
spruce,-197.8,240.1,4.87,0.93,214
spruce,-192.7,238.0,4.68,1.21,193
spruce,-190.5,239.4,4.94,1.01,92
spruce,-184.2,237.7,5.86,1.14,42
spruce,-180.4,237.0,6.64,0.92,128
spruce,-177.4,239.0,6.47,1.18,258
spruce,-172.8,236.4,7.08,0.86,287
spruce,-281.3,242.5,45.18,0.87,283
spruce,-277.4,244.9,45.13,0.85,303
spruce,-273.0,244.0,42.22,1.23,238
spruce,-249.1,241.3,7.61,1.21,346
spruce,-244.6,244.4,6.54,1.13,139
spruce,-240.7,244.6,5.75,0.85,63
spruce,-229.0,245.0,5.7,0.86,167
spruce,-227.8,244.7,5.7,0.95,213
spruce,-221.1,241.7,5.54,1.09,216
spruce,-212.0,241.6,5.38,1.04,99
spruce,-209.5,244.9,5.47,0.91,142
spruce,-194.3,241.1,4.82,0.84,244
spruce,-190.2,242.3,4.92,1.21,8
spruce,-184.6,242.3,5.36,0.98,25
oak,-179.8,243.0,5.36,1.21,184
spruce,-174.0,243.7,6.12,1.23,255
spruce,-171.9,241.1,6.56,1.02,247
spruce,-141.8,243.5,7.7,1.06,154
spruce,-137.0,243.7,9.12,0.9,153
spruce,-121.9,243.8,19.44,0.98,349
alder,-293.4,247.6,37.75,0.93,70
spruce,-283.2,249.3,44.13,1.0,183
oak,-275.4,248.6,44.44,0.82,78
spruce,-247.4,246.0,7.43,1.2,347
spruce,-244.8,247.3,6.81,1.19,293
spruce,-237.0,249.2,6.0,1.12,178
spruce,-232.5,248.1,5.9,0.88,36
spruce,-221.7,247.8,5.59,0.87,287
spruce,-197.5,248.1,4.35,0.87,148
spruce,-194.0,248.3,4.31,1.05,166
spruce,-189.1,246.5,4.57,0.86,270
birch,-184.5,249.1,4.31,1.2,32
oak,-178.9,247.1,4.79,1.0,247
spruce,-174.3,247.6,5.53,0.98,270
spruce,-172.0,249.0,5.61,1.06,243
spruce,-165.8,249.4,6.2,0.87,106
spruce,-128.4,247.5,15.13,0.86,41
spruce,-123.7,246.2,17.75,1.01,200
spruce,-118.0,245.8,20.93,0.89,324
spruce,-276.3,250.4,44.97,1.06,272
spruce,-254.3,252.2,10.89,0.89,49
spruce,-248.8,252.4,8.56,1.13,261
oak,-243.5,253.5,6.58,1.24,234
spruce,-236.0,254.0,5.91,1.13,356
spruce,-231.5,250.5,5.93,0.96,288
spruce,-198.9,252.6,3.81,1.02,81
spruce,-192.8,250.6,4.04,0.95,349
spruce,-190.3,250.2,4.08,0.99,319
spruce,-184.4,250.8,4.07,1.16,22
spruce,-180.4,253.2,4.5,1.09,246
spruce,-169.3,253.6,5.31,1.23,256
spruce,-165.8,252.2,5.75,0.9,351
spruce,-161.2,254.0,6.11,0.9,120
birch,-159.1,250.5,6.38,0.93,102
alder,-137.9,250.2,8.71,1.01,103
spruce,-135.3,254.1,8.79,1.05,160
spruce,-129.3,253.3,12.43,1.06,337
spruce,-125.4,251.5,15.28,1.06,65
birch,-290.7,255.1,40.53,0.85,283
spruce,-252.4,255.1,9.77,0.93,53
spruce,-250.7,256.1,9.19,1.06,299
spruce,-243.2,255.7,6.0,1.12,180
spruce,-239.3,257.5,5.18,1.06,180
oak,-234.2,256.9,5.5,1.18,269
spruce,-230.1,257.9,5.3,0.9,121
spruce,-224.6,258.5,5.15,0.9,134
spruce,-203.0,258.6,5.46,0.88,28
birch,-197.1,257.9,3.96,1.17,157
spruce,-196.1,256.8,3.88,1.01,268
spruce,-189.5,255.3,4.01,0.88,308
spruce,-179.5,258.4,4.37,1.03,144
spruce,-176.9,255.8,4.75,0.87,135
spruce,-172.2,258.3,5.16,1.15,325
spruce,-166.2,256.4,5.32,0.97,328
spruce,-160.3,257.6,6.09,0.81,125
alder,-155.8,255.4,6.65,1.02,336
spruce,-151.9,258.0,7.4,1.14,251
birch,-128.6,254.9,11.67,1.1,270
spruce,-123.5,257.8,15.01,0.87,124
spruce,-118.0,258.5,18.11,1.23,305
spruce,-286.7,262.4,37.22,1.01,356
spruce,-254.4,263.3,9.51,1.07,357
spruce,-244.6,262.4,6.38,1.1,141
spruce,-232.3,261.6,5.02,0.98,263
birch,-202.6,263.2,5.56,1.19,33
spruce,-199.3,261.4,4.28,0.95,347
spruce,-188.4,261.6,4.01,0.81,260
spruce,-184.6,262.8,3.89,0.83,275
spruce,-173.9,262.3,5.13,0.94,53
oak,-172.8,261.0,5.18,0.92,79
spruce,-167.0,261.1,5.26,0.99,296
spruce,-161.5,260.8,5.81,1.2,39
spruce,-157.6,261.0,6.57,0.85,0
birch,-151.6,260.0,7.48,0.83,190
spruce,-149.6,259.3,7.71,1.13,270
spruce,-124.5,263.2,14.16,1.02,274
spruce,-119.3,260.3,17.47,0.96,222
spruce,-299.8,267.9,42.21,1.2,326
spruce,-285.4,267.7,37.2,1.2,112
spruce,-254.7,265.4,9.12,1.18,338
spruce,-246.4,263.9,6.66,1.16,321
birch,-239.4,267.0,5.34,0.87,228
spruce,-225.6,264.8,4.77,1.19,288
spruce,-199.4,264.5,4.3,0.93,140
oak,-194.2,264.0,4.16,0.92,276
spruce,-188.1,266.4,3.97,0.87,218
spruce,-186.9,267.6,4.02,0.94,309
spruce,-181.4,264.3,4.34,0.89,5
spruce,-177.5,266.5,5.07,0.89,139
spruce,-171.2,265.2,4.99,1.05,85
spruce,-163.6,267.2,5.71,1.14,308
birch,-157.0,264.0,6.73,1.08,290
spruce,-151.8,264.6,7.3,1.03,66
spruce,-122.5,267.4,15.86,0.98,83
birch,-290.8,269.7,38.51,1.0,230
spruce,-255.6,270.9,7.71,1.24,111
spruce,-242.1,269.7,5.34,0.83,101
spruce,-226.6,271.9,4.63,1.14,348
spruce,-202.7,270.5,4.5,0.9,57
spruce,-200.1,270.5,4.22,1.08,9
spruce,-190.1,271.8,4.55,0.92,67
spruce,-178.7,269.5,4.96,1.18,5
spruce,-175.6,270.6,5.41,1.16,139
spruce,-170.8,269.6,5.37,1.04,171
spruce,-166.7,271.5,5.79,1.24,20
spruce,-157.2,272.0,6.68,1.16,224
alder,-129.0,272.5,11.77,0.84,161
spruce,-125.9,271.0,13.74,1.09,237
spruce,-118.8,272.6,17.72,1.18,158
spruce,-261.6,276.9,7.73,1.03,181
spruce,-250.2,275.9,5.56,0.91,141
oak,-236.6,275.2,4.4,0.87,105
birch,-232.2,276.5,4.15,0.98,58
spruce,-228.3,276.8,4.45,0.92,12
spruce,-201.6,276.8,4.43,0.93,5
spruce,-198.8,276.1,4.47,1.03,159
oak,-195.2,275.2,4.52,0.9,155
spruce,-191.5,274.8,4.77,1.07,76
spruce,-184.2,275.0,4.86,0.9,253
spruce,-180.8,276.7,5.22,1.25,340
spruce,-169.4,277.2,6.04,1.12,221
spruce,-166.2,274.9,6.06,1.2,343
spruce,-159.3,274.8,6.74,1.03,224
alder,-126.6,276.5,12.58,1.1,15
spruce,-121.3,274.8,16.41,0.84,299
spruce,-264.9,278.6,7.71,0.94,259
spruce,-245.3,279.0,5.43,0.94,275
spruce,-241.6,281.6,5.25,0.87,152
spruce,-234.5,279.2,4.05,1.02,284
spruce,-232.9,279.4,4.05,1.03,163
spruce,-203.0,279.7,4.42,1.1,24
spruce,-199.2,277.8,4.61,0.94,125
spruce,-192.3,279.5,4.69,1.23,357
oak,-189.4,279.9,4.75,1.19,339
oak,-184.9,280.7,5.32,0.95,116
spruce,-182.2,281.4,5.78,0.95,52
spruce,-174.4,278.0,6.09,1.06,137
spruce,-170.5,280.1,6.52,1.17,254
spruce,-166.2,280.4,6.78,1.06,105
spruce,-161.8,278.4,6.92,0.81,25
spruce,-158.6,279.1,7.37,0.97,114
spruce,-154.7,278.0,7.34,1.19,107
spruce,-149.8,281.4,7.35,1.08,136
spruce,-124.1,279.6,13.79,1.21,40
alder,-121.6,278.7,15.07,1.07,228
spruce,-266.5,282.4,7.13,0.98,26
spruce,-261.9,283.6,6.36,0.91,167
spruce,-243.2,286.3,5.9,1.05,321
oak,-240.3,284.5,5.28,1.11,12
oak,-231.5,282.8,4.24,0.93,225
spruce,-214.2,285.7,4.87,0.91,44
spruce,-194.1,284.4,4.97,0.95,238
oak,-183.0,284.9,6.35,1.07,102
spruce,-177.7,285.1,7.75,0.82,31
spruce,-170.8,285.5,8.66,0.93,72
spruce,-165.4,284.4,8.06,0.93,353
spruce,-161.6,284.8,7.94,1.07,313
spruce,-155.3,286.1,7.45,1.09,95
spruce,-150.3,284.0,7.25,1.15,308
alder,-138.2,284.6,10.49,1.09,258
spruce,-122.3,284.8,13.24,1.21,249
spruce,-268.5,287.7,6.33,1.13,281
spruce,-261.8,290.4,6.57,1.01,6
spruce,-260.3,290.1,6.51,1.18,255
birch,-253.7,288.8,6.52,1.08,10
spruce,-244.0,290.5,7.5,0.94,71
spruce,-242.1,289.9,7.67,0.81,199
spruce,-232.1,288.0,6.76,1.21,236
spruce,-213.8,289.8,5.37,1.05,102
spruce,-200.1,287.0,4.78,1.05,331
spruce,-196.2,288.4,4.97,1.11,8
spruce,-185.6,289.5,6.23,0.91,306
oak,-162.1,289.1,8.88,1.09,320
spruce,-154.2,288.2,7.42,0.86,35
alder,-140.7,287.5,8.68,0.81,46
spruce,-133.6,287.2,12.37,0.99,77
spruce,-271.2,292.6,6.49,1.02,224
oak,-266.3,292.3,6.51,0.93,112
spruce,-263.1,292.2,6.63,1.16,157
spruce,-256.8,295.6,7.99,0.91,174
oak,-250.1,291.8,7.64,0.92,125
oak,-244.7,295.0,8.94,1.2,109
spruce,-215.3,292.7,7.07,1.03,66
spruce,-210.8,293.4,5.97,0.91,9
spruce,-209.1,295.6,6.93,0.94,345
spruce,-201.8,294.4,5.0,1.2,208
spruce,-166.6,294.3,11.61,1.02,303
spruce,-160.1,295.2,9.19,1.08,269
spruce,-157.5,294.6,8.47,1.18,85
oak,-144.9,292.6,7.23,1.06,108
spruce,-139.3,293.1,9.72,0.98,128
spruce,-132.7,292.5,14.01,1.22,114
oak,-131.6,293.7,14.73,0.9,291
alder,-122.3,295.4,15.17,1.09,204
spruce,-276.1,297.3,6.32,1.24,325
spruce,-270.4,296.8,6.85,0.98,133
spruce,-261.4,297.9,7.98,1.21,203
spruce,-260.0,300.1,8.53,1.07,38
spruce,-215.7,296.5,8.45,0.91,210
spruce,-208.0,298.6,8.07,1.14,224
spruce,-202.7,298.7,6.28,1.12,36
spruce,-196.2,297.0,4.99,1.22,110
spruce,-167.3,297.2,12.39,1.0,94
spruce,-161.7,299.7,10.31,1.14,28
birch,-153.0,300.3,6.81,1.06,248
spruce,-142.8,297.4,7.4,0.8,253
spruce,-279.9,302.8,6.49,1.03,208
spruce,-273.1,301.9,7.08,1.0,15
oak,-268.2,303.9,8.48,1.23,115
spruce,-261.4,303.8,9.04,0.88,94
spruce,-208.9,301.2,8.96,0.81,60
spruce,-198.4,301.4,5.56,1.03,107
spruce,-165.5,301.4,11.72,1.0,133
spruce,-160.0,300.8,9.3,1.12,281
spruce,-152.7,304.0,5.86,1.07,119
spruce,-148.5,303.9,5.36,1.02,74
oak,-140.5,302.8,7.87,1.17,210
spruce,-125.3,303.8,20.65,1.09,315
spruce,-121.1,303.4,19.71,0.8,221
spruce,-284.7,305.8,7.38,1.2,10
spruce,-279.6,305.8,6.51,0.8,170
spruce,-266.3,309.0,9.05,0.97,235
spruce,-196.0,307.8,7.36,1.03,252
spruce,-164.7,309.5,9.4,0.97,304
spruce,-161.9,308.5,8.62,0.96,230
spruce,-157.5,306.9,6.52,0.99,323
oak,-149.8,305.5,4.99,1.01,231
spruce,-144.8,306.4,5.64,1.18,44
spruce,-140.6,307.5,6.85,1.16,230
spruce,-124.1,308.0,21.01,1.2,136
spruce,-285.8,309.9,7.04,1.11,128
spruce,-283.5,310.6,6.51,0.84,230
spruce,-263.8,310.8,9.05,1.15,339
spruce,-194.3,312.8,8.09,1.18,103
spruce,-170.0,310.3,9.15,1.09,106
spruce,-167.9,312.5,8.14,1.25,284
spruce,-163.0,310.7,8.3,1.25,80
spruce,-121.7,311.2,22.44,1.12,146
spruce,-287.2,317.0,6.82,1.2,73
spruce,-282.5,316.6,7.0,1.17,229
birch,-267.7,317.7,9.2,1.01,172
spruce,-182.9,317.8,5.26,1.22,209
spruce,-179.0,317.1,5.09,1.19,116
spruce,-173.8,316.9,5.17,1.11,318
spruce,-164.0,317.6,5.75,0.95,97
spruce,-154.0,317.0,5.0,0.82,216
birch,-147.3,317.2,4.27,0.91,155
spruce,-143.2,317.2,4.8,0.83,358
birch,-138.1,315.6,7.11,0.82,74
spruce,-289.0,322.5,7.43,1.11,25
spruce,-284.5,319.3,7.0,1.17,102
spruce,-281.4,321.6,7.62,0.85,25
birch,-194.3,321.5,9.09,1.14,294
spruce,-188.7,319.5,6.96,0.93,341
spruce,-186.6,322.3,6.35,1.01,109
spruce,-168.6,323.1,4.58,0.88,263
spruce,-155.6,321.4,5.56,1.2,238
spruce,-146.8,319.5,4.15,1.19,176
spruce,-142.2,320.7,4.79,1.21,311
spruce,-138.8,320.6,6.16,0.87,104
spruce,-290.4,325.9,7.52,0.99,316
oak,-286.8,325.1,7.0,0.85,270
spruce,-282.5,323.8,7.18,0.89,308
spruce,-276.7,326.5,8.78,1.08,266
spruce,-188.0,327.5,7.2,1.13,180
spruce,-185.9,327.3,5.92,0.89,18
spruce,-180.1,325.0,4.58,0.94,229
spruce,-161.9,323.7,5.26,1.08,271
spruce,-158.6,326.0,5.29,0.85,168
spruce,-133.7,327.8,9.02,0.92,301
spruce,-279.8,331.2,8.25,0.96,15
spruce,-277.9,330.1,8.7,0.86,291
spruce,-181.4,330.1,4.31,1.15,279
spruce,-174.8,328.8,4.41,0.97,24
spruce,-172.2,330.8,4.44,0.95,83
spruce,-167.7,328.7,4.64,0.89,70
spruce,-154.7,331.3,5.28,1.17,270
spruce,-147.9,331.5,4.91,0.94,280
birch,-141.7,328.6,5.37,1.12,302
spruce,-138.2,328.5,6.96,0.86,184
spruce,-136.2,331.7,8.54,0.86,327
spruce,-290.6,336.5,7.62,1.09,109
spruce,-287.9,336.6,6.69,0.97,150
oak,-170.3,333.1,4.38,0.88,333
spruce,-168.2,335.4,4.16,0.93,120
spruce,-163.9,333.1,4.4,1.06,255
spruce,-156.3,336.0,4.93,1.11,327
spruce,-149.4,335.7,5.16,1.16,110
spruce,-143.5,336.5,6.14,1.07,210
spruce,-137.9,334.3,7.52,1.06,178
spruce,-133.0,336.6,11.13,1.17,358
spruce,-286.9,341.5,6.91,0.81,149
spruce,-283.5,338.6,7.27,1.25,40
spruce,-190.8,338.1,8.83,1.06,86
birch,-180.7,341.5,4.43,1.09,166
spruce,-176.7,339.2,4.39,1.15,255
spruce,-158.2,338.4,4.41,1.02,267
spruce,-154.3,340.5,4.44,1.15,17
spruce,-146.4,341.0,5.52,1.06,8
spruce,-144.6,338.6,5.84,1.03,52
spruce,-136.9,340.8,9.13,1.03,255
birch,-136.4,339.9,9.74,1.06,272
spruce,-286.1,343.8,6.93,1.18,114
spruce,-267.9,344.6,9.16,1.06,323
spruce,-178.7,346.1,4.34,1.01,251
spruce,-166.5,342.9,4.21,0.95,100
oak,-154.2,343.4,4.16,1.04,51
spruce,-149.4,343.5,4.76,0.97,113
spruce,-143.2,342.4,6.18,1.17,126
spruce,-137.9,344.6,8.37,1.02,315
spruce,-134.8,342.2,9.83,0.89,330
spruce,-285.7,347.2,6.75,1.17,182
spruce,-278.5,347.5,8.16,0.85,186
spruce,-273.4,346.8,9.12,1.19,190
spruce,-185.4,347.2,4.99,0.86,149
spruce,-171.8,347.8,4.71,0.99,173
spruce,-165.4,350.4,4.11,0.94,16
spruce,-163.3,349.4,3.82,1.12,341
spruce,-157.4,347.4,3.7,1.23,202
spruce,-151.6,347.9,4.21,0.96,247
spruce,-150.1,349.7,4.5,1.02,195
spruce,-127.7,350.4,13.42,0.87,168
spruce,-124.5,350.8,15.27,0.94,80
spruce,-122.4,348.9,16.09,1.05,333
spruce,-285.2,351.6,6.76,1.03,224
oak,-280.8,352.8,7.18,1.12,326
spruce,-277.6,355.3,7.62,1.01,161
spruce,-264.0,354.2,9.11,1.19,246
spruce,-176.9,354.6,4.98,1.19,281
spruce,-166.5,355.2,4.15,1.18,294
oak,-164.0,353.8,4.0,0.93,64
spruce,-157.4,353.3,3.78,1.11,119
oak,-153.0,355.1,4.08,0.97,177
spruce,-149.3,354.4,4.26,1.01,285
spruce,-124.2,352.5,16.81,0.97,161
spruce,-120.8,354.3,18.39,1.17,69
birch,-271.1,359.4,8.3,1.24,197
spruce,-268.9,359.7,8.57,1.02,99
spruce,-178.8,358.9,5.3,1.22,126
oak,-177.5,357.4,5.16,0.81,171
spruce,-165.7,358.9,4.29,0.82,260
spruce,-156.3,359.5,4.57,0.9,128
spruce,-146.4,356.3,4.34,1.23,195
spruce,-141.7,359.0,5.28,1.19,277
spruce,-137.1,358.5,8.46,0.85,174
spruce,-134.9,358.2,10.09,0.88,128
spruce,-128.8,358.9,15.36,1.2,345
spruce,-126.1,358.4,17.37,0.99,184
oak,-118.8,357.7,21.36,1.09,358
spruce,-265.1,364.6,8.53,1.1,315
spruce,-259.9,363.2,9.25,1.04,61
spruce,-191.5,362.1,7.21,0.95,124
spruce,-170.2,361.3,4.54,0.85,125
oak,-157.8,363.9,5.05,1.04,179
spruce,-151.1,360.8,4.2,0.98,29
spruce,-147.0,361.0,4.13,1.01,177
spruce,-145.2,360.6,4.35,1.05,184
spruce,-123.7,360.6,18.89,0.88,117
spruce,-119.6,361.1,20.75,0.87,344
spruce,-278.9,366.9,7.86,1.21,93
spruce,-267.3,366.0,7.79,0.86,118
spruce,-252.7,366.4,9.06,1.06,300
spruce,-249.7,366.7,9.23,0.95,168
spruce,-214.5,367.2,9.13,0.93,40
spruce,-199.3,368.4,7.66,1.24,110
spruce,-171.3,367.1,5.03,1.21,220
spruce,-160.6,368.4,5.02,1.11,32
spruce,-143.3,366.2,4.79,1.13,21
spruce,-138.2,366.7,6.65,0.94,2
spruce,-243.5,372.9,9.18,1.23,166
spruce,-241.8,371.9,9.25,1.2,196
spruce,-236.4,373.3,9.05,1.18,217
spruce,-232.7,370.0,9.24,1.14,144
spruce,-226.4,372.9,9.05,0.82,260
spruce,-213.9,372.9,8.76,0.94,75
spruce,-204.6,373.8,8.58,1.18,215
spruce,-199.9,372.2,8.12,0.86,167
spruce,-193.7,371.8,7.98,1.03,221
spruce,-180.8,371.6,6.96,1.14,194
spruce,-177.3,371.3,6.25,1.1,102
spruce,-169.2,371.9,5.92,1.18,72
spruce,-165.4,372.7,5.89,0.81,237
spruce,-160.7,372.9,5.48,1.2,140
spruce,-155.5,371.1,5.27,0.97,2
spruce,-152.4,369.8,5.02,0.8,89
spruce,-142.7,372.5,5.66,0.81,48
spruce,-247.9,375.1,8.57,0.84,43
spruce,-244.3,377.0,8.66,1.23,286
oak,-242.1,377.2,8.7,0.89,89
spruce,-235.1,375.7,8.62,1.18,52
birch,-221.8,377.9,8.91,1.18,240
spruce,-207.9,376.4,9.02,0.87,5
spruce,-203.7,375.5,8.79,0.85,277
oak,-199.8,375.9,8.58,1.13,355
spruce,-195.2,376.5,8.28,0.83,228
spruce,-175.2,376.0,7.12,0.83,69
spruce,-168.0,375.5,7.15,1.13,267
spruce,-248.7,382.2,7.97,0.94,158
spruce,-244.5,382.3,8.16,1.15,105
spruce,-238.4,383.1,8.37,1.23,54
spruce,-236.6,381.0,8.35,0.89,233
spruce,-201.6,382.2,9.22,1.08,139
spruce,-199.3,381.4,8.97,1.14,53
spruce,-187.9,381.3,9.09,0.9,143
spruce,-239.6,385.8,8.13,0.83,270
spruce,-214.4,387.3,9.21,1.25,264
spruce,-207.7,386.3,9.51,0.85,93
spruce,-204.9,385.1,9.61,1.23,139
spruce,-120.0,385.5,34.98,1.17,256
spruce,-299.8,391.0,54.77,0.93,229
alder,-250.7,390.4,8.94,1.05,63
spruce,-246.7,388.2,8.14,1.13,215
spruce,-239.1,389.3,8.3,1.07,149
spruce,-234.9,391.0,9.46,0.87,276
spruce,-232.4,390.6,9.78,0.81,240
spruce,-220.3,390.8,10.31,1.18,148
spruce,-212.7,388.7,10.31,0.81,129
spruce,-207.6,388.8,10.89,0.9,74
spruce,-160.5,393.8,31.4,0.91,86
spruce,-147.2,396.5,32.42,0.98,195
spruce,-157.2,398.4,33.61,0.86,318
birch,-150.8,397.9,32.56,1.22,273
spruce,-142.9,399.3,32.14,0.85,33
spruce,-298.1,404.1,45.78,1.24,207
spruce,-295.5,404.9,46.55,0.83,240
spruce,-292.6,404.6,47.5,1.08,86
spruce,-146.9,405.7,35.51,1.23,237
spruce,-144.3,404.4,34.09,0.81,257
spruce,-138.3,404.1,34.85,1.09,347
spruce,-282.1,407.9,48.48,1.02,6
spruce,-171.3,406.7,47.0,0.84,0
spruce,-160.9,408.5,46.88,0.9,151
spruce,-144.0,409.5,35.4,0.95,251
spruce,-133.7,407.3,36.53,0.87,159
spruce,-289.2,415.2,50.47,1.18,270
spruce,-286.3,414.7,50.41,1.11,201
oak,-270.6,414.2,53.23,0.82,240
birch,-269.9,412.4,53.94,1.0,129
spruce,-230.6,414.5,37.46,1.25,156
spruce,-180.2,411.9,45.97,1.23,166
spruce,-174.2,413.4,46.2,0.98,28
spruce,-169.5,414.2,46.41,0.92,254
spruce,-157.7,414.1,48.59,1.01,342
spruce,-143.9,411.5,34.96,0.86,133
spruce,-141.0,412.5,33.42,1.09,229
spruce,-133.8,411.2,34.89,1.01,272
spruce,-281.8,415.9,51.61,1.25,139
spruce,-249.7,419.2,43.29,1.21,296
spruce,-245.4,419.1,43.42,1.15,10
spruce,-232.2,418.2,39.52,0.82,81
spruce,-180.5,415.9,47.19,1.14,324
spruce,-163.3,415.9,49.22,0.83,179
spruce,-150.2,418.9,42.16,1.24,346
oak,-142.7,418.3,34.25,1.16,176
spruce,-139.5,416.8,33.47,0.95,195
maple,-288.1,-468.8,8.95,0.95,160
beech,-274.7,-468.3,8.78,1.22,39
beech,-177.2,-468.1,14.54,0.91,303
beech,-143.8,-468.6,8.06,1.1,222
beech,-137.8,-470.3,11.32,0.99,175
oak,-131.7,-469.4,14.59,0.94,184
oak,-295.7,-463.9,9.02,1.02,206
beech,-281.5,-465.0,7.99,1.03,201
beech,-276.0,-465.8,8.38,0.85,177
beech,-272.3,-466.0,8.6,1.12,322
maple,-267.6,-466.3,9.28,1.06,122
beech,-236.7,-464.3,7.93,1.16,222
beech,-217.4,-465.1,9.78,0.92,168
beech,-178.6,-465.9,15.68,1.03,35
beech,-174.3,-466.4,12.86,1.1,166
maple,-169.0,-466.0,9.88,0.94,305
birch,-161.5,-465.6,5.77,1.07,309
maple,-298.7,-460.5,8.9,1.11,159
beech,-293.5,-460.2,8.35,1.22,56
maple,-288.5,-462.0,7.52,1.24,298
beech,-287.1,-460.9,7.5,0.95,191
oak,-278.4,-458.3,8.5,1.15,108
maple,-272.0,-462.2,8.76,1.11,42
beech,-259.4,-458.6,9.29,0.98,307
spruce,-254.9,-459.0,9.43,0.82,91
maple,-240.1,-459.6,6.64,1.0,222
oak,-238.2,-458.8,6.29,1.25,286
beech,-233.2,-460.2,6.49,0.96,296
maple,-224.9,-460.8,7.11,0.98,103
beech,-221.8,-461.0,7.53,1.17,243
beech,-217.3,-460.4,7.94,1.2,350
beech,-206.7,-459.6,7.86,1.01,6
maple,-185.8,-460.3,18.44,1.09,271
beech,-182.7,-462.0,18.14,0.82,290
birch,-177.5,-462.0,15.44,1.16,117
spruce,-170.8,-461.5,11.64,1.13,78
beech,-165.9,-461.7,8.72,1.07,354
beech,-160.7,-460.4,6.32,0.88,206
maple,-138.2,-461.9,10.25,0.82,355
beech,-294.0,-455.5,8.38,0.92,185
beech,-286.9,-455.0,8.22,1.03,245
beech,-278.8,-455.1,8.38,0.88,44
maple,-275.9,-455.1,8.5,0.93,140
birch,-272.7,-454.1,8.62,0.86,338
maple,-266.0,-454.7,8.45,0.88,22
beech,-258.8,-456.1,8.26,0.83,241
maple,-250.6,-454.9,7.16,0.93,344
beech,-244.9,-455.4,6.4,0.81,129
beech,-237.2,-457.0,6.03,1.2,192
beech,-227.4,-455.6,6.63,1.15,37
spruce,-220.6,-453.6,7.31,1.19,176
beech,-204.0,-453.3,6.46,0.96,161
beech,-181.3,-454.8,16.46,0.85,152
oak,-174.0,-456.5,14.4,1.15,106
birch,-169.1,-455.3,11.8,0.86,143
beech,-163.4,-453.8,8.44,1.07,215
beech,-143.3,-453.1,7.29,1.0,293
maple,-137.2,-456.5,10.66,1.11,151
beech,-295.1,-451.8,8.36,0.84,245
oak,-289.7,-449.5,8.74,1.08,107
beech,-286.7,-452.2,8.7,1.19,57
beech,-264.9,-451.3,7.72,0.91,31
maple,-252.5,-450.6,6.33,1.01,179
maple,-246.2,-451.4,5.83,1.03,332
beech,-235.3,-452.0,6.87,1.23,89
beech,-226.7,-451.0,7.63,0.87,175
maple,-222.4,-449.6,7.91,1.02,220
beech,-208.2,-450.4,6.8,1.18,228
beech,-201.1,-448.7,5.92,1.13,227
maple,-176.7,-451.8,15.89,1.2,358
maple,-168.7,-449.9,12.06,1.06,185
beech,-158.9,-451.2,6.12,1.17,233
beech,-132.8,-449.4,10.25,0.86,252
maple,-297.1,-444.3,8.42,0.95,236
maple,-265.4,-445.0,6.87,1.2,35
beech,-232.7,-446.5,8.19,0.95,23
spruce,-172.3,-446.1,13.72,1.22,162
beech,-168.6,-445.2,12.12,1.06,191
maple,-142.4,-446.5,7.88,0.88,144
beech,-139.8,-444.3,8.97,1.24,349
maple,-133.6,-445.2,10.32,1.13,339
maple,-293.8,-442.6,8.56,1.24,136
maple,-172.3,-442.6,13.63,1.17,326
beech,-169.7,-442.7,12.66,0.95,26
beech,-161.8,-439.4,7.96,1.01,161
beech,-143.1,-439.0,7.2,0.96,249
oak,-297.3,-435.9,7.7,0.98,104
beech,-266.8,-436.7,7.15,0.9,70
beech,-260.2,-436.2,6.67,1.11,64
beech,-202.2,-433.7,8.4,1.13,206
beech,-168.5,-435.3,11.79,0.96,5
beech,-164.3,-437.5,9.08,1.19,127
beech,-144.9,-437.5,6.13,0.98,261
beech,-140.3,-433.6,8.98,0.96,108
beech,-295.2,-431.8,7.21,1.24,189
maple,-281.0,-428.8,7.57,0.86,103
beech,-272.2,-432.9,7.45,1.03,173
maple,-264.9,-431.9,7.33,1.18,188
beech,-259.8,-432.0,7.42,0.88,273
beech,-173.1,-430.3,13.56,0.86,31
beech,-167.9,-431.8,10.98,1.05,262
maple,-162.2,-428.7,7.3,0.93,178
beech,-136.6,-429.4,9.06,1.06,221
maple,-300.4,-427.9,6.07,1.13,68
beech,-287.1,-425.9,6.87,1.14,345
beech,-282.1,-426.2,7.01,1.09,222
oak,-181.1,-425.8,12.21,1.03,52
beech,-171.9,-425.1,12.51,1.08,238
birch,-169.3,-424.5,10.98,1.08,351
maple,-146.0,-425.4,6.02,0.81,264
birch,-142.7,-425.3,7.81,1.12,257
maple,-135.5,-424.6,7.94,0.93,130
spruce,-129.4,-425.6,2.81,0.91,269
maple,-287.3,-422.5,6.32,1.06,312
beech,-280.4,-420.8,6.05,1.08,27
birch,-188.5,-420.5,8.68,1.15,13
beech,-179.2,-419.1,10.63,1.03,282
spruce,-173.2,-420.0,12.13,1.09,250
beech,-169.9,-422.2,11.35,0.89,298
beech,-144.8,-422.8,6.8,0.94,235
beech,-293.0,-414.9,6.75,0.9,272
beech,-287.3,-414.1,5.74,1.16,107
beech,-185.6,-418.3,8.99,1.05,69
spruce,-181.2,-416.2,9.1,0.94,226
maple,-161.2,-415.4,6.66,0.93,185
beech,-144.2,-416.0,6.16,0.94,44
maple,-282.2,-409.2,5.33,1.02,63
beech,-274.4,-410.8,6.5,0.9,84
beech,-190.2,-409.9,8.58,0.92,238
beech,-184.4,-413.1,7.97,1.04,189
beech,-169.0,-409.8,9.3,0.98,257
beech,-138.0,-411.4,7.39,1.16,22
beech,-134.0,-410.1,6.66,1.0,191
beech,-283.8,-407.2,5.81,1.11,165
beech,-275.1,-404.7,5.78,1.16,294
maple,-271.2,-404.8,7.09,0.86,60
beech,-181.2,-407.3,7.55,1.08,80
beech,-167.3,-408.3,9.05,0.84,180
oak,-162.3,-406.1,8.97,0.84,344
beech,-134.2,-408.3,6.51,1.09,320
beech,-128.3,-404.4,1.88,0.87,148
beech,-284.2,-400.2,5.98,1.2,243
birch,-280.2,-399.6,4.94,1.2,243
beech,-273.4,-402.7,6.46,1.04,4
beech,-270.9,-400.6,7.2,1.06,39
beech,-265.3,-403.1,7.74,1.09,53
beech,-186.9,-402.0,8.31,0.89,32
beech,-172.8,-400.5,8.07,0.94,49
beech,-161.6,-403.6,9.3,0.88,196
beech,-158.4,-399.5,9.19,1.22,302
spruce,-153.6,-401.5,6.98,0.98,84
beech,-132.1,-401.1,4.8,0.81,234
beech,-278.3,-397.2,5.41,1.14,11
birch,-270.1,-394.5,8.31,0.8,79
beech,-265.8,-394.3,7.96,1.02,97
birch,-189.0,-395.1,7.41,1.0,106
oak,-151.9,-396.9,6.64,1.17,165
maple,-280.0,-392.4,6.33,0.94,239
beech,-275.6,-393.3,7.27,1.04,133
oak,-266.7,-392.7,8.44,1.0,94
maple,-196.3,-391.6,8.29,0.95,339
beech,-190.3,-391.1,6.98,1.08,173
beech,-135.6,-389.9,6.21,1.0,319
beech,-128.6,-392.7,2.4,0.8,358
maple,-270.8,-384.9,11.46,1.11,209
beech,-265.9,-385.7,8.8,0.91,248
beech,-190.3,-385.0,7.17,1.04,31
birch,-188.8,-387.3,7.06,0.82,24
beech,-183.4,-388.8,7.43,1.16,20
beech,-175.6,-386.7,7.85,1.04,84
maple,-174.5,-386.2,7.98,1.21,6
birch,-134.7,-385.8,5.97,1.07,211
beech,-268.5,-383.7,10.94,1.11,337
beech,-265.5,-382.7,9.06,0.99,225
maple,-193.7,-383.9,7.52,0.92,298
beech,-184.3,-379.7,7.43,0.95,97
maple,-177.9,-382.0,7.88,1.18,322
beech,-174.7,-382.4,8.12,1.07,176
beech,-129.6,-383.4,3.0,1.04,332
beech,-265.0,-376.6,10.52,0.98,174
beech,-262.4,-378.9,8.54,1.12,234
maple,-248.0,-376.8,8.77,1.0,284
beech,-205.4,-374.8,8.22,1.11,69
beech,-197.0,-376.9,7.64,1.11,290
beech,-190.0,-378.2,7.27,1.14,353
beech,-183.4,-375.9,7.56,0.9,165
maple,-179.6,-378.1,7.7,1.07,359
beech,-174.1,-376.7,8.25,0.96,217
beech,-165.5,-377.5,8.21,0.88,20
maple,-163.1,-378.2,8.56,1.01,284
beech,-159.2,-375.4,8.4,1.15,191
beech,-154.6,-375.5,7.07,1.01,311
beech,-297.9,-371.0,39.6,0.88,274
spruce,-268.6,-373.0,12.52,1.08,272
maple,-250.8,-371.3,9.09,0.95,23
beech,-245.3,-371.6,8.95,0.83,52
beech,-242.5,-372.8,8.7,0.97,21
beech,-230.1,-372.3,8.69,1.12,324
maple,-195.7,-373.6,7.52,0.98,104
beech,-191.9,-372.3,7.17,1.0,317
beech,-181.9,-373.3,7.72,1.16,255
birch,-178.0,-369.9,7.91,0.91,21
spruce,-162.6,-373.5,8.12,0.88,10
beech,-136.9,-371.9,6.39,1.02,137
maple,-130.2,-370.0,3.18,0.82,308
beech,-276.4,-369.3,14.32,1.25,105
spruce,-250.3,-368.0,9.55,0.87,45
beech,-230.2,-366.4,8.34,0.99,218
beech,-227.5,-366.2,8.34,1.01,85
beech,-206.8,-366.7,8.34,0.93,341
birch,-199.9,-367.3,8.52,1.21,141
maple,-199.0,-365.9,8.55,0.97,314
beech,-192.5,-365.8,7.81,1.24,251
beech,-187.6,-365.6,7.79,1.08,235
maple,-184.2,-365.1,8.13,1.24,198
spruce,-177.6,-368.3,7.96,0.92,159
beech,-174.2,-368.5,7.95,0.81,214
beech,-163.2,-366.1,8.15,0.83,96
maple,-131.3,-368.5,3.87,0.85,47
oak,-248.9,-361.4,8.25,1.19,157
beech,-227.3,-364.0,8.16,1.01,123
beech,-219.4,-360.5,8.4,1.06,16
beech,-200.8,-363.5,8.61,0.82,63
beech,-195.6,-360.5,8.68,0.86,229
oak,-192.6,-361.6,8.47,0.8,315
oak,-183.8,-362.1,8.33,0.95,248
beech,-160.7,-362.0,6.84,1.12,245
beech,-142.3,-363.9,6.19,1.19,138
maple,-278.2,-356.0,14.75,0.96,143
spruce,-250.0,-359.4,7.63,0.97,337
beech,-202.4,-358.5,8.58,1.03,340
birch,-196.9,-357.2,8.8,0.93,216
beech,-192.8,-356.4,9.4,1.01,13
maple,-185.4,-357.7,8.56,1.01,355
beech,-181.8,-356.1,8.98,1.14,250
maple,-174.3,-359.3,8.45,0.81,309
maple,-160.6,-359.0,6.66,0.91,307
maple,-141.7,-359.4,7.74,0.93,317
maple,-140.2,-357.0,8.71,1.24,74
beech,-132.8,-358.5,4.99,0.84,283
beech,-130.5,-356.5,3.01,1.04,49
beech,-271.2,-352.3,9.96,0.87,93
oak,-265.0,-353.3,5.99,0.88,203
maple,-249.4,-353.2,6.23,0.88,323
beech,-247.1,-352.5,6.03,1.08,98
beech,-233.2,-354.3,6.56,1.18,202
beech,-195.6,-353.9,9.07,1.18,314
beech,-190.8,-354.5,9.39,0.85,65
beech,-186.8,-350.3,10.9,1.03,309
beech,-184.5,-351.4,10.93,0.93,67
oak,-162.4,-351.4,7.4,1.1,309
maple,-141.8,-352.5,7.97,1.02,358
beech,-131.6,-351.3,4.63,1.24,222
spruce,-293.0,-349.2,7.16,1.05,70
beech,-274.3,-348.2,9.26,1.03,162
beech,-266.1,-347.4,6.78,0.96,71
beech,-254.3,-348.4,5.61,1.02,251
oak,-236.9,-346.7,6.89,0.8,281
beech,-232.9,-347.8,6.93,0.96,241
birch,-226.7,-346.3,7.47,0.85,208
beech,-217.7,-348.4,8.56,1.01,144
beech,-197.3,-346.7,9.91,1.08,185
maple,-192.9,-347.5,10.89,0.94,79
beech,-188.8,-346.9,11.88,1.05,20
beech,-176.5,-345.4,13.8,1.21,101
beech,-158.5,-345.4,6.66,0.95,6
beech,-138.5,-349.4,8.46,0.9,186
beech,-133.4,-349.6,5.44,1.17,264
beech,-290.2,-344.2,5.63,1.04,285
beech,-286.1,-341.9,5.3,0.89,171
beech,-281.6,-343.3,5.31,1.0,243
spruce,-275.5,-344.0,6.43,1.05,197
oak,-271.3,-344.4,7.57,0.95,288
maple,-235.0,-341.2,7.99,0.98,311
birch,-233.5,-344.2,7.43,1.03,61
beech,-225.0,-341.2,8.4,1.15,50
beech,-212.3,-342.1,8.95,0.97,80
beech,-208.4,-344.4,8.73,0.89,45
oak,-196.5,-342.3,13.05,0.82,314
maple,-194.2,-344.1,12.53,0.92,259
maple,-168.9,-342.1,13.04,1.14,189
spruce,-139.6,-344.6,7.72,1.21,126
beech,-133.8,-342.0,6.28,0.98,175
maple,-298.8,-339.1,6.21,1.11,147
maple,-296.3,-336.4,5.78,1.13,293
maple,-279.6,-339.5,5.11,1.24,176
beech,-276.0,-336.3,5.47,0.9,263
beech,-265.8,-335.9,5.68,1.24,118
oak,-251.1,-338.3,6.28,0.96,254
maple,-235.0,-339.1,8.74,1.17,312
beech,-229.9,-339.3,8.87,1.06,248
beech,-226.6,-336.8,9.32,1.2,99
beech,-216.1,-337.1,9.24,0.89,161
beech,-205.9,-335.8,11.63,1.21,216
beech,-200.9,-338.3,13.06,0.94,100
maple,-140.0,-338.5,6.89,1.16,99
beech,-129.5,-338.1,2.71,0.91,284
beech,-298.3,-333.1,5.99,1.12,244
beech,-249.9,-330.6,7.53,0.85,209
birch,-246.8,-333.3,7.78,1.02,256
maple,-239.8,-332.8,9.57,1.06,154
beech,-231.3,-334.4,10.01,1.08,108
maple,-219.9,-330.9,9.98,1.17,19
maple,-217.1,-333.1,9.94,0.95,239
beech,-140.5,-333.3,6.28,0.98,214
maple,-131.5,-332.6,4.8,0.99,13
maple,-128.6,-332.6,2.88,0.93,314
beech,-300.1,-329.1,6.28,1.11,287
maple,-250.3,-328.6,7.66,1.02,16
maple,-244.0,-328.4,9.7,0.95,7
beech,-220.1,-327.6,10.23,1.02,136
beech,-215.7,-329.0,10.65,1.1,139
beech,-210.1,-329.6,11.18,1.06,310
beech,-208.0,-327.6,11.77,1.14,189
beech,-156.0,-327.0,7.42,1.1,228
beech,-139.8,-328.8,5.85,0.86,169
beech,-132.2,-327.3,4.37,1.2,237
beech,-129.7,-326.5,2.98,0.81,51
beech,-264.3,-321.1,5.9,0.9,37
maple,-261.7,-322.4,5.8,0.87,352
beech,-211.8,-321.4,11.6,1.12,271
beech,-203.8,-322.4,12.32,0.94,190
beech,-160.0,-321.6,10.6,1.08,18
spruce,-132.0,-323.7,4.27,1.2,74
oak,-266.3,-319.6,5.85,1.17,213
beech,-240.1,-316.6,9.9,1.13,48
beech,-217.3,-319.5,10.91,1.12,238
beech,-210.5,-317.9,10.42,0.87,271
maple,-206.2,-319.1,10.87,1.13,55
beech,-201.8,-319.4,10.95,0.88,140
maple,-188.9,-318.1,13.09,1.16,135
oak,-182.3,-316.0,13.5,0.94,141
beech,-159.6,-316.1,11.92,1.24,329
birch,-151.5,-319.8,6.51,0.9,80
oak,-130.4,-317.6,3.0,0.87,35
maple,-298.4,-311.5,7.66,1.16,61
beech,-297.1,-311.7,7.47,1.16,272
beech,-286.4,-311.4,6.81,0.97,106
beech,-270.0,-313.9,6.79,1.1,179
maple,-259.3,-311.8,8.57,0.88,91
beech,-210.6,-311.8,7.93,0.9,160
spruce,-200.9,-312.8,7.58,1.04,234
oak,-193.0,-311.6,8.76,0.94,170
beech,-187.3,-315.3,11.87,0.93,146
beech,-182.2,-313.6,12.4,1.16,274
beech,-176.8,-312.2,12.88,1.21,86
beech,-173.4,-311.3,13.59,0.85,277
maple,-160.9,-312.0,12.33,1.01,351
beech,-151.7,-313.2,7.5,1.0,118
maple,-150.2,-314.4,6.47,0.86,34
maple,-128.2,-314.1,1.76,0.92,146
beech,-294.7,-309.4,7.6,1.16,215
birch,-284.1,-307.5,7.16,1.19,66
spruce,-260.0,-309.5,8.84,0.85,70
spruce,-255.3,-309.8,8.25,1.18,135
birch,-252.7,-308.5,7.87,0.87,164
maple,-240.4,-310.4,8.27,0.81,333
spruce,-232.0,-307.2,8.44,1.11,105
beech,-198.1,-309.5,6.03,1.18,219
beech,-186.7,-307.2,7.4,0.94,22
spruce,-183.3,-308.0,9.04,1.0,186
beech,-179.1,-309.9,11.3,1.02,177
beech,-172.6,-308.4,12.1,0.87,121
maple,-167.4,-307.7,13.77,0.89,281
beech,-293.1,-305.5,7.39,0.82,253
birch,-265.9,-301.8,8.38,1.06,157
beech,-260.3,-304.0,9.02,0.95,223
spruce,-250.1,-305.1,7.16,0.98,191
beech,-205.6,-302.7,8.49,1.09,278
beech,-180.4,-304.9,8.43,1.08,271
maple,-177.4,-302.5,8.55,1.1,305
beech,-173.8,-302.2,9.36,1.11,168
beech,-160.7,-302.7,10.34,0.98,349
spruce,-156.2,-304.0,7.64,1.02,200
beech,-134.0,-301.6,5.8,0.96,334
beech,-259.6,-298.0,9.1,0.82,61
birch,-251.5,-297.9,9.41,1.16,136
beech,-236.8,-296.4,7.48,1.1,48
beech,-229.8,-297.5,6.73,0.85,285
beech,-169.1,-297.7,9.02,0.84,251
beech,-137.4,-300.5,6.86,1.09,173
beech,-135.0,-299.7,6.38,1.2,201
beech,-127.5,-296.4,1.78,0.86,354
beech,-300.2,-293.8,7.6,1.18,183
maple,-290.7,-293.5,6.87,1.19,43
beech,-266.4,-295.6,8.47,1.18,246
beech,-260.0,-294.1,8.89,0.96,189
maple,-258.0,-294.2,8.89,1.19,279
beech,-244.8,-293.4,9.17,0.81,219
beech,-237.2,-295.1,8.04,1.01,333
beech,-167.4,-294.1,7.34,1.19,248
beech,-157.0,-295.2,7.05,1.1,51
maple,-141.4,-293.5,6.55,0.9,10
beech,-130.7,-292.2,3.31,1.16,204
beech,-286.7,-290.1,6.89,0.98,12
maple,-262.5,-289.7,8.71,1.08,210
beech,-254.9,-288.6,8.62,0.84,67
beech,-252.1,-290.5,8.7,0.92,338
beech,-246.1,-288.8,9.07,0.96,56
beech,-240.7,-290.2,9.6,1.08,213
beech,-235.2,-289.9,10.25,1.01,247
birch,-232.8,-288.8,10.58,0.86,124
birch,-228.1,-289.7,10.7,0.91,308
birch,-222.4,-290.5,10.51,0.86,181
beech,-218.4,-286.9,12.58,0.88,214
maple,-211.7,-290.4,12.34,0.94,160
maple,-134.5,-288.7,5.06,1.25,17
beech,-130.5,-288.0,3.09,1.11,201
beech,-293.7,-282.4,9.17,1.21,287
beech,-291.3,-283.6,7.15,1.2,8
spruce,-271.3,-281.7,8.32,0.96,87
beech,-261.6,-284.3,8.65,0.83,125
beech,-252.8,-284.2,8.06,1.1,168
maple,-236.0,-285.8,10.19,0.85,207
maple,-226.2,-283.0,11.5,1.13,53
spruce,-223.3,-284.8,11.98,1.17,252
beech,-139.4,-282.9,6.96,1.02,22
spruce,-133.0,-285.9,4.31,0.87,34
beech,-291.1,-279.7,8.03,0.85,336
beech,-282.6,-280.2,8.04,1.08,156
beech,-274.7,-277.9,8.2,1.19,79
maple,-254.3,-280.6,8.05,1.19,95
beech,-253.0,-277.3,7.91,1.1,109
beech,-235.1,-280.1,9.95,1.17,169
maple,-230.9,-277.0,10.6,1.25,250
beech,-225.4,-280.7,11.67,0.89,158
maple,-220.1,-277.4,12.68,0.86,142
spruce,-166.2,-279.9,7.17,0.88,222
beech,-132.1,-277.5,4.15,0.85,325
birch,-127.8,-278.2,1.71,1.12,22
beech,-292.3,-274.6,9.6,0.96,275
beech,-287.1,-274.6,7.51,1.07,161
beech,-282.0,-272.8,7.86,1.15,69
maple,-270.6,-272.5,7.44,1.19,39
beech,-259.3,-271.9,7.68,0.96,276
beech,-252.8,-273.5,7.73,1.24,213
oak,-225.2,-272.3,11.32,1.18,12
beech,-215.4,-273.0,12.78,0.9,139
beech,-212.7,-271.9,13.04,1.03,110
beech,-171.6,-275.5,11.6,0.9,49
beech,-167.4,-273.4,9.73,0.99,27
beech,-161.5,-273.5,6.64,1.15,23
beech,-136.8,-274.2,7.35,0.88,23
beech,-134.8,-271.9,6.48,0.97,141
beech,-129.8,-273.2,2.88,1.21,72
maple,-288.0,-269.9,7.75,1.18,263
beech,-285.3,-268.5,7.64,1.03,179
maple,-282.4,-269.9,7.84,0.9,3
beech,-274.5,-269.8,7.75,1.19,311
birch,-271.2,-268.1,7.07,1.17,180
beech,-267.6,-267.5,7.04,1.1,72
beech,-226.7,-269.0,11.03,0.98,122
maple,-220.1,-267.8,11.94,1.14,125
maple,-218.1,-269.6,12.3,0.94,334
beech,-211.4,-269.2,13.05,1.25,198
maple,-169.7,-268.2,12.58,0.87,211
beech,-159.6,-268.5,7.63,0.97,339
beech,-137.5,-267.1,7.34,0.93,231
beech,-133.1,-268.6,5.23,0.81,135
beech,-293.3,-264.8,9.98,1.08,179
spruce,-291.2,-262.1,9.01,1.18,244
maple,-281.5,-265.4,7.94,1.21,241
beech,-273.5,-262.3,7.12,0.89,207
beech,-270.8,-266.1,7.01,1.12,56
maple,-256.8,-266.2,7.54,1.24,232
beech,-229.7,-263.3,10.52,0.98,351
maple,-227.3,-263.6,10.9,1.04,57
beech,-219.5,-264.7,12.0,0.89,232
beech,-216.8,-265.0,12.39,0.86,337
beech,-208.5,-262.0,13.69,1.18,142
beech,-200.5,-262.3,13.92,1.07,120
beech,-171.3,-266.3,13.55,1.1,288
beech,-166.5,-263.9,12.25,1.04,281
beech,-161.8,-264.6,9.49,1.24,82
oak,-156.2,-262.5,7.07,0.89,284
beech,-131.7,-263.1,4.85,1.21,154
beech,-274.2,-260.7,7.17,1.04,49
beech,-271.8,-257.4,7.11,0.84,332
beech,-246.0,-260.2,9.14,1.07,272
maple,-232.7,-260.2,9.63,1.13,41
beech,-202.4,-260.0,14.01,0.97,274
beech,-179.2,-257.2,14.34,0.94,353
beech,-173.6,-258.3,13.99,0.87,316
beech,-165.8,-259.3,13.06,0.97,219
beech,-163.4,-259.3,11.46,0.8,168
beech,-159.0,-259.3,9.3,1.14,187
beech,-152.8,-258.8,6.43,1.13,214
beech,-138.0,-260.7,6.17,0.89,347
beech,-130.0,-259.9,3.54,1.22,101
beech,-286.9,-254.1,8.73,1.02,311
beech,-281.2,-254.2,7.76,1.05,57
beech,-277.0,-255.5,7.28,0.86,263
beech,-272.4,-254.8,7.19,1.01,292
maple,-252.2,-256.1,9.05,1.25,155
beech,-241.4,-252.3,9.96,1.21,44
maple,-233.0,-252.3,10.6,0.85,115
maple,-226.1,-254.4,11.05,1.16,332
oak,-199.3,-254.8,14.34,1.05,225
maple,-194.2,-253.2,14.05,1.12,168
beech,-188.4,-254.3,14.09,0.88,314
beech,-171.4,-254.8,14.46,0.93,4
beech,-169.2,-254.3,14.52,1.04,288
oak,-156.3,-254.7,9.04,0.81,7
maple,-155.1,-253.8,8.66,1.06,220
maple,-135.0,-253.2,5.95,0.93,248
beech,-129.8,-252.7,3.32,1.12,20
beech,-280.9,-250.4,7.82,0.84,259
beech,-275.7,-249.0,7.43,0.96,10
beech,-268.7,-249.8,7.77,0.94,217
beech,-236.4,-249.4,10.36,1.19,194
maple,-230.5,-247.5,10.53,1.01,94
beech,-226.2,-251.4,10.96,0.83,210
beech,-223.0,-249.2,11.3,1.15,114
beech,-200.1,-250.9,14.27,1.2,33
maple,-199.0,-249.6,14.15,0.93,334
beech,-192.5,-250.0,13.89,1.06,26
beech,-186.3,-248.1,13.87,1.18,288
beech,-170.4,-251.1,14.79,1.21,34
maple,-159.9,-249.5,11.23,0.8,8
beech,-151.2,-251.3,6.49,1.09,195
maple,-136.9,-247.4,6.14,0.8,6
beech,-133.4,-248.6,5.39,1.07,116
beech,-130.1,-248.8,3.55,1.08,77
beech,-271.3,-242.8,7.55,1.14,82
beech,-242.6,-244.0,9.29,0.9,327
maple,-235.6,-245.5,9.9,0.87,257
spruce,-232.2,-243.0,10.21,0.9,339
beech,-225.9,-245.8,10.84,1.18,226
beech,-200.4,-243.9,13.24,1.17,44
spruce,-198.9,-245.9,13.65,1.2,24
maple,-191.6,-242.4,13.18,0.96,103
beech,-188.6,-246.3,13.64,0.88,115
beech,-156.6,-242.6,8.28,1.23,300
beech,-137.5,-243.5,6.34,0.88,338
beech,-274.9,-239.5,7.78,1.25,0
beech,-266.3,-238.1,9.71,0.95,235
beech,-252.7,-240.6,8.83,0.9,237
beech,-245.0,-239.2,8.36,0.96,52
beech,-240.6,-241.5,9.14,0.86,6
beech,-235.7,-239.2,9.4,1.02,55
beech,-232.4,-240.4,10.11,0.92,75
beech,-225.2,-239.4,10.88,1.17,356
maple,-220.9,-238.2,11.58,0.95,159
maple,-206.6,-238.9,12.64,0.87,350
beech,-203.7,-238.6,12.6,1.08,117
oak,-175.7,-240.4,14.97,0.91,133
oak,-168.4,-239.4,14.25,1.08,66
beech,-162.6,-238.2,12.04,0.95,291
maple,-155.8,-238.5,6.95,0.87,297
birch,-138.3,-239.8,7.18,0.91,307
oak,-284.0,-233.3,8.16,0.94,82
beech,-257.0,-237.0,11.07,1.12,57
beech,-250.8,-234.7,8.65,0.98,187
maple,-244.5,-233.6,8.16,1.16,301
beech,-239.8,-236.2,8.53,1.01,209
beech,-237.5,-235.1,8.76,0.81,23
beech,-231.7,-236.4,9.98,1.09,355
beech,-226.0,-233.4,10.73,1.14,281
beech,-222.5,-233.1,11.22,1.14,27
maple,-218.2,-233.1,11.99,1.22,82
beech,-205.4,-234.6,12.18,0.91,302
beech,-202.4,-235.8,12.26,1.05,145
maple,-187.0,-232.8,14.62,0.98,340
maple,-168.3,-233.6,15.07,1.02,265
maple,-163.4,-233.9,13.43,1.16,288
maple,-141.5,-233.7,7.12,0.96,137
spruce,-139.4,-236.2,7.74,0.93,11
maple,-282.0,-227.8,8.05,1.16,338
maple,-275.6,-231.7,8.1,1.06,212
beech,-234.8,-232.0,9.23,1.14,282
beech,-229.8,-230.3,10.29,1.14,62
beech,-227.0,-230.3,10.66,1.23,149
beech,-223.5,-231.4,10.96,0.9,107
beech,-218.5,-228.0,10.73,1.16,327
beech,-209.9,-229.0,11.74,1.03,339
beech,-207.7,-230.5,12.24,1.01,237
maple,-178.6,-230.0,15.19,1.11,126
beech,-162.9,-231.3,14.03,0.92,38
beech,-138.5,-229.5,8.48,1.19,154
maple,-279.3,-225.3,9.2,1.09,259
birch,-277.2,-226.5,9.21,0.95,108
beech,-262.8,-223.6,13.1,1.02,287
beech,-249.9,-223.2,12.61,1.21,306
maple,-243.3,-224.4,10.13,1.07,203
beech,-216.2,-225.1,10.6,1.2,338
beech,-207.4,-223.9,11.2,0.86,268
maple,-183.7,-225.9,15.2,1.19,265
beech,-179.6,-223.9,15.26,1.07,353
beech,-163.7,-226.8,14.83,0.83,0
beech,-141.5,-224.3,7.35,0.99,352
spruce,-271.9,-220.2,12.85,1.16,257
spruce,-267.4,-221.1,13.76,0.84,110
beech,-251.8,-218.7,14.26,1.2,109
birch,-246.0,-220.6,11.91,0.85,185
maple,-206.4,-219.5,11.08,1.19,89
beech,-202.2,-221.6,11.95,1.13,28
beech,-185.3,-219.5,15.04,1.23,50
beech,-180.4,-221.1,15.29,0.85,271
maple,-133.1,-221.4,5.8,1.01,174
beech,-129.5,-218.7,2.73,1.24,130
birch,-267.5,-216.6,16.02,0.98,218
beech,-260.1,-217.1,15.05,0.81,48
maple,-187.5,-215.2,14.25,1.21,65
beech,-178.0,-216.5,15.24,0.84,302
beech,-143.6,-215.7,6.4,0.86,321
beech,-244.2,-212.2,11.67,1.07,252
spruce,-202.5,-211.1,11.07,0.88,132
oak,-198.8,-211.3,12.15,0.91,92
maple,-191.9,-211.5,13.97,1.17,8
oak,-187.5,-210.1,13.81,0.97,307
beech,-182.3,-209.7,14.43,0.81,4
maple,-176.3,-208.2,14.89,0.97,276
maple,-137.9,-209.4,8.33,1.2,262
maple,-127.6,-208.2,2.26,0.84,187
beech,-287.1,-203.5,15.16,1.08,61
maple,-278.7,-203.9,17.13,0.87,188
beech,-275.3,-203.5,19.69,1.23,38
beech,-270.0,-206.4,21.24,0.84,259
beech,-188.0,-207.5,13.82,0.84,261
beech,-176.5,-204.0,14.81,0.87,230
beech,-163.6,-206.0,10.91,1.22,282
beech,-158.3,-203.3,9.21,0.87,111
beech,-138.3,-203.4,7.32,1.16,323
spruce,-288.7,-196.2,14.81,1.23,316
beech,-286.3,-195.8,14.08,0.94,235
maple,-277.3,-195.7,18.03,1.05,181
beech,-199.8,-196.2,11.96,1.07,327
beech,-199.1,-195.6,12.33,0.82,148
spruce,-193.1,-195.9,13.36,1.07,312
beech,-185.6,-194.1,13.61,1.05,318
beech,-181.0,-194.2,14.31,0.95,310
beech,-153.2,-194.0,8.16,1.02,338
maple,-133.3,-196.7,4.97,1.21,325
beech,-276.6,-191.2,16.59,0.85,255
beech,-207.3,-190.2,10.54,1.02,250
beech,-200.2,-192.3,11.72,0.84,0
beech,-194.9,-190.8,12.46,0.83,250
spruce,-190.4,-189.5,12.72,1.14,324
maple,-162.3,-189.5,13.51,0.95,254
maple,-152.0,-192.3,7.75,0.87,143
beech,-131.5,-189.0,3.92,1.16,311
maple,-129.9,-189.2,3.31,1.01,94
birch,-288.5,-187.3,14.33,0.83,133
beech,-286.4,-186.2,13.11,1.07,30
oak,-282.0,-187.9,13.06,0.86,308
beech,-273.5,-187.1,15.48,0.96,163
oak,-206.7,-184.7,10.44,1.19,198
maple,-202.1,-185.8,10.92,1.03,75
beech,-192.6,-186.5,11.87,1.1,271
beech,-180.9,-185.6,12.87,1.05,195
beech,-161.7,-186.2,14.0,1.08,273
oak,-158.7,-185.5,12.8,0.95,114
beech,-132.1,-184.5,4.54,1.09,304
beech,-288.6,-182.1,15.66,1.02,323
beech,-283.6,-179.3,12.41,0.85,246
spruce,-279.8,-180.8,10.88,0.85,123
beech,-264.9,-182.0,14.27,1.22,320
beech,-261.2,-180.9,14.11,0.91,217
maple,-258.1,-179.7,13.42,1.08,30
beech,-252.2,-181.7,12.59,1.15,339
maple,-230.2,-179.9,8.9,0.84,205
beech,-205.6,-178.8,10.01,0.9,303
beech,-197.6,-181.8,10.83,0.94,197
beech,-184.1,-182.1,12.22,0.83,148
beech,-162.1,-181.3,13.6,1.19,255
oak,-159.9,-181.4,13.36,1.14,195
birch,-155.1,-179.0,11.0,1.16,156
maple,-131.7,-182.2,4.72,0.99,21
beech,-283.8,-176.1,12.65,1.23,112
maple,-279.1,-175.1,10.54,0.91,48
beech,-275.6,-174.1,9.93,0.86,300
spruce,-264.7,-175.3,10.76,1.25,199
maple,-232.0,-175.7,7.26,0.84,129
maple,-220.7,-177.6,8.88,1.08,17
birch,-218.3,-177.2,8.97,0.81,60
maple,-163.2,-177.8,12.99,1.0,201
beech,-159.8,-174.3,12.61,0.93,222
maple,-153.6,-174.4,10.56,1.07,233
maple,-278.7,-173.0,11.01,1.14,170
spruce,-277.2,-170.7,10.81,0.84,228
beech,-269.9,-169.2,9.37,0.91,72
beech,-258.1,-172.9,9.3,0.81,182
maple,-245.9,-170.7,5.32,0.93,65
maple,-241.4,-169.1,5.45,1.19,268
oak,-230.2,-171.1,7.66,0.99,358
beech,-167.5,-169.3,11.78,0.87,79
beech,-156.6,-170.6,11.89,0.91,327
maple,-146.9,-172.7,6.24,0.87,23
beech,-132.5,-170.6,5.19,0.87,260
maple,-130.6,-170.5,4.05,0.88,59
beech,-275.4,-166.9,11.46,0.83,148
beech,-271.3,-164.9,10.73,0.99,44
beech,-266.8,-166.3,9.2,1.03,6
beech,-256.0,-167.2,5.89,0.85,45
beech,-253.1,-167.6,5.75,0.98,159
beech,-242.7,-166.4,5.64,0.85,317
birch,-235.1,-164.2,5.99,0.84,212
birch,-176.7,-164.7,11.23,1.05,234
beech,-172.5,-167.0,11.53,1.14,291
beech,-156.4,-168.0,11.16,0.9,46
maple,-155.0,-165.0,10.18,1.11,26
maple,-134.8,-167.8,5.55,1.23,108
maple,-295.2,-161.0,30.12,0.84,164
beech,-291.1,-161.6,27.06,0.85,203
beech,-265.7,-162.1,10.01,1.0,356
beech,-259.5,-163.5,7.18,0.9,329
beech,-255.3,-162.2,5.98,0.97,55
maple,-241.6,-161.4,6.22,1.15,274
beech,-226.7,-159.7,7.29,1.22,145
beech,-167.7,-160.3,12.01,1.11,312
beech,-158.9,-162.6,11.72,0.84,155
beech,-152.7,-162.1,8.55,0.96,106
beech,-133.5,-163.2,5.78,1.08,103
beech,-289.2,-158.5,27.76,1.09,49
maple,-255.2,-157.7,7.16,0.89,232
spruce,-250.7,-155.4,7.89,1.07,169
maple,-244.4,-154.6,6.08,1.06,279
beech,-239.3,-155.9,5.65,0.88,291
maple,-236.4,-154.7,5.9,0.81,117
beech,-233.3,-157.8,6.2,0.96,155
maple,-226.4,-155.8,7.24,1.19,274
beech,-172.6,-158.5,11.49,1.18,164
beech,-133.7,-155.5,6.29,1.11,199
beech,-296.1,-150.4,34.07,1.25,94
beech,-249.9,-152.6,7.77,1.19,334
beech,-246.9,-152.3,7.1,1.18,61
beech,-242.2,-150.8,5.91,0.99,120
beech,-232.9,-151.1,6.11,0.92,282
maple,-227.5,-150.3,6.42,0.93,108
beech,-182.0,-151.1,10.24,1.09,132
beech,-168.9,-151.3,11.68,1.04,203
birch,-140.2,-150.6,6.27,0.89,348
beech,-135.0,-153.1,7.08,1.19,147
beech,-246.6,-145.0,8.8,1.11,352
maple,-240.9,-147.6,6.09,1.19,124
beech,-233.5,-146.8,5.59,0.9,343
beech,-228.3,-147.9,6.26,0.91,18
beech,-181.3,-147.0,10.69,1.15,344
beech,-142.0,-144.4,5.98,1.2,65
beech,-133.2,-146.2,6.28,1.05,10
beech,-289.9,-140.6,45.81,0.91,86
birch,-254.5,-139.6,11.29,0.86,267
beech,-248.9,-143.4,9.8,0.83,111
beech,-246.7,-141.6,9.18,0.91,115
beech,-242.1,-141.3,7.56,1.03,109
oak,-232.0,-140.5,6.13,0.98,160
beech,-226.4,-143.9,6.58,0.96,237
maple,-203.0,-141.1,8.75,0.91,89
beech,-189.4,-141.3,10.7,0.98,269
beech,-177.5,-141.7,11.47,0.88,223
beech,-174.2,-143.8,11.76,0.89,21
beech,-166.0,-139.6,12.64,1.1,309
maple,-162.9,-141.3,11.61,0.93,174
beech,-130.0,-142.3,3.84,1.21,318
beech,-289.0,-134.8,46.58,0.85,126
beech,-286.0,-134.7,46.76,1.11,168
beech,-250.7,-137.7,10.76,0.94,315
beech,-239.3,-136.3,7.49,1.06,16
maple,-218.4,-136.9,8.39,0.83,120
beech,-205.7,-138.9,9.17,1.06,110
maple,-198.9,-135.7,9.81,0.92,194
beech,-193.7,-136.9,10.55,1.19,258
beech,-182.7,-136.0,12.03,0.89,152
beech,-169.8,-136.4,13.1,1.02,109
beech,-139.4,-134.8,6.44,1.07,45
beech,-276.9,-133.4,49.76,1.13,26
beech,-233.0,-130.8,7.78,1.11,182
beech,-225.0,-130.6,8.55,1.21,309
beech,-220.1,-133.4,8.52,1.18,22
maple,-215.2,-131.1,9.13,1.04,225
beech,-202.3,-134.1,10.14,1.17,70
beech,-194.1,-130.2,11.82,1.21,317
beech,-173.3,-131.3,13.73,1.16,313
oak,-166.0,-130.4,14.35,1.04,97
beech,-162.8,-131.4,13.08,1.08,104
beech,-284.5,-128.2,43.69,1.18,223
beech,-253.9,-125.5,11.59,0.94,153
beech,-249.8,-127.9,10.52,0.95,342
maple,-247.2,-127.3,9.65,1.09,351
beech,-240.5,-127.2,8.5,0.92,318
beech,-238.2,-125.7,8.37,0.83,198
beech,-216.5,-129.1,8.99,1.09,321
beech,-202.9,-129.1,10.82,1.15,48
beech,-191.9,-126.1,12.01,0.85,309
beech,-175.8,-129.1,13.67,1.07,18
beech,-171.8,-127.0,14.54,0.8,6
oak,-169.7,-126.5,14.9,0.85,357
beech,-161.4,-127.4,12.26,0.89,294
maple,-155.7,-127.4,9.2,0.98,105
birch,-151.5,-129.1,6.17,1.17,2
beech,-256.3,-122.4,11.53,1.11,271
beech,-252.0,-122.4,11.54,1.14,348
beech,-244.2,-122.1,9.67,1.23,358
beech,-217.6,-123.7,9.28,0.91,202
beech,-198.8,-120.4,10.17,0.98,57
oak,-181.2,-120.0,11.75,0.96,107
beech,-178.2,-120.1,12.62,0.83,195
maple,-168.3,-120.3,15.28,0.83,241
beech,-163.9,-120.1,13.99,1.2,212
maple,-152.4,-123.2,6.91,1.18,39
beech,-254.6,-115.5,10.84,1.04,240
beech,-250.8,-117.1,10.81,1.03,182
birch,-227.4,-118.0,9.04,1.1,328
maple,-219.9,-118.7,9.5,1.22,308
birch,-218.0,-115.8,9.56,1.07,277
beech,-200.4,-118.8,9.89,0.87,310
beech,-195.9,-117.3,9.81,0.88,325
birch,-190.2,-115.2,9.29,0.83,57
beech,-180.2,-116.7,11.44,1.07,75
beech,-170.9,-117.3,14.42,0.97,106
beech,-169.3,-119.1,15.15,1.16,310
beech,-164.0,-116.9,14.03,0.83,264
spruce,-254.6,-110.2,10.74,0.89,228
beech,-252.5,-112.8,10.8,1.1,324
beech,-244.3,-112.0,9.97,1.06,246
maple,-240.1,-112.4,9.99,1.21,239
maple,-235.9,-113.4,9.74,1.17,301
beech,-232.9,-111.3,9.63,0.83,4
beech,-220.6,-110.4,9.48,1.02,79
spruce,-215.9,-112.9,9.26,1.13,143
maple,-200.4,-113.9,8.74,1.1,128
spruce,-197.5,-112.3,8.31,0.88,220
beech,-193.1,-111.0,8.19,1.06,213
spruce,-186.9,-112.4,8.81,1.23,78
maple,-184.0,-113.3,9.65,1.2,161
beech,-178.0,-110.7,10.92,0.85,243
beech,-173.5,-110.8,12.46,1.11,124
beech,-133.4,-111.3,6.57,0.94,322
beech,-127.9,-111.2,3.44,1.22,305
beech,-300.1,-105.8,29.13,0.85,167
beech,-281.9,-105.6,22.1,1.11,178
maple,-256.0,-108.2,10.52,0.88,94
spruce,-246.6,-105.6,10.04,1.11,264
birch,-237.9,-108.9,9.62,0.95,358
maple,-230.3,-107.4,9.55,1.22,210
birch,-224.9,-105.8,9.2,1.03,260
maple,-222.2,-109.0,9.4,1.19,216
beech,-218.3,-109.6,9.44,1.16,269
beech,-213.5,-108.8,8.79,1.25,73
beech,-197.9,-106.9,7.41,1.07,301
beech,-186.3,-107.3,7.94,1.06,168
beech,-177.4,-107.6,10.86,1.06,95
beech,-166.0,-105.6,12.85,0.98,359
beech,-164.8,-108.8,13.82,1.23,126
beech,-153.1,-105.5,8.06,1.25,11
spruce,-129.3,-108.1,4.37,0.88,298
beech,-282.1,-101.9,19.72,1.16,183
beech,-264.8,-102.9,10.49,0.84,241
beech,-258.9,-104.3,9.7,0.97,146
beech,-257.3,-103.0,9.65,0.88,198
beech,-247.2,-101.6,9.77,1.11,42
beech,-239.6,-102.0,9.28,1.06,342
maple,-234.5,-104.4,9.42,1.07,248
maple,-226.9,-101.1,8.6,1.2,19
maple,-220.5,-101.0,8.38,0.88,216
spruce,-215.5,-104.3,8.54,0.83,59
birch,-210.6,-102.0,7.44,1.15,231
birch,-201.3,-104.7,7.31,0.82,358
maple,-195.1,-102.7,7.22,0.81,333
beech,-191.0,-101.1,7.14,1.08,45
beech,-185.1,-102.9,7.68,0.92,62
beech,-182.6,-103.2,7.95,1.14,119
beech,-132.2,-102.1,7.0,0.91,22
spruce,-129.8,-100.4,6.28,0.99,86
beech,-281.6,-97.9,17.16,0.94,27
beech,-261.0,-96.5,8.26,0.93,43
maple,-257.9,-99.3,8.8,1.16,326
maple,-247.4,-99.6,9.53,0.88,117
maple,-241.6,-99.5,9.32,0.99,98
beech,-237.7,-96.6,8.95,0.95,1
beech,-231.3,-99.7,8.74,1.02,93
oak,-224.6,-97.9,8.13,1.13,55
maple,-219.9,-97.0,7.66,0.85,184
beech,-212.8,-97.1,6.74,1.22,104
beech,-179.2,-99.0,8.22,1.19,217
birch,-174.0,-95.7,8.59,1.15,96
maple,-161.6,-99.6,8.81,0.96,217
maple,-137.4,-95.4,7.69,1.07,243
spruce,-132.8,-96.3,7.43,1.0,293
beech,-299.9,-91.7,21.18,0.83,226
maple,-272.0,-91.6,9.38,1.18,61
maple,-240.3,-94.1,8.59,1.01,86
beech,-234.4,-94.6,8.18,1.11,318
beech,-233.3,-93.4,7.86,1.13,245
beech,-219.6,-92.4,6.67,0.84,242
beech,-194.4,-93.7,6.46,1.09,270
birch,-183.4,-92.6,7.16,1.25,184
beech,-175.5,-92.9,7.65,1.0,56
maple,-137.6,-93.9,7.54,1.04,67
birch,160.8,291.4,3.46,1.22,179
oak,147.7,309.7,3.77,1.0,28
oak,156.8,315.8,4.2,1.14,271
birch,159.3,284.8,3.26,1.14,307
birch,143.2,295.3,3.81,1.09,265
oak,162.1,310.4,3.99,1.2,107
birch,140.4,307.3,5.41,0.96,221
birch,142.3,290.0,4.44,1.17,304
oak,149.3,299.3,3.68,1.2,263
birch,149.4,285.6,4.31,0.9,109
oak,156.1,306.4,3.89,1.09,16
oak,145.4,293.0,3.54,0.95,281
birch,141.6,298.0,4.05,1.12,290
oak,148.7,314.8,3.91,0.96,99
oak,161.7,287.6,3.38,0.84,11
oak,148.5,286.3,4.31,1.17,123
oak,143.4,304.3,4.23,1.03,17
oak,164.4,290.0,3.36,0.87,63
birch,143.1,307.5,4.14,1.16,336
birch,158.1,302.7,3.93,0.8,166
oak,160.1,295.1,3.65,1.03,89
birch,145.4,290.0,3.66,1.22,221
oak,146.7,292.7,3.39,1.2,203
birch,152.5,313.6,4.0,1.0,18
oak,154.7,286.1,3.39,1.12,260
oak,153.2,286.9,3.63,0.97,175
birch,142.3,290.7,4.18,1.25,190
oak,158.7,298.0,3.71,1.0,100
oak,155.2,292.8,3.51,1.22,286
oak,153.1,294.5,3.56,0.94,133
oak,155.5,292.0,3.5,0.92,126
birch,156.6,303.8,3.85,0.9,150
birch,158.5,286.7,3.29,1.01,298
birch,275.1,230.5,5.83,0.97,111
birch,289.3,240.5,9.1,0.98,285
oak,294.4,226.4,13.93,1.05,125
oak,285.7,244.2,6.86,0.97,147
birch,282.4,226.6,10.21,1.23,111
birch,290.9,238.6,9.62,1.04,175
oak,282.4,226.8,10.21,0.91,52
birch,284.1,247.5,5.58,0.93,29
birch,291.0,239.4,9.62,1.11,166
oak,277.5,227.6,7.55,1.21,62
birch,298.6,241.9,8.73,0.92,56
birch,287.4,245.0,6.68,1.18,30
oak,282.4,223.8,10.97,0.95,222
oak,286.1,248.1,5.55,1.08,125
birch,279.2,236.8,7.07,0.98,301
oak,277.9,232.5,7.18,1.11,32
birch,291.2,223.6,14.27,1.04,243
birch,296.0,231.7,12.1,0.96,130
birch,288.7,225.1,13.67,0.87,296
birch,134.8,-23.2,13.64,1.16,54
birch,147.5,-23.2,8.16,0.92,237
birch,133.8,-24.2,13.52,0.86,71
birch,145.8,-22.3,8.65,1.1,105
birch,136.8,-13.0,11.73,0.82,105
birch,133.9,-24.4,13.52,1.12,65
birch,135.2,-26.4,13.99,1.02,100
birch,140.2,-11.2,11.94,0.86,66
birch,131.4,-20.4,11.54,1.15,294
birch,136.6,-19.7,12.94,0.81,145
oak,259.2,-84.7,2.51,0.92,12
oak,259.8,-86.0,2.14,1.13,207
oak,253.0,-76.5,2.48,1.07,207
oak,257.7,-83.7,2.78,0.84,194
oak,254.7,-69.9,2.16,0.99,21
oak,259.6,-69.5,2.26,1.23,154
oak,254.6,-80.3,2.83,0.94,265
oak,179.7,-7.0,5.25,1.21,241
oak,185.7,-7.0,4.86,1.04,296
bush,176.4,-9.9,5.19,0.85,172
bush,178.0,-5.1,5.29,1.07,341
oak,173.9,-9.1,5.14,0.9,64
bush,182.7,-6.3,5.19,0.85,312
birch,281.7,10.3,2.37,1.06,55
oak,287.8,21.6,2.94,1.07,8
birch,285.8,17.4,2.61,0.96,124
birch,290.4,0.3,3.16,1.1,249
oak,288.4,12.6,2.69,1.18,49
birch,295.1,13.5,6.53,1.05,176
birch,287.9,19.9,2.88,1.0,138
oak,291.4,20.2,4.06,1.13,132
birch,290.4,14.7,3.61,1.03,233
birch,285.0,0.8,2.48,0.84,275
birch,287.4,0.4,2.49,1.15,327
oak,291.9,14.3,4.65,0.84,82
oak,199.9,385.2,3.57,1.11,258
oak,194.0,377.2,3.39,1.17,238
birch,195.6,375.7,4.06,1.03,241
oak,193.1,386.1,2.08,1.12,276
birch,186.8,370.6,2.28,0.82,109
oak,194.5,373.7,3.84,1.01,208
oak,204.6,390.0,3.4,1.02,56
birch,187.5,370.7,2.54,1.18,52
birch,195.7,384.4,2.79,1.02,339
oak,192.3,365.3,4.13,1.19,4
oak,190.7,373.7,3.01,0.84,128
oak,193.4,383.2,2.12,1.23,80
oak,195.6,381.2,3.23,1.09,83
birch,190.4,374.8,2.53,1.17,353
oak,134.5,386.9,8.8,1.2,195
oak,132.6,396.1,9.38,1.2,126
oak,150.1,394.4,16.46,1.22,56
oak,151.4,387.9,14.34,0.96,148
oak,134.6,396.1,9.63,0.85,269
oak,140.2,382.5,7.15,1.22,249
oak,141.6,382.5,7.11,1.22,337
oak,155.7,403.4,18.3,0.99,300
oak,145.2,401.4,16.32,0.93,74
oak,138.9,398.5,12.43,0.89,92
oak,142.9,402.4,15.3,0.82,316
oak,151.1,403.3,19.52,0.82,311
oak,135.1,399.9,10.06,1.01,254
oak,146.8,394.1,15.54,1.2,226
birch,171.6,336.8,3.17,0.93,29
oak,168.4,329.5,3.34,1.1,111
oak,184.8,331.7,2.77,1.23,240
birch,178.1,329.7,3.04,1.03,275
birch,169.0,329.6,3.31,0.99,283
oak,169.7,332.0,3.24,0.87,5
oak,184.5,329.2,2.87,1.23,299
birch,167.0,330.6,3.35,0.83,231
birch,181.2,336.5,2.81,1.03,143
oak,263.5,297.6,9.76,0.97,257
oak,277.4,302.4,17.63,0.84,222
oak,272.7,309.5,15.12,0.89,251
oak,268.3,298.0,12.71,1.18,149
oak,269.2,308.0,13.32,1.15,29
oak,260.0,302.7,9.16,0.99,290
oak,279.6,305.0,19.01,0.97,56
oak,267.3,309.8,13.11,0.85,97
oak,270.2,302.5,13.06,1.15,97
oak,278.5,301.1,18.49,1.06,310
birch,164.6,236.7,16.85,1.25,325
birch,164.0,239.0,17.97,1.12,118
birch,155.1,238.5,16.37,1.1,204
birch,165.8,236.8,17.0,1.08,82
birch,156.6,243.0,19.4,0.99,332
oak,240.9,-38.9,3.47,1.16,162
oak,230.8,-42.1,3.75,0.81,153
oak,229.4,-33.1,3.8,0.81,202
oak,242.9,-37.7,3.3,0.92,224
oak,274.2,-56.1,2.04,0.86,359
oak,285.7,-63.7,11.19,0.99,82
oak,285.5,-73.8,11.32,1.09,143
oak,287.1,-66.8,12.3,0.85,285
oak,283.5,-71.1,10.0,1.25,353
birch,271.8,-60.9,2.39,1.15,261
oak,279.8,-57.1,4.66,1.17,132
birch,288.9,-71.9,13.6,1.11,63
birch,287.2,-63.5,11.82,1.21,89
oak,279.7,-57.7,4.91,1.03,26
birch,273.4,-53.2,1.93,0.85,324
birch,187.0,-82.9,5.12,1.09,79
birch,190.2,-81.0,4.66,1.12,123
birch,190.9,-83.0,4.71,1.16,246
birch,190.9,-87.7,4.87,1.16,278
birch,186.0,-87.1,5.29,1.23,217
birch,184.7,-83.8,5.25,0.94,130
birch,250.3,406.4,2.73,1.16,143
oak,251.5,403.9,2.71,1.13,249
birch,252.7,394.8,2.72,1.07,37
oak,248.1,408.6,2.7,0.9,258
birch,246.0,394.9,2.98,0.87,116
birch,236.3,393.3,4.42,1.13,179
birch,248.2,403.0,2.67,0.93,337
birch,244.8,394.7,3.11,1.09,237
oak,237.3,405.1,2.74,0.84,245
oak,232.9,392.4,4.44,0.94,277
oak,249.8,392.0,3.37,0.9,313
birch,239.5,390.8,4.68,1.05,111
pine,-77.5,215.8,16.63,1.24,117
pine,-72.3,224.3,21.32,0.98,324
pine,-73.3,236.0,23.0,1.06,264
pine,-73.2,222.5,20.86,0.83,248
pine,-71.2,224.9,21.69,0.86,260
pine,-70.3,227.1,22.44,1.2,80
pine,-84.4,215.6,18.17,1.19,113
pine,-79.8,224.0,21.57,0.92,327
pine,-78.5,220.2,19.67,1.24,337
pine,-76.9,241.6,23.49,1.13,341
pine,-84.8,236.3,23.38,0.92,149
pine,-81.4,229.8,23.29,1.24,139
pine,-79.8,240.3,23.36,1.25,42
pine,-66.4,233.0,22.94,0.83,343
pine,-76.5,233.9,23.19,0.89,214
pine,-80.5,236.0,23.21,1.1,228
pine,-63.6,228.7,23.06,1.09,254
pine,-67.7,230.2,23.1,0.88,169
pine,-84.4,239.6,23.43,0.94,74
pine,-73.3,234.0,23.05,0.83,210
pine,-72.6,224.0,21.27,0.9,36
pine,-89.2,232.8,24.08,1.19,227
pine,-70.4,216.9,16.78,0.87,220
pine,-75.2,236.6,23.15,1.08,209
pine,-71.0,226.6,22.46,0.88,118
pine,-78.0,217.8,18.27,1.04,114
pine,-73.1,216.8,17.17,1.04,89
pine,74.2,270.6,24.73,0.87,100
pine,90.5,252.6,25.13,0.94,65
pine,82.1,273.5,24.96,1.08,117
pine,89.2,257.7,24.74,0.88,68
pine,84.7,251.1,25.05,1.19,348
pine,87.4,260.4,24.86,0.8,136
pine,90.4,270.9,25.01,1.1,235
pine,74.4,270.1,24.75,0.87,237
pine,86.8,256.1,24.86,1.22,241
pine,81.4,262.2,25.2,1.25,103
pine,73.9,264.2,24.94,0.96,7
pine,80.1,261.3,25.25,0.92,139
pine,87.1,252.8,24.94,0.92,133
pine,81.9,266.8,25.12,0.93,91
pine,-66.3,367.3,25.54,0.99,62
pine,-69.7,354.8,25.38,1.14,250
pine,-71.7,347.4,24.84,1.2,245
pine,-75.8,366.5,26.34,0.98,226
pine,-71.2,365.6,25.81,0.9,172
pine,-61.5,362.6,25.38,1.01,92
pine,-75.0,360.8,25.54,0.99,146
pine,-58.9,353.5,24.93,1.24,231
pine,-70.4,366.2,25.73,1.11,236
pine,-72.9,362.4,25.5,0.97,245
pine,-75.8,348.5,24.88,1.16,358
pine,-71.4,346.9,24.83,1.02,40
pine,-69.2,354.0,25.28,0.99,211
pine,-74.8,349.3,24.95,1.17,182
pine,-80.0,358.3,25.52,1.18,9
pine,-64.0,349.0,24.91,1.12,293
pine,-72.7,357.7,25.56,1.14,266
pine,88.4,385.2,24.92,1.06,255
pine,95.4,394.8,27.03,1.0,306
pine,91.9,389.7,25.65,0.87,340
pine,89.8,390.6,24.92,0.99,95
pine,99.8,382.0,31.12,0.88,304
pine,89.0,384.1,25.07,0.83,183
pine,100.5,383.9,31.21,0.99,11
pine,87.9,385.5,24.86,0.94,296
juniper,-93.4,244.8,24.86,0.95,351
pine,-98.1,243.4,27.4,1.02,62
juniper,-103.1,251.6,30.48,0.84,190
pine,-97.2,248.2,27.43,1.03,339
pine,-98.1,252.3,28.38,0.91,36
pine,-93.9,250.6,25.69,1.02,146
pine,-103.1,254.4,30.29,1.08,265
pine,142.3,-202.3,9.41,0.94,106
pine,164.5,-177.0,14.71,0.88,305
pine,138.9,-175.8,14.6,0.81,161
pine,137.8,-190.1,9.66,1.03,223
pine,161.4,-188.1,15.38,0.84,6
pine,162.9,-181.9,14.59,1.24,140
pine,142.6,-204.5,8.83,0.82,169
pine,131.4,-188.0,4.24,0.88,320
pine,130.5,-194.4,3.23,1.2,117
pine,165.5,-199.4,16.99,1.08,91
pine,140.5,-193.0,9.65,1.0,356
pine,139.9,-192.4,9.73,1.16,306
pine,168.5,-194.6,16.42,1.08,208
pine,159.6,-200.6,15.5,0.96,192
pine,140.2,-201.0,9.78,0.85,148
pine,255.1,-322.1,15.85,0.85,188
pine,256.6,-339.5,18.64,1.15,57
pine,272.4,-326.1,26.51,1.25,75
pine,264.1,-340.7,19.7,1.05,98
pine,254.7,-336.7,19.19,0.85,272
pine,251.8,-339.3,17.17,0.91,219
pine,250.7,-330.7,17.2,1.14,112
pine,259.4,-321.3,17.13,1.05,211
pine,258.9,-325.6,18.87,1.21,191
pine,249.6,-327.5,16.0,0.83,62
pine,263.7,-343.2,18.55,1.16,256
pine,250.6,-327.8,16.31,1.04,12
pine,270.6,-321.6,24.63,1.07,312
pine,253.9,-332.8,19.77,1.01,315
pine,253.8,-339.6,17.27,0.9,19
pine,261.7,-316.1,17.6,1.1,216
pine,258.0,-328.7,19.78,0.84,96
pine,248.3,-332.7,16.17,0.85,271
pine,232.7,-157.5,13.57,1.16,187
pine,235.4,-159.0,13.21,1.07,357
pine,226.4,-153.2,14.33,0.94,291
pine,240.5,-158.8,13.64,0.99,237
pine,228.3,-151.2,14.06,1.15,94
pine,238.9,-146.5,13.13,1.23,53
pine,235.4,-159.7,13.21,0.89,237
pine,231.0,-141.5,14.12,0.9,355
pine,230.8,-157.8,13.79,1.21,28
pine,234.8,-141.1,13.61,1.01,60
pine,192.0,-191.5,14.31,1.01,199
pine,193.0,-189.5,14.23,0.8,49
pine,194.1,-192.0,14.25,1.09,123
pine,163.7,-390.8,12.01,0.96,11
pine,168.9,-397.4,11.99,0.96,191
pine,162.9,-398.9,11.55,0.93,61
pine,164.9,-408.1,11.42,1.06,19
pine,168.1,-390.8,11.76,1.02,116
pine,169.9,-388.8,11.74,1.0,28
juniper,266.1,-307.6,17.48,1.2,65
pine,263.1,-305.1,15.47,1.18,301
juniper,278.5,-305.2,21.83,1.01,247
juniper,275.0,-302.4,18.7,1.03,262
juniper,269.6,-299.8,15.82,1.18,200
juniper,263.9,-305.7,16.0,1.09,98
juniper,276.0,-305.8,21.28,0.96,33
orchard,266.1,42.2,2.96,0.87,166
orchard,265.3,49.2,3.1,0.84,210
orchard,264.6,56.2,3.18,0.97,27
orchard,263.9,63.1,3.81,0.81,144
orchard,263.1,70.1,5.81,0.84,191
orchard,273.0,43.0,3.05,0.86,3
orchard,272.3,49.9,2.94,0.88,264
orchard,271.6,56.9,2.99,0.85,23
orchard,270.8,63.9,4.26,0.98,359
orchard,270.1,70.8,6.1,0.82,41
orchard,280.0,43.7,3.03,0.93,191
orchard,279.3,50.7,3.31,0.92,80
orchard,278.5,57.6,3.21,0.87,331
orchard,277.8,64.6,3.68,1.0,140
orchard,277.1,71.6,6.38,0.88,173
orchard,286.9,44.4,3.0,0.8,251
orchard,286.2,51.4,3.52,0.92,54
orchard,285.5,58.4,3.49,0.97,15
orchard,284.7,65.3,3.41,0.85,77
orchard,284.0,72.3,5.29,0.95,262
orchard,293.9,45.2,6.18,0.93,358
orchard,293.2,52.1,3.64,0.91,325
orchard,292.4,59.1,3.66,0.86,41
orchard,291.7,66.1,3.95,0.86,271
orchard,291.0,73.0,4.13,0.83,218
orchard,300.1,52.9,4.99,0.92,251
orchard,299.4,59.8,3.84,0.92,281
orchard,298.7,66.8,4.04,0.92,149
orchard,297.9,73.8,4.45,0.91,71
orchard,141.9,28.3,7.6,0.92,294
orchard,143.1,35.2,5.84,0.88,21
orchard,144.3,42.1,5.29,0.94,26
orchard,148.8,27.1,5.36,0.86,179
orchard,150.0,34.0,5.4,1.0,283
orchard,151.2,40.9,5.49,0.92,21
orchard,155.7,25.9,5.45,0.95,201
orchard,156.9,32.8,5.36,0.87,175
orchard,158.1,39.7,5.64,0.98,236
bush,236.9,-49.8,3.33,1.0,243
bush,239.6,-50.1,3.23,0.82,207
bush,243.0,-50.2,3.08,0.82,20
bush,247.5,-41.4,3.02,0.93,216
bush,245.5,-40.4,3.27,0.72,95
bush,242.2,-40.1,3.42,0.72,168
bush,239.5,-40.2,3.52,1.08,122
bush,233.6,-44.4,3.66,0.91,282
bush,233.9,-47.9,3.54,0.88,191
bush,235.2,-39.1,3.61,0.74,141
bush,241.6,-39.1,3.4,1.02,154
bush,246.2,-30.6,3.39,0.92,109
bush,244.1,-28.8,3.35,0.95,186
bush,240.9,-30.1,3.64,0.87,354
bush,233.7,-30.1,3.51,1.07,147
bush,232.0,-33.1,3.54,0.76,323
bush,232.9,-28.6,3.51,0.72,181
bush,245.0,-23.9,3.16,0.81,191
bush,242.6,-18.0,3.27,1.06,35
bush,239.1,-18.8,3.26,0.8,305
bush,231.6,-19.3,3.3,1.09,38
bush,231.7,-27.2,3.45,1.05,73
bush,232.5,-17.1,3.27,1.01,55
bush,238.8,-16.5,3.22,0.81,18
bush,242.6,-16.4,3.27,0.75,4
bush,242.2,-6.3,3.05,0.88,345
bush,234.0,-7.8,3.09,1.04,214
bush,228.6,-11.1,3.23,0.74,149
bush,229.2,-16.3,3.25,0.84,359
bush,230.6,-7.2,3.22,0.87,341
bush,240.0,4.1,3.25,1.07,60
bush,235.6,3.1,3.33,0.82,178
bush,232.9,3.1,3.3,0.72,119
bush,227.2,0.5,3.32,0.73,283
bush,229.1,-4.7,3.25,0.96,217
bush,259.9,-47.4,1.68,0.9,314
bush,262.2,-37.7,1.63,0.73,331
bush,258.8,-37.8,1.77,0.71,97
bush,262.1,-36.0,1.8,0.95,9
bush,263.2,-32.8,2.17,0.95,187
bush,262.7,-29.3,2.14,1.08,277
bush,252.6,-27.9,2.9,0.96,306
bush,247.7,-30.2,3.35,0.81,6
bush,248.7,-35.8,3.11,1.09,15
bush,249.3,-25.8,3.22,0.96,75
bush,252.7,-26.8,2.83,0.75,124
bush,248.0,-17.3,3.35,1.01,174
bush,247.8,-24.1,3.18,0.97,130
bush,249.6,-6.5,2.77,0.81,237
bush,246.0,-5.2,3.15,1.0,61
bush,250.6,-4.4,1.94,1.0,305
bush,256.5,-2.6,1.62,0.95,35
bush,258.2,-1.0,2.36,0.9,123
bush,257.6,4.5,3.05,0.72,238
bush,252.5,5.9,2.24,0.8,256
bush,247.9,4.4,1.93,0.9,262
bush,245.7,4.8,2.49,0.93,23
bush,269.0,-46.8,1.85,0.94,103
bush,280.2,-37.3,1.81,1.03,60
bush,277.8,-35.2,1.7,0.73,305
bush,266.4,-36.2,2.25,1.04,43
bush,267.0,-34.5,2.29,0.97,27
bush,270.0,-35.2,2.1,0.78,69
bush,278.2,-34.3,1.71,0.75,179
bush,279.5,-30.6,1.85,1.05,84
bush,275.4,-23.9,2.37,0.76,114
bush,269.3,-25.4,2.49,0.9,13
bush,264.7,-28.7,2.33,0.94,296
bush,272.8,-22.6,2.49,1.01,212
bush,275.9,-22.4,2.37,0.83,337
bush,277.8,-19.6,2.32,1.04,44
bush,274.9,-12.9,2.32,0.72,164
bush,270.6,-13.4,2.56,0.77,111
bush,266.9,-15.1,2.51,1.06,140
bush,264.4,-15.3,2.09,0.71,155
bush,273.9,-12.6,2.38,0.71,310
bush,276.0,-8.7,2.23,0.79,191
bush,272.9,-2.3,2.28,1.08,301
bush,270.0,-0.8,2.41,0.92,177
bush,272.7,-1.8,2.28,0.82,181
bush,274.2,2.3,2.35,0.92,307
bush,272.8,5.7,2.42,0.83,342
bush,284.5,-43.4,4.57,0.88,323
bush,288.2,-43.0,6.98,1.03,299
bush,290.5,-42.5,8.52,0.75,95
bush,295.6,-41.8,16.24,1.07,195
bush,296.2,-35.4,12.09,1.03,156
bush,293.3,-32.7,8.01,1.04,208
bush,289.6,-33.9,5.54,0.96,92
bush,282.1,-33.7,1.98,0.75,15
bush,285.5,-32.9,2.86,0.84,345
bush,289.4,-31.9,4.3,0.87,348
bush,292.4,-21.4,4.82,0.85,267
bush,288.8,-22.8,3.28,0.84,311
bush,281.4,-21.7,2.08,0.97,271
bush,284.7,-22.1,2.18,0.72,274
bush,291.2,-21.3,4.15,0.78,351
bush,290.7,-11.6,3.3,0.99,310
bush,279.0,-13.0,2.14,0.93,77
bush,279.0,-15.1,2.17,1.01,222
bush,279.2,-11.2,2.22,0.83,64
bush,283.2,-9.9,2.09,0.78,4
bush,290.4,-9.1,2.88,0.89,328
bush,284.8,-1.4,2.45,0.75,206
bush,277.2,-4.9,2.27,0.8,263
bush,278.0,-8.3,2.25,0.73,284
bush,282.1,0.4,2.3,0.78,296
bush,285.5,0.9,2.48,0.87,148
bush,290.4,3.9,3.16,0.73,356
bush,290.3,8.9,3.37,0.77,350
bush,288.1,10.2,2.68,0.97,104
bush,284.0,10.7,2.45,0.98,228
bush,280.4,9.6,2.4,0.96,290
bush,276.2,9.3,2.44,0.8,116
bush,135.4,-70.8,11.58,0.86,19
bush,142.5,-72.0,6.97,0.91,290
bush,148.8,-71.3,4.7,0.7,91
bush,149.7,-66.5,4.69,1.06,265
bush,148.5,-64.4,4.93,0.74,226
bush,144.3,-63.2,6.35,0.81,51
bush,138.0,-61.8,11.32,0.92,98
bush,134.5,-68.2,11.44,1.02,176
bush,137.9,-59.6,11.69,0.84,141
bush,141.3,-60.6,9.1,0.79,0
bush,145.8,-60.9,5.81,1.07,239
bush,147.9,-62.5,5.07,0.89,329
bush,150.3,-59.7,5.21,0.74,74
bush,152.5,-55.6,5.97,0.75,333
bush,149.9,-52.5,6.86,0.73,90
bush,147.0,-52.1,7.47,0.9,154
bush,140.8,-50.3,11.19,0.82,49
bush,138.4,-52.5,12.41,0.78,176
bush,136.6,-57.9,12.08,0.95,0
bush,140.2,-49.3,12.06,0.82,100
bush,150.6,-51.5,6.96,1.06,117
bush,153.9,-49.6,7.14,0.99,108
bush,154.6,-44.3,7.89,1.09,144
bush,152.7,-42.8,8.21,0.75,286
bush,146.3,-41.1,10.4,0.72,235
bush,141.6,-39.9,12.94,0.7,160
bush,139.7,-47.1,12.21,0.92,177
bush,157.9,-75.1,4.77,0.76,165
bush,164.8,-74.2,4.77,0.98,305
bush,165.4,-69.9,4.71,0.89,208
bush,163.8,-67.7,4.7,0.76,346
bush,159.7,-67.1,4.69,0.9,51
bush,150.9,-67.0,4.66,0.96,294
bush,153.7,-63.0,4.67,0.79,200
bush,157.1,-64.3,4.61,0.89,329
bush,161.2,-64.4,4.72,0.92,320
bush,163.9,-65.9,4.58,0.91,145
bush,166.3,-57.1,4.91,0.87,45
bush,158.5,-54.5,5.87,0.74,81
bush,155.8,-53.8,6.15,0.79,135
bush,153.3,-56.3,5.93,0.89,58
bush,159.5,-54.0,5.84,0.89,30
bush,163.6,-54.3,5.41,0.76,148
bush,166.9,-54.2,5.12,1.06,92
bush,169.0,-52.4,5.13,0.86,230
bush,162.1,-43.8,6.98,0.83,263
bush,157.8,-44.1,7.62,0.99,357
bush,155.3,-45.9,7.64,1.06,223
bush,155.2,-50.4,7.12,1.02,192
bush,171.1,-77.6,4.79,0.83,165
bush,174.4,-79.5,4.79,0.76,160
bush,178.0,-80.4,4.9,0.71,287
bush,176.7,-69.3,4.48,1.07,355
bush,173.4,-69.0,4.54,0.72,346
bush,172.5,-66.8,4.51,0.74,323
bush,182.4,-66.8,4.51,0.99,11
bush,168.0,-63.7,4.58,0.93,122
bush,174.5,-56.5,4.91,0.73,8
bush,180.8,-47.6,5.12,0.96,43
bush,177.0,-48.3,5.22,1.06,268
bush,174.4,-46.4,5.35,0.77,356
bush,171.3,-49.3,5.26,0.86,333
bush,262.3,138.4,5.41,0.97,19
bush,261.4,147.0,5.07,0.78,89
bush,257.3,146.6,6.48,0.86,114
bush,252.9,144.6,9.31,1.03,268
bush,254.3,148.8,6.69,0.98,52
bush,252.5,151.1,6.0,0.79,83
bush,253.8,159.8,4.79,0.7,204
bush,265.0,166.7,4.5,1.09,252
bush,263.9,170.2,4.4,0.72,240
bush,250.8,161.7,4.89,0.92,270
bush,252.1,170.3,4.79,0.94,43
bush,264.9,178.8,4.47,1.06,115
bush,274.1,138.7,4.85,0.79,60
bush,283.7,141.1,4.94,0.92,250
bush,283.1,145.6,4.78,0.71,351
bush,277.2,147.9,4.68,1.0,76
bush,273.3,147.6,4.79,0.87,82
bush,277.3,150.5,4.62,0.89,155
bush,281.2,150.6,4.64,0.76,80
bush,283.5,152.7,4.43,1.08,45
bush,282.3,157.0,4.11,1.01,35
bush,280.2,159.5,4.14,0.84,37
bush,273.6,158.5,4.2,1.08,63
bush,269.2,159.2,4.27,0.98,182
bush,273.9,160.6,4.25,0.71,298
bush,276.2,161.5,4.33,0.89,14
bush,279.7,161.2,4.2,0.7,167
bush,282.6,163.5,4.18,0.99,33
bush,282.2,168.2,4.17,0.97,305
bush,279.0,170.2,4.12,0.99,76
bush,268.6,169.5,4.47,0.82,317
bush,266.8,167.2,4.4,1.06,187
bush,271.7,171.4,4.49,0.91,359
bush,276.0,172.2,4.38,1.08,338
bush,279.5,171.4,4.18,0.92,86
bush,281.5,175.3,4.39,0.97,209
bush,275.4,180.8,4.67,0.9,158
bush,268.4,180.6,4.61,1.02,268
bush,266.7,173.7,4.49,0.85,3
bush,286.7,139.3,4.74,0.71,93
bush,290.0,140.2,4.73,0.91,205
bush,293.7,139.5,4.77,0.9,314
bush,298.1,139.8,4.79,0.9,205
bush,298.7,143.4,4.82,1.03,222
bush,298.0,149.8,4.52,0.72,355
bush,286.6,149.0,4.52,0.91,304
bush,285.9,149.9,4.56,0.96,74
bush,297.6,151.5,4.44,0.86,312
bush,299.3,154.2,4.4,0.8,46
bush,297.7,158.6,4.31,0.97,246
bush,292.9,160.5,4.3,1.06,302
bush,289.4,160.4,4.11,1.06,281
bush,286.0,162.3,4.11,1.03,341
bush,296.1,161.7,4.24,0.86,37
bush,297.2,165.4,4.74,1.01,298
bush,298.0,168.7,6.51,0.79,314
bush,295.0,172.1,6.3,1.09,291
bush,291.9,170.7,4.61,0.77,62
bush,285.6,170.5,4.26,0.95,348
bush,283.9,167.8,4.21,0.83,142
bush,282.9,164.3,4.19,1.03,322
bush,292.7,173.3,5.84,0.78,190
bush,297.6,180.1,15.15,0.92,67
bush,291.0,181.9,11.5,1.07,302
bush,282.3,175.0,4.33,0.95,16
bush,204.6,-75.2,4.2,1.06,2
bush,209.2,-73.3,4.09,0.96,334
bush,211.8,-65.3,4.17,0.71,98
bush,210.0,-63.5,4.43,1.02,123
bush,204.9,-64.4,4.48,0.8,44
bush,200.4,-69.0,4.41,0.8,320
bush,201.8,-72.6,4.39,0.86,80
bush,205.6,-64.3,4.5,1.02,356
bush,208.5,-62.6,4.62,0.96,303
bush,209.7,-59.8,4.71,0.92,12
bush,206.2,-54.0,4.78,0.91,194
bush,198.6,-57.1,4.86,1.07,178
bush,197.0,-59.2,4.75,0.79,91
bush,217.3,-69.6,3.86,0.74,123
bush,222.1,-67.5,3.64,0.78,236
bush,225.1,-66.7,3.31,1.09,259
bush,226.7,-64.7,3.25,0.88,325
bush,219.4,-60.4,4.08,0.94,139
bush,214.5,-62.4,4.25,0.84,355
bush,214.4,-64.3,4.06,0.92,19
bush,217.9,-58.6,4.22,1.05,300
bush,221.9,-57.7,3.93,1.05,94
bush,215.2,-50.9,4.49,0.95,311
bush,211.4,-52.8,4.65,0.7,166
bush,210.1,-54.5,4.69,0.88,140
bush,211.4,-59.4,4.62,0.89,84
pine,273.8,-287.0,13.15,0.86,237
willow,256.4,219.7,4.34,1.05,2
juniper,285.9,-125.0,31.32,0.82,122
bush,137.9,181.9,10.95,1.12,195
pine,210.8,-236.1,13.41,1.11,154
oak,228.7,12.8,3.66,0.94,269
juniper,246.0,-348.8,13.18,1.02,11
willow,211.1,106.3,3.61,0.91,57
pine,291.5,-278.0,18.01,0.85,158
birch,291.7,43.1,4.85,1.11,140
oak,183.4,2.9,5.22,1.19,38
alder,266.4,-36.2,2.25,1.24,216
pine,241.8,-458.7,14.36,1.19,339
willow,267.3,237.6,3.73,0.81,62
alder,273.3,259.1,3.05,0.8,92
willow,203.3,141.4,4.21,0.97,165
alder,241.8,202.9,3.56,0.89,198
willow,196.9,105.5,4.21,1.17,138
pine,78.9,295.4,24.18,1.0,112
alder,222.1,150.3,4.35,0.98,41
alder,226.3,173.9,3.7,1.08,327
willow,205.4,147.0,4.02,0.98,191
willow,209.1,154.3,4.03,1.16,89
alder,243.1,38.3,2.94,1.15,85
oak,294.0,302.3,29.16,0.95,190
juniper,205.7,-248.5,15.01,0.93,25
willow,189.8,134.3,4.66,0.87,20
juniper,248.2,-116.6,11.77,0.95,30
willow,245.5,177.2,4.55,1.12,218
alder,230.1,184.0,3.98,1.08,198
willow,213.3,165.6,4.13,0.94,190
willow,250.8,-89.8,4.07,0.83,113
alder,258.4,-79.6,2.57,1.03,143
oak,132.2,25.7,8.54,0.91,293
birch,268.7,205.9,7.66,1.07,273
pine,92.1,395.4,25.55,1.0,188
willow,299.6,297.7,28.03,1.07,124
oak,180.5,97.9,5.52,0.99,15
birch,246.9,48.9,3.51,1.24,59
alder,218.0,138.4,4.43,0.83,285
pine,166.1,-252.0,10.15,1.02,29
alder,209.1,153.6,4.03,1.01,98
oak,284.0,350.3,16.27,0.8,58
pine,-2.0,268.6,23.52,0.84,124
oak,242.2,94.8,6.3,0.85,215
willow,278.2,231.7,7.18,0.88,142
willow,263.1,244.8,3.58,1.17,295
birch,242.5,68.4,4.01,1.04,303
willow,268.1,-81.8,2.79,0.93,331
alder,266.2,211.4,6.82,1.01,88
oak,233.6,407.9,2.65,1.2,189
alder,243.0,41.3,3.28,0.82,326
birch,174.3,351.8,2.6,0.91,335
willow,273.4,-74.8,4.39,1.08,8
alder,290.0,292.4,25.45,0.89,11
willow,225.4,155.9,4.48,1.16,251
pine,66.8,329.6,23.68,0.89,214
juniper,274.3,-358.1,17.84,0.85,335
birch,172.0,-25.0,5.54,1.2,19
alder,264.7,211.5,6.39,1.02,109
alder,211.4,100.6,3.85,0.95,4
willow,223.9,155.8,4.4,0.96,85
alder,219.3,130.0,4.73,0.95,93
oak,254.5,264.4,3.95,0.91,310
alder,217.0,133.2,4.28,1.04,41
alder,292.3,290.9,25.26,1.11,14
pine,278.6,-172.5,15.75,0.97,261
pine,54.8,288.7,24.14,1.08,301
oak,178.8,74.1,5.07,1.17,252
pine,278.6,-364.5,18.43,0.87,207
alder,252.3,197.6,3.9,1.0,326
birch,295.0,350.3,16.94,1.04,341
bush,139.0,50.9,4.17,0.94,254
alder,217.1,129.4,4.25,0.82,250
alder,231.4,181.8,4.13,0.97,193
oak,226.6,269.2,3.66,0.93,256
juniper,261.5,-121.3,14.04,0.92,177
pine,106.2,301.5,19.66,1.12,3
juniper,272.9,-269.6,11.95,0.93,130
oak,157.9,379.9,5.14,1.07,223
pine,249.2,-468.8,15.52,0.88,207
willow,183.6,-89.9,5.44,0.89,82
pine,274.5,-435.6,15.2,0.97,63
oak,238.6,209.5,3.51,1.15,111
willow,234.1,58.3,3.68,1.01,271
bush,219.6,214.0,3.74,0.83,173
pine,216.2,-221.0,14.33,0.96,164
pine,217.0,-220.2,14.47,1.06,40
bush,262.2,393.5,2.45,0.85,237
oak,202.6,152.8,3.99,1.2,279
birch,156.9,330.4,3.64,0.84,174
willow,253.9,223.5,4.47,0.95,157
willow,229.1,57.7,3.52,1.1,320
willow,258.9,230.0,4.35,0.85,300
oak,251.6,393.6,2.84,1.21,337
pine,196.4,-252.0,13.8,1.12,306
alder,264.0,248.8,3.63,1.1,169
oak,160.0,-31.2,7.46,0.89,121
willow,272.3,266.0,3.26,0.85,168
alder,220.9,90.2,4.32,1.11,350
bush,135.1,53.5,2.64,1.22,130
alder,244.2,209.3,3.7,0.81,158
oak,223.0,134.9,4.82,0.85,234
pine,163.1,-304.1,14.72,0.81,325
willow,227.4,157.7,4.57,0.8,37
alder,191.8,119.3,4.89,0.96,31
juniper,282.1,-264.5,12.78,1.15,325
willow,288.3,264.7,7.08,1.24,359
willow,219.3,92.4,4.21,1.08,316
alder,261.3,208.5,5.23,1.06,282
willow,278.4,250.1,3.77,1.16,109
bush,161.8,206.8,3.96,0.99,210
alder,237.0,164.6,4.84,1.25,343
pine,247.2,-117.5,12.12,0.93,229
alder,257.8,230.2,4.34,0.84,359
juniper,238.9,-460.1,14.01,0.84,270
pine,64.2,365.6,27.94,0.9,242
willow,275.4,-70.8,4.91,1.21,118
juniper,222.9,-216.3,14.22,0.81,236
pine,216.4,-244.2,13.96,1.22,303
willow,230.3,70.2,4.26,1.19,242
bush,143.7,198.4,4.85,1.11,162
juniper,-75.7,361.8,25.67,1.08,124
alder,215.7,129.8,3.86,1.23,25
willow,192.4,117.8,4.9,0.9,2
alder,238.4,168.0,4.79,1.2,213
birch,239.1,162.1,4.81,1.03,232
alder,224.4,79.4,4.37,1.12,351
willow,240.9,203.7,3.49,1.19,130
juniper,263.5,-435.8,18.14,0.88,297
juniper,248.3,-284.6,12.74,0.85,339
willow,224.4,85.9,4.35,0.83,136
oak,290.0,389.4,6.14,1.07,117
pine,277.9,-285.1,13.78,0.9,92
alder,220.8,130.3,4.95,0.95,260
juniper,243.4,-134.3,14.06,1.23,307
willow,255.7,222.7,4.52,1.25,184
willow,241.8,205.6,3.56,1.22,344
oak,222.1,402.8,2.36,1.01,26
oak,154.1,140.9,3.87,0.83,160
pine,230.8,-223.9,14.2,0.95,74
willow,299.8,282.2,22.46,0.95,153
willow,251.6,9.6,2.79,0.98,247
alder,210.6,105.2,3.68,1.05,46
pine,299.8,-393.9,19.74,1.23,329
juniper,167.2,-418.7,12.0,0.82,23
willow,274.1,231.8,5.09,1.04,196
willow,275.7,267.0,3.94,0.85,207
willow,270.5,260.9,3.09,1.07,55
juniper,294.9,-410.1,16.42,1.04,288
oak,179.0,130.3,4.58,1.11,85
willow,262.2,-65.8,2.0,1.06,76
oak,150.9,340.8,3.47,1.1,188
alder,276.0,244.1,4.37,0.99,56
oak,186.8,144.7,4.6,0.89,162
oak,209.4,303.4,3.41,0.87,277
birch,222.3,118.9,4.71,0.88,217
juniper,-58.7,206.7,13.79,0.89,223
pine,168.8,-257.4,10.26,0.99,207
willow,222.3,156.4,4.1,0.9,263
willow,190.1,136.4,4.68,1.17,73
alder,255.4,-90.4,3.73,0.88,311
alder,266.6,215.0,6.51,0.98,315
juniper,12.7,230.2,23.02,1.0,3
alder,221.2,127.7,4.92,0.83,231
pine,163.3,-442.0,16.15,0.97,289
pine,230.4,-149.7,13.67,0.83,272
juniper,245.8,-291.9,12.65,1.08,328
pine,170.5,-266.1,13.29,0.97,277
alder,267.6,-88.8,3.48,0.84,35
oak,176.1,355.6,2.45,0.95,14
birch,291.4,361.6,11.67,0.9,208
juniper,273.4,-457.9,15.93,1.04,43
alder,195.7,106.6,4.63,1.24,25
willow,231.2,167.4,3.92,0.89,127
alder,211.6,102.5,4.05,1.16,154
juniper,286.8,-451.8,13.65,1.18,174
willow,244.6,179.9,4.15,1.0,171
pine,266.7,-292.4,13.32,1.09,204
bush,248.3,122.4,5.24,1.02,202
willow,253.7,-57.2,2.62,0.86,52
alder,243.3,204.9,3.64,1.23,136
bush,296.3,318.2,26.16,1.18,206
willow,262.4,-65.6,2.0,0.97,331
oak,255.4,-64.9,2.26,1.0,219
pine,245.6,-219.1,12.78,1.18,348
juniper,269.3,-362.7,14.74,0.99,290
pine,227.3,-352.8,13.38,0.82,80
pine,204.5,-230.0,14.35,0.81,344
alder,226.8,160.2,4.54,0.87,231
oak,239.7,83.5,5.6,1.19,100
birch,187.8,350.7,4.15,0.99,252
willow,265.9,237.9,3.91,1.11,240
oak,296.8,-89.5,13.17,1.19,249
oak,282.5,52.2,3.44,1.17,150
willow,208.5,150.6,3.93,0.85,345
birch,224.0,143.5,4.6,1.12,346
pine,286.3,-382.5,18.64,1.16,265
plane,250,140,11.54,2.24,168
oak,-236,352,9.26,3.08,228
beech,-240,-432,8.6,3.36,19
beech,-200,-250,14.16,2.66,262
beech,-252,-296,9.32,2.52,162
beech,-184,-372,7.71,2.66,233
maple,-238,-364,7.75,2.52,230
oak,-189.9,340.5,8.13,1.9,208
oak,-208.2,367.8,8.51,1.9,42
oak,-240.5,374.1,9.23,1.9,261
oak,-267.8,355.8,8.93,1.9,172
oak,-274.1,323.5,9.05,1.9,11
oak,-255.8,296.2,8.1,1.9,180
oak,-223.5,289.9,7.45,1.9,161
oak,-196.2,308.2,7.36,1.9,280
