v 121.647133 109.569565 106.623344
v 116.638809 111.391876 116.902878
v 125.000008 117.568924 117.154968
v 120.521782 106.111893 105.800232
v 125.000008 114.052063 121.449905
v 125.000000 112.015671 105.997238
v 128.352875 109.569565 106.623344
v 125.000000 108.407211 106.338348
v 125.000000 109.046112 101.028069
v 129.478226 106.111893 105.800232
v 119.528564 107.197479 100.976799
v 125.000000 112.918213 95.307838
v 121.600876 100.506569 106.885986
v 115.126068 106.111893 116.902847
v 117.902489 97.849167 102.701889
v 108.854210 107.671646 99.062775
v 125.000000 99.445221 107.257874
v 123.124580 98.027779 107.817230
v 125.000000 96.787827 101.993752
v 119.062706 93.307632 96.568741
v 132.095490 97.849167 102.700798
v 130.937302 93.307632 96.568726
v 128.399139 100.506569 106.885986
v 130.471436 107.197479 100.976799
v 126.875427 98.027779 107.817230
v 128.613083 100.381119 106.717209
v 125.886040 97.253670 107.697563
v 127.028801 97.826401 107.656235
v 125.000000 96.285072 107.471306
v 125.966621 96.993279 107.572243
v 124.113968 97.253670 107.697563
v 124.033386 96.993279 107.572243
v 122.971207 97.826401 107.656235
v 117.085297 94.193375 116.825172
v 121.386925 100.381119 106.717209
v 114.869057 99.316086 116.817589
v 115.126068 99.445221 116.902855
v 115.000008 106.111893 123.556168
v 115.000008 99.445229 123.556168
v 119.062370 110.872856 123.980873
v 130.937653 110.872849 123.980881
v 133.361191 111.391876 116.902863
v 134.873932 106.111900 116.902855
v 135.000000 106.111893 123.556175
v 131.341705 106.145187 130.072479
v 134.873932 99.445229 116.902855
v 135.000000 99.445229 123.556168
v 135.147278 106.111893 123.817528
v 135.262680 99.351456 123.666641
v 135.130951 99.316086 116.817589
v 131.423920 106.172356 130.010910
v 131.463806 99.358910 129.950134
v 131.217712 105.579643 132.888397
v 133.043182 94.573807 123.508492
v 132.914703 94.193375 116.825172
v 129.229416 96.215271 128.297165
v 130.582336 99.321938 132.391724
v 128.790787 93.648506 123.493279
v 128.725967 93.267517 117.112282
v 127.047516 95.194824 129.178192
v 129.093903 98.772575 133.002304
v 125.000000 92.860970 123.480255
v 125.000000 92.482269 117.360077
v 125.000008 94.287788 130.001434
v 127.030495 98.837685 133.646759
v 122.952492 95.194824 129.178192
v 122.969513 98.837685 133.646759
v 121.209221 93.648506 123.493279
v 120.770599 96.215271 128.297165
v 121.274033 93.267517 117.112282
v 116.956833 94.573807 123.508492
v 114.737320 99.351456 123.666641
v 118.536209 99.358910 129.950134
v 114.852730 106.111893 123.817520
v 118.576096 106.172363 130.010910
v 114.890778 106.195366 123.822815
v 118.658295 106.145187 130.072479
v 119.788902 113.850700 131.088425
v 119.219749 112.440361 131.901459
v 122.671257 111.469711 128.344513
v 120.918015 114.406616 131.355667
v 127.328758 111.469704 128.344513
v 125.000008 112.797302 128.833038
v 130.211105 113.850693 131.088425
v 129.082001 114.406609 131.355667
v 130.780273 112.440361 131.901459
v 129.335663 112.426170 132.406830
v 127.979630 106.093025 131.184525
v 127.935600 106.274780 131.139969
v 125.000008 106.098320 132.161133
v 131.162994 108.548195 132.762985
v 129.571716 108.546532 133.288422
v 129.598541 105.579323 133.419907
v 128.011993 99.508492 131.171753
v 131.895508 101.422600 133.299194
v 129.702972 101.461311 134.058838
v 128.143890 99.270622 133.167892
v 128.586884 101.404808 133.968353
v 126.977577 101.423767 134.523544
v 125.000008 99.431908 132.161133
v 126.648514 105.682228 133.962646
v 128.023895 105.681953 133.502182
v 126.613358 108.427841 133.820969
v 125.000008 106.221321 132.140778
v 127.965096 108.426224 133.371506
v 123.386650 108.427841 133.820969
v 122.034920 108.426224 133.371506
v 123.351494 105.682228 133.962646
v 121.976120 105.681953 133.502182
v 121.988014 99.508492 131.171753
v 121.413132 101.404808 133.968353
v 122.064415 106.274780 131.139969
v 120.428284 108.546539 133.288422
v 122.020386 106.093025 131.184525
v 123.999245 113.015366 132.816513
v 118.837006 108.548203 132.762985
v 118.782295 105.579643 132.888397
v 120.401466 105.579323 133.419907
v 118.104492 101.422600 133.299194
v 119.417671 99.321938 132.391724
v 120.297050 101.461311 134.058838
v 121.856125 99.270622 133.167892
v 120.906105 98.772575 133.002304
v 123.022438 101.423767 134.523544
v 120.664352 112.426178 132.406830
v 122.805923 113.010399 132.450439
v 123.032074 114.661880 131.577240
v 123.972214 115.106400 131.774551
v 126.027794 115.106400 131.774551
v 126.000763 113.015358 132.816513
v 126.967941 114.661873 131.577240
v 127.194084 113.010399 132.450439
v 135.109222 106.195358 123.822823
v 131.107758 112.253853 95.839355
v 135.248993 105.855927 96.290985
v 125.000000 110.241074 83.572388
v 131.390335 110.078514 83.981369
v 118.892250 112.253853 95.839371
v 118.609673 110.078514 83.981369
v 125.000000 106.665550 65.689651
v 114.751022 105.855934 96.290985
v 115.202660 106.671005 85.548256
v 119.050735 106.475670 67.223366
v 113.456650 96.672249 97.696655
v 108.950043 99.140053 82.713913
v 115.287102 96.750481 86.562973
v 115.097130 105.194603 70.483459
v 106.820946 97.949722 100.212097
v 118.869133 94.915611 85.362511
v 115.192802 97.126991 71.381134
v 125.000000 95.795631 95.426514
v 125.000000 94.506065 84.459747
v 123.387032 94.121101 70.111649
v 131.130875 94.915604 85.362511
v 126.612976 94.121101 70.111649
v 134.712906 96.750481 86.562965
v 134.807205 97.126984 71.381134
v 136.543365 96.672241 97.696655
v 134.797348 106.671005 85.548256
v 143.179260 97.949722 100.211983
v 145.711884 99.315781 84.096725
v 141.145813 107.671646 99.062767
v 144.230942 105.549049 83.470230
v 140.332703 104.615036 82.105904
v 141.049973 99.140045 82.713913
v 141.750656 99.357048 78.656616
v 130.949280 106.475670 67.223366
v 134.902878 105.194603 70.483459
v 125.000008 108.215569 58.868927
v 131.190628 107.948067 58.574520
v 118.809380 107.948067 58.574528
v 122.776772 108.822433 56.066261
v 112.109261 106.143288 61.724258
v 112.244041 95.445511 62.840481
v 111.640350 106.713730 56.352810
v 121.733978 92.431076 62.907677
v 111.797829 96.123329 57.232811
v 125.000000 94.600517 70.023293
v 125.000000 94.262375 62.706371
v 123.390694 95.148880 57.731911
v 128.266022 92.431076 62.907677
v 126.609314 95.148880 57.731911
v 137.755966 95.445511 62.840469
v 138.202179 96.123329 57.232800
v 137.890747 106.143288 61.724243
v 138.359650 106.713730 56.352802
v 127.223236 108.822426 56.066250
v 125.000008 107.627914 53.038502
v 125.000008 94.734215 56.044533
v 119.267174 94.900604 39.220356
v 108.443001 95.971695 39.380707
v 116.171402 107.754013 38.407341
v 116.409508 94.829239 33.429913
v 111.251389 106.822533 38.480240
v 116.308449 104.674088 32.800308
v 108.362587 103.169891 32.862278
v 108.463646 95.615433 33.491875
v 105.523109 101.332840 5.420372
v 108.134682 95.334412 9.274883
v 114.862015 96.875008 9.266617
v 108.658401 93.998642 4.977676
v 111.620743 104.750114 5.412102
v 115.272972 95.344963 4.970444
v 110.214928 108.619682 5.847340
v 110.768112 108.267525 3.244148
v 104.117294 105.202408 5.855606
v 108.032043 112.206543 5.003929
v 105.066444 100.994865 2.681015
v 103.409561 104.698402 3.252792
v 101.934418 108.789268 5.012199
v 104.864685 100.903549 0.000000
v 103.097710 104.546143 0.000000
v 100.769936 109.856277 2.298546
v 106.494392 101.600273 0.000000
v 109.131409 93.504814 0.000000
v 106.020760 102.674141 0.000000
v 106.420563 101.767670 0.000000
v 105.552650 104.380539 0.000000
v 105.171890 105.354004 0.000000
v 106.062790 102.745949 0.000000
v 106.020760 102.674141 0.393875
v 106.161118 102.913940 0.000000
v 106.173218 102.932823 0.000000
v 106.164742 102.919594 0.000000
v 106.177292 102.939056 0.000000
v 106.173218 102.932823 0.393875
v 106.186821 102.953621 0.000000
v 106.201881 102.976265 0.000000
v 106.191330 102.960403 0.000000
v 106.218346 103.000687 0.000000
v 106.206810 102.983574 0.000000
v 107.690071 105.212898 0.000000
v 106.039352 104.588432 0.000000
v 106.236160 103.026802 0.000000
v 106.223679 103.008507 0.000000
v 106.255280 103.054565 0.000000
v 106.241890 103.035118 0.000000
v 106.261375 103.063339 0.000000
v 106.255280 103.054565 0.393875
v 106.275642 103.083885 0.000000
v 106.282104 103.093109 0.000000
v 106.275642 103.083885 0.393875
v 106.297203 103.114700 0.000000
v 106.311127 103.134415 0.000000
v 106.297203 103.114700 0.393875
v 106.343697 103.180534 0.000000
v 106.394333 103.251511 0.000000
v 106.358856 103.201782 0.000000
v 106.448692 103.327057 0.000000
v 106.410614 103.274132 0.000000
v 106.506363 103.406624 0.000000
v 106.465965 103.350883 0.000000
v 106.566910 103.489655 0.000000
v 106.524490 103.431488 0.000000
v 106.585777 103.515381 0.000000
v 106.566910 103.489655 0.393875
v 106.629921 103.575577 0.000000
v 106.694977 103.663841 0.000000
v 106.649399 103.602005 0.000000
v 106.714935 103.690796 0.000000
v 106.694977 103.663841 0.393875
v 106.761642 103.753876 0.000000
v 107.036118 104.120598 0.000000
v 106.843834 103.863686 0.000000
v 107.056618 104.147705 0.000000
v 107.036118 104.120598 0.393875
v 107.104576 104.211121 0.000000
v 107.172127 104.300056 0.000000
v 107.124802 104.237747 0.000000
v 107.191956 104.326042 0.000000
v 107.172127 104.300056 0.393875
v 107.238350 104.386848 0.000000
v 107.257660 104.412025 0.000000
v 107.238350 104.386848 0.393875
v 107.302834 104.470940 0.000000
v 107.321487 104.495140 0.000000
v 107.302834 104.470940 0.393875
v 107.365143 104.551765 0.000000
v 107.383026 104.574821 0.000000
v 107.365143 104.551765 0.393875
v 107.424858 104.628761 0.000000
v 107.441841 104.650505 0.000000
v 107.424858 104.628761 0.393875
v 107.481567 104.701378 0.000000
v 107.497520 104.721642 0.000000
v 107.481567 104.701378 0.393875
v 107.534851 104.769051 0.000000
v 107.560066 104.800858 0.000000
v 107.542404 104.778572 0.000000
v 107.584274 104.831215 0.000000
v 107.567314 104.809944 0.000000
v 107.607407 104.860062 0.000000
v 107.591202 104.839851 0.000000
v 107.629425 104.887314 0.000000
v 107.613998 104.868217 0.000000
v 107.650269 104.912918 0.000000
v 107.635666 104.894981 0.000000
v 107.656136 104.920067 0.000000
v 107.650269 104.912918 0.393875
v 107.669884 104.936790 0.000000
v 107.688217 104.958870 0.000000
v 107.675369 104.943398 0.000000
v 107.693314 104.964920 0.000000
v 107.688217 104.958870 0.393875
v 107.705223 104.979080 0.000000
v 107.720840 104.997353 0.000000
v 107.709900 104.984550 0.000000
v 107.735031 105.013626 0.000000
v 107.725090 105.002228 0.000000
v 107.747726 105.027817 0.000000
v 107.738831 105.017876 0.000000
v 107.751060 105.031418 0.000000
v 107.747726 105.027817 0.393875
v 107.758873 105.039864 0.000000
v 107.768433 105.049690 0.000000
v 107.761734 105.042801 0.000000
v 107.776344 105.057228 0.000000
v 107.770805 105.051949 0.000000
v 107.778206 105.058784 0.000000
v 107.776344 105.057228 0.393875
v 107.782555 105.062416 0.000000
v 107.787010 105.065178 0.000000
v 107.783890 105.063240 0.000000
v 109.030151 105.869827 0.000000
v 107.693840 105.215492 0.000000
v 107.792648 105.066620 0.000000
v 107.788696 105.065605 0.000000
v 109.061501 105.885361 0.000000
v 109.030151 105.869827 0.393875
v 107.795334 105.066910 0.000000
v 107.792648 105.066620 0.393875
v 109.074898 105.891998 0.000000
v 109.074898 105.891998 0.393875
v 107.801628 105.067596 0.000000
v 109.117607 105.914223 0.000000
v 109.104820 105.907562 0.000000
v 107.805290 105.067757 0.000000
v 107.801628 105.067596 0.393875
v 109.146126 105.929840 0.000000
v 109.117607 105.914223 0.393875
v 107.813858 105.068123 0.000000
v 109.158318 105.936516 0.000000
v 109.158318 105.936516 0.393875
v 107.818459 105.068153 0.000000
v 107.813858 105.068123 0.393875
v 109.185448 105.952217 0.000000
v 107.829231 105.068222 0.000000
v 109.197044 105.958923 0.000000
v 109.197044 105.958923 0.393875
v 107.847641 105.067886 0.000000
v 107.834747 105.068123 0.000000
v 109.233818 105.981468 0.000000
v 109.222809 105.974716 0.000000
v 107.854034 105.067665 0.000000
v 107.847641 105.067886 0.393875
v 109.258232 105.997375 0.000000
v 109.233818 105.981468 0.393875
v 107.868988 105.067146 0.000000
v 109.268669 106.004173 0.000000
v 109.268669 106.004173 0.393875
v 107.893166 105.066002 0.000000
v 107.876228 105.066803 0.000000
v 107.920074 105.064476 0.000000
v 107.901222 105.065544 0.000000
v 107.928909 105.063904 0.000000
v 107.920074 105.064476 0.393875
v 109.301620 106.027077 0.000000
v 109.291748 106.020218 0.000000
v 107.949593 105.062569 0.000000
v 107.959190 105.061890 0.000000
v 107.949593 105.062569 0.393875
v 107.981636 105.060303 0.000000
v 108.016090 105.057686 0.000000
v 107.991951 105.059517 0.000000
v 108.027100 105.056801 0.000000
v 108.016090 105.057686 0.393875
v 109.323387 106.043274 0.000000
v 109.301620 106.027077 0.393875
v 108.052856 105.054726 0.000000
v 109.332687 106.050194 0.000000
v 109.332687 106.050194 0.393875
v 108.091827 105.051445 0.000000
v 108.064529 105.053749 0.000000
v 109.353157 106.066574 0.000000
v 108.104126 105.050369 0.000000
v 108.091827 105.051445 0.393875
v 109.361908 106.073570 0.000000
v 109.361908 106.073570 0.393875
v 108.132896 105.047852 0.000000
v 108.145790 105.046684 0.000000
v 108.132896 105.047852 0.393875
v 108.175964 105.043953 0.000000
v 109.389297 106.097221 0.000000
v 109.381096 106.090141 0.000000
v 108.189423 105.042702 0.000000
v 108.175964 105.043953 0.393875
v 108.220924 105.039764 0.000000
v 108.316101 105.030571 0.000000
v 108.249420 105.037010 0.000000
v 109.414894 106.121193 0.000000
v 109.407227 106.114014 0.000000
v 108.346489 105.027519 0.000000
v 108.316101 105.030571 0.393875
v 109.438713 106.145493 0.000000
v 109.431580 106.138214 0.000000
v 108.417595 105.020370 0.000000
v 108.449623 105.017044 0.000000
v 108.417595 105.020370 0.393875
v 108.524567 105.009262 0.000000
v 109.460785 106.170158 0.000000
v 109.454170 106.162773 0.000000
v 108.557991 105.005692 0.000000
v 108.524567 105.009262 0.393875
v 109.475037 106.187721 0.000000
v 109.460785 106.170158 0.393875
v 108.636200 104.997330 0.000000
v 109.481125 106.195229 0.000000
v 109.481125 106.195229 0.393875
v 108.751640 104.984695 0.000000
v 108.670761 104.993546 0.000000
v 109.499779 106.220718 0.000000
v 109.494194 106.213089 0.000000
v 108.787102 104.980721 0.000000
v 108.751640 104.984695 0.393875
v 109.532074 106.273102 0.000000
v 109.522408 106.257416 0.000000
v 108.870064 104.971436 0.000000
v 109.112526 104.943466 0.000000
v 108.942665 104.963058 0.000000
v 109.185699 104.934700 0.000000
v 109.112526 104.943466 0.393875
v 109.550163 106.311226 0.000000
v 109.532074 106.273102 0.393875
v 109.356903 104.914207 0.000000
v 109.557892 106.327522 0.000000
v 109.557892 106.327522 0.393875
v 109.393082 104.909752 0.000000
v 109.356903 104.914207 0.393875
v 109.571579 106.367256 0.000000
v 109.477722 104.899338 0.000000
v 109.577423 106.384232 0.000000
v 109.577423 106.384232 0.393875
v 109.596527 104.884445 0.000000
v 109.513298 104.894882 0.000000
v 109.586853 106.425728 0.000000
v 109.631241 104.880005 0.000000
v 109.596527 104.884445 0.393875
v 109.590881 106.443459 0.000000
v 109.590881 106.443459 0.393875
v 109.712471 104.869621 0.000000
v 109.596191 106.486870 0.000000
v 109.746086 104.865234 0.000000
v 109.712471 104.869621 0.393875
v 109.598457 106.505424 0.000000
v 109.598457 106.505424 0.393875
v 109.824730 104.854973 0.000000
v 109.600365 106.570374 0.000000
v 109.599792 106.550926 0.000000
v 109.856987 104.850662 0.000000
v 109.824730 104.854973 0.393875
v 109.597870 106.618126 0.000000
v 109.600365 106.570374 0.393875
v 109.932465 104.840584 0.000000
v 109.596802 106.638535 0.000000
v 109.596802 106.638535 0.393875
v 109.963120 104.836388 0.000000
v 109.932465 104.840584 0.393875
v 109.589485 106.702843 0.000000
v 109.591675 106.683586 0.000000
v 110.034843 104.826561 0.000000
v 109.579819 106.764442 0.000000
v 109.582710 106.746002 0.000000
v 110.131027 104.813004 0.000000
v 110.063637 104.822502 0.000000
v 109.571419 106.805695 0.000000
v 109.579819 106.764442 0.393875
v 110.144653 104.811035 0.000000
v 110.131027 104.813004 0.393875
v 109.567825 106.823326 0.000000
v 109.567825 106.823326 0.393875
v 110.176537 104.806435 0.000000
v 109.553528 106.879471 0.000000
v 109.557808 106.862656 0.000000
v 110.220184 104.800011 0.000000
v 110.189606 104.804512 0.000000
v 109.541916 106.916878 0.000000
v 109.553528 106.879471 0.393875
v 110.232666 104.798141 0.000000
v 110.220184 104.800011 0.393875
v 109.536949 106.932869 0.000000
v 109.536949 106.932869 0.393875
v 110.261864 104.793755 0.000000
v 110.301483 104.787682 0.000000
v 110.273727 104.791939 0.000000
v 110.312691 104.785912 0.000000
v 110.301483 104.787682 0.393875
v 110.338921 104.781792 0.000000
v 109.518120 106.983513 0.000000
v 109.523758 106.968346 0.000000
v 110.349457 104.780090 0.000000
v 110.338921 104.781792 0.393875
v 110.374084 104.776100 0.000000
v 110.406868 104.770630 0.000000
v 110.383904 104.774467 0.000000
v 110.415939 104.769058 0.000000
v 110.406868 104.770630 0.393875
v 110.437164 104.765388 0.000000
v 110.464874 104.760376 0.000000
v 110.445465 104.763885 0.000000
v 110.489883 104.755623 0.000000
v 110.472359 104.758957 0.000000
v 110.496536 104.754280 0.000000
v 110.489883 104.755623 0.393875
v 110.512100 104.751129 0.000000
v 109.497063 107.031387 0.000000
v 109.503365 107.017052 0.000000
v 110.531410 104.746910 0.000000
v 110.517883 104.749863 0.000000
v 110.547714 104.742981 0.000000
v 110.536285 104.745735 0.000000
v 110.560898 104.739349 0.000000
v 110.551659 104.741898 0.000000
v 110.591217 104.727890 0.000000
v 110.569977 104.735924 0.000000
v 110.599831 104.723442 0.000000
v 110.591217 104.727890 0.393875
v 110.619987 104.713028 0.000000
v 110.647949 104.693390 0.000000
v 110.628357 104.707146 0.000000
v 110.656303 104.685677 0.000000
v 110.647949 104.693390 0.393875
v 110.675842 104.667618 0.000000
v 110.680084 104.662941 0.000000
v 110.675842 104.667618 0.393875
v 110.690002 104.652000 0.000000
v 110.690002 104.652000 0.393875
v 110.694321 104.646713 0.000000
v 110.704422 104.634338 0.000000
v 110.704422 104.634338 0.393875
v 110.708839 104.628380 0.000000
v 110.719193 104.614449 0.000000
v 110.719193 104.614449 0.393875
v 110.734413 104.592178 0.000000
v 110.723747 104.607780 0.000000
v 110.750175 104.567337 0.000000
v 110.739136 104.584740 0.000000
v 110.766571 104.539772 0.000000
v 110.755081 104.559082 0.000000
v 110.783691 104.509300 0.000000
v 110.771698 104.530647 0.000000
v 110.789070 104.499252 0.000000
v 110.783691 104.509300 0.393875
v 110.801636 104.475754 0.000000
v 110.801636 104.475754 0.393875
v 110.807281 104.464737 0.000000
v 110.820488 104.438957 0.000000
v 110.820488 104.438957 0.393875
v 112.858063 104.320824 0.000000
v 109.480766 107.062981 0.000000
v 110.840347 104.398750 0.000000
v 110.826439 104.426918 0.000000
v 110.861305 104.354950 0.000000
v 110.846626 104.385635 0.000000
v 110.883453 104.307396 0.000000
v 110.867943 104.340714 0.000000
v 110.890472 104.291977 0.000000
v 110.883453 104.307396 0.393875
v 110.906891 104.255905 0.000000
v 110.906891 104.255905 0.393875
v 110.931694 104.200317 0.000000
v 110.957977 104.140457 0.000000
v 110.914314 104.239258 0.000000
v 110.931694 104.200317 0.393875
v 110.285492 104.163109 0.393875
v 110.957977 104.140457 0.393875
v 110.861305 104.354950 0.393875
v 110.840347 104.398750 0.393875
v 110.766571 104.539772 0.393875
v 110.750175 104.567337 0.393875
v 110.734413 104.592178 0.393875
v 110.619987 104.713028 0.393875
v 110.547714 104.742981 0.393875
v 110.560768 104.738930 0.393875
v 110.531410 104.746910 0.393875
v 110.512100 104.751129 0.393875
v 110.464874 104.760376 0.393875
v 110.437164 104.765388 0.393875
v 110.374084 104.776100 0.393875
v 110.261864 104.793755 0.393875
v 110.176537 104.806435 0.393875
v 110.034843 104.826561 0.393875
v 108.361618 104.330467 0.393875
v 109.709435 104.213226 0.000000
v 109.477722 104.899338 0.393875
v 108.870064 104.971436 0.393875
v 108.636200 104.997330 0.393875
v 108.220924 105.039764 0.393875
v 108.052856 105.054726 0.393875
v 107.981636 105.060303 0.393875
v 107.669884 104.936790 0.393875
v 107.705223 104.979080 0.393875
v 107.893166 105.066002 0.393875
v 107.720840 104.997353 0.393875
v 107.868988 105.067146 0.393875
v 107.735031 105.013626 0.393875
v 107.829231 105.068222 0.393875
v 107.758873 105.039864 0.393875
v 107.768433 105.049690 0.393875
v 107.782837 105.062042 0.393875
v 107.787384 105.064453 0.393875
v 107.629425 104.887314 0.393875
v 107.607407 104.860062 0.393875
v 107.584274 104.831215 0.393875
v 107.560066 104.800858 0.393875
v 107.771698 104.069496 0.393875
v 107.534851 104.769051 0.393875
v 107.104576 104.211121 0.393875
v 107.331207 103.458702 0.393875
v 106.761642 103.753876 0.393875
v 107.240250 103.335480 0.393875
v 107.153114 103.215149 0.393875
v 106.629921 103.575577 0.393875
v 107.214157 103.299454 0.000000
v 107.153114 103.215149 0.000000
v 107.240250 103.335480 0.000000
v 107.303970 103.421806 0.000000
v 107.331207 103.458702 0.000000
v 107.639809 103.886604 0.000000
v 107.023521 103.031242 0.000000
v 107.771698 104.069496 0.000000
v 108.226730 102.915733 0.000000
v 108.421219 102.422607 0.393875
v 108.732002 103.526512 0.393875
v 108.420738 102.423813 0.000000
v 107.054047 101.916306 0.000000
v 108.421219 102.422607 0.000000
v 107.931770 101.736954 0.393875
v 108.078323 101.942261 0.000000
v 107.895638 101.687881 0.000000
v 107.931770 101.736954 0.000000
v 107.796082 101.553978 0.000000
v 107.845062 101.619576 0.000000
v 107.184967 101.611900 0.000000
v 107.124084 101.754250 0.000000
v 107.492111 101.163223 0.000000
v 107.621223 101.324745 0.000000
v 107.372192 101.180832 0.000000
v 107.292252 101.362564 0.000000
v 107.421265 101.086143 0.000000
v 107.439301 101.102554 0.000000
v 107.397453 101.125938 0.000000
v 107.410286 101.099869 0.000000
v 107.386780 101.148842 0.000000
v 107.395813 101.129387 0.000000
v 107.382919 101.157158 0.000000
v 107.382919 101.157158 0.393875
v 107.367615 101.190956 0.393875
v 106.591438 101.380241 0.393875
v 107.367615 101.190956 0.000000
v 107.355301 101.218590 0.000000
v 107.350037 101.230400 0.393875
v 107.350037 101.230400 0.000000
v 107.336243 101.261719 0.000000
v 107.330345 101.275101 0.393875
v 107.330345 101.275101 0.000000
v 107.315178 101.309837 0.000000
v 107.308693 101.324684 0.393875
v 107.308693 101.324684 0.000000
v 107.285225 101.378754 0.393875
v 107.285225 101.378754 0.000000
v 107.267616 101.419518 0.000000
v 107.260094 101.436943 0.393875
v 107.260094 101.436943 0.000000
v 107.241425 101.480316 0.000000
v 107.233444 101.498856 0.393875
v 107.233444 101.498856 0.000000
v 107.213821 101.544571 0.000000
v 107.205437 101.564110 0.393875
v 107.205437 101.564110 0.000000
v 107.176216 101.632324 0.393875
v 107.176216 101.632324 0.000000
v 107.154999 101.681923 0.000000
v 107.145935 101.703117 0.393875
v 107.145935 101.703117 0.000000
v 107.114746 101.776108 0.393875
v 107.114746 101.776108 0.000000
v 107.092361 101.828506 0.000000
v 107.082794 101.850899 0.393875
v 107.082794 101.850899 0.000000
v 107.041763 101.944260 0.393875
v 107.041763 101.944260 0.000000
v 107.015518 102.005539 0.000000
v 107.004303 102.031731 0.393875
v 107.004303 102.031731 0.000000
v 106.980537 102.088989 0.000000
v 106.970383 102.113464 0.393875
v 106.970383 102.113464 0.000000
v 106.949059 102.166809 0.000000
v 106.939941 102.189613 0.393875
v 106.939941 102.189613 0.000000
v 106.921013 102.239151 0.000000
v 106.912926 102.260323 0.393875
v 106.912926 102.260323 0.000000
v 106.896370 102.306152 0.000000
v 106.889290 102.325745 0.393875
v 106.889290 102.325745 0.000000
v 106.875061 102.367973 0.000000
v 106.868980 102.386024 0.393875
v 106.868980 102.386024 0.000000
v 106.857056 102.424767 0.000000
v 106.851952 102.441322 0.393875
v 106.851952 102.441322 0.000000
v 106.842278 102.476669 0.000000
v 106.838150 102.491776 0.393875
v 106.838150 102.491776 0.000000
v 106.830704 102.523842 0.000000
v 106.827515 102.537544 0.393875
v 106.827515 102.537544 0.000000
v 106.822258 102.566429 0.000000
v 106.820015 102.578773 0.393875
v 106.820015 102.578773 0.000000
v 106.816910 102.604576 0.000000
v 106.815582 102.615608 0.393875
v 106.161118 102.913940 0.393875
v 106.815582 102.615608 0.000000
v 106.814598 102.638443 0.000000
v 106.814178 102.648201 0.393875
v 106.814178 102.648201 0.000000
v 106.815269 102.668167 0.000000
v 106.815742 102.676704 0.393875
v 106.186821 102.953621 0.393875
v 106.815742 102.676704 0.000000
v 106.818886 102.693909 0.000000
v 106.820229 102.701263 0.393875
v 106.218346 103.000687 0.393875
v 106.820229 102.701263 0.000000
v 106.825386 102.715820 0.000000
v 106.827583 102.722038 0.393875
v 106.827583 102.722038 0.000000
v 106.834206 102.736420 0.000000
v 106.829987 102.727547 0.000000
v 106.831017 102.729897 0.393875
v 106.831017 102.729897 0.000000
v 106.835564 102.739204 0.393875
v 106.835564 102.739204 0.000000
v 106.844208 102.755157 0.000000
v 106.847900 102.761978 0.393875
v 106.343697 103.180534 0.393875
v 106.847900 102.761978 0.000000
v 106.859406 102.781586 0.000000
v 106.864326 102.789970 0.393875
v 106.864326 102.789970 0.000000
v 106.878510 102.812981 0.000000
v 106.884575 102.822815 0.393875
v 106.884575 102.822815 0.000000
v 106.901268 102.848961 0.000000
v 106.908401 102.860130 0.393875
v 106.394333 103.251511 0.393875
v 106.908401 102.860130 0.000000
v 106.927406 102.889153 0.000000
v 106.935532 102.901550 0.393875
v 106.448692 103.327057 0.393875
v 106.935532 102.901550 0.000000
v 106.956665 102.933174 0.000000
v 106.965706 102.946693 0.393875
v 106.965706 102.946693 0.000000
v 106.988792 102.980667 0.000000
v 106.998657 102.995186 0.393875
v 106.506363 103.406624 0.393875
v 106.998657 102.995186 0.000000
v 107.034142 103.046654 0.393875
v 107.034142 103.046654 0.000000
v 107.060585 103.084534 0.000000
v 107.071884 103.100723 0.393875
v 107.071884 103.100723 0.000000
v 107.099731 103.140160 0.000000
v 107.111626 103.157013 0.393875
v 107.111626 103.157013 0.000000
v 107.140694 103.197746 0.000000
v 106.236160 103.026802 0.393875
v 106.201881 102.976265 0.393875
v 106.591438 101.380241 0.000000
v 107.172966 100.081985 0.393875
v 107.172966 100.081985 0.000000
v 106.998840 100.470718 0.000000
v 108.503983 99.913170 0.000000
v 108.105438 99.963715 0.000000
v 108.599487 99.901443 0.000000
v 108.503983 99.913170 0.393875
v 108.640305 99.896431 0.000000
v 108.640305 99.896431 0.393875
v 108.734222 99.885468 0.000000
v 108.774368 99.880783 0.000000
v 108.774368 99.880783 0.393875
v 108.866180 99.870621 0.000000
v 108.905426 99.866272 0.000000
v 108.905426 99.866272 0.393875
v 108.994591 99.856941 0.000000
v 109.032707 99.852943 0.000000
v 109.032707 99.852943 0.393875
v 109.118698 99.844467 0.000000
v 109.155457 99.840843 0.000000
v 109.155457 99.840843 0.393875
v 109.272919 99.830017 0.000000
v 109.237747 99.833260 0.000000
v 109.384346 99.820503 0.000000
v 109.350983 99.823357 0.000000
v 109.437561 99.816261 0.000000
v 109.421623 99.817535 0.000000
v 109.473579 99.813530 0.000000
v 109.437561 99.816261 0.393875
v 109.488976 99.812363 0.000000
v 109.488976 99.812363 0.393875
v 109.538498 99.808807 0.000000
v 109.523666 99.809875 0.000000
v 109.571800 99.806580 0.000000
v 109.538498 99.808807 0.393875
v 109.586037 99.805618 0.000000
v 109.586037 99.805618 0.393875
v 109.617889 99.803642 0.000000
v 109.631500 99.802795 0.000000
v 109.631500 99.802795 0.393875
v 109.661835 99.801071 0.000000
v 109.674797 99.800339 0.000000
v 109.674797 99.800339 0.393875
v 109.703537 99.798874 0.000000
v 109.715820 99.798256 0.000000
v 109.715820 99.798256 0.393875
v 109.754478 99.796555 0.000000
v 109.742905 99.797058 0.000000
v 109.779839 99.795631 0.000000
v 109.754478 99.796555 0.393875
v 109.790680 99.795235 0.000000
v 109.790680 99.795235 0.393875
v 109.814255 99.794586 0.000000
v 109.824333 99.794312 0.000000
v 109.824333 99.794312 0.393875
v 109.846054 99.793945 0.000000
v 109.855339 99.793785 0.000000
v 109.855339 99.793785 0.393875
v 109.883606 99.793663 0.000000
v 109.875145 99.793701 0.000000
v 109.909035 99.793945 0.000000
v 109.901421 99.793861 0.000000
v 109.924797 99.794441 0.000000
v 109.909035 99.793945 0.393875
v 109.931534 99.794647 0.000000
v 109.931534 99.794647 0.393875
v 109.945175 99.795433 0.000000
v 109.951012 99.795769 0.000000
v 109.951012 99.795769 0.393875
v 109.967361 99.797318 0.000000
v 109.962463 99.796852 0.000000
v 109.976570 99.798706 0.000000
v 109.967361 99.797318 0.393875
v 109.980507 99.799294 0.000000
v 109.980507 99.799294 0.393875
v 109.990341 99.801712 0.000000
v 109.987396 99.800987 0.000000
v 109.999237 99.806503 0.000000
v 109.996567 99.805069 0.000000
v 110.006912 99.811852 0.000000
v 109.999237 99.806503 0.393875
v 110.010193 99.814133 0.000000
v 110.010193 99.814133 0.393875
v 110.019272 99.821404 0.000000
v 110.023148 99.824516 0.000000
v 110.023148 99.824516 0.393875
v 110.033577 99.833664 0.000000
v 110.038033 99.837578 0.000000
v 110.038033 99.837578 0.393875
v 110.054787 99.853241 0.000000
v 110.049774 99.848549 0.000000
v 110.067787 99.865982 0.000000
v 110.054787 99.853241 0.393875
v 110.073341 99.871429 0.000000
v 110.073341 99.871429 0.393875
v 110.093628 99.892059 0.000000
v 110.087555 99.885880 0.000000
v 110.115585 99.915062 0.000000
v 110.109009 99.908180 0.000000
v 110.132088 99.932785 0.000000
v 110.115585 99.915062 0.393875
v 110.139137 99.940361 0.000000
v 110.139137 99.940361 0.393875
v 110.164238 99.967865 0.000000
v 110.156723 99.959633 0.000000
v 110.182846 99.988640 0.000000
v 110.164238 99.967865 0.393875
v 110.190804 99.997513 0.000000
v 110.190804 99.997513 0.393875
v 110.210403 100.019730 0.000000
v 110.218773 100.029221 0.000000
v 110.218773 100.029221 0.393875
v 110.248085 100.062904 0.000000
v 110.239311 100.052818 0.000000
v 110.278671 100.098495 0.000000
v 110.269516 100.087837 0.000000
v 110.300949 100.124710 0.000000
v 110.278671 100.098495 0.393875
v 110.310471 100.135918 0.000000
v 110.310471 100.135918 0.393875
v 110.343407 100.175087 0.000000
v 110.333542 100.163353 0.000000
v 110.367241 100.203697 0.000000
v 110.343407 100.175087 0.393875
v 110.377426 100.215919 0.000000
v 110.377426 100.215919 0.393875
v 110.412453 100.258354 0.000000
v 110.401962 100.245651 0.000000
v 110.485275 100.347702 0.000000
v 110.463470 100.320946 0.000000
v 110.538582 100.414108 0.000000
v 110.485275 100.347702 0.393875
v 110.561363 100.442490 0.000000
v 110.561363 100.442490 0.393875
v 110.616577 100.512283 0.000000
v 110.640175 100.542107 0.000000
v 110.640175 100.542107 0.393875
v 110.721199 100.645935 0.000000
v 110.696938 100.614845 0.000000
v 110.779137 100.721191 0.000000
v 110.721199 100.645935 0.393875
v 110.803902 100.753357 0.000000
v 110.803902 100.753357 0.393875
v 110.862656 100.830688 0.000000
v 110.887764 100.863739 0.000000
v 110.887764 100.863739 0.393875
v 110.972252 100.976479 0.000000
v 110.946953 100.942726 0.000000
v 111.802063 102.086281 0.000000
v 111.553596 101.753975 0.000000
v 111.433456 102.993477 0.000000
v 115.070404 94.542313 0.000000
v 112.425003 104.563988 2.672379
v 111.091080 107.963417 0.000000
v 108.918823 114.060509 0.000000
v 100.225937 110.415955 0.000000
v 108.128494 113.425392 2.289909
v 105.145439 105.421577 0.000000
v 104.964859 105.882935 0.000000
v 104.964859 105.882935 0.393875
v 105.101151 105.935768 0.000000
v 105.420029 106.059380 0.000000
v 105.517082 106.095428 0.000000
v 105.449089 106.070175 0.000000
v 105.546638 106.105293 0.000000
v 105.517082 106.095428 0.393875
v 105.615776 106.128380 0.000000
v 105.713371 106.157494 0.000000
v 105.645004 106.137100 0.000000
v 105.760902 106.170380 0.000000
v 105.727608 106.161354 0.000000
v 105.774750 106.173866 0.000000
v 105.760902 106.170380 0.393875
v 105.807137 106.182022 0.000000
v 105.820488 106.185104 0.000000
v 105.807137 106.182022 0.393875
v 105.851723 106.192329 0.000000
v 105.864479 106.194984 0.000000
v 105.851723 106.192329 0.393875
v 105.894325 106.201202 0.000000
v 105.906380 106.203407 0.000000
v 105.894325 106.201202 0.393875
v 105.934601 106.208565 0.000000
v 105.945854 106.210289 0.000000
v 105.934601 106.208565 0.393875
v 105.972198 106.214310 0.000000
v 106.006798 106.218346 0.000000
v 105.982559 106.215515 0.000000
v 106.038033 106.220581 0.000000
v 106.016151 106.219017 0.000000
v 106.065582 106.220924 0.000000
v 106.046280 106.220688 0.000000
v 106.089088 106.219276 0.000000
v 106.072617 106.220428 0.000000
v 106.096687 106.218430 0.000000
v 106.089088 106.219276 0.393875
v 106.114471 106.216461 0.000000
v 106.122139 106.215057 0.000000
v 106.114471 106.216461 0.393875
v 106.140091 106.211777 0.000000
v 106.191826 106.197075 0.000000
v 106.155586 106.207375 0.000000
v 106.243851 106.175667 0.000000
v 106.207405 106.190666 0.000000
v 106.295700 106.148056 0.000000
v 106.259377 106.167397 0.000000
v 106.346924 106.114761 0.000000
v 106.311035 106.138084 0.000000
v 106.732422 106.569717 0.000000
v 106.748627 106.590919 0.000000
v 106.725494 106.560654 0.000000
v 106.725494 106.560654 0.393875
v 106.710571 106.539810 0.000000
v 106.704201 106.530907 0.393875
v 106.704201 106.530907 0.000000
v 106.397072 106.076271 0.000000
v 106.361938 106.103233 0.000000
v 106.690567 106.510445 0.000000
v 106.684738 106.501701 0.393875
v 106.684738 106.501701 0.000000
v 106.667114 106.473099 0.000000
v 106.672394 106.481667 0.000000
v 106.411629 106.063347 0.000000
v 106.397072 106.076271 0.393875
v 106.651299 106.445122 0.000000
v 106.656036 106.453499 0.000000
v 106.641487 106.425995 0.000000
v 106.637291 106.417824 0.393875
v 106.637291 106.417824 0.000000
v 106.445686 106.033096 0.000000
v 106.625092 106.391228 0.000000
v 106.628746 106.399193 0.000000
v 106.614685 106.365387 0.000000
v 106.617798 106.373123 0.000000
v 106.606056 106.340324 0.000000
v 106.608643 106.347832 0.000000
v 106.599205 106.316101 0.000000
v 106.601257 106.323357 0.000000
v 106.595642 106.299736 0.000000
v 106.594124 106.292740 0.393875
v 106.594124 106.292740 0.000000
v 106.591789 106.277008 0.000000
v 106.590797 106.270279 0.393875
v 106.590797 106.270279 0.000000
v 106.589218 106.248772 0.000000
v 106.589691 106.255211 0.000000
v 106.589340 106.234390 0.000000
v 106.589386 106.228241 0.393875
v 106.589386 106.228241 0.000000
v 106.590721 106.214584 0.000000
v 106.591286 106.208740 0.393875
v 106.591286 106.208740 0.000000
v 106.593826 106.195824 0.000000
v 106.594910 106.190300 0.393875
v 106.594910 106.190300 0.000000
v 106.600250 106.172966 0.000000
v 106.598648 106.178154 0.000000
v 106.607300 106.156761 0.000000
v 106.605186 106.161613 0.000000
v 106.613426 106.146248 0.000000
v 106.616043 106.141747 0.393875
v 106.616043 106.141747 0.000000
v 106.626480 106.127953 0.000000
v 106.623352 106.132080 0.000000
v 106.634972 106.119164 0.000000
v 106.638596 106.115410 0.393875
v 106.638596 106.115410 0.000000
v 106.652390 106.104164 0.000000
v 106.648262 106.107536 0.000000
v 106.667847 106.094261 0.000000
v 106.663216 106.097229 0.000000
v 106.684959 106.085732 0.000000
v 106.679832 106.088287 0.000000
v 106.692390 106.082916 0.000000
v 106.703720 106.078621 0.393875
v 106.484261 105.993935 0.000000
v 106.492325 105.985748 0.000000
v 106.459656 106.018921 0.000000
v 106.445686 106.033096 0.393875
v 105.760841 105.735443 0.393875
v 105.773109 105.740295 0.393875
v 106.346924 106.114761 0.393875
v 106.295700 106.148056 0.393875
v 106.243851 106.175667 0.393875
v 106.191826 106.197075 0.393875
v 106.140091 106.211777 0.393875
v 106.065582 106.220924 0.393875
v 106.038033 106.220581 0.393875
v 106.006798 106.218346 0.393875
v 105.972198 106.214310 0.393875
v 105.713371 106.157494 0.393875
v 105.615776 106.128380 0.393875
v 105.749626 105.729637 0.393875
v 105.739639 105.722466 0.393875
v 105.730896 105.713943 0.393875
v 105.746635 105.727493 0.000000
v 105.739639 105.722466 0.000000
v 105.749626 105.729637 0.000000
v 105.757477 105.733704 0.000000
v 105.760841 105.735443 0.000000
v 105.769562 105.738556 0.000000
v 105.773285 105.739883 0.000000
v 105.782875 105.742035 0.000000
v 105.786972 105.742950 0.393875
v 105.786972 105.742950 0.000000
v 105.797424 105.744133 0.000000
v 105.801895 105.744644 0.393875
v 105.801895 105.744644 0.000000
v 105.813210 105.744858 0.000000
v 105.818047 105.744949 0.393875
v 105.818047 105.744949 0.000000
v 105.830231 105.744194 0.000000
v 105.835442 105.743866 0.393875
v 105.835442 105.743866 0.000000
v 105.848488 105.742142 0.000000
v 105.854073 105.741402 0.393875
v 105.854073 105.741402 0.000000
v 105.867989 105.738686 0.000000
v 105.873932 105.737534 0.393875
v 105.873932 105.737534 0.000000
v 105.880600 105.735863 0.000000
v 105.895035 105.732262 0.393875
v 105.888718 105.733841 0.000000
v 105.895035 105.732262 0.000000
v 105.707466 105.661774 0.000000
v 105.708237 105.666336 0.000000
v 105.705254 105.646126 0.000000
v 105.705658 105.651093 0.000000
v 105.933899 105.719925 0.000000
v 105.910690 105.727585 0.000000
v 105.708702 105.570312 0.000000
v 105.704514 105.610855 0.000000
v 105.774605 105.356140 0.000000
v 105.731827 105.473549 0.000000
v 105.971878 105.039948 0.000000
v 105.881500 105.136803 0.000000
v 106.154221 105.272087 0.000000
v 106.134903 105.553375 0.000000
v 106.071556 105.088684 0.000000
v 106.110268 105.159584 0.000000
v 106.032646 105.046936 0.000000
v 106.052185 105.064140 0.000000
v 106.012825 105.037132 0.000000
v 106.022774 105.041107 0.000000
v 105.992607 105.034782 0.000000
v 106.002769 105.035027 0.000000
v 105.982315 105.036423 0.000000
v 105.989555 105.034882 0.000000
v 105.979218 105.037079 0.000000
v 105.979218 105.037079 0.393875
v 105.968742 105.041168 0.393875
v 105.968742 105.041168 0.000000
v 105.958099 105.047150 0.393875
v 105.961281 105.045357 0.000000
v 105.950516 105.052673 0.000000
v 105.958099 105.047150 0.000000
v 105.928413 105.073021 0.000000
v 105.939560 105.061890 0.000000
v 105.905441 105.101044 0.000000
v 105.917038 105.086067 0.000000
v 105.893600 105.117950 0.000000
v 105.901947 105.105698 0.000000
v 105.890030 105.123192 0.000000
v 105.890030 105.123192 0.393875
v 105.877846 105.142624 0.393875
v 105.260376 105.127937 0.393875
v 105.877846 105.142624 0.000000
v 105.869118 105.157600 0.000000
v 105.865387 105.164001 0.393875
v 105.865387 105.164001 0.000000
v 105.856461 105.180351 0.000000
v 105.852638 105.187340 0.393875
v 105.852638 105.187340 0.000000
v 105.843491 105.205063 0.000000
v 105.839584 105.212639 0.393875
v 105.839584 105.212639 0.000000
v 105.830208 105.231743 0.000000
v 105.826202 105.239906 0.393875
v 105.826202 105.239906 0.000000
v 105.816589 105.260399 0.000000
v 105.812485 105.269157 0.393875
v 105.812485 105.269157 0.000000
v 105.802635 105.291039 0.000000
v 105.798424 105.300385 0.393875
v 105.798424 105.300385 0.000000
v 105.788315 105.323662 0.000000
v 105.783989 105.333611 0.393875
v 105.783989 105.333611 0.000000
v 105.770599 105.365768 0.393875
v 105.770599 105.365768 0.000000
v 105.762070 105.387413 0.000000
v 105.758430 105.396660 0.393875
v 105.758430 105.396660 0.000000
v 105.750763 105.417404 0.000000
v 105.747490 105.426270 0.393875
v 105.747490 105.426270 0.000000
v 105.740685 105.446114 0.000000
v 105.737770 105.454597 0.393875
v 105.737770 105.454597 0.000000
v 105.729286 105.481644 0.393875
v 105.729286 105.481644 0.000000
v 105.724205 105.499680 0.000000
v 105.722031 105.507393 0.393875
v 105.722031 105.507393 0.000000
v 105.717804 105.524529 0.000000
v 105.716003 105.531845 0.393875
v 105.716003 105.531845 0.000000
v 105.712639 105.548073 0.000000
v 105.711205 105.555000 0.393875
v 105.711205 105.555000 0.000000
v 105.707634 105.576851 0.393875
v 105.707634 105.576851 0.000000
v 105.705994 105.591240 0.000000
v 105.705292 105.597389 0.393875
v 105.705292 105.597389 0.000000
v 105.704185 105.616608 0.393875
v 105.704185 105.616608 0.000000
v 105.704269 105.629150 0.000000
v 105.704308 105.634514 0.393875
v 105.704308 105.634514 0.000000
v 105.705658 105.651093 0.393875
v 105.420029 106.059380 0.393875
v 105.708237 105.666336 0.393875
v 105.710915 105.676086 0.000000
v 105.712051 105.680252 0.393875
v 105.712051 105.680252 0.000000
v 105.715591 105.689064 0.000000
v 105.717102 105.692825 0.393875
v 105.717102 105.692825 0.000000
v 105.721504 105.700699 0.000000
v 105.728645 105.710983 0.000000
v 105.723381 105.704056 0.393875
v 105.723381 105.704056 0.000000
v 105.730896 105.713943 0.000000
v 105.737022 105.719917 0.000000
v 105.260376 105.127937 0.000000
v 105.552650 104.380539 0.393875
v 105.465134 104.604324 0.000000
v 105.893616 104.526176 0.000000
v 106.039352 104.588432 0.393875
v 106.075592 104.604301 0.000000
v 106.091087 104.611084 0.393875
v 105.989555 105.034882 0.393875
v 106.091087 104.611084 0.000000
v 106.125900 104.627129 0.000000
v 106.140785 104.633987 0.000000
v 106.140785 104.633987 0.393875
v 105.999756 105.034561 0.393875
v 106.174179 104.650215 0.000000
v 106.188454 104.657150 0.393875
v 106.009834 105.036110 0.393875
v 106.188454 104.657150 0.000000
v 106.220444 104.673576 0.000000
v 106.234116 104.680595 0.393875
v 106.019814 105.039528 0.393875
v 106.234116 104.680595 0.000000
v 106.264694 104.697227 0.000000
v 106.277763 104.704338 0.000000
v 106.277763 104.704338 0.393875
v 106.039520 105.051933 0.393875
v 106.306953 104.721191 0.000000
v 106.319427 104.728394 0.393875
v 106.049271 105.060905 0.393875
v 106.319427 104.728394 0.000000
v 106.347221 104.745476 0.000000
v 106.359100 104.752777 0.393875
v 106.058983 105.071716 0.393875
v 106.359100 104.752777 0.000000
v 106.385521 104.770103 0.000000
v 106.396812 104.777512 0.000000
v 106.396812 104.777512 0.393875
v 106.068665 105.084358 0.393875
v 106.421860 104.795090 0.000000
v 106.432564 104.802605 0.000000
v 106.432564 104.802605 0.393875
v 106.087982 105.115105 0.393875
v 106.456245 104.820442 0.000000
v 107.687515 105.212074 0.000000
v 106.466362 104.828072 0.393875
v 106.097656 105.133194 0.393875
v 106.466362 104.828072 0.000000
v 106.488686 104.846191 0.000000
v 106.498230 104.853935 0.000000
v 106.498230 104.853935 0.393875
v 106.107353 105.153091 0.393875
v 106.519203 104.872345 0.000000
v 106.528168 104.880211 0.393875
v 106.528168 104.880211 0.000000
v 106.547806 104.898918 0.000000
v 106.556190 104.906914 0.393875
v 106.556190 104.906914 0.000000
v 106.574493 104.925934 0.000000
v 106.582314 104.934059 0.393875
v 106.582314 104.934059 0.000000
v 106.599289 104.953400 0.000000
v 106.606544 104.961662 0.000000
v 106.606544 104.961662 0.393875
v 106.622200 104.981339 0.000000
v 106.628891 104.989746 0.393875
v 106.117088 105.174782 0.393875
v 106.628891 104.989746 0.000000
v 106.643234 105.009766 0.000000
v 106.649368 105.018318 0.000000
v 106.649368 105.018318 0.393875
v 106.662415 105.038696 0.000000
v 106.667992 105.047401 0.000000
v 106.667992 105.047401 0.393875
v 106.679741 105.068146 0.000000
v 106.684761 105.077011 0.000000
v 106.684761 105.077011 0.393875
v 106.161667 105.298317 0.393875
v 106.695221 105.098129 0.000000
v 106.699699 105.107155 0.000000
v 106.699699 105.107155 0.393875
v 106.708878 105.128662 0.000000
v 106.712807 105.137863 0.000000
v 106.712807 105.137863 0.393875
v 106.720718 105.159775 0.000000
v 107.421814 105.176895 0.000000
v 106.724106 105.169136 0.393875
v 106.168724 105.335632 0.393875
v 106.724106 105.169136 0.000000
v 107.381203 105.179695 0.000000
v 106.730751 105.191467 0.000000
v 107.338509 105.185936 0.000000
v 106.733597 105.201004 0.393875
v 106.733597 105.201004 0.000000
v 107.325310 105.188751 0.000000
v 106.738991 105.223755 0.000000
v 107.294418 105.195328 0.000000
v 106.741295 105.233482 0.393875
v 106.741295 105.233482 0.000000
v 107.281006 105.198990 0.000000
v 106.745445 105.256668 0.000000
v 106.747215 105.266579 0.000000
v 106.747215 105.266579 0.393875
v 106.750122 105.290215 0.000000
v 106.751366 105.300316 0.000000
v 106.751366 105.300316 0.393875
v 106.172272 105.372589 0.393875
v 106.753044 105.324409 0.000000
v 106.753761 105.334702 0.000000
v 106.753761 105.334702 0.393875
v 106.754211 105.359268 0.000000
v 106.754402 105.369766 0.000000
v 106.754402 105.369766 0.393875
v 106.753639 105.394814 0.000000
v 107.160706 105.239388 0.000000
v 106.753311 105.405518 0.393875
v 106.172371 105.408974 0.393875
v 106.753311 105.405518 0.000000
v 107.117958 105.258392 0.000000
v 106.751343 105.431053 0.000000
v 106.750496 105.441971 0.000000
v 106.750496 105.441971 0.393875
v 106.747322 105.468010 0.000000
v 107.039375 105.301079 0.000000
v 106.745972 105.479141 0.393875
v 106.745972 105.479141 0.000000
v 107.004921 105.324173 0.000000
v 106.741600 105.505699 0.000000
v 106.739738 105.517052 0.000000
v 106.739738 105.517052 0.393875
v 106.169106 105.444565 0.393875
v 106.729591 105.560921 0.000000
v 106.966988 105.355324 0.000000
v 106.725250 105.579666 0.393875
v 106.725250 105.579666 0.000000
v 106.949150 105.372375 0.000000
v 106.711182 105.623436 0.000000
v 106.705170 105.642136 0.000000
v 106.705170 105.642136 0.393875
v 106.162521 105.479134 0.393875
v 106.687485 105.685455 0.000000
v 106.679932 105.703964 0.000000
v 106.679932 105.703964 0.393875
v 106.658958 105.746475 0.000000
v 106.929222 105.396889 0.000000
v 106.649994 105.764641 0.393875
v 106.152710 105.512466 0.393875
v 106.649994 105.764641 0.000000
v 106.925125 105.404198 0.000000
v 106.626053 105.805992 0.000000
v 106.915527 105.421288 0.000000
v 106.615814 105.823662 0.393875
v 106.139717 105.544334 0.393875
v 106.615814 105.823662 0.000000
v 106.913918 105.426033 0.000000
v 106.589211 105.863503 0.000000
v 106.577843 105.880524 0.000000
v 106.577843 105.880524 0.393875
v 106.123634 105.574532 0.393875
v 106.548897 105.918495 0.000000
v 106.536530 105.934723 0.000000
v 106.536530 105.934723 0.393875
v 106.505562 105.970467 0.000000
v 106.703720 106.078621 0.000000
v 106.492325 105.985748 0.393875
v 106.104507 105.602821 0.393875
v 106.082420 105.628983 0.393875
v 106.057434 105.652809 0.393875
v 106.029625 105.674065 0.393875
v 106.074944 105.636116 0.000000
v 106.057434 105.652809 0.000000
v 106.082420 105.628983 0.000000
v 106.097893 105.610657 0.000000
v 106.104507 105.602821 0.000000
v 106.117905 105.583000 0.000000
v 106.123634 105.574532 0.000000
v 106.049110 105.659172 0.000000
v 105.989082 105.697166 0.000000
v 105.958344 105.710846 0.000000
v 106.020470 105.679596 0.000000
v 105.999046 105.692535 0.000000
v 106.029625 105.674065 0.000000
v 105.999046 105.692535 0.393875
v 105.965775 105.708000 0.393875
v 105.940956 105.717499 0.393875
v 105.917374 105.725586 0.393875
v 105.940956 105.717499 0.000000
v 105.965775 105.708000 0.000000
v 105.917374 105.725586 0.000000
v 106.139717 105.544334 0.000000
v 106.148819 105.522011 0.000000
v 106.159584 105.489113 0.000000
v 106.152710 105.512466 0.000000
v 106.171394 105.419632 0.000000
v 106.167130 105.454910 0.000000
v 106.169785 105.346695 0.000000
v 106.172302 105.383484 0.000000
v 106.163780 105.309494 0.000000
v 106.168724 105.335632 0.000000
v 106.161667 105.298317 0.000000
v 106.151031 105.260872 0.393875
v 106.151031 105.260872 0.000000
v 106.136749 105.223518 0.393875
v 106.141029 105.234703 0.000000
v 106.129837 105.205818 0.000000
v 106.136749 105.223518 0.000000
v 106.120026 105.181808 0.000000
v 106.126884 105.198257 0.000000
v 106.117088 105.174782 0.000000
v 106.107353 105.153091 0.000000
v 106.100555 105.139153 0.000000
v 106.090874 105.120522 0.000000
v 106.097656 105.133194 0.000000
v 106.081215 105.103699 0.000000
v 106.087982 105.115105 0.000000
v 106.078323 105.098824 0.000000
v 106.078323 105.098824 0.393875
v 106.068665 105.084358 0.000000
v 106.061882 105.075500 0.000000
v 106.058983 105.071716 0.000000
v 106.049271 105.060905 0.000000
v 106.042442 105.054619 0.000000
v 106.039520 105.051933 0.000000
v 106.029701 105.044807 0.393875
v 106.029701 105.044807 0.000000
v 106.019814 105.039528 0.000000
v 106.009834 105.036110 0.000000
v 105.999756 105.034561 0.000000
v 105.947273 105.055031 0.393875
v 105.936264 105.064819 0.393875
v 105.947273 105.055031 0.000000
v 105.936264 105.064819 0.000000
v 105.925049 105.076523 0.393875
v 105.925049 105.076523 0.000000
v 105.913620 105.090149 0.393875
v 105.913620 105.090149 0.000000
v 105.901947 105.105698 0.393875
v 106.126884 105.198257 0.393875
v 106.172272 105.372589 0.000000
v 106.172371 105.408974 0.000000
v 106.169106 105.444565 0.000000
v 106.162521 105.479134 0.000000
v 106.698105 106.080750 0.000000
v 106.718010 106.074654 0.000000
v 106.724121 106.072960 0.000000
v 106.724121 106.072960 0.393875
v 106.739555 106.070038 0.000000
v 106.746155 106.068794 0.000000
v 106.746155 106.068794 0.393875
v 106.762726 106.066948 0.000000
v 106.769806 106.066162 0.393875
v 106.769806 106.066162 0.000000
v 106.787506 106.065414 0.000000
v 106.795074 106.065102 0.393875
v 106.795074 106.065102 0.000000
v 106.913033 105.430992 0.000000
v 106.813896 106.065483 0.000000
v 106.821945 106.065651 0.000000
v 106.821945 106.065651 0.393875
v 106.841888 106.067192 0.000000
v 106.850418 106.067848 0.000000
v 106.850418 106.067848 0.393875
v 106.871475 106.070572 0.000000
v 106.880478 106.071739 0.393875
v 106.880478 106.071739 0.000000
v 106.900940 106.075165 0.000000
v 106.909691 106.076630 0.393875
v 107.154663 106.312065 0.393875
v 106.909691 106.076630 0.000000
v 106.928871 106.080704 0.000000
v 106.937073 106.082443 0.000000
v 106.937073 106.082443 0.393875
v 106.954994 106.087173 0.000000
v 106.962662 106.089203 0.000000
v 106.962662 106.089203 0.393875
v 107.149445 106.294151 0.393875
v 106.979340 106.094612 0.000000
v 106.986473 106.096924 0.000000
v 106.986473 106.096924 0.393875
v 107.001938 106.103035 0.000000
v 107.008545 106.105644 0.000000
v 107.008545 106.105644 0.393875
v 107.022812 106.112465 0.000000
v 107.028908 106.115387 0.000000
v 107.028908 106.115387 0.393875
v 107.144577 106.274467 0.393875
v 107.041992 106.122940 0.000000
v 107.047585 106.126167 0.000000
v 107.047585 106.126167 0.393875
v 107.059502 106.134476 0.000000
v 107.064598 106.138023 0.000000
v 107.064598 106.138023 0.393875
v 107.075386 106.147095 0.000000
v 106.913361 105.441521 0.000000
v 107.079994 106.150978 0.393875
v 107.079994 106.150978 0.000000
v 107.089653 106.160835 0.000000
v 106.914253 105.444893 0.000000
v 107.093788 106.165047 0.393875
v 107.139771 106.253136 0.393875
v 107.093788 106.165047 0.000000
v 106.916351 105.452782 0.000000
v 107.102348 106.175713 0.000000
v 106.921844 105.464676 0.000000
v 107.106010 106.180267 0.393875
v 107.133545 106.233070 0.393875
v 107.106010 106.180267 0.000000
v 107.315300 106.242661 0.000000
v 107.113495 106.191757 0.000000
v 107.116692 106.196663 0.000000
v 107.116692 106.196663 0.393875
v 107.123116 106.208984 0.000000
v 107.125854 106.214256 0.000000
v 107.125443 106.214462 0.393875
v 107.131241 106.227432 0.000000
v 107.133545 106.233070 0.000000
v 107.137909 106.247124 0.000000
v 107.139771 106.253136 0.000000
v 107.143135 106.268082 0.000000
v 107.145065 106.276443 0.000000
v 107.144577 106.274467 0.000000
v 107.147987 106.288254 0.000000
v 107.149445 106.294151 0.000000
v 107.298637 106.342094 0.000000
v 107.300461 106.338142 0.000000
v 107.294334 106.350273 0.000000
v 107.296379 106.346992 0.000000
v 107.158577 106.323372 0.000000
v 107.153107 106.306702 0.000000
v 107.184334 106.372276 0.000000
v 107.170647 106.351402 0.000000
v 107.257767 106.383316 0.000000
v 107.279030 106.369202 0.000000
v 107.219772 106.392921 0.000000
v 107.199768 106.385963 0.000000
v 107.246788 106.388344 0.000000
v 107.236351 106.391533 0.000000
v 107.249962 106.387230 0.000000
v 107.249962 106.387230 0.393875
v 107.261108 106.381645 0.393875
v 107.742210 106.742104 0.393875
v 107.261108 106.381645 0.000000
v 107.269310 106.376434 0.000000
v 107.272820 106.374214 0.393875
v 107.272820 106.374214 0.000000
v 107.281677 106.367058 0.393875
v 107.281677 106.367058 0.000000
v 107.287186 106.360672 0.000000
v 107.289536 106.357941 0.393875
v 107.289536 106.357941 0.000000
v 107.296379 106.346992 0.393875
v 107.302208 106.334358 0.393875
v 107.809303 106.283569 0.393875
v 107.302208 106.334358 0.000000
v 107.310776 106.304596 0.393875
v 107.308212 106.313507 0.000000
v 107.313858 106.280212 0.000000
v 107.310776 106.304596 0.000000
v 107.315178 106.269783 0.000000
v 107.315178 106.269783 0.393875
v 107.315353 106.231064 0.393875
v 107.315353 106.231064 0.000000
v 107.311234 106.189560 0.393875
v 107.312462 106.201988 0.000000
v 107.305290 106.159325 0.000000
v 107.311234 106.189560 0.000000
v 107.277519 106.068741 0.000000
v 107.293724 106.115814 0.000000
v 106.951691 105.503380 0.000000
v 106.955841 105.507454 0.000000
v 106.943268 105.494049 0.000000
v 106.939674 105.490067 0.393875
v 106.939674 105.490067 0.000000
v 106.932663 105.481010 0.000000
v 106.929672 105.477142 0.393875
v 106.929672 105.477142 0.000000
v 106.924187 105.468407 0.000000
v 106.921844 105.464676 0.393875
v 106.916351 105.452782 0.393875
v 106.915527 105.421288 0.393875
v 106.917999 105.456345 0.000000
v 106.913361 105.441521 0.393875
v 106.913383 105.431030 0.393875
v 106.913132 105.434143 0.000000
v 106.913918 105.426033 0.393875
v 106.913651 105.427521 0.000000
v 106.915047 105.422707 0.000000
v 106.929222 105.396889 0.393875
v 106.949150 105.372375 0.393875
v 106.943184 105.379715 0.000000
v 106.974617 105.348038 0.393875
v 106.974617 105.348038 0.000000
v 106.995850 105.331314 0.000000
v 107.004921 105.324173 0.393875
v 107.029060 105.307991 0.000000
v 107.039375 105.301079 0.393875
v 107.065933 105.285645 0.000000
v 107.077286 105.279053 0.000000
v 107.077286 105.279053 0.393875
v 107.105782 105.264572 0.000000
v 107.117958 105.258392 0.393875
v 107.532562 105.686859 0.393875
v 107.147903 105.245079 0.000000
v 107.160706 105.239388 0.393875
v 107.191612 105.227448 0.000000
v 107.204819 105.222351 0.393875
v 107.204819 105.222351 0.000000
v 107.236214 105.211990 0.000000
v 107.249626 105.207558 0.393875
v 107.249626 105.207558 0.000000
v 107.294418 105.195328 0.393875
v 107.338509 105.185936 0.393875
v 107.368423 105.181564 0.000000
v 107.381203 105.179695 0.393875
v 107.409653 105.177727 0.000000
v 107.421814 105.176895 0.393875
v 107.448311 105.177544 0.000000
v 107.459633 105.177826 0.000000
v 107.459633 105.177826 0.393875
v 107.483696 105.181313 0.000000
v 107.493980 105.182800 0.393875
v 107.493980 105.182800 0.000000
v 107.519188 105.188583 0.000000
v 107.553856 105.195908 0.000000
v 107.529953 105.191048 0.393875
v 107.529953 105.191048 0.000000
v 107.564072 105.197983 0.393875
v 107.564072 105.197983 0.000000
v 107.586151 105.201912 0.000000
v 107.595589 105.203598 0.393875
v 107.595589 105.203598 0.000000
v 107.615334 105.206604 0.000000
v 107.623772 105.207886 0.393875
v 107.623772 105.207886 0.000000
v 107.640656 105.209969 0.000000
v 107.647873 105.210861 0.393875
v 107.647873 105.210861 0.000000
v 107.661392 105.212021 0.000000
v 107.667175 105.212517 0.393875
v 107.718773 105.234856 0.393875
v 107.667175 105.212517 0.000000
v 107.676804 105.212753 0.000000
v 107.680923 105.212860 0.393875
v 107.701302 105.221077 0.393875
v 107.680923 105.212860 0.000000
v 107.684113 105.212631 0.000000
v 107.685486 105.212532 0.393875
v 107.695137 105.216415 0.393875
v 107.685486 105.212532 0.000000
v 107.688377 105.211884 0.393875
v 107.690796 105.213333 0.393875
v 107.695137 105.216415 0.000000
v 107.699455 105.219681 0.000000
v 107.701302 105.221077 0.000000
v 107.706848 105.225395 0.000000
v 107.709213 105.227242 0.000000
v 107.709213 105.227242 0.393875
v 107.715912 105.232574 0.000000
v 107.718773 105.234856 0.000000
v 107.726562 105.241150 0.000000
v 107.729897 105.243843 0.000000
v 107.729897 105.243843 0.393875
v 107.738708 105.251053 0.000000
v 107.742477 105.254135 0.393875
v 107.742477 105.254135 0.000000
v 107.752266 105.262230 0.000000
v 107.756447 105.265686 0.000000
v 107.756447 105.265686 0.393875
v 107.778648 105.284302 0.000000
v 107.788139 105.292252 0.000000
v 107.788139 105.292252 0.393875
v 107.540573 105.690994 0.393875
v 107.813446 105.313812 0.000000
v 108.934479 105.825508 0.000000
v 107.824257 105.323029 0.393875
v 107.547836 105.696159 0.393875
v 107.824257 105.323029 0.000000
v 108.919212 105.818855 0.000000
v 107.852150 105.347176 0.000000
v 107.864067 105.357498 0.000000
v 107.864067 105.357498 0.393875
v 107.559708 105.709480 0.393875
v 107.894043 105.383858 0.000000
v 107.906853 105.395126 0.000000
v 107.906853 105.395126 0.393875
v 107.564125 105.717613 0.393875
v 107.934814 105.423096 0.000000
v 108.442429 105.614899 0.000000
v 107.946762 105.435059 0.393875
v 107.569641 105.735023 0.393875
v 107.946762 105.435059 0.000000
v 107.970970 105.464897 0.000000
v 107.981316 105.477654 0.393875
v 107.981316 105.477654 0.000000
v 108.001762 105.508987 0.000000
v 108.010498 105.522385 0.000000
v 108.010498 105.522385 0.393875
v 107.569908 105.743660 0.393875
v 108.027191 105.554840 0.000000
v 108.034325 105.568718 0.393875
v 108.034325 105.568718 0.000000
v 108.047256 105.601936 0.000000
v 108.052780 105.616135 0.000000
v 108.052780 105.616135 0.393875
v 107.568283 105.752541 0.393875
v 108.061958 105.649750 0.000000
v 108.065880 105.664116 0.393875
v 108.065880 105.664116 0.000000
v 108.071304 105.697739 0.000000
v 108.073616 105.712112 0.000000
v 108.073616 105.712112 0.393875
v 107.902222 106.058563 0.393875
v 108.075287 105.745399 0.000000
v 108.075996 105.759621 0.000000
v 108.075996 105.759621 0.393875
v 108.073914 105.792183 0.000000
v 108.073021 105.806099 0.000000
v 108.073021 105.806099 0.393875
v 107.923119 106.046906 0.393875
v 108.067177 105.837578 0.000000
v 108.064682 105.851028 0.393875
v 107.942680 106.033997 0.393875
v 108.064682 105.851028 0.000000
v 108.061661 106.588371 0.000000
v 108.055092 105.881058 0.000000
v 108.050995 105.893883 0.000000
v 108.050995 105.893883 0.393875
v 108.037643 105.922081 0.000000
v 108.031944 105.934135 0.000000
v 108.031944 105.934135 0.393875
v 108.014847 105.960136 0.000000
v 108.007545 105.971252 0.000000
v 108.007545 105.971252 0.393875
v 107.977783 106.004715 0.393875
v 107.986694 105.994698 0.000000
v 107.852234 106.471855 0.000000
v 107.977783 106.004715 0.000000
v 107.849991 106.439575 0.000000
v 107.953186 106.025230 0.000000
v 107.942680 106.033997 0.000000
v 107.841202 106.391327 0.000000
v 107.801842 106.251678 0.000000
v 107.847359 106.425125 0.000000
v 107.841202 106.391327 0.393875
v 107.849991 106.439575 0.393875
v 107.853195 106.485657 0.393875
v 107.853195 106.485657 0.000000
v 107.851715 106.516373 0.000000
v 107.851082 106.529503 0.000000
v 107.851082 106.529503 0.393875
v 107.815613 106.647003 0.393875
v 107.846069 106.558609 0.000000
v 107.843933 106.571053 0.393875
v 107.843933 106.571053 0.000000
v 107.832016 106.610245 0.393875
v 107.842812 106.574738 0.000000
v 107.835587 106.598503 0.000000
v 108.034859 106.656845 0.000000
v 107.854630 107.117302 0.000000
v 107.854630 107.117302 0.393875
v 108.150154 106.362297 0.393875
v 107.993202 107.171104 0.000000
v 108.317406 107.296989 0.000000
v 107.166359 106.853241 0.000000
v 107.181610 106.856461 0.000000
v 107.130798 106.843262 0.000000
v 107.115593 106.838997 0.393875
v 107.115593 106.838997 0.000000
v 107.065277 106.821175 0.000000
v 107.080345 106.826515 0.000000
v 108.386269 107.321854 0.000000
v 107.030533 106.806137 0.000000
v 107.015686 106.799713 0.393875
v 107.015686 106.799713 0.000000
v 106.981636 106.782082 0.000000
v 106.967087 106.774551 0.393875
v 106.967087 106.774551 0.000000
v 106.933929 106.754280 0.000000
v 106.919754 106.745613 0.393875
v 106.919754 106.745613 0.000000
v 106.887680 106.722664 0.000000
v 106.873970 106.712852 0.393875
v 106.873970 106.712852 0.000000
v 106.843170 106.687164 0.000000
v 106.830002 106.676186 0.393875
v 106.830002 106.676186 0.000000
v 106.800674 106.647728 0.000000
v 106.788132 106.635567 0.393875
v 106.788132 106.635567 0.000000
v 106.760460 106.604286 0.000000
v 106.748627 106.590919 0.393875
v 107.417290 106.873070 0.393875
v 107.368408 106.875740 0.393875
v 107.464981 106.867203 0.393875
v 107.464981 106.867203 0.000000
v 107.511200 106.858200 0.393875
v 107.511200 106.858200 0.000000
v 106.667114 106.473099 0.393875
v 107.555664 106.846146 0.393875
v 106.651299 106.445122 0.393875
v 107.598114 106.831078 0.393875
v 106.625092 106.391228 0.393875
v 107.638268 106.813080 0.393875
v 106.614685 106.365387 0.393875
v 106.606056 106.340324 0.393875
v 106.599205 106.316101 0.393875
v 107.675850 106.792213 0.393875
v 107.710587 106.768532 0.393875
v 107.710587 106.768532 0.000000
v 107.742210 106.742104 0.000000
v 106.589218 106.248772 0.393875
v 107.202187 106.387573 0.393875
v 107.210732 106.391159 0.393875
v 107.194107 106.382179 0.393875
v 107.186485 106.374977 0.393875
v 107.194107 106.382179 0.000000
v 107.202187 106.387573 0.000000
v 107.208176 106.390083 0.000000
v 107.210732 106.391159 0.000000
v 107.217064 106.392395 0.000000
v 107.219772 106.392921 0.393875
v 107.226448 106.392876 0.000000
v 107.229309 106.392860 0.000000
v 107.229309 106.392860 0.393875
v 107.239365 106.390961 0.393875
v 107.239365 106.390961 0.000000
v 107.191826 106.380020 0.000000
v 107.186485 106.374977 0.000000
v 107.179306 106.365967 0.393875
v 107.179306 106.365967 0.000000
v 107.172546 106.355171 0.393875
v 107.166199 106.342583 0.393875
v 107.177284 106.362732 0.000000
v 107.172546 106.355171 0.000000
v 107.166199 106.342583 0.000000
v 107.164421 106.338280 0.000000
v 107.160248 106.328209 0.393875
v 107.160248 106.328209 0.000000
v 107.154663 106.312065 0.000000
v 106.600250 106.172966 0.393875
v 106.607300 106.156761 0.393875
v 107.750664 106.733391 0.000000
v 107.720055 106.760620 0.000000
v 107.686249 106.785118 0.000000
v 107.675850 106.792213 0.000000
v 107.649521 106.806831 0.000000
v 107.638268 106.813080 0.000000
v 107.598114 106.831078 0.000000
v 107.610138 106.825691 0.000000
v 107.555664 106.846146 0.000000
v 107.568375 106.841629 0.000000
v 107.524513 106.854591 0.000000
v 107.478821 106.864502 0.000000
v 107.417290 106.873070 0.000000
v 107.431572 106.871307 0.000000
v 107.368408 106.875740 0.000000
v 107.383041 106.874939 0.000000
v 107.318596 106.875160 0.000000
v 107.333511 106.875336 0.000000
v 107.268135 106.871262 0.000000
v 107.283241 106.872429 0.000000
v 107.217300 106.863976 0.000000
v 107.232521 106.866158 0.000000
v 107.166359 106.853241 0.393875
v 107.217300 106.863976 0.393875
v 107.065277 106.821175 0.393875
v 107.268135 106.871262 0.393875
v 107.318596 106.875160 0.393875
v 107.770432 106.713005 0.000000
v 107.794998 106.681282 0.000000
v 107.770432 106.713005 0.393875
v 107.777786 106.703506 0.000000
v 107.794998 106.681282 0.393875
v 107.801170 106.671021 0.000000
v 107.815613 106.647003 0.000000
v 107.820526 106.635994 0.000000
v 107.832016 106.610245 0.000000
v 108.406395 107.328384 0.000000
v 108.338028 107.304436 0.000000
v 108.317406 107.296989 0.393875
v 108.579498 106.882332 0.393875
v 108.583870 106.898697 0.393875
v 108.578026 106.863167 0.393875
v 108.579445 106.840912 0.393875
v 108.579056 106.876595 0.000000
v 108.578026 106.863167 0.000000
v 108.579498 106.882332 0.000000
v 108.581711 106.890633 0.000000
v 108.582558 106.893799 0.000000
v 108.583870 106.898697 0.000000
v 108.723610 106.951286 0.000000
v 108.734184 106.947960 0.000000
v 108.716583 106.952805 0.000000
v 108.721786 106.951866 0.000000
v 108.598267 106.920647 0.000000
v 108.588966 106.908386 0.000000
v 108.643555 106.946167 0.000000
v 108.682510 106.954948 0.000000
v 108.610458 106.930840 0.000000
v 108.601311 106.924110 0.000000
v 108.625557 106.939255 0.000000
v 108.614372 106.933716 0.000000
v 108.630341 106.941628 0.000000
v 108.630341 106.941628 0.393875
v 108.649208 106.948105 0.393875
v 108.519104 107.362457 0.393875
v 108.649208 106.948105 0.000000
v 108.664452 106.951851 0.000000
v 108.670975 106.953445 0.393875
v 108.670975 106.953445 0.000000
v 108.687439 106.955589 0.393875
v 108.583031 107.378227 0.393875
v 108.687439 106.955589 0.000000
v 108.699326 106.955185 0.000000
v 108.704407 106.955009 0.393875
v 109.211220 107.335960 0.393875
v 108.704407 106.955009 0.000000
v 108.721786 106.951866 0.393875
v 108.739487 106.946289 0.393875
v 108.739487 106.946289 0.000000
v 108.752045 106.940781 0.000000
v 108.757416 106.938431 0.393875
v 108.757416 106.938431 0.000000
v 108.770081 106.931419 0.000000
v 108.775490 106.928429 0.393875
v 108.775490 106.928429 0.000000
v 108.788193 106.920021 0.000000
v 108.793617 106.916428 0.393875
v 108.793617 106.916428 0.000000
v 108.806297 106.906715 0.000000
v 108.811714 106.902565 0.393875
v 108.811714 106.902565 0.000000
v 108.836739 106.879654 0.000000
v 108.847435 106.869858 0.393875
v 108.847435 106.869858 0.000000
v 108.871613 106.842941 0.000000
v 108.881943 106.831436 0.393875
v 108.881943 106.831436 0.000000
v 108.914528 106.788460 0.393875
v 108.904770 106.801331 0.000000
v 108.935509 106.755951 0.000000
v 108.914528 106.788460 0.000000
v 109.019989 106.559738 0.000000
v 108.986870 106.658501 0.000000
v 108.580742 106.833244 0.000000
v 108.781471 106.345543 0.000000
v 108.688545 106.533875 0.000000
v 109.006477 106.389801 0.000000
v 109.029297 106.462250 0.000000
v 108.922508 106.288780 0.000000
v 108.963867 106.331985 0.000000
v 108.846817 106.273056 0.000000
v 108.888710 106.268761 0.000000
v 108.813263 106.301651 0.000000
v 108.831573 106.283676 0.000000
v 108.794250 106.326355 0.000000
v 108.807732 106.307632 0.000000
v 108.788483 106.334358 0.000000
v 108.788483 106.334358 0.393875
v 108.778473 106.350319 0.393875
v 108.778473 106.350319 0.000000
v 108.771248 106.362732 0.000000
v 108.768158 106.368034 0.393875
v 108.768158 106.368034 0.000000
v 108.760696 106.381699 0.000000
v 108.757515 106.387535 0.393875
v 108.757515 106.387535 0.000000
v 108.749786 106.402451 0.000000
v 108.746490 106.408829 0.393875
v 108.746490 106.408829 0.000000
v 108.738480 106.425026 0.000000
v 108.735054 106.431946 0.393875
v 108.735054 106.431946 0.000000
v 108.726730 106.449432 0.000000
v 108.723175 106.456902 0.393875
v 108.723175 106.456902 0.000000
v 108.714523 106.475693 0.000000
v 108.710823 106.483727 0.393875
v 108.710823 106.483727 0.000000
v 108.701805 106.503838 0.000000
v 108.697952 106.512436 0.393875
v 108.697952 106.512436 0.000000
v 108.684525 106.543045 0.393875
v 108.684525 106.543045 0.000000
v 108.674713 106.565842 0.000000
v 108.670517 106.575584 0.393875
v 108.670517 106.575584 0.000000
v 108.655319 106.611717 0.000000
v 108.648819 106.627159 0.393875
v 108.648819 106.627159 0.000000
v 108.635651 106.659782 0.000000
v 108.630020 106.673721 0.393875
v 108.630020 106.673721 0.000000
v 108.618874 106.703018 0.000000
v 108.614113 106.715538 0.393875
v 108.614113 106.715538 0.000000
v 108.604996 106.741707 0.000000
v 108.601105 106.752892 0.393875
v 108.601105 106.752892 0.000000
v 108.594017 106.776123 0.000000
v 108.590988 106.786049 0.393875
v 108.590988 106.786049 0.000000
v 108.585930 106.806541 0.000000
v 108.583771 106.815300 0.393875
v 108.583771 106.815300 0.000000
v 108.579445 106.840912 0.000000
v 108.578453 106.856499 0.000000
v 108.807732 106.307632 0.393875
v 108.883499 105.803307 0.393875
v 108.442429 105.614899 0.393875
v 108.826202 106.287674 0.393875
v 108.844162 106.274330 0.393875
v 108.853035 106.270081 0.393875
v 108.844162 106.274330 0.000000
v 108.826202 106.287674 0.000000
v 108.853035 106.270081 0.000000
v 108.855690 106.269287 0.000000
v 108.870773 106.266327 0.000000
v 108.861900 106.267418 0.000000
v 108.879700 106.266785 0.000000
v 108.882393 106.267372 0.000000
v 108.873444 106.266464 0.000000
v 108.870773 106.266327 0.393875
v 108.861900 106.267418 0.393875
v 108.934479 105.825508 0.393875
v 108.864555 106.267090 0.000000
v 108.883499 105.803307 0.000000
v 108.968719 105.841034 0.000000
v 108.983360 105.847672 0.000000
v 108.983360 105.847672 0.393875
v 109.016144 105.863190 0.000000
v 108.879700 106.266785 0.393875
v 108.888710 106.268761 0.393875
v 108.891441 106.269806 0.000000
v 108.897842 106.272247 0.000000
v 108.903465 106.275658 0.000000
v 108.897842 106.272247 0.393875
v 108.916618 106.283638 0.000000
v 108.916618 106.283638 0.393875
v 108.936295 106.300797 0.393875
v 108.936295 106.300797 0.000000
v 108.942551 106.307610 0.000000
v 108.957176 106.323547 0.000000
v 108.957176 106.323547 0.393875
v 108.979523 106.351730 0.393875
v 108.979523 106.351730 0.000000
v 108.986748 106.361740 0.000000
v 109.003639 106.385162 0.000000
v 109.003639 106.385162 0.393875
v 109.013123 106.400642 0.393875
v 109.389297 106.097221 0.393875
v 109.013123 106.400642 0.000000
v 109.015312 106.405754 0.000000
v 109.022003 106.423241 0.000000
v 109.020439 106.417702 0.000000
v 109.026634 106.442123 0.000000
v 109.028900 106.455986 0.000000
v 109.025665 106.436195 0.000000
v 109.025665 106.436195 0.393875
v 109.020439 106.417702 0.393875
v 109.414894 106.121193 0.393875
v 109.438713 106.145493 0.393875
v 109.499779 106.220718 0.393875
v 109.028900 106.455986 0.393875
v 109.030228 106.476921 0.000000
v 109.030228 106.476921 0.393875
v 109.030083 106.483490 0.000000
v 109.029076 106.505684 0.000000
v 109.029739 106.498856 0.000000
v 109.026367 106.528702 0.000000
v 109.023659 106.545181 0.000000
v 109.027519 106.521660 0.000000
v 109.027519 106.521660 0.393875
v 109.029739 106.498856 0.393875
v 109.023659 106.545181 0.393875
v 109.011383 106.593803 0.000000
v 109.011383 106.593803 0.393875
v 109.006065 106.608711 0.000000
v 108.993622 106.643593 0.000000
v 108.993622 106.643593 0.393875
v 109.589485 106.702843 0.393875
v 108.971085 106.693390 0.393875
v 108.971085 106.693390 0.000000
v 108.963120 106.707962 0.000000
v 108.944481 106.742065 0.000000
v 108.944481 106.742065 0.393875
v 109.518120 106.983513 0.393875
v 109.497063 107.031387 0.393875
v 109.473801 107.076485 0.393875
v 109.473801 107.076485 0.000000
v 109.455971 107.106125 0.000000
v 109.448349 107.118797 0.000000
v 109.448349 107.118797 0.393875
v 109.429016 107.146477 0.000000
v 109.420753 107.158310 0.000000
v 109.420753 107.158310 0.393875
v 109.399918 107.184021 0.000000
v 109.391014 107.195007 0.393875
v 109.391014 107.195007 0.000000
v 109.368706 107.218742 0.000000
v 109.363113 107.224686 0.000000
v 109.359177 107.228882 0.393875
v 109.359177 107.228882 0.000000
v 109.325249 107.259926 0.393875
v 109.325249 107.259926 0.000000
v 109.335403 107.250633 0.000000
v 109.289268 107.288132 0.000000
v 109.300041 107.279686 0.000000
v 109.262634 107.305885 0.000000
v 109.251251 107.313477 0.393875
v 109.251251 107.313477 0.000000
v 109.223206 107.329224 0.000000
v 109.211220 107.335960 0.000000
v 109.181786 107.349693 0.000000
v 109.169212 107.355560 0.393875
v 109.169212 107.355560 0.000000
v 109.125237 107.372276 0.000000
v 109.138405 107.367271 0.000000
v 109.093071 107.381958 0.000000
v 109.079323 107.386101 0.393875
v 109.079323 107.386101 0.000000
v 109.031502 107.397011 0.000000
v 109.045822 107.393738 0.000000
v 108.981796 107.404999 0.000000
v 108.996681 107.402603 0.000000
v 108.945663 107.408539 0.000000
v 108.930222 107.410057 0.393875
v 108.930222 107.410057 0.000000
v 108.876808 107.412170 0.000000
v 108.892807 107.411537 0.000000
v 108.838120 107.411583 0.000000
v 108.821587 107.411331 0.393875
v 108.821587 107.411331 0.000000
v 108.764572 107.407532 0.000000
v 108.781647 107.408669 0.000000
v 108.723389 107.402779 0.000000
v 108.705788 107.400749 0.393875
v 108.705788 107.400749 0.000000
v 108.663391 107.393913 0.000000
v 108.645271 107.390991 0.393875
v 108.645271 107.390991 0.000000
v 108.583031 107.378227 0.000000
v 108.601669 107.382050 0.000000
v 108.519104 107.362457 0.000000
v 108.538246 107.367180 0.000000
v 108.473145 107.349297 0.000000
v 108.453506 107.343666 0.393875
v 108.453506 107.343666 0.000000
v 108.386269 107.321854 0.393875
v 108.601311 106.924110 0.393875
v 108.614372 106.933716 0.393875
v 108.591141 106.912529 0.393875
v 108.591141 106.912529 0.000000
v 108.764572 107.407532 0.393875
v 108.876808 107.412170 0.393875
v 108.981796 107.404999 0.393875
v 109.031502 107.397011 0.393875
v 109.125237 107.372276 0.393875
v 109.289268 107.288132 0.393875
v 108.751427 105.746895 0.000000
v 108.354912 105.838692 0.000000
v 108.150154 106.362297 0.000000
v 107.826553 106.340973 0.393875
v 107.836815 106.376251 0.000000
v 107.817123 106.310982 0.393875
v 107.823730 106.331993 0.000000
v 107.814781 106.302773 0.000000
v 107.809303 106.283569 0.000000
v 107.817123 106.310982 0.000000
v 107.826553 106.340973 0.000000
v 107.807465 106.276070 0.000000
v 107.803162 106.258530 0.000000
v 107.803162 106.258530 0.393875
v 107.798752 106.235664 0.393875
v 107.796135 106.214775 0.393875
v 107.797966 106.229408 0.000000
v 107.795357 106.195663 0.393875
v 107.795898 106.209053 0.000000
v 107.796494 106.178131 0.393875
v 107.795700 106.190414 0.000000
v 107.799599 106.161980 0.393875
v 107.797424 106.173294 0.000000
v 107.510788 105.815636 0.393875
v 107.804726 106.147011 0.393875
v 107.482002 105.831863 0.393875
v 107.502167 105.820496 0.000000
v 107.302757 106.146408 0.393875
v 107.448944 105.846268 0.393875
v 107.412270 105.858276 0.393875
v 107.472107 105.836174 0.000000
v 107.448944 105.846268 0.000000
v 107.482002 105.831863 0.000000
v 107.437965 105.849861 0.000000
v 107.379349 105.865036 0.000000
v 107.402412 105.860298 0.000000
v 107.350502 105.871567 0.000000
v 107.370712 105.866989 0.000000
v 107.565102 105.720337 0.000000
v 107.567253 105.755249 0.000000
v 107.325577 105.878166 0.000000
v 107.343033 105.873543 0.000000
v 107.304420 105.885132 0.000000
v 107.319237 105.880249 0.000000
v 107.286880 105.892738 0.000000
v 107.299164 105.887405 0.000000
v 107.282669 105.895302 0.000000
v 107.286880 105.892738 0.393875
v 107.272820 105.901299 0.000000
v 107.272820 105.901299 0.393875
v 107.382286 105.716682 0.000000
v 107.386879 105.716576 0.000000
v 107.269600 105.904228 0.000000
v 107.370461 105.715858 0.000000
v 107.365402 105.715500 0.393875
v 107.262077 105.911087 0.000000
v 107.262077 105.911087 0.393875
v 107.365402 105.715500 0.000000
v 107.254494 105.922394 0.000000
v 107.259804 105.914467 0.000000
v 107.347130 105.712868 0.000000
v 107.352600 105.713661 0.000000
v 107.319061 105.706383 0.000000
v 107.307068 105.703606 0.393875
v 107.307068 105.703606 0.000000
v 107.253128 105.926323 0.000000
v 107.254494 105.922394 0.393875
v 107.263397 105.689590 0.000000
v 107.276474 105.693787 0.000000
v 107.249939 105.935524 0.000000
v 107.217415 105.671516 0.000000
v 107.231186 105.676926 0.000000
v 107.249435 105.940086 0.000000
v 107.249939 105.935524 0.393875
v 107.184494 105.656494 0.000000
v 107.170425 105.650078 0.393875
v 107.248245 105.950760 0.000000
v 107.170425 105.650078 0.000000
v 107.249275 105.968391 0.000000
v 107.248558 105.956039 0.000000
v 107.123703 105.625984 0.000000
v 107.137695 105.633202 0.000000
v 107.252861 105.988716 0.000000
v 107.250351 105.974480 0.000000
v 107.092079 105.607735 0.000000
v 107.078568 105.599930 0.393875
v 107.258873 106.012024 0.000000
v 107.254662 105.995697 0.000000
v 107.078568 105.599930 0.000000
v 107.261345 106.019981 0.000000
v 107.258873 106.012024 0.393875
v 107.048950 105.580795 0.000000
v 107.036301 105.572617 0.393875
v 107.267136 106.038597 0.000000
v 107.036301 105.572617 0.000000
v 107.270248 106.047623 0.000000
v 107.267136 106.038597 0.393875
v 106.998192 105.544731 0.000000
v 107.009605 105.553085 0.000000
v 106.965553 105.516983 0.000000
v 106.975327 105.525291 0.000000
v 106.951691 105.503380 0.393875
v 106.965553 105.516983 0.393875
v 106.998192 105.544731 0.393875
v 107.123703 105.625984 0.393875
v 107.474190 105.684372 0.393875
v 107.217415 105.671516 0.393875
v 107.263397 105.689590 0.393875
v 107.453186 105.692436 0.393875
v 107.347130 105.712868 0.393875
v 107.474190 105.684372 0.000000
v 107.480408 105.683311 0.000000
v 107.459473 105.690018 0.000000
v 107.453186 105.692436 0.000000
v 107.432716 105.705154 0.000000
v 107.425911 105.709000 0.000000
v 107.423004 105.710648 0.393875
v 107.423004 105.710648 0.000000
v 107.542747 105.692543 0.000000
v 107.414772 105.713234 0.000000
v 107.411247 105.714340 0.393875
v 107.411247 105.714340 0.000000
v 107.397621 105.716324 0.000000
v 107.401703 105.715729 0.000000
v 107.382286 105.716682 0.393875
v 107.397621 105.716324 0.393875
v 107.432716 105.705154 0.393875
v 107.438850 105.701347 0.000000
v 107.555885 105.704468 0.000000
v 107.520027 105.683250 0.000000
v 107.534958 105.688095 0.000000
v 107.500854 105.681099 0.000000
v 107.514671 105.681709 0.000000
v 107.494949 105.680840 0.000000
v 107.494949 105.680840 0.393875
v 107.514671 105.681709 0.393875
v 107.532562 105.686859 0.000000
v 107.540573 105.690994 0.000000
v 107.547836 105.696159 0.000000
v 107.549759 105.698006 0.000000
v 107.554245 105.702324 0.000000
v 107.554245 105.702324 0.393875
v 107.559708 105.709480 0.000000
v 107.561028 105.711922 0.000000
v 107.564125 105.717613 0.000000
v 107.567383 105.726707 0.000000
v 107.567383 105.726707 0.393875
v 107.568062 105.729195 0.000000
v 107.569717 105.737610 0.000000
v 107.569641 105.735023 0.000000
v 107.569420 105.746323 0.000000
v 107.568283 105.752541 0.000000
v 107.569908 105.743660 0.000000
v 107.564850 105.761589 0.000000
v 107.564850 105.761589 0.393875
v 107.561264 105.767082 0.000000
v 107.547409 105.785385 0.000000
v 107.552872 105.779938 0.000000
v 107.527489 105.803375 0.000000
v 107.510788 105.815636 0.000000
v 107.534622 105.798141 0.000000
v 107.534622 105.798141 0.393875
v 107.552872 105.779938 0.393875
v 107.821281 106.119812 0.393875
v 107.832832 106.107193 0.393875
v 107.846649 106.094955 0.393875
v 107.862778 106.082901 0.393875
v 107.846649 106.094955 0.000000
v 107.851479 106.091347 0.000000
v 107.836975 106.103523 0.000000
v 107.832832 106.107193 0.000000
v 107.824745 106.116035 0.000000
v 107.923119 106.046906 0.000000
v 107.868317 106.079292 0.000000
v 107.928978 106.043037 0.000000
v 107.806885 106.142822 0.000000
v 107.796135 106.214775 0.000000
v 107.798752 106.235664 0.000000
v 107.796494 106.178131 0.000000
v 107.795357 106.195663 0.000000
v 107.814735 106.129066 0.000000
v 107.801132 106.157494 0.000000
v 107.804726 106.147011 0.000000
v 107.799599 106.161980 0.000000
v 107.811935 106.133018 0.393875
v 107.811935 106.133018 0.000000
v 107.821281 106.119812 0.000000
v 107.908478 106.055077 0.000000
v 107.902222 106.058563 0.000000
v 107.887550 106.067169 0.000000
v 107.881279 106.070839 0.393875
v 107.881279 106.070839 0.000000
v 107.862778 106.082901 0.000000
v 107.277519 106.068741 0.393875
v 107.281219 106.078918 0.000000
v 107.379349 105.865036 0.393875
v 107.350502 105.871567 0.393875
v 107.412270 105.858276 0.000000
v 107.325577 105.878166 0.393875
v 107.252861 105.988716 0.393875
v 107.304420 105.885132 0.393875
v 107.249275 105.968391 0.393875
v 107.248245 105.950760 0.393875
v 107.289871 106.102737 0.393875
v 107.289871 106.102737 0.000000
v 107.302757 106.146408 0.000000
v 106.684959 106.085732 0.393875
v 106.667847 106.094261 0.393875
v 106.652390 106.104164 0.393875
v 106.626480 106.127953 0.393875
v 111.802063 102.086281 0.393875
v 111.275909 103.381218 0.000000
v 111.275909 103.381218 0.393875
v 111.232231 103.487228 0.000000
v 111.245308 103.455482 0.000000
v 111.203247 103.557426 0.000000
v 111.232231 103.487228 0.393875
v 111.190857 103.587425 0.000000
v 111.190857 103.587425 0.393875
v 111.183594 103.604965 0.000000
v 111.151695 103.681984 0.393875
v 111.163422 103.653671 0.000000
v 111.151695 103.681984 0.000000
v 111.114655 103.771072 0.000000
v 111.125748 103.744400 0.000000
v 111.090118 103.829773 0.000000
v 111.114655 103.771072 0.393875
v 111.079636 103.854866 0.000000
v 111.079636 103.854866 0.393875
v 111.056458 103.909973 0.000000
v 111.046555 103.933525 0.000000
v 111.046555 103.933525 0.393875
v 111.024666 103.985161 0.000000
v 111.015312 104.007233 0.000000
v 111.015312 104.007233 0.393875
v 110.985817 104.076149 0.000000
v 110.994644 104.055511 0.000000
v 110.966309 104.121201 0.000000
v 110.985817 104.076149 0.393875
v 110.939568 104.182396 0.000000
v 110.652634 103.366760 0.393875
v 110.285492 104.163109 0.000000
v 110.542702 103.605209 0.000000
v 110.648315 103.376129 0.000000
v 108.841934 103.288063 0.000000
v 109.129776 102.726929 0.000000
v 108.472519 104.089745 0.000000
v 108.732002 103.526512 0.000000
v 108.361618 104.330467 0.000000
v 109.099136 102.730164 0.393875
v 109.099136 102.730164 0.000000
v 109.003502 102.061272 0.393875
v 109.009789 102.063995 0.393875
v 109.001221 102.059761 0.393875
v 108.999519 102.058159 0.393875
v 109.002823 102.060822 0.000000
v 109.000710 102.059280 0.000000
v 109.007904 102.063179 0.000000
v 109.009789 102.063995 0.000000
v 109.015755 102.065643 0.000000
v 109.018311 102.066345 0.393875
v 110.262642 102.605583 0.393875
v 109.018311 102.066345 0.000000
v 109.025787 102.067741 0.000000
v 109.028976 102.068336 0.393875
v 109.028976 102.068336 0.000000
v 109.037918 102.069473 0.000000
v 109.041733 102.069962 0.393875
v 109.041733 102.069962 0.000000
v 109.052071 102.070862 0.000000
v 109.056488 102.071243 0.393875
v 109.056488 102.071243 0.000000
v 109.068184 102.071907 0.000000
v 109.073181 102.072189 0.393875
v 109.073181 102.072189 0.000000
v 109.086174 102.072617 0.000000
v 109.091728 102.072800 0.393875
v 109.091728 102.072800 0.000000
v 109.121399 102.072990 0.000000
v 109.134079 102.073067 0.393875
v 109.134079 102.073067 0.000000
v 109.168327 102.072403 0.000000
v 109.182961 102.072121 0.393875
v 109.182961 102.072121 0.000000
v 109.221352 102.070663 0.000000
v 109.237762 102.070038 0.393875
v 109.237762 102.070038 0.000000
v 109.279877 102.067825 0.000000
v 109.297882 102.066879 0.393875
v 109.297882 102.066879 0.000000
v 109.343307 102.063965 0.000000
v 109.362717 102.062721 0.393875
v 109.362717 102.062721 0.000000
v 109.411034 102.059158 0.000000
v 109.431686 102.057632 0.393875
v 109.431686 102.057632 0.000000
v 109.482460 102.053467 0.000000
v 109.504166 102.051689 0.393875
v 109.504166 102.051689 0.000000
v 109.556992 102.046974 0.000000
v 109.579575 102.044960 0.393875
v 109.579575 102.044960 0.000000
v 109.634026 102.039749 0.000000
v 109.657295 102.037514 0.393875
v 109.657295 102.037514 0.000000
v 109.712952 102.031853 0.000000
v 109.736740 102.029427 0.393875
v 109.736740 102.029427 0.000000
v 109.849991 102.016945 0.000000
v 109.898392 102.011612 0.393875
v 109.898392 102.011612 0.000000
v 110.011414 101.997925 0.000000
v 110.059723 101.992073 0.393875
v 110.059723 101.992073 0.000000
v 110.115097 101.984901 0.000000
v 110.138771 101.981842 0.393875
v 110.138771 101.981842 0.000000
v 110.192825 101.974518 0.000000
v 110.215935 101.971390 0.393875
v 110.215935 101.971390 0.000000
v 110.268257 101.963966 0.000000
v 110.290619 101.960800 0.393875
v 110.290619 101.960800 0.000000
v 110.340782 101.953323 0.000000
v 110.362221 101.950134 0.393875
v 110.347198 102.597008 0.393875
v 110.362221 101.950134 0.000000
v 110.409805 101.942657 0.000000
v 110.430145 101.939461 0.393875
v 110.428375 102.589203 0.393875
v 110.430145 101.939461 0.000000
v 110.474724 101.932037 0.000000
v 110.493782 101.928864 0.393875
v 110.505661 102.582184 0.393875
v 110.493782 101.928864 0.000000
v 110.534950 101.921539 0.000000
v 110.552544 101.918404 0.393875
v 110.578545 102.575974 0.393875
v 110.552544 101.918404 0.000000
v 110.589867 101.911232 0.000000
v 110.605820 101.908165 0.393875
v 110.605820 101.908165 0.000000
v 110.638885 101.901184 0.000000
v 110.653015 101.898201 0.393875
v 110.646515 102.570587 0.393875
v 110.653015 101.898201 0.000000
v 110.681396 101.891472 0.000000
v 110.693535 101.888596 0.393875
v 110.709068 102.566048 0.393875
v 110.693535 101.888596 0.000000
v 110.705833 101.885338 0.000000
v 110.711098 101.883949 0.393875
v 110.765694 102.562378 0.393875
v 110.711098 101.883949 0.000000
v 110.722076 101.880775 0.000000
v 110.726768 101.879417 0.393875
v 110.726768 101.879417 0.000000
v 110.736359 101.876328 0.000000
v 110.740463 101.875008 0.393875
v 110.815880 102.559593 0.393875
v 110.740463 101.875008 0.000000
v 110.748627 101.872009 0.000000
v 110.752113 101.870735 0.393875
v 110.752113 101.870735 0.000000
v 110.758797 101.867836 0.000000
v 110.761650 101.866600 0.393875
v 110.838402 102.558540 0.393875
v 110.761650 101.866600 0.000000
v 110.766785 101.863815 0.000000
v 110.768982 101.862617 0.393875
v 110.877975 102.557114 0.393875
v 110.768982 101.862617 0.000000
v 110.772537 101.859940 0.000000
v 110.774048 101.858795 0.393875
v 110.922722 102.556747 0.393875
v 110.774048 101.858795 0.000000
v 110.775711 101.856949 0.000000
v 110.775711 101.856949 0.393875
v 110.948410 102.558540 0.393875
v 110.776772 101.855148 0.393875
v 110.952438 102.559631 0.393875
v 110.776451 101.855690 0.000000
v 110.777214 101.853508 0.393875
v 110.777214 101.853508 0.000000
v 110.768311 101.823364 0.000000
v 110.775215 101.841148 0.000000
v 110.623634 101.585686 0.000000
v 110.733551 101.758194 0.000000
v 109.912445 100.635559 0.000000
v 110.264252 101.092102 0.000000
v 108.637589 100.538727 0.000000
v 109.715172 100.444847 0.000000
v 107.969559 100.670036 0.000000
v 108.103828 100.615250 0.000000
v 108.566582 101.510139 0.000000
v 108.118523 100.894203 0.000000
v 108.896286 101.938118 0.000000
v 108.752022 101.754807 0.000000
v 108.988220 102.046310 0.000000
v 108.952194 102.005524 0.000000
v 108.996986 102.055527 0.000000
v 108.991058 102.049377 0.000000
v 108.999519 102.058159 0.000000
v 108.991058 102.049377 0.393875
v 108.981590 102.039139 0.393875
v 108.959793 102.014481 0.393875
v 108.981590 102.039139 0.000000
v 108.975060 102.031754 0.000000
v 108.959793 102.014481 0.000000
v 108.934418 101.984573 0.393875
v 108.934418 101.984573 0.000000
v 108.905762 101.949844 0.393875
v 108.874115 101.910675 0.393875
v 108.925835 101.974174 0.000000
v 108.905762 101.949844 0.000000
v 108.874115 101.910675 0.000000
v 108.863838 101.897743 0.000000
v 108.839783 101.867485 0.393875
v 108.839783 101.867485 0.000000
v 108.803040 101.820671 0.393875
v 108.764198 101.770630 0.393875
v 108.828781 101.853470 0.000000
v 108.803040 101.820671 0.000000
v 108.791412 101.805687 0.000000
v 108.764198 101.770630 0.000000
v 108.723541 101.717781 0.393875
v 108.723541 101.717781 0.000000
v 108.681358 101.662514 0.393875
v 108.710907 101.701233 0.000000
v 108.681358 101.662514 0.000000
v 108.668365 101.645363 0.000000
v 108.624680 101.587608 0.000000
v 108.593620 101.546356 0.000000
v 108.637955 101.605240 0.000000
v 108.637955 101.605240 0.393875
v 108.593620 101.546356 0.393875
v 108.503319 101.425400 0.393875
v 108.503319 101.425400 0.000000
v 108.476219 101.388710 0.000000
v 108.412811 101.302856 0.393875
v 108.412811 101.302856 0.000000
v 107.880196 101.666901 0.393875
v 108.324448 101.181976 0.393875
v 107.830040 101.599342 0.393875
v 108.386353 101.266663 0.000000
v 108.324448 101.181976 0.000000
v 108.269447 101.106033 0.000000
v 108.311676 101.164360 0.000000
v 108.189804 100.995010 0.000000
v 108.152977 100.943130 0.000000
v 108.228729 101.049446 0.000000
v 108.201042 101.010803 0.000000
v 108.240562 101.065964 0.000000
v 108.240562 101.065964 0.393875
v 108.281799 101.123161 0.393875
v 107.781570 101.534584 0.393875
v 108.281799 101.123161 0.000000
v 107.830040 101.599342 0.000000
v 107.781570 101.534584 0.000000
v 107.735023 101.472931 0.393875
v 107.748955 101.491386 0.000000
v 107.703941 101.432121 0.000000
v 107.735023 101.472931 0.000000
v 107.661278 101.376472 0.000000
v 107.690659 101.414680 0.000000
v 107.648720 101.360138 0.000000
v 107.648720 101.360138 0.393875
v 107.609467 101.309616 0.393875
v 107.609467 101.309616 0.000000
v 107.573151 101.263420 0.393875
v 107.584023 101.277252 0.000000
v 107.549942 101.234299 0.000000
v 107.573151 101.263420 0.000000
v 107.519218 101.196190 0.000000
v 107.540024 101.221855 0.000000
v 107.510330 101.185219 0.000000
v 107.510330 101.185219 0.393875
v 107.484329 101.153816 0.393875
v 107.484329 101.153816 0.000000
v 107.462273 101.127960 0.393875
v 107.468872 101.135704 0.000000
v 107.455635 101.120430 0.000000
v 107.462273 101.127960 0.000000
v 107.446915 101.110725 0.000000
v 107.452797 101.117210 0.000000
v 107.444405 101.107956 0.000000
v 107.444405 101.107956 0.393875
v 107.437119 101.100243 0.393875
v 107.437119 101.100243 0.000000
v 107.430984 101.094101 0.393875
v 107.432823 101.095940 0.000000
v 107.427505 101.090935 0.000000
v 107.430984 101.094101 0.000000
v 107.423386 101.087570 0.000000
v 107.426018 101.089577 0.000000
v 107.422256 101.086708 0.000000
v 107.422256 101.086708 0.393875
v 107.420837 101.085907 0.393875
v 107.418892 101.085785 0.393875
v 107.963043 100.653267 0.393875
v 107.419731 101.085526 0.000000
v 107.418480 101.086075 0.000000
v 107.416481 101.088844 0.000000
v 107.417076 101.088020 0.000000
v 107.413742 101.093460 0.000000
v 107.414558 101.092079 0.000000
v 107.411324 101.097954 0.000000
v 107.413742 101.093460 0.393875
v 107.410286 101.099869 0.393875
v 107.407379 101.105583 0.000000
v 107.406136 101.108025 0.000000
v 107.406136 101.108025 0.393875
v 107.402748 101.114929 0.000000
v 107.401306 101.117882 0.393875
v 107.401306 101.117882 0.000000
v 107.395813 101.129387 0.393875
v 107.416481 101.088844 0.393875
v 107.964134 100.651886 0.393875
v 107.962967 100.653549 0.000000
v 107.965836 100.650467 0.393875
v 107.965836 100.650467 0.000000
v 107.971024 100.647484 0.393875
v 107.971024 100.647484 0.000000
v 107.978531 100.644318 0.393875
v 107.978531 100.644318 0.000000
v 107.988266 100.640984 0.393875
v 107.988266 100.640984 0.000000
v 108.000168 100.637482 0.393875
v 108.014160 100.633827 0.393875
v 108.000168 100.637482 0.000000
v 108.004356 100.636391 0.000000
v 107.991829 100.639931 0.000000
v 108.018944 100.632690 0.000000
v 108.014160 100.633827 0.000000
v 108.054001 100.624878 0.000000
v 108.074310 100.620781 0.000000
v 108.035522 100.628853 0.000000
v 108.048080 100.626099 0.000000
v 108.030151 100.630028 0.000000
v 108.030151 100.630028 0.393875
v 108.048080 100.626099 0.393875
v 108.067856 100.622032 0.393875
v 108.067856 100.622032 0.000000
v 108.089417 100.617851 0.000000
v 108.089417 100.617851 0.393875
v 108.137558 100.609161 0.000000
v 108.137558 100.609161 0.393875
v 108.153824 100.606445 0.000000
v 108.209824 100.597290 0.000000
v 108.191887 100.600090 0.000000
v 108.337395 100.578178 0.000000
v 108.271217 100.587845 0.000000
v 108.481613 100.558479 0.000000
v 108.558441 100.548576 0.000000
v 108.407730 100.568367 0.000000
v 108.458839 100.561447 0.000000
v 108.385887 100.571327 0.000000
v 108.385887 100.571327 0.393875
v 108.316666 100.581108 0.393875
v 108.316666 100.581108 0.000000
v 108.251801 100.590721 0.393875
v 108.251801 100.590721 0.000000
v 108.191887 100.600090 0.393875
v 108.458839 100.561447 0.393875
v 108.534912 100.551529 0.393875
v 108.534912 100.551529 0.000000
v 108.613495 100.541656 0.000000
v 108.613495 100.541656 0.393875
v 108.693970 100.531883 0.000000
v 108.693970 100.531883 0.393875
v 108.743126 100.526207 0.000000
v 108.907356 100.507629 0.000000
v 108.858139 100.512932 0.000000
v 109.126877 100.484711 0.000000
v 109.046684 100.492767 0.000000
v 109.421768 100.458549 0.000000
v 109.280731 100.470276 0.000000
v 109.639687 100.445526 0.000000
v 109.681129 100.444611 0.000000
v 109.545097 100.450073 0.000000
v 109.598579 100.447227 0.000000
v 109.485954 100.453873 0.000000
v 109.528534 100.451019 0.000000
v 109.467758 100.455093 0.000000
v 109.467758 100.455093 0.393875
v 109.402115 100.460030 0.393875
v 109.402115 100.460030 0.000000
v 109.332230 100.465759 0.393875
v 109.353157 100.464043 0.000000
v 109.332230 100.465759 0.000000
v 109.258713 100.472206 0.393875
v 109.258713 100.472206 0.000000
v 109.182182 100.479317 0.393875
v 109.205093 100.477188 0.000000
v 109.182182 100.479317 0.000000
v 109.103241 100.487015 0.393875
v 109.103241 100.487015 0.000000
v 109.022514 100.495224 0.393875
v 109.022514 100.495224 0.000000
v 108.858139 100.512932 0.393875
v 109.272919 99.830017 0.393875
v 109.384346 99.820503 0.393875
v 109.528534 100.451019 0.393875
v 109.583839 100.447868 0.000000
v 109.583839 100.447868 0.393875
v 109.633064 100.445724 0.000000
v 109.633064 100.445724 0.393875
v 109.655197 100.445053 0.000000
v 109.655197 100.445053 0.393875
v 109.661301 100.444931 0.000000
v 109.675575 100.444649 0.000000
v 109.675575 100.444649 0.393875
v 109.694130 100.444534 0.393875
v 109.694130 100.444534 0.000000
v 109.699120 100.444588 0.000000
v 109.710777 100.444710 0.000000
v 109.710777 100.444710 0.393875
v 109.725449 100.445183 0.393875
v 109.725449 100.445183 0.000000
v 109.729218 100.445419 0.000000
v 109.741188 100.446304 0.000000
v 109.738052 100.445969 0.000000
v 109.758568 100.449036 0.000000
v 109.750992 100.447502 0.000000
v 109.774002 100.460716 0.000000
v 109.767090 100.453133 0.000000
v 109.805092 100.498718 0.000000
v 109.851326 100.557198 0.000000
v 109.785706 100.474709 0.000000
v 109.793282 100.484009 0.000000
v 109.779274 100.466934 0.000000
v 109.783539 100.472061 0.000000
v 109.777451 100.464737 0.000000
v 109.777451 100.464737 0.393875
v 109.772530 100.458992 0.393875
v 109.772530 100.458992 0.000000
v 109.768822 100.454865 0.393875
v 109.769936 100.456100 0.000000
v 109.768822 100.454865 0.000000
v 109.766922 100.450401 0.393875
v 109.766357 100.452393 0.000000
v 109.764854 100.449509 0.393875
v 109.765305 100.451622 0.000000
v 109.762749 100.450279 0.000000
v 109.762749 100.450279 0.393875
v 109.756783 100.448509 0.393875
v 109.756783 100.448509 0.000000
v 109.748520 100.447075 0.393875
v 109.748520 100.447075 0.000000
v 109.738052 100.445969 0.393875
v 109.883606 99.793663 0.393875
v 110.093628 99.892059 0.393875
v 110.248085 100.062904 0.393875
v 110.412453 100.258354 0.393875
v 109.783539 100.472061 0.393875
v 109.790779 100.480911 0.393875
v 109.799133 100.491249 0.393875
v 109.790779 100.480911 0.000000
v 109.799133 100.491249 0.000000
v 109.819046 100.516205 0.000000
v 109.819046 100.516205 0.393875
v 109.826218 100.525299 0.000000
v 109.843010 100.546585 0.000000
v 109.843010 100.546585 0.393875
v 109.870781 100.582039 0.393875
v 109.902092 100.622215 0.393875
v 109.870781 100.582039 0.000000
v 109.880157 100.594063 0.000000
v 109.902092 100.622215 0.000000
v 109.936676 100.666771 0.000000
v 109.936676 100.666771 0.393875
v 109.947945 100.681320 0.000000
v 109.986382 100.731010 0.000000
v 109.974289 100.715355 0.000000
v 110.071037 100.840775 0.000000
v 110.027496 100.784279 0.000000
v 110.164360 100.962067 0.000000
v 110.213615 101.026161 0.000000
v 110.116745 100.900154 0.000000
v 110.149742 100.943047 0.000000
v 110.102646 100.881821 0.000000
v 110.102646 100.881821 0.393875
v 110.057533 100.823227 0.393875
v 110.057533 100.823227 0.000000
v 110.014664 100.767624 0.393875
v 110.014664 100.767624 0.000000
v 109.974289 100.715355 0.393875
v 110.149742 100.943047 0.393875
v 110.198555 101.006561 0.393875
v 110.248840 101.072021 0.393875
v 110.198555 101.006561 0.000000
v 110.248840 101.072021 0.000000
v 110.300323 101.139076 0.000000
v 110.300323 101.139076 0.393875
v 110.315651 101.159210 0.000000
v 110.366318 101.226074 0.000000
v 110.351517 101.206314 0.000000
v 110.461914 101.355377 0.000000
v 110.415154 101.291588 0.000000
v 110.548317 101.476250 0.000000
v 110.587479 101.532585 0.000000
v 110.506386 101.417053 0.000000
v 110.536324 101.459106 0.000000
v 110.493584 101.399086 0.000000
v 110.493584 101.399086 0.393875
v 110.448380 101.336693 0.393875
v 110.448380 101.336693 0.000000
v 110.400948 101.272316 0.393875
v 110.400948 101.272316 0.000000
v 110.351517 101.206314 0.393875
v 110.972252 100.976479 0.393875
v 110.536324 101.459106 0.393875
v 110.576363 101.516373 0.393875
v 110.576363 101.516373 0.000000
v 110.613472 101.570526 0.000000
v 110.613472 101.570526 0.393875
v 110.647415 101.621170 0.000000
v 110.647415 101.621170 0.393875
v 110.656555 101.635178 0.000000
v 110.686005 101.680672 0.000000
v 110.677948 101.667946 0.000000
v 110.711746 101.721802 0.000000
v 110.727882 101.748344 0.000000
v 110.704849 101.710457 0.000000
v 110.704849 101.710457 0.393875
v 110.677948 101.667946 0.393875
v 110.727882 101.748344 0.393875
v 110.746803 101.781227 0.393875
v 110.746803 101.781227 0.000000
v 110.749153 101.785553 0.000000
v 110.756676 101.799583 0.000000
v 110.754654 101.795670 0.000000
v 110.763069 101.812202 0.000000
v 110.766983 101.820335 0.000000
v 110.761391 101.808723 0.000000
v 110.761391 101.808723 0.393875
v 110.754654 101.795670 0.393875
v 110.766983 101.820335 0.393875
v 110.771400 101.830460 0.393875
v 110.771400 101.830460 0.000000
v 110.772369 101.833031 0.000000
v 110.774620 101.839050 0.000000
v 110.774620 101.839050 0.393875
v 110.776611 101.846062 0.393875
v 110.777336 101.851440 0.393875
v 110.776611 101.846062 0.000000
v 110.776825 101.847672 0.000000
v 110.777336 101.851440 0.000000
v 110.954521 102.560600 0.393875
v 110.956055 102.562729 0.393875
v 110.956055 102.562729 0.000000
v 110.956772 102.564774 0.393875
v 110.957489 102.570366 0.393875
v 110.956772 102.564774 0.000000
v 110.956985 102.566452 0.000000
v 110.957420 102.572624 0.000000
v 110.957489 102.570366 0.000000
v 110.943970 102.557953 0.000000
v 110.952438 102.559631 0.000000
v 110.922722 102.556747 0.000000
v 110.933487 102.557098 0.000000
v 110.859123 102.557709 0.000000
v 110.894905 102.556755 0.000000
v 110.712837 103.230255 0.000000
v 110.919182 102.715958 0.000000
v 110.598900 102.574364 0.000000
v 110.726028 102.564949 0.000000
v 110.287964 102.603012 0.000000
v 110.451523 102.587105 0.000000
v 110.112289 102.621941 0.000000
v 110.201385 102.612114 0.000000
v 109.993744 102.635712 0.000000
v 110.085403 102.624954 0.000000
v 109.367012 102.701881 0.000000
v 110.677879 103.309906 0.000000
v 110.652634 103.366760 0.000000
v 110.688667 103.285606 0.000000
v 110.688667 103.285606 0.393875
v 110.723175 103.206596 0.393875
v 110.723175 103.206596 0.000000
v 110.755966 103.130157 0.393875
v 110.746147 103.153046 0.000000
v 110.777641 103.078697 0.000000
v 110.755966 103.130157 0.000000
v 110.834511 102.940231 0.000000
v 110.807152 103.007622 0.000000
v 110.882126 102.818207 0.000000
v 110.859558 102.876961 0.000000
v 110.902061 102.764404 0.000000
v 110.888664 102.801033 0.000000
v 110.907784 102.748749 0.000000
v 110.907784 102.748749 0.393875
v 110.924049 102.701942 0.393875
v 110.924049 102.701942 0.000000
v 110.937302 102.661041 0.393875
v 110.933334 102.673286 0.000000
v 110.941109 102.648354 0.000000
v 110.937302 102.661041 0.000000
v 110.950012 102.616089 0.000000
v 110.945976 102.631386 0.000000
v 110.955498 102.590706 0.000000
v 110.953194 102.602516 0.000000
v 110.956917 102.580727 0.000000
v 110.956116 102.587334 0.000000
v 110.957260 102.577904 0.000000
v 110.957260 102.577904 0.393875
v 110.956116 102.587334 0.393875
v 110.954063 102.598602 0.393875
v 110.954063 102.598602 0.000000
v 110.951141 102.611664 0.000000
v 110.951141 102.611664 0.393875
v 110.947357 102.626450 0.000000
v 110.947357 102.626450 0.393875
v 110.942734 102.642929 0.000000
v 110.942734 102.642929 0.393875
v 110.888664 102.801033 0.393875
v 110.866844 102.858391 0.393875
v 110.842506 102.920403 0.393875
v 110.866844 102.858391 0.000000
v 110.842506 102.920403 0.000000
v 110.815804 102.986641 0.000000
v 110.815804 102.986641 0.393875
v 110.786903 103.056702 0.000000
v 110.786903 103.056702 0.393875
v 109.993744 102.635712 0.393875
v 110.021187 102.632484 0.000000
v 110.085403 102.624954 0.393875
v 110.175201 102.614899 0.393875
v 110.175201 102.614899 0.000000
v 110.262642 102.605583 0.000000
v 110.347198 102.597008 0.000000
v 110.371506 102.594673 0.000000
v 110.428375 102.589203 0.000000
v 110.505661 102.582184 0.000000
v 110.527489 102.580322 0.000000
v 110.578545 102.575974 0.000000
v 110.646515 102.570587 0.000000
v 110.665245 102.569229 0.000000
v 110.709068 102.566048 0.000000
v 110.765694 102.562378 0.000000
v 110.780724 102.561546 0.000000
v 110.822624 102.559273 0.000000
v 110.838402 102.558540 0.000000
v 110.815880 102.559593 0.000000
v 110.844604 102.558289 0.000000
v 110.859123 102.557709 0.393875
v 110.864769 102.557533 0.000000
v 110.877975 102.557114 0.000000
v 110.883041 102.557007 0.000000
v 110.894905 102.556755 0.393875
v 110.899376 102.556717 0.000000
v 110.909843 102.556633 0.393875
v 110.909843 102.556633 0.000000
v 110.925949 102.556847 0.000000
v 110.913696 102.556664 0.000000
v 110.933487 102.557098 0.393875
v 110.936058 102.557281 0.000000
v 110.942070 102.557693 0.393875
v 110.942070 102.557693 0.000000
v 110.948410 102.558540 0.000000
v 110.949615 102.558868 0.000000
v 110.954079 102.560287 0.000000
v 110.955093 102.561180 0.000000
v 109.990341 99.801712 0.393875
v 107.981445 100.643318 0.000000
v 107.963028 100.655136 0.000000
v 107.966171 100.663376 0.000000
v 107.964394 100.659485 0.000000
v 107.966934 100.665047 0.000000
v 107.966934 100.665047 0.393875
v 107.970680 100.672173 0.393875
v 107.970680 100.672173 0.000000
v 107.974113 100.678230 0.000000
v 107.975586 100.680817 0.393875
v 107.452797 101.117210 0.393875
v 107.975586 100.680817 0.000000
v 107.979805 100.687897 0.000000
v 107.981613 100.690926 0.393875
v 107.981613 100.690926 0.000000
v 107.992317 100.708023 0.000000
v 107.996895 100.715332 0.393875
v 107.996895 100.715332 0.000000
v 108.010445 100.736122 0.000000
v 108.016235 100.745003 0.393875
v 108.016235 100.745003 0.000000
v 108.032417 100.769188 0.000000
v 108.039337 100.779526 0.393875
v 107.540024 101.221855 0.393875
v 108.039337 100.779526 0.000000
v 108.057953 100.806831 0.000000
v 108.065910 100.818497 0.393875
v 108.065910 100.818497 0.000000
v 108.086754 100.848633 0.000000
v 108.095665 100.861511 0.393875
v 108.095665 100.861511 0.000000
v 108.128296 100.908173 0.393875
v 108.128296 100.908173 0.000000
v 108.163521 100.958069 0.393875
v 108.163521 100.958069 0.000000
v 108.201042 101.010803 0.393875
v 107.690659 101.414680 0.393875
v 107.964394 100.659485 0.393875
v 107.426018 101.089577 0.393875
v 107.963081 100.655540 0.393875
v 107.963997 100.658302 0.000000
v 107.964645 100.651466 0.000000
v 107.967392 100.649574 0.000000
v 107.973274 100.646538 0.000000
v 107.880196 101.666901 0.000000
v 130.732834 94.900604 39.220348
v 133.828613 107.754013 38.407330
v 141.557007 95.971687 39.380699
v 141.536377 95.615433 33.491867
v 138.748627 106.822533 38.480228
v 141.637421 103.169891 32.862274
v 133.691559 104.674088 32.800301
v 133.590500 94.829239 33.429909
v 135.138000 96.875008 9.266617
v 141.865326 95.334412 9.274883
v 144.476898 101.332840 5.420372
v 144.933563 100.994865 2.681015
v 138.379272 104.750114 5.412102
v 139.785080 108.619682 5.847340
v 134.727036 95.344963 4.970444
v 137.575012 104.563988 2.672379
v 141.341614 93.998642 4.977676
v 140.868591 93.504814 0.000000
v 145.135315 100.903549 0.000000
v 146.590454 104.698402 3.252792
v 146.902298 104.546143 0.000000
v 145.882721 105.202408 5.855606
v 148.065582 108.789261 5.012199
v 141.967957 112.206543 5.003929
v 141.871521 113.425392 2.289909
v 139.231888 108.267517 3.244148
v 141.081177 114.060509 0.000000
v 138.908920 107.963417 0.000000
v 137.141937 104.320824 0.000000
v 134.929611 94.542320 0.000000
v 149.774078 110.415955 0.000000
v 149.230072 109.856270 2.298546
v 146.947937 99.909187 79.855125
v 145.422485 106.463203 79.538956
v 147.576767 104.556633 66.957535
v 141.014618 105.482399 78.062889
v 144.533600 104.169540 66.062180
v 144.945557 100.498047 65.754250
v 148.540283 100.929756 66.571663
v 149.470016 99.667534 63.118660
v 149.162445 107.220665 63.479385
v 145.599869 106.414528 62.772499
v 145.859756 108.010872 60.486328
v 145.426880 98.768486 62.479649
v 147.095062 99.045815 57.783768
v 150.985352 99.944870 58.300461
v 149.964752 107.646500 58.477417
v 149.969681 106.360199 53.879055
v 148.440582 108.665970 61.783440
v 149.571274 109.020401 58.267441
v 146.366562 110.359879 56.693390
v 148.050232 110.875526 57.012486
v 147.376389 109.760574 55.057735
v 146.990463 108.365303 56.970322
v 149.060059 110.276222 55.376820
v 146.555008 106.840363 57.892834
v 148.955933 100.766693 53.104927
v 148.750107 105.826714 53.406059
v 150.419342 101.361664 53.459251
v 150.287827 102.501495 52.389008
v 150.049896 105.146118 52.611122
v 149.404648 104.863861 52.360859
v 149.513550 102.186699 52.201534
v 104.288124 99.315781 84.096725
v 105.769073 105.549057 83.470230
v 103.052078 99.909195 79.855125
v 104.577530 106.463211 79.538963
v 108.249344 99.357056 78.656616
v 101.459740 100.929771 66.571663
v 109.667320 104.615044 82.105904
v 108.985374 105.482407 78.062897
v 105.054497 100.498062 65.754250
v 105.466423 104.169556 66.062172
v 102.423248 104.556641 66.957520
v 104.400131 106.414543 62.772484
v 100.837547 107.220673 63.479385
v 100.529991 99.667549 63.118649
v 100.035263 107.646515 58.477409
v 104.573143 98.768501 62.479637
v 99.014648 99.944885 58.300446
v 102.904961 99.045837 57.783756
v 103.444984 106.840378 57.892830
v 101.044067 100.766716 53.104916
v 103.009544 108.365318 56.970325
v 100.428734 109.020416 58.267441
v 104.140228 108.010887 60.486328
v 102.623642 109.760590 55.057735
v 101.559418 108.665985 61.783440
v 103.633461 110.359894 56.693390
v 101.949791 110.875542 57.012486
v 101.249901 105.826736 53.406052
v 100.030319 106.360222 53.879055
v 100.595352 104.863884 52.360855
v 99.580658 101.361687 53.459251
v 99.950104 105.146141 52.611115
v 99.712196 102.501511 52.389011
v 100.486450 102.186722 52.201530
v 100.939957 110.276237 55.376823
v 131.218140 99.445221 129.801147
v 130.993683 105.621536 132.693344
v 129.670532 105.621536 133.131744
v 131.218140 106.111893 129.801147
v 129.670532 108.310547 133.131744
v 127.937744 99.445221 130.888062
v 131.656586 101.271080 133.199448
v 129.749023 101.271080 133.831482
v 129.670532 105.621536 133.131744
v 130.993683 108.310547 132.693344
v 127.937744 106.111893 130.888062
v 129.670532 108.310547 133.131744
v 130.993683 108.310547 132.693344
v 127.937744 99.445221 130.888062
v 129.409439 112.384323 132.119080
v 130.528458 112.384323 131.748306
v 129.165649 114.125504 131.292542
v 127.223045 111.216156 128.465088
v 130.012421 113.626411 131.103271
v 129.165649 114.125504 131.292542
v 129.409439 112.384323 132.119080
v 130.012421 113.626411 131.103271
v 129.705383 109.753067 127.910217
v 130.528458 112.384323 131.748306
v 127.937744 106.111893 130.888062
v 127.796089 105.716827 133.310104
v 127.937744 99.445221 130.888062
v 127.796089 108.186073 133.310104
v 127.796089 105.716827 133.310104
v 126.707993 108.186073 133.670639
v 127.796089 108.186073 133.310104
v 126.707993 105.716827 133.670639
v 127.223045 111.216156 128.465088
v 126.967133 112.962914 132.260071
v 127.937744 106.111893 130.888062
v 126.759277 114.447449 131.555389
v 126.967133 112.962914 132.260071
v 126.112724 114.828522 131.699905
v 126.759277 114.447449 131.555389
v 126.112724 112.962914 132.543167
v 130.410400 99.520264 132.246475
v 129.749023 101.271080 133.831482
v 131.656586 101.271080 133.199448
v 129.160278 98.940178 132.762497
v 121.647133 109.569565 106.623344
v 116.638809 111.391876 116.902878
v 125.000008 117.568924 117.154968
v 120.521782 106.111893 105.800232
v 125.000008 114.052063 121.449905
v 125.000000 112.015671 105.997238
v 128.352875 109.569565 106.623344
v 125.000000 108.407211 106.338348
v 125.000000 109.046112 101.028069
v 129.478226 106.111893 105.800232
v 119.528564 107.197479 100.976799
v 125.000000 112.918213 95.307838
v 121.600876 100.506569 106.885986
v 115.126068 106.111893 116.902847
v 117.902489 97.849167 102.701889
v 108.854210 107.671646 99.062775
v 125.000000 99.445221 107.257874
v 123.124580 98.027779 107.817230
v 125.000000 96.787827 101.993752
v 119.062706 93.307632 96.568741
v 132.095490 97.849167 102.700798
v 130.937302 93.307632 96.568726
v 128.399139 100.506569 106.885986
v 130.471436 107.197479 100.976799
v 126.875427 98.027779 107.817230
v 128.613083 100.381119 106.717209
v 125.886040 97.253670 107.697563
v 127.028801 97.826401 107.656235
v 125.000000 96.285072 107.471306
v 125.966621 96.993279 107.572243
v 124.113968 97.253670 107.697563
v 124.033386 96.993279 107.572243
v 122.971207 97.826401 107.656235
v 117.085297 94.193375 116.825172
v 121.386925 100.381119 106.717209
v 114.869057 99.316086 116.817589
v 115.126068 99.445221 116.902855
v 115.000008 106.111893 123.556168
v 115.000008 99.445229 123.556168
v 119.062370 110.872856 123.980873
v 130.937653 110.872849 123.980881
v 133.361191 111.391876 116.902863
v 134.873932 106.111900 116.902855
v 135.000000 106.111893 123.556175
v 131.341705 106.145187 130.072479
v 134.873932 99.445229 116.902855
v 135.000000 99.445229 123.556168
v 135.147278 106.111893 123.817528
v 135.262680 99.351456 123.666641
v 135.130951 99.316086 116.817589
v 131.423920 106.172356 130.010910
v 131.463806 99.358910 129.950134
v 131.217712 105.579643 132.888397
v 133.043182 94.573807 123.508492
v 132.914703 94.193375 116.825172
v 129.229416 96.215271 128.297165
v 130.582336 99.321938 132.391724
v 128.790787 93.648506 123.493279
v 128.725967 93.267517 117.112282
v 127.047516 95.194824 129.178192
v 129.093903 98.772575 133.002304
v 125.000000 92.860970 123.480255
v 125.000000 92.482269 117.360077
v 125.000008 94.287788 130.001434
v 127.030495 98.837685 133.646759
v 122.952492 95.194824 129.178192
v 122.969513 98.837685 133.646759
v 121.209221 93.648506 123.493279
v 120.770599 96.215271 128.297165
v 121.274033 93.267517 117.112282
v 116.956833 94.573807 123.508492
v 114.737320 99.351456 123.666641
v 118.536209 99.358910 129.950134
v 114.852730 106.111893 123.817520
v 118.576096 106.172363 130.010910
v 114.890778 106.195366 123.822815
v 118.658295 106.145187 130.072479
v 119.788902 113.850700 131.088425
v 119.219749 112.440361 131.901459
v 122.671257 111.469711 128.344513
v 120.918015 114.406616 131.355667
v 127.328758 111.469704 128.344513
v 125.000008 112.797302 128.833038
v 130.211105 113.850693 131.088425
v 129.082001 114.406609 131.355667
v 130.780273 112.440361 131.901459
v 129.335663 112.426170 132.406830
v 127.979630 106.093025 131.184525
v 127.935600 106.274780 131.139969
v 125.000008 106.098320 132.161133
v 131.162994 108.548195 132.762985
v 129.571716 108.546532 133.288422
v 129.598541 105.579323 133.419907
v 128.011993 99.508492 131.171753
v 131.895508 101.422600 133.299194
v 129.702972 101.461311 134.058838
v 128.143890 99.270622 133.167892
v 128.586884 101.404808 133.968353
v 126.977577 101.423767 134.523544
v 125.000008 99.431908 132.161133
v 126.648514 105.682228 133.962646
v 128.023895 105.681953 133.502182
v 126.613358 108.427841 133.820969
v 125.000008 106.221321 132.140778
v 127.965096 108.426224 133.371506
v 123.386650 108.427841 133.820969
v 122.034920 108.426224 133.371506
v 123.351494 105.682228 133.962646
v 121.976120 105.681953 133.502182
v 121.988014 99.508492 131.171753
v 121.413132 101.404808 133.968353
v 122.064415 106.274780 131.139969
v 120.428284 108.546539 133.288422
v 122.020386 106.093025 131.184525
v 123.999245 113.015366 132.816513
v 118.837006 108.548203 132.762985
v 118.782295 105.579643 132.888397
v 120.401466 105.579323 133.419907
v 118.104492 101.422600 133.299194
v 119.417671 99.321938 132.391724
v 120.297050 101.461311 134.058838
v 121.856125 99.270622 133.167892
v 120.906105 98.772575 133.002304
v 123.022438 101.423767 134.523544
v 120.664352 112.426178 132.406830
v 122.805923 113.010399 132.450439
v 123.032074 114.661880 131.577240
v 123.972214 115.106400 131.774551
v 126.027794 115.106400 131.774551
v 126.000763 113.015358 132.816513
v 126.967941 114.661873 131.577240
v 127.194084 113.010399 132.450439
v 135.109222 106.195358 123.822823
v 131.107758 112.253853 95.839355
v 135.248993 105.855927 96.290985
v 125.000000 110.241074 83.572388
v 131.390335 110.078514 83.981369
v 118.892250 112.253853 95.839371
v 118.609673 110.078514 83.981369
v 125.000000 106.665550 65.689651
v 114.751022 105.855934 96.290985
v 115.202660 106.671005 85.548256
v 119.050735 106.475670 67.223366
v 113.456650 96.672249 97.696655
v 108.950043 99.140053 82.713913
v 115.287102 96.750481 86.562973
v 115.097130 105.194603 70.483459
v 106.820946 97.949722 100.212097
v 118.869133 94.915611 85.362511
v 115.192802 97.126991 71.381134
v 125.000000 95.795631 95.426514
v 125.000000 94.506065 84.459747
v 123.387032 94.121101 70.111649
v 131.130875 94.915604 85.362511
v 126.612976 94.121101 70.111649
v 134.712906 96.750481 86.562965
v 134.807205 97.126984 71.381134
v 136.543365 96.672241 97.696655
v 134.797348 106.671005 85.548256
v 143.179260 97.949722 100.211983
v 145.711884 99.315781 84.096725
v 141.145813 107.671646 99.062767
v 144.230942 105.549049 83.470230
v 140.332703 104.615036 82.105904
v 141.049973 99.140045 82.713913
v 141.750656 99.357048 78.656616
v 130.949280 106.475670 67.223366
v 134.902878 105.194603 70.483459
v 125.000008 108.215569 58.868927
v 131.190628 107.948067 58.574520
v 118.809380 107.948067 58.574528
v 122.776772 108.822433 56.066261
v 112.109261 106.143288 61.724258
v 112.244041 95.445511 62.840481
v 111.640350 106.713730 56.352810
v 121.733978 92.431076 62.907677
v 111.797829 96.123329 57.232811
v 125.000000 94.600517 70.023293
v 125.000000 94.262375 62.706371
v 123.390694 95.148880 57.731911
v 128.266022 92.431076 62.907677
v 126.609314 95.148880 57.731911
v 137.755966 95.445511 62.840469
v 138.202179 96.123329 57.232800
v 137.890747 106.143288 61.724243
v 138.359650 106.713730 56.352802
v 127.223236 108.822426 56.066250
v 125.000008 107.627914 53.038502
v 125.000008 94.734215 56.044533
v 119.267174 94.900604 39.220356
v 108.443001 95.971695 39.380707
v 116.171402 107.754013 38.407341
v 116.409508 94.829239 33.429913
v 111.251389 106.822533 38.480240
v 116.308449 104.674088 32.800308
v 108.362587 103.169891 32.862278
v 108.463646 95.615433 33.491875
v 105.523109 101.332840 5.420372
v 108.134682 95.334412 9.274883
v 114.862015 96.875008 9.266617
v 108.658401 93.998642 4.977676
v 111.620743 104.750114 5.412102
v 115.272972 95.344963 4.970444
v 110.214928 108.619682 5.847340
v 110.768112 108.267525 3.244148
v 104.117294 105.202408 5.855606
v 108.032043 112.206543 5.003929
v 105.066444 100.994865 2.681015
v 103.409561 104.698402 3.252792
v 101.934418 108.789268 5.012199
v 104.864685 100.903549 0.000000
v 103.097710 104.546143 0.000000
v 100.769936 109.856277 2.298546
v 106.494392 101.600273 0.000000
v 109.131409 93.504814 0.000000
v 106.020760 102.674141 0.000000
v 106.420563 101.767670 0.000000
v 105.552650 104.380539 0.000000
v 105.171890 105.354004 0.000000
v 106.062790 102.745949 0.000000
v 106.020760 102.674141 0.393875
v 106.161118 102.913940 0.000000
v 106.173218 102.932823 0.000000
v 106.164742 102.919594 0.000000
v 106.177292 102.939056 0.000000
v 106.173218 102.932823 0.393875
v 106.186821 102.953621 0.000000
v 106.201881 102.976265 0.000000
v 106.191330 102.960403 0.000000
v 106.218346 103.000687 0.000000
v 106.206810 102.983574 0.000000
v 107.690071 105.212898 0.000000
v 106.039352 104.588432 0.000000
v 106.236160 103.026802 0.000000
v 106.223679 103.008507 0.000000
v 106.255280 103.054565 0.000000
v 106.241890 103.035118 0.000000
v 106.261375 103.063339 0.000000
v 106.255280 103.054565 0.393875
v 106.275642 103.083885 0.000000
v 106.282104 103.093109 0.000000
v 106.275642 103.083885 0.393875
v 106.297203 103.114700 0.000000
v 106.311127 103.134415 0.000000
v 106.297203 103.114700 0.393875
v 106.343697 103.180534 0.000000
v 106.394333 103.251511 0.000000
v 106.358856 103.201782 0.000000
v 106.448692 103.327057 0.000000
v 106.410614 103.274132 0.000000
v 106.506363 103.406624 0.000000
v 106.465965 103.350883 0.000000
v 106.566910 103.489655 0.000000
v 106.524490 103.431488 0.000000
v 106.585777 103.515381 0.000000
v 106.566910 103.489655 0.393875
v 106.629921 103.575577 0.000000
v 106.694977 103.663841 0.000000
v 106.649399 103.602005 0.000000
v 106.714935 103.690796 0.000000
v 106.694977 103.663841 0.393875
v 106.761642 103.753876 0.000000
v 107.036118 104.120598 0.000000
v 106.843834 103.863686 0.000000
v 107.056618 104.147705 0.000000
v 107.036118 104.120598 0.393875
v 107.104576 104.211121 0.000000
v 107.172127 104.300056 0.000000
v 107.124802 104.237747 0.000000
v 107.191956 104.326042 0.000000
v 107.172127 104.300056 0.393875
v 107.238350 104.386848 0.000000
v 107.257660 104.412025 0.000000
v 107.238350 104.386848 0.393875
v 107.302834 104.470940 0.000000
v 107.321487 104.495140 0.000000
v 107.302834 104.470940 0.393875
v 107.365143 104.551765 0.000000
v 107.383026 104.574821 0.000000
v 107.365143 104.551765 0.393875
v 107.424858 104.628761 0.000000
v 107.441841 104.650505 0.000000
v 107.424858 104.628761 0.393875
v 107.481567 104.701378 0.000000
v 107.497520 104.721642 0.000000
v 107.481567 104.701378 0.393875
v 107.534851 104.769051 0.000000
v 107.560066 104.800858 0.000000
v 107.542404 104.778572 0.000000
v 107.584274 104.831215 0.000000
v 107.567314 104.809944 0.000000
v 107.607407 104.860062 0.000000
v 107.591202 104.839851 0.000000
v 107.629425 104.887314 0.000000
v 107.613998 104.868217 0.000000
v 107.650269 104.912918 0.000000
v 107.635666 104.894981 0.000000
v 107.656136 104.920067 0.000000
v 107.650269 104.912918 0.393875
v 107.669884 104.936790 0.000000
v 107.688217 104.958870 0.000000
v 107.675369 104.943398 0.000000
v 107.693314 104.964920 0.000000
v 107.688217 104.958870 0.393875
v 107.705223 104.979080 0.000000
v 107.720840 104.997353 0.000000
v 107.709900 104.984550 0.000000
v 107.735031 105.013626 0.000000
v 107.725090 105.002228 0.000000
v 107.747726 105.027817 0.000000
v 107.738831 105.017876 0.000000
v 107.751060 105.031418 0.000000
v 107.747726 105.027817 0.393875
v 107.758873 105.039864 0.000000
v 107.768433 105.049690 0.000000
v 107.761734 105.042801 0.000000
v 107.776344 105.057228 0.000000
v 107.770805 105.051949 0.000000
v 107.778206 105.058784 0.000000
v 107.776344 105.057228 0.393875
v 107.782555 105.062416 0.000000
v 107.787010 105.065178 0.000000
v 107.783890 105.063240 0.000000
v 109.030151 105.869827 0.000000
v 107.693840 105.215492 0.000000
v 107.792648 105.066620 0.000000
v 107.788696 105.065605 0.000000
v 109.061501 105.885361 0.000000
v 109.030151 105.869827 0.393875
v 107.795334 105.066910 0.000000
v 107.792648 105.066620 0.393875
v 109.074898 105.891998 0.000000
v 109.074898 105.891998 0.393875
v 107.801628 105.067596 0.000000
v 109.117607 105.914223 0.000000
v 109.104820 105.907562 0.000000
v 107.805290 105.067757 0.000000
v 107.801628 105.067596 0.393875
v 109.146126 105.929840 0.000000
v 109.117607 105.914223 0.393875
v 107.813858 105.068123 0.000000
v 109.158318 105.936516 0.000000
v 109.158318 105.936516 0.393875
v 107.818459 105.068153 0.000000
v 107.813858 105.068123 0.393875
v 109.185448 105.952217 0.000000
v 107.829231 105.068222 0.000000
v 109.197044 105.958923 0.000000
v 109.197044 105.958923 0.393875
v 107.847641 105.067886 0.000000
v 107.834747 105.068123 0.000000
v 109.233818 105.981468 0.000000
v 109.222809 105.974716 0.000000
v 107.854034 105.067665 0.000000
v 107.847641 105.067886 0.393875
v 109.258232 105.997375 0.000000
v 109.233818 105.981468 0.393875
v 107.868988 105.067146 0.000000
v 109.268669 106.004173 0.000000
v 109.268669 106.004173 0.393875
v 107.893166 105.066002 0.000000
v 107.876228 105.066803 0.000000
v 107.920074 105.064476 0.000000
v 107.901222 105.065544 0.000000
v 107.928909 105.063904 0.000000
v 107.920074 105.064476 0.393875
v 109.301620 106.027077 0.000000
v 109.291748 106.020218 0.000000
v 107.949593 105.062569 0.000000
v 107.959190 105.061890 0.000000
v 107.949593 105.062569 0.393875
v 107.981636 105.060303 0.000000
v 108.016090 105.057686 0.000000
v 107.991951 105.059517 0.000000
v 108.027100 105.056801 0.000000
v 108.016090 105.057686 0.393875
v 109.323387 106.043274 0.000000
v 109.301620 106.027077 0.393875
v 108.052856 105.054726 0.000000
v 109.332687 106.050194 0.000000
v 109.332687 106.050194 0.393875
v 108.091827 105.051445 0.000000
v 108.064529 105.053749 0.000000
v 109.353157 106.066574 0.000000
v 108.104126 105.050369 0.000000
v 108.091827 105.051445 0.393875
v 109.361908 106.073570 0.000000
v 109.361908 106.073570 0.393875
v 108.132896 105.047852 0.000000
v 108.145790 105.046684 0.000000
v 108.132896 105.047852 0.393875
v 108.175964 105.043953 0.000000
v 109.389297 106.097221 0.000000
v 109.381096 106.090141 0.000000
v 108.189423 105.042702 0.000000
v 108.175964 105.043953 0.393875
v 108.220924 105.039764 0.000000
v 108.316101 105.030571 0.000000
v 108.249420 105.037010 0.000000
v 109.414894 106.121193 0.000000
v 109.407227 106.114014 0.000000
v 108.346489 105.027519 0.000000
v 108.316101 105.030571 0.393875
v 109.438713 106.145493 0.000000
v 109.431580 106.138214 0.000000
v 108.417595 105.020370 0.000000
v 108.449623 105.017044 0.000000
v 108.417595 105.020370 0.393875
v 108.524567 105.009262 0.000000
v 109.460785 106.170158 0.000000
v 109.454170 106.162773 0.000000
v 108.557991 105.005692 0.000000
v 108.524567 105.009262 0.393875
v 109.475037 106.187721 0.000000
v 109.460785 106.170158 0.393875
v 108.636200 104.997330 0.000000
v 109.481125 106.195229 0.000000
v 109.481125 106.195229 0.393875
v 108.751640 104.984695 0.000000
v 108.670761 104.993546 0.000000
v 109.499779 106.220718 0.000000
v 109.494194 106.213089 0.000000
v 108.787102 104.980721 0.000000
v 108.751640 104.984695 0.393875
v 109.532074 106.273102 0.000000
v 109.522408 106.257416 0.000000
v 108.870064 104.971436 0.000000
v 109.112526 104.943466 0.000000
v 108.942665 104.963058 0.000000
v 109.185699 104.934700 0.000000
v 109.112526 104.943466 0.393875
v 109.550163 106.311226 0.000000
v 109.532074 106.273102 0.393875
v 109.356903 104.914207 0.000000
v 109.557892 106.327522 0.000000
v 109.557892 106.327522 0.393875
v 109.393082 104.909752 0.000000
v 109.356903 104.914207 0.393875
v 109.571579 106.367256 0.000000
v 109.477722 104.899338 0.000000
v 109.577423 106.384232 0.000000
v 109.577423 106.384232 0.393875
v 109.596527 104.884445 0.000000
v 109.513298 104.894882 0.000000
v 109.586853 106.425728 0.000000
v 109.631241 104.880005 0.000000
v 109.596527 104.884445 0.393875
v 109.590881 106.443459 0.000000
v 109.590881 106.443459 0.393875
v 109.712471 104.869621 0.000000
v 109.596191 106.486870 0.000000
v 109.746086 104.865234 0.000000
v 109.712471 104.869621 0.393875
v 109.598457 106.505424 0.000000
v 109.598457 106.505424 0.393875
v 109.824730 104.854973 0.000000
v 109.600365 106.570374 0.000000
v 109.599792 106.550926 0.000000
v 109.856987 104.850662 0.000000
v 109.824730 104.854973 0.393875
v 109.597870 106.618126 0.000000
v 109.600365 106.570374 0.393875
v 109.932465 104.840584 0.000000
v 109.596802 106.638535 0.000000
v 109.596802 106.638535 0.393875
v 109.963120 104.836388 0.000000
v 109.932465 104.840584 0.393875
v 109.589485 106.702843 0.000000
v 109.591675 106.683586 0.000000
v 110.034843 104.826561 0.000000
v 109.579819 106.764442 0.000000
v 109.582710 106.746002 0.000000
v 110.131027 104.813004 0.000000
v 110.063637 104.822502 0.000000
v 109.571419 106.805695 0.000000
v 109.579819 106.764442 0.393875
v 110.144653 104.811035 0.000000
v 110.131027 104.813004 0.393875
v 109.567825 106.823326 0.000000
v 109.567825 106.823326 0.393875
v 110.176537 104.806435 0.000000
v 109.553528 106.879471 0.000000
v 109.557808 106.862656 0.000000
v 110.220184 104.800011 0.000000
v 110.189606 104.804512 0.000000
v 109.541916 106.916878 0.000000
v 109.553528 106.879471 0.393875
v 110.232666 104.798141 0.000000
v 110.220184 104.800011 0.393875
v 109.536949 106.932869 0.000000
v 109.536949 106.932869 0.393875
v 110.261864 104.793755 0.000000
v 110.301483 104.787682 0.000000
v 110.273727 104.791939 0.000000
v 110.312691 104.785912 0.000000
v 110.301483 104.787682 0.393875
v 110.338921 104.781792 0.000000
v 109.518120 106.983513 0.000000
v 109.523758 106.968346 0.000000
v 110.349457 104.780090 0.000000
v 110.338921 104.781792 0.393875
v 110.374084 104.776100 0.000000
v 110.406868 104.770630 0.000000
v 110.383904 104.774467 0.000000
v 110.415939 104.769058 0.000000
v 110.406868 104.770630 0.393875
v 110.437164 104.765388 0.000000
v 110.464874 104.760376 0.000000
v 110.445465 104.763885 0.000000
v 110.489883 104.755623 0.000000
v 110.472359 104.758957 0.000000
v 110.496536 104.754280 0.000000
v 110.489883 104.755623 0.393875
v 110.512100 104.751129 0.000000
v 109.497063 107.031387 0.000000
v 109.503365 107.017052 0.000000
v 110.531410 104.746910 0.000000
v 110.517883 104.749863 0.000000
v 110.547714 104.742981 0.000000
v 110.536285 104.745735 0.000000
v 110.560898 104.739349 0.000000
v 110.551659 104.741898 0.000000
v 110.591217 104.727890 0.000000
v 110.569977 104.735924 0.000000
v 110.599831 104.723442 0.000000
v 110.591217 104.727890 0.393875
v 110.619987 104.713028 0.000000
v 110.647949 104.693390 0.000000
v 110.628357 104.707146 0.000000
v 110.656303 104.685677 0.000000
v 110.647949 104.693390 0.393875
v 110.675842 104.667618 0.000000
v 110.680084 104.662941 0.000000
v 110.675842 104.667618 0.393875
v 110.690002 104.652000 0.000000
v 110.690002 104.652000 0.393875
v 110.694321 104.646713 0.000000
v 110.704422 104.634338 0.000000
v 110.704422 104.634338 0.393875
v 110.708839 104.628380 0.000000
v 110.719193 104.614449 0.000000
v 110.719193 104.614449 0.393875
v 110.734413 104.592178 0.000000
v 110.723747 104.607780 0.000000
v 110.750175 104.567337 0.000000
v 110.739136 104.584740 0.000000
v 110.766571 104.539772 0.000000
v 110.755081 104.559082 0.000000
v 110.783691 104.509300 0.000000
v 110.771698 104.530647 0.000000
v 110.789070 104.499252 0.000000
v 110.783691 104.509300 0.393875
v 110.801636 104.475754 0.000000
v 110.801636 104.475754 0.393875
v 110.807281 104.464737 0.000000
v 110.820488 104.438957 0.000000
v 110.820488 104.438957 0.393875
v 112.858063 104.320824 0.000000
v 109.480766 107.062981 0.000000
v 110.840347 104.398750 0.000000
v 110.826439 104.426918 0.000000
v 110.861305 104.354950 0.000000
v 110.846626 104.385635 0.000000
v 110.883453 104.307396 0.000000
v 110.867943 104.340714 0.000000
v 110.890472 104.291977 0.000000
v 110.883453 104.307396 0.393875
v 110.906891 104.255905 0.000000
v 110.906891 104.255905 0.393875
v 110.931694 104.200317 0.000000
v 110.957977 104.140457 0.000000
v 110.914314 104.239258 0.000000
v 110.931694 104.200317 0.393875
v 110.285492 104.163109 0.393875
v 110.957977 104.140457 0.393875
v 110.861305 104.354950 0.393875
v 110.840347 104.398750 0.393875
v 110.766571 104.539772 0.393875
v 110.750175 104.567337 0.393875
v 110.734413 104.592178 0.393875
v 110.619987 104.713028 0.393875
v 110.547714 104.742981 0.393875
v 110.560768 104.738930 0.393875
v 110.531410 104.746910 0.393875
v 110.512100 104.751129 0.393875
v 110.464874 104.760376 0.393875
v 110.437164 104.765388 0.393875
v 110.374084 104.776100 0.393875
v 110.261864 104.793755 0.393875
v 110.176537 104.806435 0.393875
v 110.034843 104.826561 0.393875
v 108.361618 104.330467 0.393875
v 109.709435 104.213226 0.000000
v 109.477722 104.899338 0.393875
v 108.870064 104.971436 0.393875
v 108.636200 104.997330 0.393875
v 108.220924 105.039764 0.393875
v 108.052856 105.054726 0.393875
v 107.981636 105.060303 0.393875
v 107.669884 104.936790 0.393875
v 107.705223 104.979080 0.393875
v 107.893166 105.066002 0.393875
v 107.720840 104.997353 0.393875
v 107.868988 105.067146 0.393875
v 107.735031 105.013626 0.393875
v 107.829231 105.068222 0.393875
v 107.758873 105.039864 0.393875
v 107.768433 105.049690 0.393875
v 107.782837 105.062042 0.393875
v 107.787384 105.064453 0.393875
v 107.629425 104.887314 0.393875
v 107.607407 104.860062 0.393875
v 107.584274 104.831215 0.393875
v 107.560066 104.800858 0.393875
v 107.771698 104.069496 0.393875
v 107.534851 104.769051 0.393875
v 107.104576 104.211121 0.393875
v 107.331207 103.458702 0.393875
v 106.761642 103.753876 0.393875
v 107.240250 103.335480 0.393875
v 107.153114 103.215149 0.393875
v 106.629921 103.575577 0.393875
v 107.214157 103.299454 0.000000
v 107.153114 103.215149 0.000000
v 107.240250 103.335480 0.000000
v 107.303970 103.421806 0.000000
v 107.331207 103.458702 0.000000
v 107.639809 103.886604 0.000000
v 107.023521 103.031242 0.000000
v 107.771698 104.069496 0.000000
v 108.226730 102.915733 0.000000
v 108.421219 102.422607 0.393875
v 108.732002 103.526512 0.393875
v 108.420738 102.423813 0.000000
v 107.054047 101.916306 0.000000
v 108.421219 102.422607 0.000000
v 107.931770 101.736954 0.393875
v 108.078323 101.942261 0.000000
v 107.895638 101.687881 0.000000
v 107.931770 101.736954 0.000000
v 107.796082 101.553978 0.000000
v 107.845062 101.619576 0.000000
v 107.184967 101.611900 0.000000
v 107.124084 101.754250 0.000000
v 107.492111 101.163223 0.000000
v 107.621223 101.324745 0.000000
v 107.372192 101.180832 0.000000
v 107.292252 101.362564 0.000000
v 107.421265 101.086143 0.000000
v 107.439301 101.102554 0.000000
v 107.397453 101.125938 0.000000
v 107.410286 101.099869 0.000000
v 107.386780 101.148842 0.000000
v 107.395813 101.129387 0.000000
v 107.382919 101.157158 0.000000
v 107.382919 101.157158 0.393875
v 107.367615 101.190956 0.393875
v 106.591438 101.380241 0.393875
v 107.367615 101.190956 0.000000
v 107.355301 101.218590 0.000000
v 107.350037 101.230400 0.393875
v 107.350037 101.230400 0.000000
v 107.336243 101.261719 0.000000
v 107.330345 101.275101 0.393875
v 107.330345 101.275101 0.000000
v 107.315178 101.309837 0.000000
v 107.308693 101.324684 0.393875
v 107.308693 101.324684 0.000000
v 107.285225 101.378754 0.393875
v 107.285225 101.378754 0.000000
v 107.267616 101.419518 0.000000
v 107.260094 101.436943 0.393875
v 107.260094 101.436943 0.000000
v 107.241425 101.480316 0.000000
v 107.233444 101.498856 0.393875
v 107.233444 101.498856 0.000000
v 107.213821 101.544571 0.000000
v 107.205437 101.564110 0.393875
v 107.205437 101.564110 0.000000
v 107.176216 101.632324 0.393875
v 107.176216 101.632324 0.000000
v 107.154999 101.681923 0.000000
v 107.145935 101.703117 0.393875
v 107.145935 101.703117 0.000000
v 107.114746 101.776108 0.393875
v 107.114746 101.776108 0.000000
v 107.092361 101.828506 0.000000
v 107.082794 101.850899 0.393875
v 107.082794 101.850899 0.000000
v 107.041763 101.944260 0.393875
v 107.041763 101.944260 0.000000
v 107.015518 102.005539 0.000000
v 107.004303 102.031731 0.393875
v 107.004303 102.031731 0.000000
v 106.980537 102.088989 0.000000
v 106.970383 102.113464 0.393875
v 106.970383 102.113464 0.000000
v 106.949059 102.166809 0.000000
v 106.939941 102.189613 0.393875
v 106.939941 102.189613 0.000000
v 106.921013 102.239151 0.000000
v 106.912926 102.260323 0.393875
v 106.912926 102.260323 0.000000
v 106.896370 102.306152 0.000000
v 106.889290 102.325745 0.393875
v 106.889290 102.325745 0.000000
v 106.875061 102.367973 0.000000
v 106.868980 102.386024 0.393875
v 106.868980 102.386024 0.000000
v 106.857056 102.424767 0.000000
v 106.851952 102.441322 0.393875
v 106.851952 102.441322 0.000000
v 106.842278 102.476669 0.000000
v 106.838150 102.491776 0.393875
v 106.838150 102.491776 0.000000
v 106.830704 102.523842 0.000000
v 106.827515 102.537544 0.393875
v 106.827515 102.537544 0.000000
v 106.822258 102.566429 0.000000
v 106.820015 102.578773 0.393875
v 106.820015 102.578773 0.000000
v 106.816910 102.604576 0.000000
v 106.815582 102.615608 0.393875
v 106.161118 102.913940 0.393875
v 106.815582 102.615608 0.000000
v 106.814598 102.638443 0.000000
v 106.814178 102.648201 0.393875
v 106.814178 102.648201 0.000000
v 106.815269 102.668167 0.000000
v 106.815742 102.676704 0.393875
v 106.186821 102.953621 0.393875
v 106.815742 102.676704 0.000000
v 106.818886 102.693909 0.000000
v 106.820229 102.701263 0.393875
v 106.218346 103.000687 0.393875
v 106.820229 102.701263 0.000000
v 106.825386 102.715820 0.000000
v 106.827583 102.722038 0.393875
v 106.827583 102.722038 0.000000
v 106.834206 102.736420 0.000000
v 106.829987 102.727547 0.000000
v 106.831017 102.729897 0.393875
v 106.831017 102.729897 0.000000
v 106.835564 102.739204 0.393875
v 106.835564 102.739204 0.000000
v 106.844208 102.755157 0.000000
v 106.847900 102.761978 0.393875
v 106.343697 103.180534 0.393875
v 106.847900 102.761978 0.000000
v 106.859406 102.781586 0.000000
v 106.864326 102.789970 0.393875
v 106.864326 102.789970 0.000000
v 106.878510 102.812981 0.000000
v 106.884575 102.822815 0.393875
v 106.884575 102.822815 0.000000
v 106.901268 102.848961 0.000000
v 106.908401 102.860130 0.393875
v 106.394333 103.251511 0.393875
v 106.908401 102.860130 0.000000
v 106.927406 102.889153 0.000000
v 106.935532 102.901550 0.393875
v 106.448692 103.327057 0.393875
v 106.935532 102.901550 0.000000
v 106.956665 102.933174 0.000000
v 106.965706 102.946693 0.393875
v 106.965706 102.946693 0.000000
v 106.988792 102.980667 0.000000
v 106.998657 102.995186 0.393875
v 106.506363 103.406624 0.393875
v 106.998657 102.995186 0.000000
v 107.034142 103.046654 0.393875
v 107.034142 103.046654 0.000000
v 107.060585 103.084534 0.000000
v 107.071884 103.100723 0.393875
v 107.071884 103.100723 0.000000
v 107.099731 103.140160 0.000000
v 107.111626 103.157013 0.393875
v 107.111626 103.157013 0.000000
v 107.140694 103.197746 0.000000
v 106.236160 103.026802 0.393875
v 106.201881 102.976265 0.393875
v 106.591438 101.380241 0.000000
v 107.172966 100.081985 0.393875
v 107.172966 100.081985 0.000000
v 106.998840 100.470718 0.000000
v 108.503983 99.913170 0.000000
v 108.105438 99.963715 0.000000
v 108.599487 99.901443 0.000000
v 108.503983 99.913170 0.393875
v 108.640305 99.896431 0.000000
v 108.640305 99.896431 0.393875
v 108.734222 99.885468 0.000000
v 108.774368 99.880783 0.000000
v 108.774368 99.880783 0.393875
v 108.866180 99.870621 0.000000
v 108.905426 99.866272 0.000000
v 108.905426 99.866272 0.393875
v 108.994591 99.856941 0.000000
v 109.032707 99.852943 0.000000
v 109.032707 99.852943 0.393875
v 109.118698 99.844467 0.000000
v 109.155457 99.840843 0.000000
v 109.155457 99.840843 0.393875
v 109.272919 99.830017 0.000000
v 109.237747 99.833260 0.000000
v 109.384346 99.820503 0.000000
v 109.350983 99.823357 0.000000
v 109.437561 99.816261 0.000000
v 109.421623 99.817535 0.000000
v 109.473579 99.813530 0.000000
v 109.437561 99.816261 0.393875
v 109.488976 99.812363 0.000000
v 109.488976 99.812363 0.393875
v 109.538498 99.808807 0.000000
v 109.523666 99.809875 0.000000
v 109.571800 99.806580 0.000000
v 109.538498 99.808807 0.393875
v 109.586037 99.805618 0.000000
v 109.586037 99.805618 0.393875
v 109.617889 99.803642 0.000000
v 109.631500 99.802795 0.000000
v 109.631500 99.802795 0.393875
v 109.661835 99.801071 0.000000
v 109.674797 99.800339 0.000000
v 109.674797 99.800339 0.393875
v 109.703537 99.798874 0.000000
v 109.715820 99.798256 0.000000
v 109.715820 99.798256 0.393875
v 109.754478 99.796555 0.000000
v 109.742905 99.797058 0.000000
v 109.779839 99.795631 0.000000
v 109.754478 99.796555 0.393875
v 109.790680 99.795235 0.000000
v 109.790680 99.795235 0.393875
v 109.814255 99.794586 0.000000
v 109.824333 99.794312 0.000000
v 109.824333 99.794312 0.393875
v 109.846054 99.793945 0.000000
v 109.855339 99.793785 0.000000
v 109.855339 99.793785 0.393875
v 109.883606 99.793663 0.000000
v 109.875145 99.793701 0.000000
v 109.909035 99.793945 0.000000
v 109.901421 99.793861 0.000000
v 109.924797 99.794441 0.000000
v 109.909035 99.793945 0.393875
v 109.931534 99.794647 0.000000
v 109.931534 99.794647 0.393875
v 109.945175 99.795433 0.000000
v 109.951012 99.795769 0.000000
v 109.951012 99.795769 0.393875
v 109.967361 99.797318 0.000000
v 109.962463 99.796852 0.000000
v 109.976570 99.798706 0.000000
v 109.967361 99.797318 0.393875
v 109.980507 99.799294 0.000000
v 109.980507 99.799294 0.393875
v 109.990341 99.801712 0.000000
v 109.987396 99.800987 0.000000
v 109.999237 99.806503 0.000000
v 109.996567 99.805069 0.000000
v 110.006912 99.811852 0.000000
v 109.999237 99.806503 0.393875
v 110.010193 99.814133 0.000000
v 110.010193 99.814133 0.393875
v 110.019272 99.821404 0.000000
v 110.023148 99.824516 0.000000
v 110.023148 99.824516 0.393875
v 110.033577 99.833664 0.000000
v 110.038033 99.837578 0.000000
v 110.038033 99.837578 0.393875
v 110.054787 99.853241 0.000000
v 110.049774 99.848549 0.000000
v 110.067787 99.865982 0.000000
v 110.054787 99.853241 0.393875
v 110.073341 99.871429 0.000000
v 110.073341 99.871429 0.393875
v 110.093628 99.892059 0.000000
v 110.087555 99.885880 0.000000
v 110.115585 99.915062 0.000000
v 110.109009 99.908180 0.000000
v 110.132088 99.932785 0.000000
v 110.115585 99.915062 0.393875
v 110.139137 99.940361 0.000000
v 110.139137 99.940361 0.393875
v 110.164238 99.967865 0.000000
v 110.156723 99.959633 0.000000
v 110.182846 99.988640 0.000000
v 110.164238 99.967865 0.393875
v 110.190804 99.997513 0.000000
v 110.190804 99.997513 0.393875
v 110.210403 100.019730 0.000000
v 110.218773 100.029221 0.000000
v 110.218773 100.029221 0.393875
v 110.248085 100.062904 0.000000
v 110.239311 100.052818 0.000000
v 110.278671 100.098495 0.000000
v 110.269516 100.087837 0.000000
v 110.300949 100.124710 0.000000
v 110.278671 100.098495 0.393875
v 110.310471 100.135918 0.000000
v 110.310471 100.135918 0.393875
v 110.343407 100.175087 0.000000
v 110.333542 100.163353 0.000000
v 110.367241 100.203697 0.000000
v 110.343407 100.175087 0.393875
v 110.377426 100.215919 0.000000
v 110.377426 100.215919 0.393875
v 110.412453 100.258354 0.000000
v 110.401962 100.245651 0.000000
v 110.485275 100.347702 0.000000
v 110.463470 100.320946 0.000000
v 110.538582 100.414108 0.000000
v 110.485275 100.347702 0.393875
v 110.561363 100.442490 0.000000
v 110.561363 100.442490 0.393875
v 110.616577 100.512283 0.000000
v 110.640175 100.542107 0.000000
v 110.640175 100.542107 0.393875
v 110.721199 100.645935 0.000000
v 110.696938 100.614845 0.000000
v 110.779137 100.721191 0.000000
v 110.721199 100.645935 0.393875
v 110.803902 100.753357 0.000000
v 110.803902 100.753357 0.393875
v 110.862656 100.830688 0.000000
v 110.887764 100.863739 0.000000
v 110.887764 100.863739 0.393875
v 110.972252 100.976479 0.000000
v 110.946953 100.942726 0.000000
v 111.802063 102.086281 0.000000
v 111.553596 101.753975 0.000000
v 111.433456 102.993477 0.000000
v 115.070404 94.542313 0.000000
v 112.425003 104.563988 2.672379
v 111.091080 107.963417 0.000000
v 108.918823 114.060509 0.000000
v 100.225937 110.415955 0.000000
v 108.128494 113.425392 2.289909
v 105.145439 105.421577 0.000000
v 104.964859 105.882935 0.000000
v 104.964859 105.882935 0.393875
v 105.101151 105.935768 0.000000
v 105.420029 106.059380 0.000000
v 105.517082 106.095428 0.000000
v 105.449089 106.070175 0.000000
v 105.546638 106.105293 0.000000
v 105.517082 106.095428 0.393875
v 105.615776 106.128380 0.000000
v 105.713371 106.157494 0.000000
v 105.645004 106.137100 0.000000
v 105.760902 106.170380 0.000000
v 105.727608 106.161354 0.000000
v 105.774750 106.173866 0.000000
v 105.760902 106.170380 0.393875
v 105.807137 106.182022 0.000000
v 105.820488 106.185104 0.000000
v 105.807137 106.182022 0.393875
v 105.851723 106.192329 0.000000
v 105.864479 106.194984 0.000000
v 105.851723 106.192329 0.393875
v 105.894325 106.201202 0.000000
v 105.906380 106.203407 0.000000
v 105.894325 106.201202 0.393875
v 105.934601 106.208565 0.000000
v 105.945854 106.210289 0.000000
v 105.934601 106.208565 0.393875
v 105.972198 106.214310 0.000000
v 106.006798 106.218346 0.000000
v 105.982559 106.215515 0.000000
v 106.038033 106.220581 0.000000
v 106.016151 106.219017 0.000000
v 106.065582 106.220924 0.000000
v 106.046280 106.220688 0.000000
v 106.089088 106.219276 0.000000
v 106.072617 106.220428 0.000000
v 106.096687 106.218430 0.000000
v 106.089088 106.219276 0.393875
v 106.114471 106.216461 0.000000
v 106.122139 106.215057 0.000000
v 106.114471 106.216461 0.393875
v 106.140091 106.211777 0.000000
v 106.191826 106.197075 0.000000
v 106.155586 106.207375 0.000000
v 106.243851 106.175667 0.000000
v 106.207405 106.190666 0.000000
v 106.295700 106.148056 0.000000
v 106.259377 106.167397 0.000000
v 106.346924 106.114761 0.000000
v 106.311035 106.138084 0.000000
v 106.732422 106.569717 0.000000
v 106.748627 106.590919 0.000000
v 106.725494 106.560654 0.000000
v 106.725494 106.560654 0.393875
v 106.710571 106.539810 0.000000
v 106.704201 106.530907 0.393875
v 106.704201 106.530907 0.000000
v 106.397072 106.076271 0.000000
v 106.361938 106.103233 0.000000
v 106.690567 106.510445 0.000000
v 106.684738 106.501701 0.393875
v 106.684738 106.501701 0.000000
v 106.667114 106.473099 0.000000
v 106.672394 106.481667 0.000000
v 106.411629 106.063347 0.000000
v 106.397072 106.076271 0.393875
v 106.651299 106.445122 0.000000
v 106.656036 106.453499 0.000000
v 106.641487 106.425995 0.000000
v 106.637291 106.417824 0.393875
v 106.637291 106.417824 0.000000
v 106.445686 106.033096 0.000000
v 106.625092 106.391228 0.000000
v 106.628746 106.399193 0.000000
v 106.614685 106.365387 0.000000
v 106.617798 106.373123 0.000000
v 106.606056 106.340324 0.000000
v 106.608643 106.347832 0.000000
v 106.599205 106.316101 0.000000
v 106.601257 106.323357 0.000000
v 106.595642 106.299736 0.000000
v 106.594124 106.292740 0.393875
v 106.594124 106.292740 0.000000
v 106.591789 106.277008 0.000000
v 106.590797 106.270279 0.393875
v 106.590797 106.270279 0.000000
v 106.589218 106.248772 0.000000
v 106.589691 106.255211 0.000000
v 106.589340 106.234390 0.000000
v 106.589386 106.228241 0.393875
v 106.589386 106.228241 0.000000
v 106.590721 106.214584 0.000000
v 106.591286 106.208740 0.393875
v 106.591286 106.208740 0.000000
v 106.593826 106.195824 0.000000
v 106.594910 106.190300 0.393875
v 106.594910 106.190300 0.000000
v 106.600250 106.172966 0.000000
v 106.598648 106.178154 0.000000
v 106.607300 106.156761 0.000000
v 106.605186 106.161613 0.000000
v 106.613426 106.146248 0.000000
v 106.616043 106.141747 0.393875
v 106.616043 106.141747 0.000000
v 106.626480 106.127953 0.000000
v 106.623352 106.132080 0.000000
v 106.634972 106.119164 0.000000
v 106.638596 106.115410 0.393875
v 106.638596 106.115410 0.000000
v 106.652390 106.104164 0.000000
v 106.648262 106.107536 0.000000
v 106.667847 106.094261 0.000000
v 106.663216 106.097229 0.000000
v 106.684959 106.085732 0.000000
v 106.679832 106.088287 0.000000
v 106.692390 106.082916 0.000000
v 106.703720 106.078621 0.393875
v 106.484261 105.993935 0.000000
v 106.492325 105.985748 0.000000
v 106.459656 106.018921 0.000000
v 106.445686 106.033096 0.393875
v 105.760841 105.735443 0.393875
v 105.773109 105.740295 0.393875
v 106.346924 106.114761 0.393875
v 106.295700 106.148056 0.393875
v 106.243851 106.175667 0.393875
v 106.191826 106.197075 0.393875
v 106.140091 106.211777 0.393875
v 106.065582 106.220924 0.393875
v 106.038033 106.220581 0.393875
v 106.006798 106.218346 0.393875
v 105.972198 106.214310 0.393875
v 105.713371 106.157494 0.393875
v 105.615776 106.128380 0.393875
v 105.749626 105.729637 0.393875
v 105.739639 105.722466 0.393875
v 105.730896 105.713943 0.393875
v 105.746635 105.727493 0.000000
v 105.739639 105.722466 0.000000
v 105.749626 105.729637 0.000000
v 105.757477 105.733704 0.000000
v 105.760841 105.735443 0.000000
v 105.769562 105.738556 0.000000
v 105.773285 105.739883 0.000000
v 105.782875 105.742035 0.000000
v 105.786972 105.742950 0.393875
v 105.786972 105.742950 0.000000
v 105.797424 105.744133 0.000000
v 105.801895 105.744644 0.393875
v 105.801895 105.744644 0.000000
v 105.813210 105.744858 0.000000
v 105.818047 105.744949 0.393875
v 105.818047 105.744949 0.000000
v 105.830231 105.744194 0.000000
v 105.835442 105.743866 0.393875
v 105.835442 105.743866 0.000000
v 105.848488 105.742142 0.000000
v 105.854073 105.741402 0.393875
v 105.854073 105.741402 0.000000
v 105.867989 105.738686 0.000000
v 105.873932 105.737534 0.393875
v 105.873932 105.737534 0.000000
v 105.880600 105.735863 0.000000
v 105.895035 105.732262 0.393875
v 105.888718 105.733841 0.000000
v 105.895035 105.732262 0.000000
v 105.707466 105.661774 0.000000
v 105.708237 105.666336 0.000000
v 105.705254 105.646126 0.000000
v 105.705658 105.651093 0.000000
v 105.933899 105.719925 0.000000
v 105.910690 105.727585 0.000000
v 105.708702 105.570312 0.000000
v 105.704514 105.610855 0.000000
v 105.774605 105.356140 0.000000
v 105.731827 105.473549 0.000000
v 105.971878 105.039948 0.000000
v 105.881500 105.136803 0.000000
v 106.154221 105.272087 0.000000
v 106.134903 105.553375 0.000000
v 106.071556 105.088684 0.000000
v 106.110268 105.159584 0.000000
v 106.032646 105.046936 0.000000
v 106.052185 105.064140 0.000000
v 106.012825 105.037132 0.000000
v 106.022774 105.041107 0.000000
v 105.992607 105.034782 0.000000
v 106.002769 105.035027 0.000000
v 105.982315 105.036423 0.000000
v 105.989555 105.034882 0.000000
v 105.979218 105.037079 0.000000
v 105.979218 105.037079 0.393875
v 105.968742 105.041168 0.393875
v 105.968742 105.041168 0.000000
v 105.958099 105.047150 0.393875
v 105.961281 105.045357 0.000000
v 105.950516 105.052673 0.000000
v 105.958099 105.047150 0.000000
v 105.928413 105.073021 0.000000
v 105.939560 105.061890 0.000000
v 105.905441 105.101044 0.000000
v 105.917038 105.086067 0.000000
v 105.893600 105.117950 0.000000
v 105.901947 105.105698 0.000000
v 105.890030 105.123192 0.000000
v 105.890030 105.123192 0.393875
v 105.877846 105.142624 0.393875
v 105.260376 105.127937 0.393875
v 105.877846 105.142624 0.000000
v 105.869118 105.157600 0.000000
v 105.865387 105.164001 0.393875
v 105.865387 105.164001 0.000000
v 105.856461 105.180351 0.000000
v 105.852638 105.187340 0.393875
v 105.852638 105.187340 0.000000
v 105.843491 105.205063 0.000000
v 105.839584 105.212639 0.393875
v 105.839584 105.212639 0.000000
v 105.830208 105.231743 0.000000
v 105.826202 105.239906 0.393875
v 105.826202 105.239906 0.000000
v 105.816589 105.260399 0.000000
v 105.812485 105.269157 0.393875
v 105.812485 105.269157 0.000000
v 105.802635 105.291039 0.000000
v 105.798424 105.300385 0.393875
v 105.798424 105.300385 0.000000
v 105.788315 105.323662 0.000000
v 105.783989 105.333611 0.393875
v 105.783989 105.333611 0.000000
v 105.770599 105.365768 0.393875
v 105.770599 105.365768 0.000000
v 105.762070 105.387413 0.000000
v 105.758430 105.396660 0.393875
v 105.758430 105.396660 0.000000
v 105.750763 105.417404 0.000000
v 105.747490 105.426270 0.393875
v 105.747490 105.426270 0.000000
v 105.740685 105.446114 0.000000
v 105.737770 105.454597 0.393875
v 105.737770 105.454597 0.000000
v 105.729286 105.481644 0.393875
v 105.729286 105.481644 0.000000
v 105.724205 105.499680 0.000000
v 105.722031 105.507393 0.393875
v 105.722031 105.507393 0.000000
v 105.717804 105.524529 0.000000
v 105.716003 105.531845 0.393875
v 105.716003 105.531845 0.000000
v 105.712639 105.548073 0.000000
v 105.711205 105.555000 0.393875
v 105.711205 105.555000 0.000000
v 105.707634 105.576851 0.393875
v 105.707634 105.576851 0.000000
v 105.705994 105.591240 0.000000
v 105.705292 105.597389 0.393875
v 105.705292 105.597389 0.000000
v 105.704185 105.616608 0.393875
v 105.704185 105.616608 0.000000
v 105.704269 105.629150 0.000000
v 105.704308 105.634514 0.393875
v 105.704308 105.634514 0.000000
v 105.705658 105.651093 0.393875
v 105.420029 106.059380 0.393875
v 105.708237 105.666336 0.393875
v 105.710915 105.676086 0.000000
v 105.712051 105.680252 0.393875
v 105.712051 105.680252 0.000000
v 105.715591 105.689064 0.000000
v 105.717102 105.692825 0.393875
v 105.717102 105.692825 0.000000
v 105.721504 105.700699 0.000000
v 105.728645 105.710983 0.000000
v 105.723381 105.704056 0.393875
v 105.723381 105.704056 0.000000
v 105.730896 105.713943 0.000000
v 105.737022 105.719917 0.000000
v 105.260376 105.127937 0.000000
v 105.552650 104.380539 0.393875
v 105.465134 104.604324 0.000000
v 105.893616 104.526176 0.000000
v 106.039352 104.588432 0.393875
v 106.075592 104.604301 0.000000
v 106.091087 104.611084 0.393875
v 105.989555 105.034882 0.393875
v 106.091087 104.611084 0.000000
v 106.125900 104.627129 0.000000
v 106.140785 104.633987 0.000000
v 106.140785 104.633987 0.393875
v 105.999756 105.034561 0.393875
v 106.174179 104.650215 0.000000
v 106.188454 104.657150 0.393875
v 106.009834 105.036110 0.393875
v 106.188454 104.657150 0.000000
v 106.220444 104.673576 0.000000
v 106.234116 104.680595 0.393875
v 106.019814 105.039528 0.393875
v 106.234116 104.680595 0.000000
v 106.264694 104.697227 0.000000
v 106.277763 104.704338 0.000000
v 106.277763 104.704338 0.393875
v 106.039520 105.051933 0.393875
v 106.306953 104.721191 0.000000
v 106.319427 104.728394 0.393875
v 106.049271 105.060905 0.393875
v 106.319427 104.728394 0.000000
v 106.347221 104.745476 0.000000
v 106.359100 104.752777 0.393875
v 106.058983 105.071716 0.393875
v 106.359100 104.752777 0.000000
v 106.385521 104.770103 0.000000
v 106.396812 104.777512 0.000000
v 106.396812 104.777512 0.393875
v 106.068665 105.084358 0.393875
v 106.421860 104.795090 0.000000
v 106.432564 104.802605 0.000000
v 106.432564 104.802605 0.393875
v 106.087982 105.115105 0.393875
v 106.456245 104.820442 0.000000
v 107.687515 105.212074 0.000000
v 106.466362 104.828072 0.393875
v 106.097656 105.133194 0.393875
v 106.466362 104.828072 0.000000
v 106.488686 104.846191 0.000000
v 106.498230 104.853935 0.000000
v 106.498230 104.853935 0.393875
v 106.107353 105.153091 0.393875
v 106.519203 104.872345 0.000000
v 106.528168 104.880211 0.393875
v 106.528168 104.880211 0.000000
v 106.547806 104.898918 0.000000
v 106.556190 104.906914 0.393875
v 106.556190 104.906914 0.000000
v 106.574493 104.925934 0.000000
v 106.582314 104.934059 0.393875
v 106.582314 104.934059 0.000000
v 106.599289 104.953400 0.000000
v 106.606544 104.961662 0.000000
v 106.606544 104.961662 0.393875
v 106.622200 104.981339 0.000000
v 106.628891 104.989746 0.393875
v 106.117088 105.174782 0.393875
v 106.628891 104.989746 0.000000
v 106.643234 105.009766 0.000000
v 106.649368 105.018318 0.000000
v 106.649368 105.018318 0.393875
v 106.662415 105.038696 0.000000
v 106.667992 105.047401 0.000000
v 106.667992 105.047401 0.393875
v 106.679741 105.068146 0.000000
v 106.684761 105.077011 0.000000
v 106.684761 105.077011 0.393875
v 106.161667 105.298317 0.393875
v 106.695221 105.098129 0.000000
v 106.699699 105.107155 0.000000
v 106.699699 105.107155 0.393875
v 106.708878 105.128662 0.000000
v 106.712807 105.137863 0.000000
v 106.712807 105.137863 0.393875
v 106.720718 105.159775 0.000000
v 107.421814 105.176895 0.000000
v 106.724106 105.169136 0.393875
v 106.168724 105.335632 0.393875
v 106.724106 105.169136 0.000000
v 107.381203 105.179695 0.000000
v 106.730751 105.191467 0.000000
v 107.338509 105.185936 0.000000
v 106.733597 105.201004 0.393875
v 106.733597 105.201004 0.000000
v 107.325310 105.188751 0.000000
v 106.738991 105.223755 0.000000
v 107.294418 105.195328 0.000000
v 106.741295 105.233482 0.393875
v 106.741295 105.233482 0.000000
v 107.281006 105.198990 0.000000
v 106.745445 105.256668 0.000000
v 106.747215 105.266579 0.000000
v 106.747215 105.266579 0.393875
v 106.750122 105.290215 0.000000
v 106.751366 105.300316 0.000000
v 106.751366 105.300316 0.393875
v 106.172272 105.372589 0.393875
v 106.753044 105.324409 0.000000
v 106.753761 105.334702 0.000000
v 106.753761 105.334702 0.393875
v 106.754211 105.359268 0.000000
v 106.754402 105.369766 0.000000
v 106.754402 105.369766 0.393875
v 106.753639 105.394814 0.000000
v 107.160706 105.239388 0.000000
v 106.753311 105.405518 0.393875
v 106.172371 105.408974 0.393875
v 106.753311 105.405518 0.000000
v 107.117958 105.258392 0.000000
v 106.751343 105.431053 0.000000
v 106.750496 105.441971 0.000000
v 106.750496 105.441971 0.393875
v 106.747322 105.468010 0.000000
v 107.039375 105.301079 0.000000
v 106.745972 105.479141 0.393875
v 106.745972 105.479141 0.000000
v 107.004921 105.324173 0.000000
v 106.741600 105.505699 0.000000
v 106.739738 105.517052 0.000000
v 106.739738 105.517052 0.393875
v 106.169106 105.444565 0.393875
v 106.729591 105.560921 0.000000
v 106.966988 105.355324 0.000000
v 106.725250 105.579666 0.393875
v 106.725250 105.579666 0.000000
v 106.949150 105.372375 0.000000
v 106.711182 105.623436 0.000000
v 106.705170 105.642136 0.000000
v 106.705170 105.642136 0.393875
v 106.162521 105.479134 0.393875
v 106.687485 105.685455 0.000000
v 106.679932 105.703964 0.000000
v 106.679932 105.703964 0.393875
v 106.658958 105.746475 0.000000
v 106.929222 105.396889 0.000000
v 106.649994 105.764641 0.393875
v 106.152710 105.512466 0.393875
v 106.649994 105.764641 0.000000
v 106.925125 105.404198 0.000000
v 106.626053 105.805992 0.000000
v 106.915527 105.421288 0.000000
v 106.615814 105.823662 0.393875
v 106.139717 105.544334 0.393875
v 106.615814 105.823662 0.000000
v 106.913918 105.426033 0.000000
v 106.589211 105.863503 0.000000
v 106.577843 105.880524 0.000000
v 106.577843 105.880524 0.393875
v 106.123634 105.574532 0.393875
v 106.548897 105.918495 0.000000
v 106.536530 105.934723 0.000000
v 106.536530 105.934723 0.393875
v 106.505562 105.970467 0.000000
v 106.703720 106.078621 0.000000
v 106.492325 105.985748 0.393875
v 106.104507 105.602821 0.393875
v 106.082420 105.628983 0.393875
v 106.057434 105.652809 0.393875
v 106.029625 105.674065 0.393875
v 106.074944 105.636116 0.000000
v 106.057434 105.652809 0.000000
v 106.082420 105.628983 0.000000
v 106.097893 105.610657 0.000000
v 106.104507 105.602821 0.000000
v 106.117905 105.583000 0.000000
v 106.123634 105.574532 0.000000
v 106.049110 105.659172 0.000000
v 105.989082 105.697166 0.000000
v 105.958344 105.710846 0.000000
v 106.020470 105.679596 0.000000
v 105.999046 105.692535 0.000000
v 106.029625 105.674065 0.000000
v 105.999046 105.692535 0.393875
v 105.965775 105.708000 0.393875
v 105.940956 105.717499 0.393875
v 105.917374 105.725586 0.393875
v 105.940956 105.717499 0.000000
v 105.965775 105.708000 0.000000
v 105.917374 105.725586 0.000000
v 106.139717 105.544334 0.000000
v 106.148819 105.522011 0.000000
v 106.159584 105.489113 0.000000
v 106.152710 105.512466 0.000000
v 106.171394 105.419632 0.000000
v 106.167130 105.454910 0.000000
v 106.169785 105.346695 0.000000
v 106.172302 105.383484 0.000000
v 106.163780 105.309494 0.000000
v 106.168724 105.335632 0.000000
v 106.161667 105.298317 0.000000
v 106.151031 105.260872 0.393875
v 106.151031 105.260872 0.000000
v 106.136749 105.223518 0.393875
v 106.141029 105.234703 0.000000
v 106.129837 105.205818 0.000000
v 106.136749 105.223518 0.000000
v 106.120026 105.181808 0.000000
v 106.126884 105.198257 0.000000
v 106.117088 105.174782 0.000000
v 106.107353 105.153091 0.000000
v 106.100555 105.139153 0.000000
v 106.090874 105.120522 0.000000
v 106.097656 105.133194 0.000000
v 106.081215 105.103699 0.000000
v 106.087982 105.115105 0.000000
v 106.078323 105.098824 0.000000
v 106.078323 105.098824 0.393875
v 106.068665 105.084358 0.000000
v 106.061882 105.075500 0.000000
v 106.058983 105.071716 0.000000
v 106.049271 105.060905 0.000000
v 106.042442 105.054619 0.000000
v 106.039520 105.051933 0.000000
v 106.029701 105.044807 0.393875
v 106.029701 105.044807 0.000000
v 106.019814 105.039528 0.000000
v 106.009834 105.036110 0.000000
v 105.999756 105.034561 0.000000
v 105.947273 105.055031 0.393875
v 105.936264 105.064819 0.393875
v 105.947273 105.055031 0.000000
v 105.936264 105.064819 0.000000
v 105.925049 105.076523 0.393875
v 105.925049 105.076523 0.000000
v 105.913620 105.090149 0.393875
v 105.913620 105.090149 0.000000
v 105.901947 105.105698 0.393875
v 106.126884 105.198257 0.393875
v 106.172272 105.372589 0.000000
v 106.172371 105.408974 0.000000
v 106.169106 105.444565 0.000000
v 106.162521 105.479134 0.000000
v 106.698105 106.080750 0.000000
v 106.718010 106.074654 0.000000
v 106.724121 106.072960 0.000000
v 106.724121 106.072960 0.393875
v 106.739555 106.070038 0.000000
v 106.746155 106.068794 0.000000
v 106.746155 106.068794 0.393875
v 106.762726 106.066948 0.000000
v 106.769806 106.066162 0.393875
v 106.769806 106.066162 0.000000
v 106.787506 106.065414 0.000000
v 106.795074 106.065102 0.393875
v 106.795074 106.065102 0.000000
v 106.913033 105.430992 0.000000
v 106.813896 106.065483 0.000000
v 106.821945 106.065651 0.000000
v 106.821945 106.065651 0.393875
v 106.841888 106.067192 0.000000
v 106.850418 106.067848 0.000000
v 106.850418 106.067848 0.393875
v 106.871475 106.070572 0.000000
v 106.880478 106.071739 0.393875
v 106.880478 106.071739 0.000000
v 106.900940 106.075165 0.000000
v 106.909691 106.076630 0.393875
v 107.154663 106.312065 0.393875
v 106.909691 106.076630 0.000000
v 106.928871 106.080704 0.000000
v 106.937073 106.082443 0.000000
v 106.937073 106.082443 0.393875
v 106.954994 106.087173 0.000000
v 106.962662 106.089203 0.000000
v 106.962662 106.089203 0.393875
v 107.149445 106.294151 0.393875
v 106.979340 106.094612 0.000000
v 106.986473 106.096924 0.000000
v 106.986473 106.096924 0.393875
v 107.001938 106.103035 0.000000
v 107.008545 106.105644 0.000000
v 107.008545 106.105644 0.393875
v 107.022812 106.112465 0.000000
v 107.028908 106.115387 0.000000
v 107.028908 106.115387 0.393875
v 107.144577 106.274467 0.393875
v 107.041992 106.122940 0.000000
v 107.047585 106.126167 0.000000
v 107.047585 106.126167 0.393875
v 107.059502 106.134476 0.000000
v 107.064598 106.138023 0.000000
v 107.064598 106.138023 0.393875
v 107.075386 106.147095 0.000000
v 106.913361 105.441521 0.000000
v 107.079994 106.150978 0.393875
v 107.079994 106.150978 0.000000
v 107.089653 106.160835 0.000000
v 106.914253 105.444893 0.000000
v 107.093788 106.165047 0.393875
v 107.139771 106.253136 0.393875
v 107.093788 106.165047 0.000000
v 106.916351 105.452782 0.000000
v 107.102348 106.175713 0.000000
v 106.921844 105.464676 0.000000
v 107.106010 106.180267 0.393875
v 107.133545 106.233070 0.393875
v 107.106010 106.180267 0.000000
v 107.315300 106.242661 0.000000
v 107.113495 106.191757 0.000000
v 107.116692 106.196663 0.000000
v 107.116692 106.196663 0.393875
v 107.123116 106.208984 0.000000
v 107.125854 106.214256 0.000000
v 107.125443 106.214462 0.393875
v 107.131241 106.227432 0.000000
v 107.133545 106.233070 0.000000
v 107.137909 106.247124 0.000000
v 107.139771 106.253136 0.000000
v 107.143135 106.268082 0.000000
v 107.145065 106.276443 0.000000
v 107.144577 106.274467 0.000000
v 107.147987 106.288254 0.000000
v 107.149445 106.294151 0.000000
v 107.298637 106.342094 0.000000
v 107.300461 106.338142 0.000000
v 107.294334 106.350273 0.000000
v 107.296379 106.346992 0.000000
v 107.158577 106.323372 0.000000
v 107.153107 106.306702 0.000000
v 107.184334 106.372276 0.000000
v 107.170647 106.351402 0.000000
v 107.257767 106.383316 0.000000
v 107.279030 106.369202 0.000000
v 107.219772 106.392921 0.000000
v 107.199768 106.385963 0.000000
v 107.246788 106.388344 0.000000
v 107.236351 106.391533 0.000000
v 107.249962 106.387230 0.000000
v 107.249962 106.387230 0.393875
v 107.261108 106.381645 0.393875
v 107.742210 106.742104 0.393875
v 107.261108 106.381645 0.000000
v 107.269310 106.376434 0.000000
v 107.272820 106.374214 0.393875
v 107.272820 106.374214 0.000000
v 107.281677 106.367058 0.393875
v 107.281677 106.367058 0.000000
v 107.287186 106.360672 0.000000
v 107.289536 106.357941 0.393875
v 107.289536 106.357941 0.000000
v 107.296379 106.346992 0.393875
v 107.302208 106.334358 0.393875
v 107.809303 106.283569 0.393875
v 107.302208 106.334358 0.000000
v 107.310776 106.304596 0.393875
v 107.308212 106.313507 0.000000
v 107.313858 106.280212 0.000000
v 107.310776 106.304596 0.000000
v 107.315178 106.269783 0.000000
v 107.315178 106.269783 0.393875
v 107.315353 106.231064 0.393875
v 107.315353 106.231064 0.000000
v 107.311234 106.189560 0.393875
v 107.312462 106.201988 0.000000
v 107.305290 106.159325 0.000000
v 107.311234 106.189560 0.000000
v 107.277519 106.068741 0.000000
v 107.293724 106.115814 0.000000
v 106.951691 105.503380 0.000000
v 106.955841 105.507454 0.000000
v 106.943268 105.494049 0.000000
v 106.939674 105.490067 0.393875
v 106.939674 105.490067 0.000000
v 106.932663 105.481010 0.000000
v 106.929672 105.477142 0.393875
v 106.929672 105.477142 0.000000
v 106.924187 105.468407 0.000000
v 106.921844 105.464676 0.393875
v 106.916351 105.452782 0.393875
v 106.915527 105.421288 0.393875
v 106.917999 105.456345 0.000000
v 106.913361 105.441521 0.393875
v 106.913383 105.431030 0.393875
v 106.913132 105.434143 0.000000
v 106.913918 105.426033 0.393875
v 106.913651 105.427521 0.000000
v 106.915047 105.422707 0.000000
v 106.929222 105.396889 0.393875
v 106.949150 105.372375 0.393875
v 106.943184 105.379715 0.000000
v 106.974617 105.348038 0.393875
v 106.974617 105.348038 0.000000
v 106.995850 105.331314 0.000000
v 107.004921 105.324173 0.393875
v 107.029060 105.307991 0.000000
v 107.039375 105.301079 0.393875
v 107.065933 105.285645 0.000000
v 107.077286 105.279053 0.000000
v 107.077286 105.279053 0.393875
v 107.105782 105.264572 0.000000
v 107.117958 105.258392 0.393875
v 107.532562 105.686859 0.393875
v 107.147903 105.245079 0.000000
v 107.160706 105.239388 0.393875
v 107.191612 105.227448 0.000000
v 107.204819 105.222351 0.393875
v 107.204819 105.222351 0.000000
v 107.236214 105.211990 0.000000
v 107.249626 105.207558 0.393875
v 107.249626 105.207558 0.000000
v 107.294418 105.195328 0.393875
v 107.338509 105.185936 0.393875
v 107.368423 105.181564 0.000000
v 107.381203 105.179695 0.393875
v 107.409653 105.177727 0.000000
v 107.421814 105.176895 0.393875
v 107.448311 105.177544 0.000000
v 107.459633 105.177826 0.000000
v 107.459633 105.177826 0.393875
v 107.483696 105.181313 0.000000
v 107.493980 105.182800 0.393875
v 107.493980 105.182800 0.000000
v 107.519188 105.188583 0.000000
v 107.553856 105.195908 0.000000
v 107.529953 105.191048 0.393875
v 107.529953 105.191048 0.000000
v 107.564072 105.197983 0.393875
v 107.564072 105.197983 0.000000
v 107.586151 105.201912 0.000000
v 107.595589 105.203598 0.393875
v 107.595589 105.203598 0.000000
v 107.615334 105.206604 0.000000
v 107.623772 105.207886 0.393875
v 107.623772 105.207886 0.000000
v 107.640656 105.209969 0.000000
v 107.647873 105.210861 0.393875
v 107.647873 105.210861 0.000000
v 107.661392 105.212021 0.000000
v 107.667175 105.212517 0.393875
v 107.718773 105.234856 0.393875
v 107.667175 105.212517 0.000000
v 107.676804 105.212753 0.000000
v 107.680923 105.212860 0.393875
v 107.701302 105.221077 0.393875
v 107.680923 105.212860 0.000000
v 107.684113 105.212631 0.000000
v 107.685486 105.212532 0.393875
v 107.695137 105.216415 0.393875
v 107.685486 105.212532 0.000000
v 107.688377 105.211884 0.393875
v 107.690796 105.213333 0.393875
v 107.695137 105.216415 0.000000
v 107.699455 105.219681 0.000000
v 107.701302 105.221077 0.000000
v 107.706848 105.225395 0.000000
v 107.709213 105.227242 0.000000
v 107.709213 105.227242 0.393875
v 107.715912 105.232574 0.000000
v 107.718773 105.234856 0.000000
v 107.726562 105.241150 0.000000
v 107.729897 105.243843 0.000000
v 107.729897 105.243843 0.393875
v 107.738708 105.251053 0.000000
v 107.742477 105.254135 0.393875
v 107.742477 105.254135 0.000000
v 107.752266 105.262230 0.000000
v 107.756447 105.265686 0.000000
v 107.756447 105.265686 0.393875
v 107.778648 105.284302 0.000000
v 107.788139 105.292252 0.000000
v 107.788139 105.292252 0.393875
v 107.540573 105.690994 0.393875
v 107.813446 105.313812 0.000000
v 108.934479 105.825508 0.000000
v 107.824257 105.323029 0.393875
v 107.547836 105.696159 0.393875
v 107.824257 105.323029 0.000000
v 108.919212 105.818855 0.000000
v 107.852150 105.347176 0.000000
v 107.864067 105.357498 0.000000
v 107.864067 105.357498 0.393875
v 107.559708 105.709480 0.393875
v 107.894043 105.383858 0.000000
v 107.906853 105.395126 0.000000
v 107.906853 105.395126 0.393875
v 107.564125 105.717613 0.393875
v 107.934814 105.423096 0.000000
v 108.442429 105.614899 0.000000
v 107.946762 105.435059 0.393875
v 107.569641 105.735023 0.393875
v 107.946762 105.435059 0.000000
v 107.970970 105.464897 0.000000
v 107.981316 105.477654 0.393875
v 107.981316 105.477654 0.000000
v 108.001762 105.508987 0.000000
v 108.010498 105.522385 0.000000
v 108.010498 105.522385 0.393875
v 107.569908 105.743660 0.393875
v 108.027191 105.554840 0.000000
v 108.034325 105.568718 0.393875
v 108.034325 105.568718 0.000000
v 108.047256 105.601936 0.000000
v 108.052780 105.616135 0.000000
v 108.052780 105.616135 0.393875
v 107.568283 105.752541 0.393875
v 108.061958 105.649750 0.000000
v 108.065880 105.664116 0.393875
v 108.065880 105.664116 0.000000
v 108.071304 105.697739 0.000000
v 108.073616 105.712112 0.000000
v 108.073616 105.712112 0.393875
v 107.902222 106.058563 0.393875
v 108.075287 105.745399 0.000000
v 108.075996 105.759621 0.000000
v 108.075996 105.759621 0.393875
v 108.073914 105.792183 0.000000
v 108.073021 105.806099 0.000000
v 108.073021 105.806099 0.393875
v 107.923119 106.046906 0.393875
v 108.067177 105.837578 0.000000
v 108.064682 105.851028 0.393875
v 107.942680 106.033997 0.393875
v 108.064682 105.851028 0.000000
v 108.061661 106.588371 0.000000
v 108.055092 105.881058 0.000000
v 108.050995 105.893883 0.000000
v 108.050995 105.893883 0.393875
v 108.037643 105.922081 0.000000
v 108.031944 105.934135 0.000000
v 108.031944 105.934135 0.393875
v 108.014847 105.960136 0.000000
v 108.007545 105.971252 0.000000
v 108.007545 105.971252 0.393875
v 107.977783 106.004715 0.393875
v 107.986694 105.994698 0.000000
v 107.852234 106.471855 0.000000
v 107.977783 106.004715 0.000000
v 107.849991 106.439575 0.000000
v 107.953186 106.025230 0.000000
v 107.942680 106.033997 0.000000
v 107.841202 106.391327 0.000000
v 107.801842 106.251678 0.000000
v 107.847359 106.425125 0.000000
v 107.841202 106.391327 0.393875
v 107.849991 106.439575 0.393875
v 107.853195 106.485657 0.393875
v 107.853195 106.485657 0.000000
v 107.851715 106.516373 0.000000
v 107.851082 106.529503 0.000000
v 107.851082 106.529503 0.393875
v 107.815613 106.647003 0.393875
v 107.846069 106.558609 0.000000
v 107.843933 106.571053 0.393875
v 107.843933 106.571053 0.000000
v 107.832016 106.610245 0.393875
v 107.842812 106.574738 0.000000
v 107.835587 106.598503 0.000000
v 108.034859 106.656845 0.000000
v 107.854630 107.117302 0.000000
v 107.854630 107.117302 0.393875
v 108.150154 106.362297 0.393875
v 107.993202 107.171104 0.000000
v 108.317406 107.296989 0.000000
v 107.166359 106.853241 0.000000
v 107.181610 106.856461 0.000000
v 107.130798 106.843262 0.000000
v 107.115593 106.838997 0.393875
v 107.115593 106.838997 0.000000
v 107.065277 106.821175 0.000000
v 107.080345 106.826515 0.000000
v 108.386269 107.321854 0.000000
v 107.030533 106.806137 0.000000
v 107.015686 106.799713 0.393875
v 107.015686 106.799713 0.000000
v 106.981636 106.782082 0.000000
v 106.967087 106.774551 0.393875
v 106.967087 106.774551 0.000000
v 106.933929 106.754280 0.000000
v 106.919754 106.745613 0.393875
v 106.919754 106.745613 0.000000
v 106.887680 106.722664 0.000000
v 106.873970 106.712852 0.393875
v 106.873970 106.712852 0.000000
v 106.843170 106.687164 0.000000
v 106.830002 106.676186 0.393875
v 106.830002 106.676186 0.000000
v 106.800674 106.647728 0.000000
v 106.788132 106.635567 0.393875
v 106.788132 106.635567 0.000000
v 106.760460 106.604286 0.000000
v 106.748627 106.590919 0.393875
v 107.417290 106.873070 0.393875
v 107.368408 106.875740 0.393875
v 107.464981 106.867203 0.393875
v 107.464981 106.867203 0.000000
v 107.511200 106.858200 0.393875
v 107.511200 106.858200 0.000000
v 106.667114 106.473099 0.393875
v 107.555664 106.846146 0.393875
v 106.651299 106.445122 0.393875
v 107.598114 106.831078 0.393875
v 106.625092 106.391228 0.393875
v 107.638268 106.813080 0.393875
v 106.614685 106.365387 0.393875
v 106.606056 106.340324 0.393875
v 106.599205 106.316101 0.393875
v 107.675850 106.792213 0.393875
v 107.710587 106.768532 0.393875
v 107.710587 106.768532 0.000000
v 107.742210 106.742104 0.000000
v 106.589218 106.248772 0.393875
v 107.202187 106.387573 0.393875
v 107.210732 106.391159 0.393875
v 107.194107 106.382179 0.393875
v 107.186485 106.374977 0.393875
v 107.194107 106.382179 0.000000
v 107.202187 106.387573 0.000000
v 107.208176 106.390083 0.000000
v 107.210732 106.391159 0.000000
v 107.217064 106.392395 0.000000
v 107.219772 106.392921 0.393875
v 107.226448 106.392876 0.000000
v 107.229309 106.392860 0.000000
v 107.229309 106.392860 0.393875
v 107.239365 106.390961 0.393875
v 107.239365 106.390961 0.000000
v 107.191826 106.380020 0.000000
v 107.186485 106.374977 0.000000
v 107.179306 106.365967 0.393875
v 107.179306 106.365967 0.000000
v 107.172546 106.355171 0.393875
v 107.166199 106.342583 0.393875
v 107.177284 106.362732 0.000000
v 107.172546 106.355171 0.000000
v 107.166199 106.342583 0.000000
v 107.164421 106.338280 0.000000
v 107.160248 106.328209 0.393875
v 107.160248 106.328209 0.000000
v 107.154663 106.312065 0.000000
v 106.600250 106.172966 0.393875
v 106.607300 106.156761 0.393875
v 107.750664 106.733391 0.000000
v 107.720055 106.760620 0.000000
v 107.686249 106.785118 0.000000
v 107.675850 106.792213 0.000000
v 107.649521 106.806831 0.000000
v 107.638268 106.813080 0.000000
v 107.598114 106.831078 0.000000
v 107.610138 106.825691 0.000000
v 107.555664 106.846146 0.000000
v 107.568375 106.841629 0.000000
v 107.524513 106.854591 0.000000
v 107.478821 106.864502 0.000000
v 107.417290 106.873070 0.000000
v 107.431572 106.871307 0.000000
v 107.368408 106.875740 0.000000
v 107.383041 106.874939 0.000000
v 107.318596 106.875160 0.000000
v 107.333511 106.875336 0.000000
v 107.268135 106.871262 0.000000
v 107.283241 106.872429 0.000000
v 107.217300 106.863976 0.000000
v 107.232521 106.866158 0.000000
v 107.166359 106.853241 0.393875
v 107.217300 106.863976 0.393875
v 107.065277 106.821175 0.393875
v 107.268135 106.871262 0.393875
v 107.318596 106.875160 0.393875
v 107.770432 106.713005 0.000000
v 107.794998 106.681282 0.000000
v 107.770432 106.713005 0.393875
v 107.777786 106.703506 0.000000
v 107.794998 106.681282 0.393875
v 107.801170 106.671021 0.000000
v 107.815613 106.647003 0.000000
v 107.820526 106.635994 0.000000
v 107.832016 106.610245 0.000000
v 108.406395 107.328384 0.000000
v 108.338028 107.304436 0.000000
v 108.317406 107.296989 0.393875
v 108.579498 106.882332 0.393875
v 108.583870 106.898697 0.393875
v 108.578026 106.863167 0.393875
v 108.579445 106.840912 0.393875
v 108.579056 106.876595 0.000000
v 108.578026 106.863167 0.000000
v 108.579498 106.882332 0.000000
v 108.581711 106.890633 0.000000
v 108.582558 106.893799 0.000000
v 108.583870 106.898697 0.000000
v 108.723610 106.951286 0.000000
v 108.734184 106.947960 0.000000
v 108.716583 106.952805 0.000000
v 108.721786 106.951866 0.000000
v 108.598267 106.920647 0.000000
v 108.588966 106.908386 0.000000
v 108.643555 106.946167 0.000000
v 108.682510 106.954948 0.000000
v 108.610458 106.930840 0.000000
v 108.601311 106.924110 0.000000
v 108.625557 106.939255 0.000000
v 108.614372 106.933716 0.000000
v 108.630341 106.941628 0.000000
v 108.630341 106.941628 0.393875
v 108.649208 106.948105 0.393875
v 108.519104 107.362457 0.393875
v 108.649208 106.948105 0.000000
v 108.664452 106.951851 0.000000
v 108.670975 106.953445 0.393875
v 108.670975 106.953445 0.000000
v 108.687439 106.955589 0.393875
v 108.583031 107.378227 0.393875
v 108.687439 106.955589 0.000000
v 108.699326 106.955185 0.000000
v 108.704407 106.955009 0.393875
v 109.211220 107.335960 0.393875
v 108.704407 106.955009 0.000000
v 108.721786 106.951866 0.393875
v 108.739487 106.946289 0.393875
v 108.739487 106.946289 0.000000
v 108.752045 106.940781 0.000000
v 108.757416 106.938431 0.393875
v 108.757416 106.938431 0.000000
v 108.770081 106.931419 0.000000
v 108.775490 106.928429 0.393875
v 108.775490 106.928429 0.000000
v 108.788193 106.920021 0.000000
v 108.793617 106.916428 0.393875
v 108.793617 106.916428 0.000000
v 108.806297 106.906715 0.000000
v 108.811714 106.902565 0.393875
v 108.811714 106.902565 0.000000
v 108.836739 106.879654 0.000000
v 108.847435 106.869858 0.393875
v 108.847435 106.869858 0.000000
v 108.871613 106.842941 0.000000
v 108.881943 106.831436 0.393875
v 108.881943 106.831436 0.000000
v 108.914528 106.788460 0.393875
v 108.904770 106.801331 0.000000
v 108.935509 106.755951 0.000000
v 108.914528 106.788460 0.000000
v 109.019989 106.559738 0.000000
v 108.986870 106.658501 0.000000
v 108.580742 106.833244 0.000000
v 108.781471 106.345543 0.000000
v 108.688545 106.533875 0.000000
v 109.006477 106.389801 0.000000
v 109.029297 106.462250 0.000000
v 108.922508 106.288780 0.000000
v 108.963867 106.331985 0.000000
v 108.846817 106.273056 0.000000
v 108.888710 106.268761 0.000000
v 108.813263 106.301651 0.000000
v 108.831573 106.283676 0.000000
v 108.794250 106.326355 0.000000
v 108.807732 106.307632 0.000000
v 108.788483 106.334358 0.000000
v 108.788483 106.334358 0.393875
v 108.778473 106.350319 0.393875
v 108.778473 106.350319 0.000000
v 108.771248 106.362732 0.000000
v 108.768158 106.368034 0.393875
v 108.768158 106.368034 0.000000
v 108.760696 106.381699 0.000000
v 108.757515 106.387535 0.393875
v 108.757515 106.387535 0.000000
v 108.749786 106.402451 0.000000
v 108.746490 106.408829 0.393875
v 108.746490 106.408829 0.000000
v 108.738480 106.425026 0.000000
v 108.735054 106.431946 0.393875
v 108.735054 106.431946 0.000000
v 108.726730 106.449432 0.000000
v 108.723175 106.456902 0.393875
v 108.723175 106.456902 0.000000
v 108.714523 106.475693 0.000000
v 108.710823 106.483727 0.393875
v 108.710823 106.483727 0.000000
v 108.701805 106.503838 0.000000
v 108.697952 106.512436 0.393875
v 108.697952 106.512436 0.000000
v 108.684525 106.543045 0.393875
v 108.684525 106.543045 0.000000
v 108.674713 106.565842 0.000000
v 108.670517 106.575584 0.393875
v 108.670517 106.575584 0.000000
v 108.655319 106.611717 0.000000
v 108.648819 106.627159 0.393875
v 108.648819 106.627159 0.000000
v 108.635651 106.659782 0.000000
v 108.630020 106.673721 0.393875
v 108.630020 106.673721 0.000000
v 108.618874 106.703018 0.000000
v 108.614113 106.715538 0.393875
v 108.614113 106.715538 0.000000
v 108.604996 106.741707 0.000000
v 108.601105 106.752892 0.393875
v 108.601105 106.752892 0.000000
v 108.594017 106.776123 0.000000
v 108.590988 106.786049 0.393875
v 108.590988 106.786049 0.000000
v 108.585930 106.806541 0.000000
v 108.583771 106.815300 0.393875
v 108.583771 106.815300 0.000000
v 108.579445 106.840912 0.000000
v 108.578453 106.856499 0.000000
v 108.807732 106.307632 0.393875
v 108.883499 105.803307 0.393875
v 108.442429 105.614899 0.393875
v 108.826202 106.287674 0.393875
v 108.844162 106.274330 0.393875
v 108.853035 106.270081 0.393875
v 108.844162 106.274330 0.000000
v 108.826202 106.287674 0.000000
v 108.853035 106.270081 0.000000
v 108.855690 106.269287 0.000000
v 108.870773 106.266327 0.000000
v 108.861900 106.267418 0.000000
v 108.879700 106.266785 0.000000
v 108.882393 106.267372 0.000000
v 108.873444 106.266464 0.000000
v 108.870773 106.266327 0.393875
v 108.861900 106.267418 0.393875
v 108.934479 105.825508 0.393875
v 108.864555 106.267090 0.000000
v 108.883499 105.803307 0.000000
v 108.968719 105.841034 0.000000
v 108.983360 105.847672 0.000000
v 108.983360 105.847672 0.393875
v 109.016144 105.863190 0.000000
v 108.879700 106.266785 0.393875
v 108.888710 106.268761 0.393875
v 108.891441 106.269806 0.000000
v 108.897842 106.272247 0.000000
v 108.903465 106.275658 0.000000
v 108.897842 106.272247 0.393875
v 108.916618 106.283638 0.000000
v 108.916618 106.283638 0.393875
v 108.936295 106.300797 0.393875
v 108.936295 106.300797 0.000000
v 108.942551 106.307610 0.000000
v 108.957176 106.323547 0.000000
v 108.957176 106.323547 0.393875
v 108.979523 106.351730 0.393875
v 108.979523 106.351730 0.000000
v 108.986748 106.361740 0.000000
v 109.003639 106.385162 0.000000
v 109.003639 106.385162 0.393875
v 109.013123 106.400642 0.393875
v 109.389297 106.097221 0.393875
v 109.013123 106.400642 0.000000
v 109.015312 106.405754 0.000000
v 109.022003 106.423241 0.000000
v 109.020439 106.417702 0.000000
v 109.026634 106.442123 0.000000
v 109.028900 106.455986 0.000000
v 109.025665 106.436195 0.000000
v 109.025665 106.436195 0.393875
v 109.020439 106.417702 0.393875
v 109.414894 106.121193 0.393875
v 109.438713 106.145493 0.393875
v 109.499779 106.220718 0.393875
v 109.028900 106.455986 0.393875
v 109.030228 106.476921 0.000000
v 109.030228 106.476921 0.393875
v 109.030083 106.483490 0.000000
v 109.029076 106.505684 0.000000
v 109.029739 106.498856 0.000000
v 109.026367 106.528702 0.000000
v 109.023659 106.545181 0.000000
v 109.027519 106.521660 0.000000
v 109.027519 106.521660 0.393875
v 109.029739 106.498856 0.393875
v 109.023659 106.545181 0.393875
v 109.011383 106.593803 0.000000
v 109.011383 106.593803 0.393875
v 109.006065 106.608711 0.000000
v 108.993622 106.643593 0.000000
v 108.993622 106.643593 0.393875
v 109.589485 106.702843 0.393875
v 108.971085 106.693390 0.393875
v 108.971085 106.693390 0.000000
v 108.963120 106.707962 0.000000
v 108.944481 106.742065 0.000000
v 108.944481 106.742065 0.393875
v 109.518120 106.983513 0.393875
v 109.497063 107.031387 0.393875
v 109.473801 107.076485 0.393875
v 109.473801 107.076485 0.000000
v 109.455971 107.106125 0.000000
v 109.448349 107.118797 0.000000
v 109.448349 107.118797 0.393875
v 109.429016 107.146477 0.000000
v 109.420753 107.158310 0.000000
v 109.420753 107.158310 0.393875
v 109.399918 107.184021 0.000000
v 109.391014 107.195007 0.393875
v 109.391014 107.195007 0.000000
v 109.368706 107.218742 0.000000
v 109.363113 107.224686 0.000000
v 109.359177 107.228882 0.393875
v 109.359177 107.228882 0.000000
v 109.325249 107.259926 0.393875
v 109.325249 107.259926 0.000000
v 109.335403 107.250633 0.000000
v 109.289268 107.288132 0.000000
v 109.300041 107.279686 0.000000
v 109.262634 107.305885 0.000000
v 109.251251 107.313477 0.393875
v 109.251251 107.313477 0.000000
v 109.223206 107.329224 0.000000
v 109.211220 107.335960 0.000000
v 109.181786 107.349693 0.000000
v 109.169212 107.355560 0.393875
v 109.169212 107.355560 0.000000
v 109.125237 107.372276 0.000000
v 109.138405 107.367271 0.000000
v 109.093071 107.381958 0.000000
v 109.079323 107.386101 0.393875
v 109.079323 107.386101 0.000000
v 109.031502 107.397011 0.000000
v 109.045822 107.393738 0.000000
v 108.981796 107.404999 0.000000
v 108.996681 107.402603 0.000000
v 108.945663 107.408539 0.000000
v 108.930222 107.410057 0.393875
v 108.930222 107.410057 0.000000
v 108.876808 107.412170 0.000000
v 108.892807 107.411537 0.000000
v 108.838120 107.411583 0.000000
v 108.821587 107.411331 0.393875
v 108.821587 107.411331 0.000000
v 108.764572 107.407532 0.000000
v 108.781647 107.408669 0.000000
v 108.723389 107.402779 0.000000
v 108.705788 107.400749 0.393875
v 108.705788 107.400749 0.000000
v 108.663391 107.393913 0.000000
v 108.645271 107.390991 0.393875
v 108.645271 107.390991 0.000000
v 108.583031 107.378227 0.000000
v 108.601669 107.382050 0.000000
v 108.519104 107.362457 0.000000
v 108.538246 107.367180 0.000000
v 108.473145 107.349297 0.000000
v 108.453506 107.343666 0.393875
v 108.453506 107.343666 0.000000
v 108.386269 107.321854 0.393875
v 108.601311 106.924110 0.393875
v 108.614372 106.933716 0.393875
v 108.591141 106.912529 0.393875
v 108.591141 106.912529 0.000000
v 108.764572 107.407532 0.393875
v 108.876808 107.412170 0.393875
v 108.981796 107.404999 0.393875
v 109.031502 107.397011 0.393875
v 109.125237 107.372276 0.393875
v 109.289268 107.288132 0.393875
v 108.751427 105.746895 0.000000
v 108.354912 105.838692 0.000000
v 108.150154 106.362297 0.000000
v 107.826553 106.340973 0.393875
v 107.836815 106.376251 0.000000
v 107.817123 106.310982 0.393875
v 107.823730 106.331993 0.000000
v 107.814781 106.302773 0.000000
v 107.809303 106.283569 0.000000
v 107.817123 106.310982 0.000000
v 107.826553 106.340973 0.000000
v 107.807465 106.276070 0.000000
v 107.803162 106.258530 0.000000
v 107.803162 106.258530 0.393875
v 107.798752 106.235664 0.393875
v 107.796135 106.214775 0.393875
v 107.797966 106.229408 0.000000
v 107.795357 106.195663 0.393875
v 107.795898 106.209053 0.000000
v 107.796494 106.178131 0.393875
v 107.795700 106.190414 0.000000
v 107.799599 106.161980 0.393875
v 107.797424 106.173294 0.000000
v 107.510788 105.815636 0.393875
v 107.804726 106.147011 0.393875
v 107.482002 105.831863 0.393875
v 107.502167 105.820496 0.000000
v 107.302757 106.146408 0.393875
v 107.448944 105.846268 0.393875
v 107.412270 105.858276 0.393875
v 107.472107 105.836174 0.000000
v 107.448944 105.846268 0.000000
v 107.482002 105.831863 0.000000
v 107.437965 105.849861 0.000000
v 107.379349 105.865036 0.000000
v 107.402412 105.860298 0.000000
v 107.350502 105.871567 0.000000
v 107.370712 105.866989 0.000000
v 107.565102 105.720337 0.000000
v 107.567253 105.755249 0.000000
v 107.325577 105.878166 0.000000
v 107.343033 105.873543 0.000000
v 107.304420 105.885132 0.000000
v 107.319237 105.880249 0.000000
v 107.286880 105.892738 0.000000
v 107.299164 105.887405 0.000000
v 107.282669 105.895302 0.000000
v 107.286880 105.892738 0.393875
v 107.272820 105.901299 0.000000
v 107.272820 105.901299 0.393875
v 107.382286 105.716682 0.000000
v 107.386879 105.716576 0.000000
v 107.269600 105.904228 0.000000
v 107.370461 105.715858 0.000000
v 107.365402 105.715500 0.393875
v 107.262077 105.911087 0.000000
v 107.262077 105.911087 0.393875
v 107.365402 105.715500 0.000000
v 107.254494 105.922394 0.000000
v 107.259804 105.914467 0.000000
v 107.347130 105.712868 0.000000
v 107.352600 105.713661 0.000000
v 107.319061 105.706383 0.000000
v 107.307068 105.703606 0.393875
v 107.307068 105.703606 0.000000
v 107.253128 105.926323 0.000000
v 107.254494 105.922394 0.393875
v 107.263397 105.689590 0.000000
v 107.276474 105.693787 0.000000
v 107.249939 105.935524 0.000000
v 107.217415 105.671516 0.000000
v 107.231186 105.676926 0.000000
v 107.249435 105.940086 0.000000
v 107.249939 105.935524 0.393875
v 107.184494 105.656494 0.000000
v 107.170425 105.650078 0.393875
v 107.248245 105.950760 0.000000
v 107.170425 105.650078 0.000000
v 107.249275 105.968391 0.000000
v 107.248558 105.956039 0.000000
v 107.123703 105.625984 0.000000
v 107.137695 105.633202 0.000000
v 107.252861 105.988716 0.000000
v 107.250351 105.974480 0.000000
v 107.092079 105.607735 0.000000
v 107.078568 105.599930 0.393875
v 107.258873 106.012024 0.000000
v 107.254662 105.995697 0.000000
v 107.078568 105.599930 0.000000
v 107.261345 106.019981 0.000000
v 107.258873 106.012024 0.393875
v 107.048950 105.580795 0.000000
v 107.036301 105.572617 0.393875
v 107.267136 106.038597 0.000000
v 107.036301 105.572617 0.000000
v 107.270248 106.047623 0.000000
v 107.267136 106.038597 0.393875
v 106.998192 105.544731 0.000000
v 107.009605 105.553085 0.000000
v 106.965553 105.516983 0.000000
v 106.975327 105.525291 0.000000
v 106.951691 105.503380 0.393875
v 106.965553 105.516983 0.393875
v 106.998192 105.544731 0.393875
v 107.123703 105.625984 0.393875
v 107.474190 105.684372 0.393875
v 107.217415 105.671516 0.393875
v 107.263397 105.689590 0.393875
v 107.453186 105.692436 0.393875
v 107.347130 105.712868 0.393875
v 107.474190 105.684372 0.000000
v 107.480408 105.683311 0.000000
v 107.459473 105.690018 0.000000
v 107.453186 105.692436 0.000000
v 107.432716 105.705154 0.000000
v 107.425911 105.709000 0.000000
v 107.423004 105.710648 0.393875
v 107.423004 105.710648 0.000000
v 107.542747 105.692543 0.000000
v 107.414772 105.713234 0.000000
v 107.411247 105.714340 0.393875
v 107.411247 105.714340 0.000000
v 107.397621 105.716324 0.000000
v 107.401703 105.715729 0.000000
v 107.382286 105.716682 0.393875
v 107.397621 105.716324 0.393875
v 107.432716 105.705154 0.393875
v 107.438850 105.701347 0.000000
v 107.555885 105.704468 0.000000
v 107.520027 105.683250 0.000000
v 107.534958 105.688095 0.000000
v 107.500854 105.681099 0.000000
v 107.514671 105.681709 0.000000
v 107.494949 105.680840 0.000000
v 107.494949 105.680840 0.393875
v 107.514671 105.681709 0.393875
v 107.532562 105.686859 0.000000
v 107.540573 105.690994 0.000000
v 107.547836 105.696159 0.000000
v 107.549759 105.698006 0.000000
v 107.554245 105.702324 0.000000
v 107.554245 105.702324 0.393875
v 107.559708 105.709480 0.000000
v 107.561028 105.711922 0.000000
v 107.564125 105.717613 0.000000
v 107.567383 105.726707 0.000000
v 107.567383 105.726707 0.393875
v 107.568062 105.729195 0.000000
v 107.569717 105.737610 0.000000
v 107.569641 105.735023 0.000000
v 107.569420 105.746323 0.000000
v 107.568283 105.752541 0.000000
v 107.569908 105.743660 0.000000
v 107.564850 105.761589 0.000000
v 107.564850 105.761589 0.393875
v 107.561264 105.767082 0.000000
v 107.547409 105.785385 0.000000
v 107.552872 105.779938 0.000000
v 107.527489 105.803375 0.000000
v 107.510788 105.815636 0.000000
v 107.534622 105.798141 0.000000
v 107.534622 105.798141 0.393875
v 107.552872 105.779938 0.393875
v 107.821281 106.119812 0.393875
v 107.832832 106.107193 0.393875
v 107.846649 106.094955 0.393875
v 107.862778 106.082901 0.393875
v 107.846649 106.094955 0.000000
v 107.851479 106.091347 0.000000
v 107.836975 106.103523 0.000000
v 107.832832 106.107193 0.000000
v 107.824745 106.116035 0.000000
v 107.923119 106.046906 0.000000
v 107.868317 106.079292 0.000000
v 107.928978 106.043037 0.000000
v 107.806885 106.142822 0.000000
v 107.796135 106.214775 0.000000
v 107.798752 106.235664 0.000000
v 107.796494 106.178131 0.000000
v 107.795357 106.195663 0.000000
v 107.814735 106.129066 0.000000
v 107.801132 106.157494 0.000000
v 107.804726 106.147011 0.000000
v 107.799599 106.161980 0.000000
v 107.811935 106.133018 0.393875
v 107.811935 106.133018 0.000000
v 107.821281 106.119812 0.000000
v 107.908478 106.055077 0.000000
v 107.902222 106.058563 0.000000
v 107.887550 106.067169 0.000000
v 107.881279 106.070839 0.393875
v 107.881279 106.070839 0.000000
v 107.862778 106.082901 0.000000
v 107.277519 106.068741 0.393875
v 107.281219 106.078918 0.000000
v 107.379349 105.865036 0.393875
v 107.350502 105.871567 0.393875
v 107.412270 105.858276 0.000000
v 107.325577 105.878166 0.393875
v 107.252861 105.988716 0.393875
v 107.304420 105.885132 0.393875
v 107.249275 105.968391 0.393875
v 107.248245 105.950760 0.393875
v 107.289871 106.102737 0.393875
v 107.289871 106.102737 0.000000
v 107.302757 106.146408 0.000000
v 106.684959 106.085732 0.393875
v 106.667847 106.094261 0.393875
v 106.652390 106.104164 0.393875
v 106.626480 106.127953 0.393875
v 111.802063 102.086281 0.393875
v 111.275909 103.381218 0.000000
v 111.275909 103.381218 0.393875
v 111.232231 103.487228 0.000000
v 111.245308 103.455482 0.000000
v 111.203247 103.557426 0.000000
v 111.232231 103.487228 0.393875
v 111.190857 103.587425 0.000000
v 111.190857 103.587425 0.393875
v 111.183594 103.604965 0.000000
v 111.151695 103.681984 0.393875
v 111.163422 103.653671 0.000000
v 111.151695 103.681984 0.000000
v 111.114655 103.771072 0.000000
v 111.125748 103.744400 0.000000
v 111.090118 103.829773 0.000000
v 111.114655 103.771072 0.393875
v 111.079636 103.854866 0.000000
v 111.079636 103.854866 0.393875
v 111.056458 103.909973 0.000000
v 111.046555 103.933525 0.000000
v 111.046555 103.933525 0.393875
v 111.024666 103.985161 0.000000
v 111.015312 104.007233 0.000000
v 111.015312 104.007233 0.393875
v 110.985817 104.076149 0.000000
v 110.994644 104.055511 0.000000
v 110.966309 104.121201 0.000000
v 110.985817 104.076149 0.393875
v 110.939568 104.182396 0.000000
v 110.652634 103.366760 0.393875
v 110.285492 104.163109 0.000000
v 110.542702 103.605209 0.000000
v 110.648315 103.376129 0.000000
v 108.841934 103.288063 0.000000
v 109.129776 102.726929 0.000000
v 108.472519 104.089745 0.000000
v 108.732002 103.526512 0.000000
v 108.361618 104.330467 0.000000
v 109.099136 102.730164 0.393875
v 109.099136 102.730164 0.000000
v 109.003502 102.061272 0.393875
v 109.009789 102.063995 0.393875
v 109.001221 102.059761 0.393875
v 108.999519 102.058159 0.393875
v 109.002823 102.060822 0.000000
v 109.000710 102.059280 0.000000
v 109.007904 102.063179 0.000000
v 109.009789 102.063995 0.000000
v 109.015755 102.065643 0.000000
v 109.018311 102.066345 0.393875
v 110.262642 102.605583 0.393875
v 109.018311 102.066345 0.000000
v 109.025787 102.067741 0.000000
v 109.028976 102.068336 0.393875
v 109.028976 102.068336 0.000000
v 109.037918 102.069473 0.000000
v 109.041733 102.069962 0.393875
v 109.041733 102.069962 0.000000
v 109.052071 102.070862 0.000000
v 109.056488 102.071243 0.393875
v 109.056488 102.071243 0.000000
v 109.068184 102.071907 0.000000
v 109.073181 102.072189 0.393875
v 109.073181 102.072189 0.000000
v 109.086174 102.072617 0.000000
v 109.091728 102.072800 0.393875
v 109.091728 102.072800 0.000000
v 109.121399 102.072990 0.000000
v 109.134079 102.073067 0.393875
v 109.134079 102.073067 0.000000
v 109.168327 102.072403 0.000000
v 109.182961 102.072121 0.393875
v 109.182961 102.072121 0.000000
v 109.221352 102.070663 0.000000
v 109.237762 102.070038 0.393875
v 109.237762 102.070038 0.000000
v 109.279877 102.067825 0.000000
v 109.297882 102.066879 0.393875
v 109.297882 102.066879 0.000000
v 109.343307 102.063965 0.000000
v 109.362717 102.062721 0.393875
v 109.362717 102.062721 0.000000
v 109.411034 102.059158 0.000000
v 109.431686 102.057632 0.393875
v 109.431686 102.057632 0.000000
v 109.482460 102.053467 0.000000
v 109.504166 102.051689 0.393875
v 109.504166 102.051689 0.000000
v 109.556992 102.046974 0.000000
v 109.579575 102.044960 0.393875
v 109.579575 102.044960 0.000000
v 109.634026 102.039749 0.000000
v 109.657295 102.037514 0.393875
v 109.657295 102.037514 0.000000
v 109.712952 102.031853 0.000000
v 109.736740 102.029427 0.393875
v 109.736740 102.029427 0.000000
v 109.849991 102.016945 0.000000
v 109.898392 102.011612 0.393875
v 109.898392 102.011612 0.000000
v 110.011414 101.997925 0.000000
v 110.059723 101.992073 0.393875
v 110.059723 101.992073 0.000000
v 110.115097 101.984901 0.000000
v 110.138771 101.981842 0.393875
v 110.138771 101.981842 0.000000
v 110.192825 101.974518 0.000000
v 110.215935 101.971390 0.393875
v 110.215935 101.971390 0.000000
v 110.268257 101.963966 0.000000
v 110.290619 101.960800 0.393875
v 110.290619 101.960800 0.000000
v 110.340782 101.953323 0.000000
v 110.362221 101.950134 0.393875
v 110.347198 102.597008 0.393875
v 110.362221 101.950134 0.000000
v 110.409805 101.942657 0.000000
v 110.430145 101.939461 0.393875
v 110.428375 102.589203 0.393875
v 110.430145 101.939461 0.000000
v 110.474724 101.932037 0.000000
v 110.493782 101.928864 0.393875
v 110.505661 102.582184 0.393875
v 110.493782 101.928864 0.000000
v 110.534950 101.921539 0.000000
v 110.552544 101.918404 0.393875
v 110.578545 102.575974 0.393875
v 110.552544 101.918404 0.000000
v 110.589867 101.911232 0.000000
v 110.605820 101.908165 0.393875
v 110.605820 101.908165 0.000000
v 110.638885 101.901184 0.000000
v 110.653015 101.898201 0.393875
v 110.646515 102.570587 0.393875
v 110.653015 101.898201 0.000000
v 110.681396 101.891472 0.000000
v 110.693535 101.888596 0.393875
v 110.709068 102.566048 0.393875
v 110.693535 101.888596 0.000000
v 110.705833 101.885338 0.000000
v 110.711098 101.883949 0.393875
v 110.765694 102.562378 0.393875
v 110.711098 101.883949 0.000000
v 110.722076 101.880775 0.000000
v 110.726768 101.879417 0.393875
v 110.726768 101.879417 0.000000
v 110.736359 101.876328 0.000000
v 110.740463 101.875008 0.393875
v 110.815880 102.559593 0.393875
v 110.740463 101.875008 0.000000
v 110.748627 101.872009 0.000000
v 110.752113 101.870735 0.393875
v 110.752113 101.870735 0.000000
v 110.758797 101.867836 0.000000
v 110.761650 101.866600 0.393875
v 110.838402 102.558540 0.393875
v 110.761650 101.866600 0.000000
v 110.766785 101.863815 0.000000
v 110.768982 101.862617 0.393875
v 110.877975 102.557114 0.393875
v 110.768982 101.862617 0.000000
v 110.772537 101.859940 0.000000
v 110.774048 101.858795 0.393875
v 110.922722 102.556747 0.393875
v 110.774048 101.858795 0.000000
v 110.775711 101.856949 0.000000
v 110.775711 101.856949 0.393875
v 110.948410 102.558540 0.393875
v 110.776772 101.855148 0.393875
v 110.952438 102.559631 0.393875
v 110.776451 101.855690 0.000000
v 110.777214 101.853508 0.393875
v 110.777214 101.853508 0.000000
v 110.768311 101.823364 0.000000
v 110.775215 101.841148 0.000000
v 110.623634 101.585686 0.000000
v 110.733551 101.758194 0.000000
v 109.912445 100.635559 0.000000
v 110.264252 101.092102 0.000000
v 108.637589 100.538727 0.000000
v 109.715172 100.444847 0.000000
v 107.969559 100.670036 0.000000
v 108.103828 100.615250 0.000000
v 108.566582 101.510139 0.000000
v 108.118523 100.894203 0.000000
v 108.896286 101.938118 0.000000
v 108.752022 101.754807 0.000000
v 108.988220 102.046310 0.000000
v 108.952194 102.005524 0.000000
v 108.996986 102.055527 0.000000
v 108.991058 102.049377 0.000000
v 108.999519 102.058159 0.000000
v 108.991058 102.049377 0.393875
v 108.981590 102.039139 0.393875
v 108.959793 102.014481 0.393875
v 108.981590 102.039139 0.000000
v 108.975060 102.031754 0.000000
v 108.959793 102.014481 0.000000
v 108.934418 101.984573 0.393875
v 108.934418 101.984573 0.000000
v 108.905762 101.949844 0.393875
v 108.874115 101.910675 0.393875
v 108.925835 101.974174 0.000000
v 108.905762 101.949844 0.000000
v 108.874115 101.910675 0.000000
v 108.863838 101.897743 0.000000
v 108.839783 101.867485 0.393875
v 108.839783 101.867485 0.000000
v 108.803040 101.820671 0.393875
v 108.764198 101.770630 0.393875
v 108.828781 101.853470 0.000000
v 108.803040 101.820671 0.000000
v 108.791412 101.805687 0.000000
v 108.764198 101.770630 0.000000
v 108.723541 101.717781 0.393875
v 108.723541 101.717781 0.000000
v 108.681358 101.662514 0.393875
v 108.710907 101.701233 0.000000
v 108.681358 101.662514 0.000000
v 108.668365 101.645363 0.000000
v 108.624680 101.587608 0.000000
v 108.593620 101.546356 0.000000
v 108.637955 101.605240 0.000000
v 108.637955 101.605240 0.393875
v 108.593620 101.546356 0.393875
v 108.503319 101.425400 0.393875
v 108.503319 101.425400 0.000000
v 108.476219 101.388710 0.000000
v 108.412811 101.302856 0.393875
v 108.412811 101.302856 0.000000
v 107.880196 101.666901 0.393875
v 108.324448 101.181976 0.393875
v 107.830040 101.599342 0.393875
v 108.386353 101.266663 0.000000
v 108.324448 101.181976 0.000000
v 108.269447 101.106033 0.000000
v 108.311676 101.164360 0.000000
v 108.189804 100.995010 0.000000
v 108.152977 100.943130 0.000000
v 108.228729 101.049446 0.000000
v 108.201042 101.010803 0.000000
v 108.240562 101.065964 0.000000
v 108.240562 101.065964 0.393875
v 108.281799 101.123161 0.393875
v 107.781570 101.534584 0.393875
v 108.281799 101.123161 0.000000
v 107.830040 101.599342 0.000000
v 107.781570 101.534584 0.000000
v 107.735023 101.472931 0.393875
v 107.748955 101.491386 0.000000
v 107.703941 101.432121 0.000000
v 107.735023 101.472931 0.000000
v 107.661278 101.376472 0.000000
v 107.690659 101.414680 0.000000
v 107.648720 101.360138 0.000000
v 107.648720 101.360138 0.393875
v 107.609467 101.309616 0.393875
v 107.609467 101.309616 0.000000
v 107.573151 101.263420 0.393875
v 107.584023 101.277252 0.000000
v 107.549942 101.234299 0.000000
v 107.573151 101.263420 0.000000
v 107.519218 101.196190 0.000000
v 107.540024 101.221855 0.000000
v 107.510330 101.185219 0.000000
v 107.510330 101.185219 0.393875
v 107.484329 101.153816 0.393875
v 107.484329 101.153816 0.000000
v 107.462273 101.127960 0.393875
v 107.468872 101.135704 0.000000
v 107.455635 101.120430 0.000000
v 107.462273 101.127960 0.000000
v 107.446915 101.110725 0.000000
v 107.452797 101.117210 0.000000
v 107.444405 101.107956 0.000000
v 107.444405 101.107956 0.393875
v 107.437119 101.100243 0.393875
v 107.437119 101.100243 0.000000
v 107.430984 101.094101 0.393875
v 107.432823 101.095940 0.000000
v 107.427505 101.090935 0.000000
v 107.430984 101.094101 0.000000
v 107.423386 101.087570 0.000000
v 107.426018 101.089577 0.000000
v 107.422256 101.086708 0.000000
v 107.422256 101.086708 0.393875
v 107.420837 101.085907 0.393875
v 107.418892 101.085785 0.393875
v 107.963043 100.653267 0.393875
v 107.419731 101.085526 0.000000
v 107.418480 101.086075 0.000000
v 107.416481 101.088844 0.000000
v 107.417076 101.088020 0.000000
v 107.413742 101.093460 0.000000
v 107.414558 101.092079 0.000000
v 107.411324 101.097954 0.000000
v 107.413742 101.093460 0.393875
v 107.410286 101.099869 0.393875
v 107.407379 101.105583 0.000000
v 107.406136 101.108025 0.000000
v 107.406136 101.108025 0.393875
v 107.402748 101.114929 0.000000
v 107.401306 101.117882 0.393875
v 107.401306 101.117882 0.000000
v 107.395813 101.129387 0.393875
v 107.416481 101.088844 0.393875
v 107.964134 100.651886 0.393875
v 107.962967 100.653549 0.000000
v 107.965836 100.650467 0.393875
v 107.965836 100.650467 0.000000
v 107.971024 100.647484 0.393875
v 107.971024 100.647484 0.000000
v 107.978531 100.644318 0.393875
v 107.978531 100.644318 0.000000
v 107.988266 100.640984 0.393875
v 107.988266 100.640984 0.000000
v 108.000168 100.637482 0.393875
v 108.014160 100.633827 0.393875
v 108.000168 100.637482 0.000000
v 108.004356 100.636391 0.000000
v 107.991829 100.639931 0.000000
v 108.018944 100.632690 0.000000
v 108.014160 100.633827 0.000000
v 108.054001 100.624878 0.000000
v 108.074310 100.620781 0.000000
v 108.035522 100.628853 0.000000
v 108.048080 100.626099 0.000000
v 108.030151 100.630028 0.000000
v 108.030151 100.630028 0.393875
v 108.048080 100.626099 0.393875
v 108.067856 100.622032 0.393875
v 108.067856 100.622032 0.000000
v 108.089417 100.617851 0.000000
v 108.089417 100.617851 0.393875
v 108.137558 100.609161 0.000000
v 108.137558 100.609161 0.393875
v 108.153824 100.606445 0.000000
v 108.209824 100.597290 0.000000
v 108.191887 100.600090 0.000000
v 108.337395 100.578178 0.000000
v 108.271217 100.587845 0.000000
v 108.481613 100.558479 0.000000
v 108.558441 100.548576 0.000000
v 108.407730 100.568367 0.000000
v 108.458839 100.561447 0.000000
v 108.385887 100.571327 0.000000
v 108.385887 100.571327 0.393875
v 108.316666 100.581108 0.393875
v 108.316666 100.581108 0.000000
v 108.251801 100.590721 0.393875
v 108.251801 100.590721 0.000000
v 108.191887 100.600090 0.393875
v 108.458839 100.561447 0.393875
v 108.534912 100.551529 0.393875
v 108.534912 100.551529 0.000000
v 108.613495 100.541656 0.000000
v 108.613495 100.541656 0.393875
v 108.693970 100.531883 0.000000
v 108.693970 100.531883 0.393875
v 108.743126 100.526207 0.000000
v 108.907356 100.507629 0.000000
v 108.858139 100.512932 0.000000
v 109.126877 100.484711 0.000000
v 109.046684 100.492767 0.000000
v 109.421768 100.458549 0.000000
v 109.280731 100.470276 0.000000
v 109.639687 100.445526 0.000000
v 109.681129 100.444611 0.000000
v 109.545097 100.450073 0.000000
v 109.598579 100.447227 0.000000
v 109.485954 100.453873 0.000000
v 109.528534 100.451019 0.000000
v 109.467758 100.455093 0.000000
v 109.467758 100.455093 0.393875
v 109.402115 100.460030 0.393875
v 109.402115 100.460030 0.000000
v 109.332230 100.465759 0.393875
v 109.353157 100.464043 0.000000
v 109.332230 100.465759 0.000000
v 109.258713 100.472206 0.393875
v 109.258713 100.472206 0.000000
v 109.182182 100.479317 0.393875
v 109.205093 100.477188 0.000000
v 109.182182 100.479317 0.000000
v 109.103241 100.487015 0.393875
v 109.103241 100.487015 0.000000
v 109.022514 100.495224 0.393875
v 109.022514 100.495224 0.000000
v 108.858139 100.512932 0.393875
v 109.272919 99.830017 0.393875
v 109.384346 99.820503 0.393875
v 109.528534 100.451019 0.393875
v 109.583839 100.447868 0.000000
v 109.583839 100.447868 0.393875
v 109.633064 100.445724 0.000000
v 109.633064 100.445724 0.393875
v 109.655197 100.445053 0.000000
v 109.655197 100.445053 0.393875
v 109.661301 100.444931 0.000000
v 109.675575 100.444649 0.000000
v 109.675575 100.444649 0.393875
v 109.694130 100.444534 0.393875
v 109.694130 100.444534 0.000000
v 109.699120 100.444588 0.000000
v 109.710777 100.444710 0.000000
v 109.710777 100.444710 0.393875
v 109.725449 100.445183 0.393875
v 109.725449 100.445183 0.000000
v 109.729218 100.445419 0.000000
v 109.741188 100.446304 0.000000
v 109.738052 100.445969 0.000000
v 109.758568 100.449036 0.000000
v 109.750992 100.447502 0.000000
v 109.774002 100.460716 0.000000
v 109.767090 100.453133 0.000000
v 109.805092 100.498718 0.000000
v 109.851326 100.557198 0.000000
v 109.785706 100.474709 0.000000
v 109.793282 100.484009 0.000000
v 109.779274 100.466934 0.000000
v 109.783539 100.472061 0.000000
v 109.777451 100.464737 0.000000
v 109.777451 100.464737 0.393875
v 109.772530 100.458992 0.393875
v 109.772530 100.458992 0.000000
v 109.768822 100.454865 0.393875
v 109.769936 100.456100 0.000000
v 109.768822 100.454865 0.000000
v 109.766922 100.450401 0.393875
v 109.766357 100.452393 0.000000
v 109.764854 100.449509 0.393875
v 109.765305 100.451622 0.000000
v 109.762749 100.450279 0.000000
v 109.762749 100.450279 0.393875
v 109.756783 100.448509 0.393875
v 109.756783 100.448509 0.000000
v 109.748520 100.447075 0.393875
v 109.748520 100.447075 0.000000
v 109.738052 100.445969 0.393875
v 109.883606 99.793663 0.393875
v 110.093628 99.892059 0.393875
v 110.248085 100.062904 0.393875
v 110.412453 100.258354 0.393875
v 109.783539 100.472061 0.393875
v 109.790779 100.480911 0.393875
v 109.799133 100.491249 0.393875
v 109.790779 100.480911 0.000000
v 109.799133 100.491249 0.000000
v 109.819046 100.516205 0.000000
v 109.819046 100.516205 0.393875
v 109.826218 100.525299 0.000000
v 109.843010 100.546585 0.000000
v 109.843010 100.546585 0.393875
v 109.870781 100.582039 0.393875
v 109.902092 100.622215 0.393875
v 109.870781 100.582039 0.000000
v 109.880157 100.594063 0.000000
v 109.902092 100.622215 0.000000
v 109.936676 100.666771 0.000000
v 109.936676 100.666771 0.393875
v 109.947945 100.681320 0.000000
v 109.986382 100.731010 0.000000
v 109.974289 100.715355 0.000000
v 110.071037 100.840775 0.000000
v 110.027496 100.784279 0.000000
v 110.164360 100.962067 0.000000
v 110.213615 101.026161 0.000000
v 110.116745 100.900154 0.000000
v 110.149742 100.943047 0.000000
v 110.102646 100.881821 0.000000
v 110.102646 100.881821 0.393875
v 110.057533 100.823227 0.393875
v 110.057533 100.823227 0.000000
v 110.014664 100.767624 0.393875
v 110.014664 100.767624 0.000000
v 109.974289 100.715355 0.393875
v 110.149742 100.943047 0.393875
v 110.198555 101.006561 0.393875
v 110.248840 101.072021 0.393875
v 110.198555 101.006561 0.000000
v 110.248840 101.072021 0.000000
v 110.300323 101.139076 0.000000
v 110.300323 101.139076 0.393875
v 110.315651 101.159210 0.000000
v 110.366318 101.226074 0.000000
v 110.351517 101.206314 0.000000
v 110.461914 101.355377 0.000000
v 110.415154 101.291588 0.000000
v 110.548317 101.476250 0.000000
v 110.587479 101.532585 0.000000
v 110.506386 101.417053 0.000000
v 110.536324 101.459106 0.000000
v 110.493584 101.399086 0.000000
v 110.493584 101.399086 0.393875
v 110.448380 101.336693 0.393875
v 110.448380 101.336693 0.000000
v 110.400948 101.272316 0.393875
v 110.400948 101.272316 0.000000
v 110.351517 101.206314 0.393875
v 110.972252 100.976479 0.393875
v 110.536324 101.459106 0.393875
v 110.576363 101.516373 0.393875
v 110.576363 101.516373 0.000000
v 110.613472 101.570526 0.000000
v 110.613472 101.570526 0.393875
v 110.647415 101.621170 0.000000
v 110.647415 101.621170 0.393875
v 110.656555 101.635178 0.000000
v 110.686005 101.680672 0.000000
v 110.677948 101.667946 0.000000
v 110.711746 101.721802 0.000000
v 110.727882 101.748344 0.000000
v 110.704849 101.710457 0.000000
v 110.704849 101.710457 0.393875
v 110.677948 101.667946 0.393875
v 110.727882 101.748344 0.393875
v 110.746803 101.781227 0.393875
v 110.746803 101.781227 0.000000
v 110.749153 101.785553 0.000000
v 110.756676 101.799583 0.000000
v 110.754654 101.795670 0.000000
v 110.763069 101.812202 0.000000
v 110.766983 101.820335 0.000000
v 110.761391 101.808723 0.000000
v 110.761391 101.808723 0.393875
v 110.754654 101.795670 0.393875
v 110.766983 101.820335 0.393875
v 110.771400 101.830460 0.393875
v 110.771400 101.830460 0.000000
v 110.772369 101.833031 0.000000
v 110.774620 101.839050 0.000000
v 110.774620 101.839050 0.393875
v 110.776611 101.846062 0.393875
v 110.777336 101.851440 0.393875
v 110.776611 101.846062 0.000000
v 110.776825 101.847672 0.000000
v 110.777336 101.851440 0.000000
v 110.954521 102.560600 0.393875
v 110.956055 102.562729 0.393875
v 110.956055 102.562729 0.000000
v 110.956772 102.564774 0.393875
v 110.957489 102.570366 0.393875
v 110.956772 102.564774 0.000000
v 110.956985 102.566452 0.000000
v 110.957420 102.572624 0.000000
v 110.957489 102.570366 0.000000
v 110.943970 102.557953 0.000000
v 110.952438 102.559631 0.000000
v 110.922722 102.556747 0.000000
v 110.933487 102.557098 0.000000
v 110.859123 102.557709 0.000000
v 110.894905 102.556755 0.000000
v 110.712837 103.230255 0.000000
v 110.919182 102.715958 0.000000
v 110.598900 102.574364 0.000000
v 110.726028 102.564949 0.000000
v 110.287964 102.603012 0.000000
v 110.451523 102.587105 0.000000
v 110.112289 102.621941 0.000000
v 110.201385 102.612114 0.000000
v 109.993744 102.635712 0.000000
v 110.085403 102.624954 0.000000
v 109.367012 102.701881 0.000000
v 110.677879 103.309906 0.000000
v 110.652634 103.366760 0.000000
v 110.688667 103.285606 0.000000
v 110.688667 103.285606 0.393875
v 110.723175 103.206596 0.393875
v 110.723175 103.206596 0.000000
v 110.755966 103.130157 0.393875
v 110.746147 103.153046 0.000000
v 110.777641 103.078697 0.000000
v 110.755966 103.130157 0.000000
v 110.834511 102.940231 0.000000
v 110.807152 103.007622 0.000000
v 110.882126 102.818207 0.000000
v 110.859558 102.876961 0.000000
v 110.902061 102.764404 0.000000
v 110.888664 102.801033 0.000000
v 110.907784 102.748749 0.000000
v 110.907784 102.748749 0.393875
v 110.924049 102.701942 0.393875
v 110.924049 102.701942 0.000000
v 110.937302 102.661041 0.393875
v 110.933334 102.673286 0.000000
v 110.941109 102.648354 0.000000
v 110.937302 102.661041 0.000000
v 110.950012 102.616089 0.000000
v 110.945976 102.631386 0.000000
v 110.955498 102.590706 0.000000
v 110.953194 102.602516 0.000000
v 110.956917 102.580727 0.000000
v 110.956116 102.587334 0.000000
v 110.957260 102.577904 0.000000
v 110.957260 102.577904 0.393875
v 110.956116 102.587334 0.393875
v 110.954063 102.598602 0.393875
v 110.954063 102.598602 0.000000
v 110.951141 102.611664 0.000000
v 110.951141 102.611664 0.393875
v 110.947357 102.626450 0.000000
v 110.947357 102.626450 0.393875
v 110.942734 102.642929 0.000000
v 110.942734 102.642929 0.393875
v 110.888664 102.801033 0.393875
v 110.866844 102.858391 0.393875
v 110.842506 102.920403 0.393875
v 110.866844 102.858391 0.000000
v 110.842506 102.920403 0.000000
v 110.815804 102.986641 0.000000
v 110.815804 102.986641 0.393875
v 110.786903 103.056702 0.000000
v 110.786903 103.056702 0.393875
v 109.993744 102.635712 0.393875
v 110.021187 102.632484 0.000000
v 110.085403 102.624954 0.393875
v 110.175201 102.614899 0.393875
v 110.175201 102.614899 0.000000
v 110.262642 102.605583 0.000000
v 110.347198 102.597008 0.000000
v 110.371506 102.594673 0.000000
v 110.428375 102.589203 0.000000
v 110.505661 102.582184 0.000000
v 110.527489 102.580322 0.000000
v 110.578545 102.575974 0.000000
v 110.646515 102.570587 0.000000
v 110.665245 102.569229 0.000000
v 110.709068 102.566048 0.000000
v 110.765694 102.562378 0.000000
v 110.780724 102.561546 0.000000
v 110.822624 102.559273 0.000000
v 110.838402 102.558540 0.000000
v 110.815880 102.559593 0.000000
v 110.844604 102.558289 0.000000
v 110.859123 102.557709 0.393875
v 110.864769 102.557533 0.000000
v 110.877975 102.557114 0.000000
v 110.883041 102.557007 0.000000
v 110.894905 102.556755 0.393875
v 110.899376 102.556717 0.000000
v 110.909843 102.556633 0.393875
v 110.909843 102.556633 0.000000
v 110.925949 102.556847 0.000000
v 110.913696 102.556664 0.000000
v 110.933487 102.557098 0.393875
v 110.936058 102.557281 0.000000
v 110.942070 102.557693 0.393875
v 110.942070 102.557693 0.000000
v 110.948410 102.558540 0.000000
v 110.949615 102.558868 0.000000
v 110.954079 102.560287 0.000000
v 110.955093 102.561180 0.000000
v 109.990341 99.801712 0.393875
v 107.981445 100.643318 0.000000
v 107.963028 100.655136 0.000000
v 107.966171 100.663376 0.000000
v 107.964394 100.659485 0.000000
v 107.966934 100.665047 0.000000
v 107.966934 100.665047 0.393875
v 107.970680 100.672173 0.393875
v 107.970680 100.672173 0.000000
v 107.974113 100.678230 0.000000
v 107.975586 100.680817 0.393875
v 107.452797 101.117210 0.393875
v 107.975586 100.680817 0.000000
v 107.979805 100.687897 0.000000
v 107.981613 100.690926 0.393875
v 107.981613 100.690926 0.000000
v 107.992317 100.708023 0.000000
v 107.996895 100.715332 0.393875
v 107.996895 100.715332 0.000000
v 108.010445 100.736122 0.000000
v 108.016235 100.745003 0.393875
v 108.016235 100.745003 0.000000
v 108.032417 100.769188 0.000000
v 108.039337 100.779526 0.393875
v 107.540024 101.221855 0.393875
v 108.039337 100.779526 0.000000
v 108.057953 100.806831 0.000000
v 108.065910 100.818497 0.393875
v 108.065910 100.818497 0.000000
v 108.086754 100.848633 0.000000
v 108.095665 100.861511 0.393875
v 108.095665 100.861511 0.000000
v 108.128296 100.908173 0.393875
v 108.128296 100.908173 0.000000
v 108.163521 100.958069 0.393875
v 108.163521 100.958069 0.000000
v 108.201042 101.010803 0.393875
v 107.690659 101.414680 0.393875
v 107.964394 100.659485 0.393875
v 107.426018 101.089577 0.393875
v 107.963081 100.655540 0.393875
v 107.963997 100.658302 0.000000
v 107.964645 100.651466 0.000000
v 107.967392 100.649574 0.000000
v 107.973274 100.646538 0.000000
v 107.880196 101.666901 0.000000
v 130.732834 94.900604 39.220348
v 133.828613 107.754013 38.407330
v 141.557007 95.971687 39.380699
v 141.536377 95.615433 33.491867
v 138.748627 106.822533 38.480228
v 141.637421 103.169891 32.862274
v 133.691559 104.674088 32.800301
v 133.590500 94.829239 33.429909
v 135.138000 96.875008 9.266617
v 141.865326 95.334412 9.274883
v 144.476898 101.332840 5.420372
v 144.933563 100.994865 2.681015
v 138.379272 104.750114 5.412102
v 139.785080 108.619682 5.847340
v 134.727036 95.344963 4.970444
v 137.575012 104.563988 2.672379
v 141.341614 93.998642 4.977676
v 140.868591 93.504814 0.000000
v 145.135315 100.903549 0.000000
v 146.590454 104.698402 3.252792
v 146.902298 104.546143 0.000000
v 145.882721 105.202408 5.855606
v 148.065582 108.789261 5.012199
v 141.967957 112.206543 5.003929
v 141.871521 113.425392 2.289909
v 139.231888 108.267517 3.244148
v 141.081177 114.060509 0.000000
v 138.908920 107.963417 0.000000
v 137.141937 104.320824 0.000000
v 134.929611 94.542320 0.000000
v 149.774078 110.415955 0.000000
v 149.230072 109.856270 2.298546
v 146.947937 99.909187 79.855125
v 145.422485 106.463203 79.538956
v 147.576767 104.556633 66.957535
v 141.014618 105.482399 78.062889
v 144.533600 104.169540 66.062180
v 144.945557 100.498047 65.754250
v 148.540283 100.929756 66.571663
v 149.470016 99.667534 63.118660
v 149.162445 107.220665 63.479385
v 145.599869 106.414528 62.772499
v 145.859756 108.010872 60.486328
v 145.426880 98.768486 62.479649
v 147.095062 99.045815 57.783768
v 150.985352 99.944870 58.300461
v 149.964752 107.646500 58.477417
v 149.969681 106.360199 53.879055
v 148.440582 108.665970 61.783440
v 149.571274 109.020401 58.267441
v 146.366562 110.359879 56.693390
v 148.050232 110.875526 57.012486
v 147.376389 109.760574 55.057735
v 146.990463 108.365303 56.970322
v 149.060059 110.276222 55.376820
v 146.555008 106.840363 57.892834
v 148.955933 100.766693 53.104927
v 148.750107 105.826714 53.406059
v 150.419342 101.361664 53.459251
v 150.287827 102.501495 52.389008
v 150.049896 105.146118 52.611122
v 149.404648 104.863861 52.360859
v 149.513550 102.186699 52.201534
v 104.288124 99.315781 84.096725
v 105.769073 105.549057 83.470230
v 103.052078 99.909195 79.855125
v 104.577530 106.463211 79.538963
v 108.249344 99.357056 78.656616
v 101.459740 100.929771 66.571663
v 109.667320 104.615044 82.105904
v 108.985374 105.482407 78.062897
v 105.054497 100.498062 65.754250
v 105.466423 104.169556 66.062172
v 102.423248 104.556641 66.957520
v 104.400131 106.414543 62.772484
v 100.837547 107.220673 63.479385
v 100.529991 99.667549 63.118649
v 100.035263 107.646515 58.477409
v 104.573143 98.768501 62.479637
v 99.014648 99.944885 58.300446
v 102.904961 99.045837 57.783756
v 103.444984 106.840378 57.892830
v 101.044067 100.766716 53.104916
v 103.009544 108.365318 56.970325
v 100.428734 109.020416 58.267441
v 104.140228 108.010887 60.486328
v 102.623642 109.760590 55.057735
v 101.559418 108.665985 61.783440
v 103.633461 110.359894 56.693390
v 101.949791 110.875542 57.012486
v 101.249901 105.826736 53.406052
v 100.030319 106.360222 53.879055
v 100.595352 104.863884 52.360855
v 99.580658 101.361687 53.459251
v 99.950104 105.146141 52.611115
v 99.712196 102.501511 52.389011
v 100.486450 102.186722 52.201530
v 100.939957 110.276237 55.376823
f 1 2 3
f 4 2 1
f 2 5 3
f 1 3 6
f 7 6 3
f 1 6 8
f 7 8 6
f 1 8 4
f 4 8 9
f 10 9 8
f 4 9 11
f 11 9 12
f 13 4 11
f 13 14 4
f 13 11 15
f 15 11 16
f 17 13 15
f 18 13 17
f 17 15 19
f 19 15 20
f 17 19 21
f 19 22 21
f 17 21 23
f 23 21 24
f 17 23 25
f 26 25 23
f 17 25 27
f 28 27 25
f 17 27 29
f 27 30 29
f 17 29 31
f 29 32 31
f 31 18 17
f 32 18 31
f 32 33 18
f 32 34 33
f 33 13 18
f 33 35 13
f 33 36 35
f 35 37 13
f 35 36 37
f 13 37 14
f 37 38 14
f 37 39 38
f 14 38 40
f 41 40 38
f 14 40 2
f 2 40 5
f 4 14 2
f 41 5 40
f 42 5 41
f 42 3 5
f 43 42 41
f 10 42 43
f 43 41 44
f 45 44 41
f 46 43 44
f 23 43 46
f 46 44 47
f 48 47 44
f 49 46 47
f 49 50 46
f 48 49 47
f 49 48 51
f 48 45 51
f 49 51 52
f 51 53 52
f 54 49 52
f 55 49 54
f 54 52 56
f 52 57 56
f 58 54 56
f 59 54 58
f 58 56 60
f 56 61 60
f 62 58 60
f 63 58 62
f 62 60 64
f 60 65 64
f 62 64 66
f 66 64 67
f 62 66 68
f 68 66 69
f 63 62 68
f 63 68 70
f 70 68 71
f 29 63 70
f 29 59 63
f 29 70 32
f 32 70 34
f 70 71 34
f 34 71 72
f 71 73 72
f 34 72 36
f 36 72 39
f 33 34 36
f 72 38 39
f 36 39 37
f 72 74 38
f 72 75 74
f 74 76 38
f 74 77 76
f 38 76 77
f 38 77 78
f 77 79 78
f 38 78 80
f 78 81 80
f 41 38 80
f 80 82 41
f 80 83 82
f 82 84 41
f 82 85 84
f 84 45 41
f 84 86 45
f 85 86 84
f 45 86 87
f 85 87 86
f 45 87 88
f 88 87 85
f 88 51 45
f 88 89 51
f 90 89 88
f 89 91 51
f 89 92 91
f 51 91 53
f 92 53 91
f 92 93 53
f 94 93 92
f 52 53 93
f 52 93 94
f 94 95 52
f 94 96 95
f 52 95 57
f 96 57 95
f 96 61 57
f 60 61 96
f 56 57 61
f 60 96 94
f 94 97 60
f 94 98 97
f 60 97 65
f 99 65 97
f 64 65 99
f 99 97 98
f 100 99 98
f 64 99 100
f 100 98 94
f 94 101 100
f 94 102 101
f 100 101 103
f 103 101 102
f 100 103 104
f 104 103 105
f 100 104 106
f 104 107 106
f 100 106 108
f 106 109 108
f 110 100 108
f 100 110 111
f 110 108 109
f 112 110 109
f 110 112 113
f 112 109 107
f 106 107 109
f 104 112 107
f 90 112 104
f 90 114 112
f 90 104 89
f 104 105 89
f 89 105 102
f 103 102 105
f 89 102 94
f 94 92 89
f 114 90 115
f 114 75 112
f 114 77 75
f 112 75 116
f 75 117 116
f 112 116 113
f 113 116 117
f 113 117 118
f 73 118 117
f 110 113 118
f 73 110 118
f 110 73 119
f 73 120 119
f 110 119 121
f 121 119 120
f 66 110 121
f 110 66 122
f 66 121 123
f 121 120 123
f 69 66 123
f 69 123 120
f 73 69 120
f 71 69 73
f 68 69 71
f 66 67 122
f 110 122 111
f 124 111 122
f 100 111 124
f 124 122 67
f 64 124 67
f 64 100 124
f 75 73 117
f 72 73 75
f 77 114 125
f 74 75 77
f 114 81 125
f 77 125 79
f 81 79 125
f 81 78 79
f 114 80 81
f 80 114 126
f 114 115 126
f 80 126 127
f 128 127 126
f 83 80 127
f 83 127 128
f 90 83 128
f 90 129 83
f 90 128 115
f 128 126 115
f 90 130 129
f 83 129 131
f 129 132 131
f 83 131 82
f 82 131 132
f 82 132 88
f 88 132 130
f 88 85 82
f 129 130 132
f 88 130 90
f 29 30 59
f 63 59 58
f 30 55 59
f 30 28 55
f 59 55 54
f 28 30 27
f 28 50 55
f 28 26 50
f 55 50 49
f 26 28 25
f 50 26 23
f 50 23 46
f 48 133 45
f 133 48 44
f 45 133 44
f 23 10 43
f 23 24 10
f 10 24 9
f 24 12 9
f 24 134 12
f 24 135 134
f 134 136 12
f 134 137 136
f 138 12 136
f 11 12 138
f 138 136 139
f 139 136 140
f 141 138 139
f 11 138 141
f 141 139 142
f 142 139 143
f 144 141 142
f 141 144 145
f 144 142 146
f 146 142 147
f 20 144 146
f 20 148 144
f 20 146 149
f 149 146 150
f 151 20 149
f 19 20 151
f 151 149 152
f 152 149 153
f 151 152 154
f 152 155 154
f 151 154 22
f 22 154 156
f 19 151 22
f 154 157 156
f 22 156 158
f 158 156 159
f 22 158 160
f 158 161 160
f 22 160 21
f 21 160 162
f 160 163 162
f 21 162 24
f 24 162 135
f 162 164 135
f 162 163 164
f 135 164 165
f 164 166 165
f 135 165 158
f 158 165 161
f 158 159 135
f 135 159 137
f 159 167 137
f 135 137 134
f 159 168 167
f 137 167 140
f 167 169 140
f 137 140 136
f 167 170 169
f 143 140 169
f 139 140 143
f 143 169 171
f 171 169 172
f 147 143 171
f 142 143 147
f 147 171 173
f 173 171 172
f 150 147 173
f 146 147 150
f 150 173 174
f 174 173 175
f 153 150 174
f 149 150 153
f 153 174 176
f 176 174 177
f 178 153 176
f 152 153 178
f 178 176 179
f 179 176 180
f 178 179 181
f 179 182 181
f 178 181 155
f 155 181 183
f 152 178 155
f 181 184 183
f 155 183 157
f 157 183 185
f 154 155 157
f 183 186 185
f 157 185 168
f 168 185 170
f 156 157 168
f 156 168 159
f 185 187 170
f 168 170 167
f 185 186 187
f 170 187 169
f 187 188 169
f 187 189 188
f 169 188 172
f 172 188 189
f 172 189 180
f 179 180 189
f 172 180 190
f 180 191 190
f 172 190 192
f 192 190 193
f 175 172 192
f 173 172 175
f 175 192 194
f 194 192 195
f 177 175 194
f 174 175 177
f 177 194 191
f 191 194 196
f 180 177 191
f 176 177 180
f 194 195 196
f 191 196 197
f 197 196 198
f 190 191 197
f 190 197 193
f 193 197 199
f 197 198 199
f 193 199 200
f 200 199 201
f 195 193 200
f 192 193 195
f 195 200 202
f 202 200 203
f 196 195 202
f 196 202 198
f 198 202 204
f 202 205 204
f 198 204 206
f 206 204 207
f 208 198 206
f 199 198 208
f 208 206 209
f 209 206 210
f 211 208 209
f 201 208 211
f 211 209 212
f 212 209 213
f 214 211 212
f 215 211 214
f 216 214 212
f 216 217 214
f 216 212 218
f 212 219 218
f 220 216 218
f 220 221 216
f 222 220 218
f 222 221 220
f 223 222 218
f 223 224 222
f 225 223 218
f 225 226 223
f 227 225 218
f 227 226 225
f 228 227 218
f 228 229 227
f 230 228 218
f 230 231 228
f 230 218 232
f 218 233 232
f 234 230 232
f 234 235 230
f 236 234 232
f 236 237 234
f 238 236 232
f 238 239 236
f 240 238 232
f 240 239 238
f 241 240 232
f 241 242 240
f 243 241 232
f 243 242 241
f 244 243 232
f 244 245 243
f 246 244 232
f 246 245 244
f 247 246 232
f 247 248 246
f 249 247 232
f 249 250 247
f 251 249 232
f 251 252 249
f 253 251 232
f 253 254 251
f 255 253 232
f 255 256 253
f 257 255 232
f 257 256 255
f 258 257 232
f 258 259 257
f 260 258 232
f 260 261 258
f 262 260 232
f 262 261 260
f 263 262 232
f 263 264 262
f 265 263 232
f 265 266 263
f 267 265 232
f 267 266 265
f 268 267 232
f 268 269 267
f 270 268 232
f 270 271 268
f 272 270 232
f 272 271 270
f 273 272 232
f 273 274 272
f 275 273 232
f 275 274 273
f 276 275 232
f 276 277 275
f 278 276 232
f 278 277 276
f 279 278 232
f 279 280 278
f 281 279 232
f 281 280 279
f 282 281 232
f 282 283 281
f 284 282 232
f 284 283 282
f 285 284 232
f 285 286 284
f 287 285 232
f 287 286 285
f 288 287 232
f 288 289 287
f 290 288 232
f 290 291 288
f 292 290 232
f 292 293 290
f 294 292 232
f 294 295 292
f 296 294 232
f 296 297 294
f 298 296 232
f 298 299 296
f 300 298 232
f 300 299 298
f 301 300 232
f 301 302 300
f 303 301 232
f 303 304 301
f 305 303 232
f 305 304 303
f 306 305 232
f 306 307 305
f 308 306 232
f 308 309 306
f 310 308 232
f 310 311 308
f 312 310 232
f 312 313 310
f 314 312 232
f 314 313 312
f 315 314 232
f 315 316 314
f 317 315 232
f 317 318 315
f 319 317 232
f 319 320 317
f 321 319 232
f 321 320 319
f 322 321 232
f 322 323 321
f 322 232 324
f 232 325 324
f 326 322 324
f 326 327 322
f 326 324 328
f 328 324 329
f 330 326 328
f 330 331 326
f 330 328 332
f 332 328 333
f 334 330 332
f 334 331 330
f 334 332 335
f 332 336 335
f 337 334 335
f 337 338 334
f 337 335 339
f 339 335 340
f 341 337 339
f 341 338 337
f 341 339 342
f 342 339 343
f 344 341 342
f 344 345 341
f 344 342 346
f 346 342 343
f 347 344 346
f 347 345 344
f 347 346 348
f 348 346 349
f 350 347 348
f 350 351 347
f 350 348 352
f 348 353 352
f 354 350 352
f 354 355 350
f 354 352 356
f 356 352 357
f 358 354 356
f 358 355 354
f 358 356 359
f 359 356 360
f 361 358 359
f 361 362 358
f 363 361 359
f 363 364 361
f 365 363 359
f 365 366 363
f 365 359 367
f 359 368 367
f 369 365 367
f 369 366 365
f 370 369 367
f 370 371 369
f 372 370 367
f 372 371 370
f 373 372 367
f 373 374 372
f 375 373 367
f 375 376 373
f 375 367 377
f 377 367 378
f 379 375 377
f 379 376 375
f 379 377 380
f 380 377 381
f 382 379 380
f 382 383 379
f 382 380 384
f 384 380 381
f 385 382 384
f 385 386 382
f 385 384 387
f 387 384 388
f 389 385 387
f 389 386 385
f 390 389 387
f 390 391 389
f 392 390 387
f 392 391 390
f 392 387 393
f 387 394 393
f 395 392 393
f 395 396 392
f 397 395 393
f 397 396 395
f 398 397 393
f 398 399 397
f 398 393 400
f 393 401 400
f 402 398 400
f 402 403 398
f 402 400 404
f 400 405 404
f 406 402 404
f 406 403 402
f 407 406 404
f 407 408 406
f 409 407 404
f 409 408 407
f 409 404 410
f 404 411 410
f 412 409 410
f 412 413 409
f 412 410 414
f 414 410 415
f 416 412 414
f 416 413 412
f 416 414 417
f 417 414 418
f 419 416 417
f 419 420 416
f 419 417 421
f 417 422 421
f 423 419 421
f 423 424 419
f 423 421 425
f 421 426 425
f 427 423 425
f 427 424 423
f 428 427 425
f 428 429 427
f 430 428 425
f 430 431 428
f 430 425 432
f 432 425 433
f 434 430 432
f 434 431 430
f 434 432 435
f 435 432 436
f 437 434 435
f 437 438 434
f 437 435 439
f 439 435 436
f 440 437 439
f 440 438 437
f 440 439 441
f 441 439 442
f 443 440 441
f 443 444 440
f 443 441 445
f 445 441 442
f 446 443 445
f 446 447 443
f 446 445 448
f 448 445 449
f 450 446 448
f 450 447 446
f 450 448 451
f 451 448 449
f 452 450 451
f 452 453 450
f 452 451 454
f 454 451 455
f 456 452 454
f 456 453 452
f 456 454 457
f 454 458 457
f 459 456 457
f 459 460 456
f 459 457 461
f 461 457 462
f 463 459 461
f 463 460 459
f 463 461 464
f 464 461 465
f 466 463 464
f 466 467 463
f 466 464 468
f 464 469 468
f 470 466 468
f 470 467 466
f 470 468 471
f 468 472 471
f 473 470 471
f 473 474 470
f 473 471 475
f 475 471 476
f 477 473 475
f 477 478 473
f 477 475 479
f 479 475 480
f 481 477 479
f 481 478 477
f 481 479 482
f 479 483 482
f 484 481 482
f 484 485 481
f 484 482 486
f 486 482 487
f 488 484 486
f 488 489 484
f 488 486 490
f 490 486 491
f 492 488 490
f 492 489 488
f 493 492 490
f 493 494 492
f 495 493 490
f 495 496 493
f 497 495 490
f 497 496 495
f 497 490 498
f 490 499 498
f 500 497 498
f 500 501 497
f 502 500 498
f 502 501 500
f 503 502 498
f 503 504 502
f 505 503 498
f 505 506 503
f 507 505 498
f 507 506 505
f 508 507 498
f 508 509 507
f 510 508 498
f 510 511 508
f 512 510 498
f 512 513 510
f 514 512 498
f 514 513 512
f 514 498 515
f 498 516 515
f 517 514 515
f 517 518 514
f 519 517 515
f 519 520 517
f 521 519 515
f 521 522 519
f 523 521 515
f 523 524 521
f 525 523 515
f 525 526 523
f 527 525 515
f 527 526 525
f 528 527 515
f 528 529 527
f 530 528 515
f 530 531 528
f 532 530 515
f 532 531 530
f 533 532 515
f 532 533 534
f 535 533 515
f 533 535 536
f 537 535 515
f 535 537 536
f 538 537 515
f 537 538 539
f 540 538 515
f 538 540 539
f 541 540 515
f 540 541 542
f 543 541 515
f 543 544 541
f 545 543 515
f 545 546 543
f 547 545 515
f 547 548 545
f 549 547 515
f 549 550 547
f 551 549 515
f 549 551 552
f 553 551 515
f 551 553 554
f 555 553 515
f 553 555 554
f 556 555 515
f 555 556 557
f 556 515 558
f 515 559 558
f 560 556 558
f 560 561 556
f 562 560 558
f 562 563 560
f 564 562 558
f 564 565 562
f 566 564 558
f 564 566 567
f 568 566 558
f 566 568 569
f 558 570 568
f 558 571 570
f 570 572 568
f 572 570 573
f 568 572 569
f 572 573 569
f 569 573 574
f 573 575 574
f 567 569 574
f 566 569 567
f 576 567 574
f 565 567 576
f 577 576 574
f 576 577 563
f 557 577 574
f 561 577 557
f 554 557 574
f 555 557 554
f 552 554 574
f 551 554 552
f 578 552 574
f 550 552 578
f 579 578 574
f 548 578 579
f 580 579 574
f 546 579 580
f 542 580 574
f 544 580 542
f 539 542 574
f 540 542 539
f 536 539 574
f 537 539 536
f 534 536 574
f 533 536 534
f 531 534 574
f 532 534 531
f 581 531 574
f 528 531 581
f 526 581 574
f 527 581 526
f 582 526 574
f 582 583 526
f 574 584 582
f 584 574 585
f 519 582 584
f 522 582 519
f 519 584 520
f 520 584 517
f 517 584 585
f 517 585 518
f 518 585 514
f 514 585 513
f 585 574 513
f 574 586 513
f 586 574 587
f 510 513 586
f 510 586 511
f 511 586 508
f 508 586 587
f 508 587 509
f 509 587 507
f 507 587 506
f 587 574 506
f 574 588 506
f 588 574 501
f 503 506 588
f 503 588 504
f 504 588 502
f 502 588 501
f 501 574 496
f 574 589 496
f 497 501 496
f 589 574 489
f 493 496 589
f 493 589 494
f 494 589 492
f 492 589 489
f 489 574 590
f 574 478 590
f 484 489 590
f 484 590 485
f 485 590 481
f 481 590 478
f 478 574 591
f 591 574 467
f 473 478 591
f 473 591 474
f 474 591 470
f 470 591 467
f 574 460 467
f 460 574 453
f 463 467 460
f 453 574 447
f 456 460 453
f 574 592 447
f 450 453 447
f 593 592 574
f 592 594 447
f 594 592 438
f 443 447 594
f 443 594 444
f 444 594 440
f 440 594 438
f 438 592 431
f 592 595 431
f 434 438 431
f 595 592 424
f 428 431 595
f 428 595 429
f 429 595 427
f 427 595 424
f 424 592 596
f 592 413 596
f 419 424 596
f 419 596 420
f 420 596 416
f 416 596 413
f 413 592 408
f 408 592 403
f 409 413 408
f 592 597 403
f 406 408 403
f 597 592 396
f 398 403 597
f 398 597 399
f 399 597 397
f 397 597 396
f 396 592 391
f 592 386 391
f 392 396 391
f 386 592 598
f 389 391 386
f 598 592 376
f 382 386 598
f 382 598 383
f 383 598 379
f 379 598 376
f 592 599 376
f 599 592 299
f 373 376 599
f 373 599 374
f 374 599 372
f 372 599 371
f 371 599 600
f 600 599 299
f 304 371 600
f 366 371 304
f 301 304 600
f 301 600 302
f 302 600 300
f 300 600 299
f 369 371 366
f 601 366 304
f 602 366 601
f 305 601 304
f 307 601 305
f 306 601 307
f 306 603 601
f 309 603 306
f 603 602 601
f 604 602 603
f 361 602 604
f 605 604 603
f 355 604 605
f 308 605 603
f 311 605 308
f 308 603 309
f 310 605 311
f 310 313 605
f 313 355 605
f 606 355 313
f 350 355 606
f 607 606 313
f 345 606 607
f 314 607 313
f 316 607 314
f 315 607 316
f 315 608 607
f 318 608 315
f 608 345 607
f 338 345 608
f 341 345 338
f 320 338 608
f 338 320 609
f 317 320 608
f 317 608 318
f 321 609 320
f 338 609 610
f 322 610 609
f 610 331 338
f 326 331 610
f 334 338 331
f 326 610 327
f 327 610 322
f 322 609 323
f 323 609 321
f 347 606 345
f 351 606 347
f 350 606 351
f 358 604 355
f 362 604 358
f 361 604 362
f 364 602 361
f 363 602 364
f 363 366 602
f 299 592 611
f 592 612 611
f 296 299 611
f 296 611 297
f 297 611 294
f 294 611 612
f 294 612 295
f 295 612 292
f 292 612 613
f 612 592 613
f 292 613 293
f 293 613 290
f 290 613 614
f 615 614 613
f 290 614 291
f 291 614 288
f 288 614 616
f 614 615 616
f 288 616 289
f 289 616 287
f 287 616 286
f 616 615 286
f 615 283 286
f 283 615 280
f 284 286 283
f 280 615 277
f 281 283 280
f 615 274 277
f 278 280 277
f 274 615 271
f 275 277 274
f 271 615 617
f 272 274 271
f 615 618 617
f 268 271 617
f 268 617 269
f 269 617 267
f 267 617 266
f 617 618 266
f 266 618 619
f 618 620 619
f 263 266 619
f 263 619 264
f 264 619 262
f 262 619 261
f 261 619 620
f 621 261 620
f 622 261 621
f 623 621 620
f 623 624 621
f 625 623 620
f 623 625 626
f 626 625 620
f 626 620 618
f 627 626 618
f 623 626 627
f 628 627 618
f 629 627 628
f 628 618 615
f 630 628 615
f 628 630 631
f 630 615 632
f 632 615 633
f 630 632 631
f 634 631 632
f 631 634 635
f 634 632 636
f 636 632 637
f 634 636 638
f 636 637 638
f 634 638 639
f 638 640 639
f 634 639 641
f 639 642 641
f 643 634 641
f 643 644 634
f 643 641 645
f 641 646 645
f 647 643 645
f 647 648 643
f 645 649 647
f 645 650 649
f 649 651 647
f 649 652 651
f 651 653 647
f 651 654 653
f 653 655 647
f 655 653 656
f 647 655 656
f 647 656 657
f 656 658 657
f 659 647 657
f 647 659 660
f 660 659 657
f 660 657 661
f 657 658 661
f 662 660 661
f 660 662 663
f 663 662 661
f 663 661 664
f 658 664 661
f 665 663 664
f 663 665 666
f 666 665 664
f 666 664 667
f 664 658 667
f 668 666 667
f 666 668 648
f 648 668 667
f 648 667 669
f 667 658 669
f 670 648 669
f 648 670 671
f 671 670 669
f 671 669 672
f 658 672 669
f 673 671 672
f 671 673 674
f 674 673 672
f 674 672 675
f 672 658 675
f 676 674 675
f 674 676 677
f 677 676 675
f 677 675 678
f 675 658 678
f 679 677 678
f 677 679 643
f 643 679 678
f 643 678 680
f 658 680 678
f 681 643 680
f 643 681 682
f 682 681 680
f 682 680 683
f 680 658 683
f 684 682 683
f 682 684 644
f 644 684 683
f 644 683 685
f 683 658 685
f 686 644 685
f 644 686 687
f 687 686 685
f 687 685 688
f 658 688 685
f 689 687 688
f 687 689 634
f 688 635 689
f 688 690 635
f 634 689 635
f 688 658 690
f 691 635 690
f 635 691 692
f 692 691 690
f 692 690 693
f 690 658 693
f 694 692 693
f 692 694 695
f 695 694 693
f 695 693 696
f 658 696 693
f 697 695 696
f 695 697 698
f 698 697 696
f 698 696 699
f 696 658 699
f 700 698 699
f 698 700 701
f 701 700 699
f 701 699 702
f 699 658 702
f 703 701 702
f 701 703 704
f 704 703 702
f 704 702 705
f 221 705 702
f 706 704 705
f 704 706 707
f 707 706 705
f 707 705 708
f 705 221 708
f 709 707 708
f 707 709 710
f 710 709 708
f 710 708 711
f 708 221 711
f 712 710 711
f 710 712 713
f 713 712 711
f 713 711 714
f 221 714 711
f 715 713 714
f 713 715 716
f 716 715 714
f 716 714 717
f 714 221 717
f 718 716 717
f 716 718 719
f 719 718 717
f 719 717 720
f 717 221 720
f 721 719 720
f 719 721 722
f 722 721 720
f 722 720 723
f 720 724 723
f 725 722 723
f 722 725 726
f 726 725 723
f 726 723 727
f 723 724 727
f 728 726 727
f 726 728 729
f 729 728 727
f 729 727 730
f 727 731 730
f 732 729 730
f 729 732 733
f 733 732 730
f 733 730 734
f 730 735 734
f 736 733 734
f 733 736 737
f 737 736 734
f 737 734 738
f 734 242 738
f 739 737 738
f 737 739 740
f 741 739 738
f 739 741 740
f 741 738 742
f 738 245 742
f 743 741 742
f 741 743 740
f 740 743 742
f 740 742 744
f 742 245 744
f 745 740 744
f 740 745 746
f 746 745 744
f 746 744 747
f 748 747 744
f 749 746 747
f 746 749 750
f 750 749 747
f 750 747 751
f 747 748 751
f 752 750 751
f 750 752 753
f 753 752 751
f 753 751 754
f 751 748 754
f 755 753 754
f 753 755 756
f 756 755 754
f 756 754 757
f 754 758 757
f 759 756 757
f 756 759 760
f 760 759 757
f 760 757 761
f 757 762 761
f 763 760 761
f 760 763 764
f 764 763 761
f 764 761 765
f 761 762 765
f 766 764 765
f 764 766 767
f 767 766 765
f 767 765 768
f 765 769 768
f 770 767 768
f 767 770 629
f 629 770 768
f 629 768 771
f 768 769 771
f 772 629 771
f 629 772 773
f 773 772 771
f 773 771 774
f 771 256 774
f 775 773 774
f 773 775 776
f 776 775 774
f 776 774 777
f 774 622 777
f 778 776 777
f 776 778 779
f 779 778 777
f 779 777 621
f 777 622 621
f 624 779 621
f 779 624 623
f 776 779 623
f 629 776 623
f 629 773 776
f 629 623 627
f 256 622 774
f 257 622 256
f 259 622 257
f 258 622 259
f 258 261 622
f 769 256 771
f 253 256 769
f 253 769 254
f 254 769 251
f 251 769 762
f 762 769 765
f 251 762 252
f 252 762 249
f 249 762 758
f 758 762 757
f 249 758 250
f 250 758 247
f 247 758 748
f 748 758 754
f 247 748 248
f 248 748 246
f 246 748 245
f 245 748 744
f 764 767 629
f 756 764 629
f 756 760 764
f 740 756 629
f 740 750 756
f 733 740 629
f 733 737 740
f 726 733 629
f 726 729 733
f 713 726 629
f 713 719 726
f 629 635 713
f 629 628 635
f 635 701 713
f 635 695 701
f 701 707 713
f 701 704 707
f 707 710 713
f 635 692 695
f 695 698 701
f 628 631 635
f 713 716 719
f 719 722 726
f 740 746 750
f 750 753 756
f 242 245 738
f 243 245 242
f 239 242 734
f 240 242 239
f 780 239 734
f 236 239 780
f 735 780 734
f 234 780 735
f 237 780 234
f 234 735 235
f 235 735 230
f 230 735 781
f 781 735 730
f 230 781 231
f 231 781 228
f 228 781 731
f 731 781 730
f 228 731 229
f 229 731 227
f 227 731 226
f 226 731 727
f 724 226 727
f 223 226 724
f 223 724 224
f 224 724 222
f 222 724 221
f 221 724 720
f 236 780 237
f 658 221 702
f 216 221 658
f 216 658 217
f 214 217 658
f 214 658 782
f 782 658 783
f 215 214 782
f 215 782 784
f 782 785 784
f 215 784 786
f 784 787 786
f 215 786 788
f 788 786 789
f 215 788 790
f 790 788 791
f 215 790 792
f 792 790 791
f 215 792 793
f 793 792 794
f 215 793 795
f 795 793 794
f 215 795 796
f 796 795 797
f 215 796 798
f 798 796 797
f 215 798 799
f 799 798 800
f 215 799 801
f 801 799 800
f 215 801 802
f 802 801 803
f 215 802 804
f 802 805 804
f 215 804 806
f 804 807 806
f 215 806 808
f 806 809 808
f 215 808 810
f 810 808 811
f 215 810 812
f 812 810 813
f 215 812 814
f 812 815 814
f 215 814 816
f 816 814 817
f 215 816 818
f 818 816 819
f 215 818 820
f 820 818 819
f 215 820 821
f 821 820 822
f 215 821 823
f 823 821 822
f 215 823 824
f 824 823 825
f 215 824 826
f 826 824 825
f 215 826 827
f 827 826 828
f 215 827 829
f 827 830 829
f 215 829 831
f 831 829 832
f 215 831 833
f 833 831 834
f 215 833 835
f 835 833 834
f 215 835 836
f 836 835 837
f 215 836 838
f 838 836 837
f 215 838 839
f 839 838 840
f 215 839 841
f 839 842 841
f 215 841 843
f 841 844 843
f 215 843 845
f 845 843 846
f 215 845 847
f 847 845 848
f 215 847 849
f 849 847 848
f 215 849 850
f 850 849 851
f 215 850 852
f 850 853 852
f 215 852 854
f 854 852 855
f 215 854 856
f 856 854 857
f 215 856 858
f 856 859 858
f 215 858 860
f 858 861 860
f 860 862 215
f 862 860 863
f 862 864 215
f 864 862 865
f 864 866 215
f 866 864 865
f 866 867 215
f 867 866 868
f 867 869 215
f 869 867 868
f 869 870 215
f 870 869 871
f 870 872 215
f 870 873 872
f 872 874 215
f 874 872 875
f 874 876 215
f 876 874 877
f 876 878 215
f 876 879 878
f 878 880 215
f 878 881 880
f 880 882 215
f 882 880 883
f 882 884 215
f 884 882 885
f 884 886 215
f 884 887 886
f 886 888 215
f 888 886 889
f 888 890 215
f 890 888 891
f 890 892 215
f 892 890 891
f 892 893 215
f 893 892 894
f 893 895 215
f 893 896 895
f 895 897 215
f 895 898 897
f 897 899 215
f 899 897 900
f 899 901 215
f 901 899 902
f 901 903 215
f 901 904 903
f 903 905 215
f 905 903 906
f 905 907 215
f 907 905 908
f 907 909 215
f 907 910 909
f 909 911 215
f 909 912 911
f 911 913 215
f 913 911 914
f 913 915 215
f 915 913 916
f 915 917 215
f 917 915 916
f 917 918 215
f 918 917 919
f 918 920 215
f 918 921 920
f 920 922 215
f 922 920 923
f 922 924 215
f 924 922 925
f 924 926 215
f 926 924 925
f 926 927 215
f 927 926 928
f 927 929 215
f 927 930 929
f 929 931 215
f 929 932 931
f 931 558 215
f 931 933 558
f 558 934 215
f 935 934 558
f 203 215 934
f 203 201 215
f 935 203 934
f 202 203 935
f 202 935 205
f 935 936 205
f 935 558 936
f 205 936 937
f 938 937 936
f 205 937 939
f 213 939 937
f 204 205 939
f 204 939 207
f 210 207 939
f 206 207 210
f 210 939 213
f 209 210 213
f 213 937 938
f 212 213 938
f 940 212 938
f 212 940 219
f 941 940 938
f 940 941 942
f 943 941 938
f 943 942 941
f 944 943 938
f 944 942 943
f 945 944 938
f 945 946 944
f 947 945 938
f 947 948 945
f 949 947 938
f 949 948 947
f 950 949 938
f 950 951 949
f 952 950 938
f 952 953 950
f 954 952 938
f 954 955 952
f 956 954 938
f 956 955 954
f 957 956 938
f 957 958 956
f 959 957 938
f 959 958 957
f 960 959 938
f 960 961 959
f 962 960 938
f 962 961 960
f 963 962 938
f 963 964 962
f 965 963 938
f 965 964 963
f 966 965 938
f 966 967 965
f 968 966 938
f 968 967 966
f 969 968 938
f 969 970 968
f 971 969 938
f 971 972 969
f 973 971 938
f 973 974 971
f 975 973 938
f 975 976 973
f 977 975 938
f 977 978 975
f 979 977 938
f 979 978 977
f 980 979 938
f 980 981 979
f 982 980 938
f 982 981 980
f 983 982 938
f 983 984 982
f 985 983 938
f 985 986 983
f 987 985 938
f 987 988 985
f 989 987 938
f 989 990 987
f 989 938 991
f 938 992 991
f 989 991 993
f 991 994 993
f 989 993 995
f 993 996 995
f 989 995 997
f 995 996 997
f 998 989 997
f 998 999 989
f 998 997 1000
f 997 1001 1000
f 998 1000 1002
f 1000 1001 1002
f 998 1002 1003
f 1002 1004 1003
f 1005 998 1003
f 1005 1006 998
f 1005 1003 1007
f 1003 1008 1007
f 1005 1007 1009
f 1007 1010 1009
f 1005 1009 1011
f 1009 1010 1011
f 1012 1005 1011
f 1012 1006 1005
f 1012 1011 1013
f 1011 1014 1013
f 1012 1013 1015
f 1013 1016 1015
f 1012 1015 1017
f 1015 1018 1017
f 1012 1017 1019
f 1017 1020 1019
f 1012 1019 1021
f 1019 1022 1021
f 1012 1021 1023
f 1021 1022 1023
f 1012 1023 1024
f 1023 1025 1024
f 1012 1024 1026
f 1024 1025 1026
f 1012 1026 1027
f 1026 1028 1027
f 1012 1027 1029
f 1027 1030 1029
f 1012 1029 1031
f 1029 1030 1031
f 1012 1031 1032
f 1031 1033 1032
f 1032 1034 1012
f 1032 1033 1034
f 1034 1035 1012
f 1034 1036 1035
f 1035 1037 1012
f 1035 1036 1037
f 1037 1038 1012
f 1037 1039 1038
f 1038 1040 1012
f 1038 1041 1040
f 1040 1042 1012
f 1040 1043 1042
f 1042 1044 1012
f 1042 1043 1044
f 1044 1045 1012
f 1044 1046 1045
f 1045 1047 1012
f 1045 1048 1047
f 1047 1049 1012
f 1047 1048 1049
f 1049 1050 1012
f 1049 1051 1050
f 1050 1052 1012
f 1050 1053 1052
f 1052 1054 1012
f 1052 1055 1054
f 1054 1056 1012
f 1057 1056 1054
f 1056 1058 1012
f 1059 1058 1056
f 1058 1060 1012
f 1061 1060 1058
f 1012 1060 1061
f 1012 1061 1006
f 1061 1062 1006
f 1061 1063 1062
f 1062 1064 1006
f 1064 1062 1065
f 998 1006 1064
f 998 1064 999
f 999 1064 989
f 989 1064 1065
f 989 1065 990
f 990 1065 987
f 987 1065 1066
f 1065 1062 1066
f 987 1066 988
f 988 1066 985
f 985 1066 1067
f 1062 1067 1066
f 985 1067 986
f 986 1067 983
f 983 1067 1068
f 1067 1062 1068
f 983 1068 984
f 984 1068 982
f 982 1068 981
f 1068 1062 981
f 1062 978 981
f 978 1062 1069
f 979 981 978
f 1069 1062 1070
f 975 978 1069
f 975 1069 976
f 976 1069 973
f 973 1069 1070
f 973 1070 974
f 974 1070 971
f 971 1070 1071
f 1062 1071 1070
f 971 1071 972
f 972 1071 969
f 969 1071 1072
f 1071 1062 1072
f 969 1072 970
f 970 1072 968
f 968 1072 967
f 1072 1062 967
f 1062 964 967
f 964 1062 961
f 965 967 964
f 961 1062 958
f 962 964 961
f 1062 955 958
f 959 961 958
f 955 1062 1073
f 956 958 955
f 1073 1062 1074
f 952 955 1073
f 952 1073 953
f 953 1073 950
f 950 1073 1074
f 950 1074 951
f 951 1074 949
f 949 1074 948
f 948 1074 1075
f 1062 1075 1074
f 1076 948 1075
f 1077 948 1076
f 1078 1076 1075
f 1078 1079 1076
f 1080 1078 1075
f 1078 1080 1081
f 1081 1080 1075
f 1081 1075 1062
f 1082 1081 1062
f 1081 1082 1083
f 1083 1082 1062
f 1083 1062 1063
f 1084 1083 1063
f 1083 1084 1085
f 1085 1084 1063
f 1085 1063 1086
f 1063 1061 1086
f 1087 1085 1086
f 1085 1087 1088
f 1088 1087 1086
f 1088 1086 1089
f 1061 1089 1086
f 1090 1088 1089
f 1088 1090 1091
f 1091 1090 1089
f 1091 1089 1092
f 1089 1061 1092
f 1093 1091 1092
f 1091 1093 1094
f 1094 1093 1092
f 1094 1092 1095
f 1092 1061 1095
f 1096 1094 1095
f 1094 1096 1097
f 1097 1096 1095
f 1097 1095 1098
f 1061 1098 1095
f 1099 1097 1098
f 1097 1099 1100
f 1100 1099 1098
f 1100 1098 1101
f 1098 1061 1101
f 1102 1100 1101
f 1100 1102 1103
f 1102 1101 1104
f 1101 1061 1104
f 1104 1103 1102
f 1104 1105 1103
f 1106 1105 1104
f 1107 1103 1105
f 1103 1107 1108
f 1109 1107 1105
f 1109 1110 1107
f 1109 1105 1111
f 1105 1112 1111
f 1113 1109 1111
f 1113 1114 1109
f 1115 1113 1111
f 1115 1116 1113
f 1117 1115 1111
f 1117 1118 1115
f 1117 1111 1119
f 1111 1120 1119
f 1119 1121 1117
f 1119 1122 1121
f 1121 1123 1117
f 1121 1124 1123
f 1123 1125 1117
f 1123 1126 1125
f 1125 1127 1117
f 1125 1128 1127
f 1127 1129 1117
f 1127 1130 1129
f 1129 1131 1117
f 1129 1132 1131
f 1131 1133 1117
f 1131 1132 1133
f 1117 1133 1134
f 1134 1133 1135
f 1117 1134 1136
f 1134 1135 1136
f 1117 1136 1137
f 1136 1138 1137
f 1117 1137 1139
f 1137 1140 1139
f 1117 1139 1118
f 1139 1141 1118
f 1139 1142 1141
f 1141 1143 1118
f 1141 1144 1143
f 1143 1145 1118
f 1145 1143 1146
f 1118 1145 1146
f 1118 1146 1147
f 1148 1147 1146
f 1149 1118 1147
f 1118 1149 1150
f 1150 1149 1147
f 1150 1147 1151
f 1147 1148 1151
f 1152 1150 1151
f 1150 1152 1153
f 1153 1152 1151
f 1153 1151 1154
f 1151 1148 1154
f 1155 1153 1154
f 1153 1155 1156
f 1156 1155 1154
f 1156 1154 1157
f 1148 1157 1154
f 1158 1156 1157
f 1156 1158 1159
f 1159 1158 1157
f 1159 1157 1160
f 1157 1148 1160
f 1161 1159 1160
f 1159 1161 1162
f 1162 1161 1160
f 1162 1160 1163
f 1160 1148 1163
f 1164 1162 1163
f 1162 1164 1165
f 1165 1164 1163
f 1165 1163 1166
f 1148 1166 1163
f 1167 1165 1166
f 1165 1167 1168
f 1168 1167 1166
f 1168 1166 1169
f 1166 1148 1169
f 1170 1168 1169
f 1168 1170 1115
f 1115 1170 1169
f 1115 1169 1171
f 1169 1148 1171
f 1172 1115 1171
f 1115 1172 1173
f 1173 1172 1171
f 1173 1171 1174
f 1148 1174 1171
f 1175 1173 1174
f 1173 1175 1176
f 1176 1175 1174
f 1176 1174 1177
f 1174 1148 1177
f 1178 1176 1177
f 1176 1178 1179
f 1179 1178 1177
f 1179 1177 1180
f 1177 1148 1180
f 1181 1179 1180
f 1179 1181 1116
f 1116 1181 1180
f 1116 1180 1182
f 1148 1182 1180
f 1183 1116 1182
f 1116 1183 1184
f 1184 1183 1182
f 1184 1182 1185
f 1182 1148 1185
f 1186 1184 1185
f 1184 1186 1187
f 1187 1186 1185
f 1187 1185 1188
f 1185 1148 1188
f 1189 1187 1188
f 1187 1189 1190
f 1190 1189 1188
f 1190 1188 1191
f 1148 1191 1188
f 1192 1190 1191
f 1190 1192 1113
f 1113 1192 1191
f 1113 1191 1193
f 1191 1148 1193
f 1194 1113 1193
f 1113 1194 1195
f 1195 1194 1193
f 1195 1193 1196
f 1193 1148 1196
f 1197 1195 1196
f 1195 1197 1114
f 1114 1197 1196
f 1114 1196 1198
f 1196 942 1198
f 1199 1114 1198
f 1114 1199 1200
f 1200 1199 1198
f 1200 1198 1201
f 1198 942 1201
f 1202 1200 1201
f 1200 1202 1109
f 1109 1202 1201
f 1109 1201 1203
f 1204 1203 1201
f 1110 1109 1203
f 1107 1110 1203
f 1107 1203 1205
f 1203 1204 1205
f 1107 1205 1108
f 1206 1108 1205
f 1103 1108 1206
f 1206 1205 1207
f 1205 1204 1207
f 1208 1206 1207
f 1206 1208 1209
f 1209 1208 1207
f 1209 1207 1210
f 1204 1210 1207
f 1211 1209 1210
f 1206 1209 1211
f 1212 1211 1210
f 1211 1212 1213
f 1212 1210 1214
f 1210 1204 1214
f 1215 1212 1214
f 1212 1215 1213
f 1213 1215 1214
f 1213 1214 1077
f 1214 1204 1077
f 1216 1213 1077
f 1213 1216 1079
f 1217 1216 1077
f 1216 1217 1079
f 1217 1077 1076
f 1079 1217 1076
f 1213 1079 1085
f 1079 1081 1085
f 1085 1206 1213
f 1085 1097 1206
f 1206 1211 1213
f 1085 1091 1097
f 1097 1103 1206
f 1097 1100 1103
f 1085 1088 1091
f 1091 1094 1097
f 1079 1078 1081
f 1081 1083 1085
f 1204 948 1077
f 945 948 1204
f 945 1204 946
f 946 1204 944
f 944 1204 942
f 942 1204 1201
f 1114 1200 1109
f 1148 942 1196
f 942 1148 219
f 219 1148 1218
f 942 219 940
f 1218 1148 1219
f 219 1218 1220
f 1218 1219 1220
f 219 1220 218
f 1220 1219 218
f 1219 1221 218
f 1219 1222 1221
f 218 1221 233
f 233 1221 1222
f 1223 233 1222
f 233 1223 232
f 1223 1222 1224
f 1224 1222 1225
f 1226 1223 1224
f 1223 1226 232
f 1227 1226 1224
f 1226 1227 1228
f 1227 1224 1229
f 1229 1224 1230
f 1228 1227 1229
f 1231 1228 1229
f 1228 1231 232
f 1231 1229 1232
f 1232 1229 1233
f 1234 1231 1232
f 1231 1234 232
f 1235 1234 1232
f 1234 1235 232
f 1235 1232 1236
f 1236 1232 1237
f 1238 1235 1236
f 1235 1238 232
f 1239 1238 1236
f 1238 1239 1240
f 1239 1236 1241
f 1241 1236 1242
f 1240 1239 1241
f 1243 1240 1241
f 1240 1243 232
f 1243 1241 1244
f 1244 1241 1245
f 1246 1243 1244
f 1243 1246 232
f 1247 1246 1244
f 1246 1247 232
f 1247 1244 1248
f 1248 1244 1249
f 1250 1247 1248
f 1247 1250 232
f 1251 1250 1248
f 1250 1251 1252
f 1251 1248 1253
f 1253 1248 1254
f 1252 1251 1253
f 1255 1252 1253
f 1252 1255 1256
f 1255 1253 1257
f 1257 1253 1258
f 1256 1255 1257
f 1259 1256 1257
f 1256 1259 1260
f 1259 1257 1261
f 1261 1257 1262
f 1263 1259 1261
f 1259 1263 1260
f 1264 1263 1261
f 1263 1264 1265
f 1264 1261 1266
f 1266 1261 1267
f 1265 1264 1266
f 1268 1265 1266
f 1265 1268 1260
f 1268 1266 1269
f 1269 1266 1267
f 1270 1268 1269
f 1268 1270 1260
f 1271 1270 1269
f 1270 1271 1260
f 1271 1269 1272
f 1272 1269 1267
f 1273 1271 1272
f 1271 1273 1260
f 1274 1273 1272
f 1273 1274 1260
f 1274 1272 1275
f 1275 1272 1267
f 1276 1274 1275
f 1274 1276 1260
f 1277 1276 1275
f 1276 1277 1278
f 1277 1275 1279
f 1279 1275 1267
f 1278 1277 1279
f 1280 1278 1279
f 1278 1280 1260
f 1280 1279 1281
f 1281 1279 1282
f 1283 1280 1281
f 1280 1283 1260
f 1284 1283 1281
f 1283 1284 1285
f 1284 1281 1286
f 1286 1281 1282
f 1285 1284 1286
f 1287 1285 1286
f 1285 1287 1288
f 1287 1286 1289
f 1289 1286 1282
f 1288 1287 1289
f 1290 1288 1289
f 1288 1290 1291
f 1290 1289 1292
f 1292 1289 1293
f 1291 1290 1292
f 1294 1291 1292
f 1291 1294 1295
f 1294 1292 1296
f 1296 1292 1293
f 1295 1294 1296
f 1297 1295 1296
f 1295 1297 1298
f 1297 1296 1299
f 1299 1296 1293
f 1298 1297 1299
f 1300 1298 1299
f 1298 1300 1301
f 1300 1299 1302
f 1302 1299 1303
f 1304 1300 1302
f 1300 1304 1305
f 1306 1304 1302
f 1304 1306 1307
f 1306 1302 1308
f 1308 1302 1303
f 1309 1306 1308
f 1306 1309 1310
f 1311 1309 1308
f 1309 1311 1312
f 1311 1308 1313
f 1313 1308 1303
f 1314 1311 1313
f 1311 1314 1315
f 1316 1314 1313
f 1314 1316 1317
f 1316 1313 1318
f 1318 1313 1303
f 1317 1316 1318
f 1319 1317 1318
f 1317 1319 1320
f 1319 1318 1321
f 1321 1318 1322
f 1320 1319 1321
f 1323 1320 1321
f 1320 1323 1324
f 1323 1321 1325
f 1325 1321 1322
f 1324 1323 1325
f 1326 1324 1325
f 1324 1326 1327
f 1326 1325 1328
f 1328 1325 1322
f 1327 1326 1328
f 1329 1327 1328
f 1327 1329 1330
f 1329 1328 1331
f 1331 1328 1332
f 1333 1329 1331
f 1329 1333 1334
f 1335 1333 1331
f 1333 1335 1336
f 1335 1331 1337
f 1337 1331 1332
f 1336 1335 1337
f 1338 1336 1337
f 1336 1338 1339
f 1338 1337 1340
f 1340 1337 1332
f 1341 1338 1340
f 1338 1341 1342
f 1343 1341 1340
f 1341 1343 1344
f 1343 1340 1345
f 1345 1340 1346
f 1344 1343 1345
f 1347 1344 1345
f 1344 1347 1348
f 1347 1345 1349
f 1349 1345 1346
f 1350 1347 1349
f 1347 1350 1351
f 1352 1350 1349
f 1350 1352 1353
f 1352 1349 1354
f 1354 1349 1355
f 1353 1352 1354
f 1356 1353 1354
f 1353 1356 1357
f 1356 1354 1358
f 1358 1354 1355
f 1357 1356 1358
f 1359 1357 1358
f 1357 1359 1360
f 1359 1358 1361
f 1361 1358 1362
f 1363 1359 1361
f 1359 1363 1364
f 1365 1363 1361
f 1363 1365 1366
f 1365 1361 1367
f 1367 1361 1368
f 1369 1365 1367
f 1365 1369 1370
f 1371 1369 1367
f 1369 1371 1372
f 1371 1367 1373
f 1373 1367 1374
f 1372 1371 1373
f 1375 1372 1373
f 1372 1375 1376
f 1375 1373 1377
f 1377 1373 1374
f 1376 1375 1377
f 1378 1376 1377
f 1376 1378 1379
f 1378 1377 1380
f 1380 1377 1381
f 1059 1378 1380
f 1378 1059 1056
f 1059 1380 1061
f 1061 1380 1382
f 1061 1058 1059
f 1382 1380 1381
f 1383 1061 1382
f 1384 1061 1383
f 1385 1383 1382
f 1385 1386 1383
f 1387 1385 1382
f 1385 1387 1388
f 1387 1382 1381
f 1387 1381 1388
f 1388 1381 1389
f 1389 1381 1374
f 1388 1389 1390
f 1389 1374 1390
f 1388 1390 1120
f 1390 1391 1120
f 1392 1388 1120
f 1392 1385 1388
f 1111 1392 1120
f 1111 1393 1392
f 1111 1394 1393
f 1393 1395 1392
f 1393 1396 1395
f 1395 1397 1392
f 1397 1395 1384
f 1392 1397 1384
f 1392 1384 1383
f 1386 1392 1383
f 1392 1386 1385
f 1395 1398 1384
f 1395 1396 1398
f 1061 1384 1398
f 1061 1398 1399
f 1393 1399 1398
f 1400 1061 1399
f 1401 1061 1400
f 1394 1400 1399
f 1394 1402 1400
f 1403 1394 1399
f 1394 1403 1393
f 1393 1403 1399
f 1111 1402 1394
f 1402 1111 1400
f 1111 1401 1400
f 1111 1404 1401
f 1112 1404 1111
f 1404 1112 1401
f 1112 1104 1401
f 1112 1106 1104
f 1061 1401 1104
f 1105 1106 1112
f 1396 1393 1398
f 1390 1374 1391
f 1391 1368 1120
f 1391 1374 1368
f 1120 1368 1405
f 1405 1368 1362
f 1120 1405 1406
f 1405 1362 1406
f 1120 1406 1407
f 1406 1408 1407
f 1120 1407 1409
f 1407 1410 1409
f 1120 1409 1119
f 1409 1411 1119
f 1409 1412 1411
f 1411 1413 1119
f 1411 1414 1413
f 1413 1415 1119
f 1413 1293 1415
f 1415 1416 1119
f 1415 1293 1416
f 1119 1416 1417
f 1417 1416 1418
f 1119 1417 1419
f 1417 1418 1419
f 1119 1419 1420
f 1419 1421 1420
f 1119 1420 1122
f 1420 1422 1122
f 1420 1423 1422
f 1422 1424 1122
f 1422 1282 1424
f 1424 1267 1122
f 1424 1282 1267
f 1122 1267 1425
f 1425 1267 1262
f 1122 1425 1426
f 1425 1262 1426
f 1122 1426 1427
f 1426 1428 1427
f 1122 1427 1121
f 1427 1429 1121
f 1427 1430 1429
f 1429 1431 1121
f 1429 1432 1431
f 1431 1254 1121
f 1431 1432 1254
f 1121 1254 1433
f 1433 1254 1249
f 1121 1433 1434
f 1433 1249 1434
f 1121 1434 1124
f 1434 1435 1124
f 1434 1249 1435
f 1435 1245 1124
f 1435 1249 1245
f 1124 1245 1436
f 1436 1245 1242
f 1124 1436 1437
f 1436 1242 1437
f 1124 1437 1123
f 1437 1438 1123
f 1437 1242 1438
f 1438 1439 1123
f 1438 1242 1439
f 1123 1439 1440
f 1440 1439 1237
f 1123 1440 1126
f 1440 1237 1126
f 1126 1237 1441
f 1441 1237 1233
f 1126 1441 1125
f 1441 1233 1125
f 1125 1233 1442
f 1442 1233 1230
f 1125 1442 1128
f 1442 1230 1128
f 1128 1230 1443
f 1443 1230 1225
f 1128 1443 1127
f 1443 1225 1127
f 1127 1225 1130
f 1130 1225 1132
f 1225 1222 1132
f 1130 1132 1129
f 1132 1222 1133
f 1222 1135 1133
f 1135 1222 1444
f 1444 1222 1445
f 1138 1135 1444
f 1136 1135 1138
f 1138 1444 1137
f 1137 1444 1446
f 1446 1444 1445
f 1137 1446 1140
f 1446 1445 1140
f 1140 1445 1447
f 1139 1447 1445
f 1140 1447 1139
f 1139 1445 1448
f 1445 1219 1448
f 1449 1139 1448
f 1139 1449 1142
f 1142 1449 1448
f 1142 1448 1450
f 1448 1219 1450
f 1451 1142 1450
f 1142 1451 1141
f 1141 1451 1450
f 1141 1450 1452
f 1450 1148 1452
f 1144 1141 1452
f 1143 1144 1452
f 1143 1452 1146
f 1452 1148 1146
f 1219 1148 1450
f 1222 1219 1445
f 1230 1224 1225
f 1233 1229 1230
f 1237 1232 1233
f 1439 1236 1237
f 1242 1236 1439
f 1245 1241 1242
f 1249 1244 1245
f 1254 1248 1249
f 1432 1253 1254
f 1258 1253 1432
f 1430 1258 1432
f 1427 1258 1430
f 1430 1432 1429
f 1428 1258 1427
f 1428 1262 1258
f 1426 1262 1428
f 1262 1257 1258
f 1267 1261 1262
f 1282 1279 1267
f 1423 1282 1422
f 1423 1453 1282
f 1420 1453 1423
f 1453 1289 1282
f 1418 1289 1453
f 1289 1418 1416
f 1421 1418 1453
f 1419 1418 1421
f 1421 1453 1420
f 1293 1289 1416
f 1414 1293 1413
f 1414 1303 1293
f 1411 1303 1414
f 1303 1299 1293
f 1454 1303 1411
f 1454 1322 1303
f 1412 1454 1411
f 1412 1322 1454
f 1455 1322 1412
f 1455 1332 1322
f 1409 1455 1412
f 1409 1332 1455
f 1456 1332 1409
f 1456 1346 1332
f 1410 1456 1409
f 1410 1346 1456
f 1457 1346 1410
f 1457 1355 1346
f 1407 1457 1410
f 1407 1355 1457
f 1408 1355 1407
f 1408 1362 1355
f 1406 1362 1408
f 1362 1358 1355
f 1355 1349 1346
f 1346 1340 1332
f 1332 1328 1322
f 1322 1318 1303
f 1368 1361 1362
f 1374 1367 1368
f 1381 1377 1374
f 1378 1056 1379
f 1056 1458 1379
f 1057 1458 1056
f 1379 1458 1057
f 1459 1379 1057
f 1379 1459 1460
f 1459 1057 1461
f 1043 1461 1057
f 1460 1459 1461
f 1462 1460 1461
f 1460 1462 1463
f 1462 1461 1464
f 1461 1043 1464
f 1463 1462 1464
f 1465 1463 1464
f 1463 1465 1370
f 1465 1464 1466
f 1464 1043 1466
f 1467 1465 1466
f 1465 1467 1370
f 1468 1467 1466
f 1467 1468 1370
f 1468 1466 1469
f 1043 1469 1466
f 1470 1468 1469
f 1468 1470 1471
f 1472 1470 1469
f 1470 1472 1473
f 1472 1469 1474
f 1469 1043 1474
f 1473 1472 1474
f 1475 1473 1474
f 1473 1475 1476
f 1475 1474 1477
f 1474 1043 1477
f 1476 1475 1477
f 1478 1476 1477
f 1476 1478 1471
f 1478 1477 1479
f 1043 1479 1477
f 1480 1478 1479
f 1478 1480 1471
f 1481 1480 1479
f 1480 1481 1471
f 1481 1479 1482
f 1482 1479 1483
f 1484 1481 1482
f 1481 1484 1471
f 1485 1484 1482
f 1484 1485 1486
f 1485 1482 1487
f 1487 1482 1483
f 1486 1485 1487
f 1488 1486 1487
f 1486 1488 1489
f 1488 1487 1490
f 1490 1487 1491
f 1489 1488 1490
f 1492 1489 1490
f 1489 1492 1493
f 1492 1490 1494
f 1494 1490 1491
f 1493 1492 1494
f 1495 1493 1494
f 1493 1495 1496
f 1495 1494 1497
f 1497 1494 1491
f 1496 1495 1497
f 1498 1496 1497
f 1496 1498 1499
f 1498 1497 1500
f 1500 1497 1501
f 1499 1498 1500
f 1502 1499 1500
f 1499 1502 1503
f 1502 1500 1504
f 1504 1500 1501
f 1503 1502 1504
f 1505 1503 1504
f 1503 1505 1506
f 1505 1504 1507
f 1507 1504 1501
f 1506 1505 1507
f 1508 1506 1507
f 1506 1508 1509
f 1508 1507 1510
f 1510 1507 1501
f 1511 1508 1510
f 1508 1511 1509
f 1512 1511 1510
f 1511 1512 1513
f 1512 1510 1514
f 1514 1510 1515
f 1516 1512 1514
f 1512 1516 1517
f 1518 1516 1514
f 1516 1518 1519
f 1518 1514 1520
f 1520 1514 1521
f 1522 1518 1520
f 1518 1522 1523
f 1524 1522 1520
f 1522 1524 1525
f 1524 1520 1526
f 1526 1520 1521
f 1525 1524 1526
f 1527 1525 1526
f 1525 1527 1528
f 1527 1526 1529
f 1526 1521 1529
f 1528 1527 1529
f 1530 1528 1529
f 1528 1530 1523
f 1530 1529 1521
f 1531 1530 1521
f 1530 1531 1523
f 1532 1531 1521
f 1531 1532 1533
f 1532 1521 1515
f 1521 1514 1515
f 1533 1532 1515
f 1534 1533 1515
f 1533 1534 1535
f 1534 1515 1501
f 1515 1510 1501
f 1536 1534 1501
f 1534 1536 1535
f 1536 1501 1491
f 1501 1497 1491
f 1491 1535 1536
f 1491 1537 1535
f 1538 1537 1491
f 1539 1535 1537
f 1535 1539 1540
f 1541 1539 1537
f 1541 1542 1539
f 1541 1537 1543
f 1537 1544 1543
f 1541 1543 1545
f 1543 1546 1545
f 1547 1541 1545
f 1547 1548 1541
f 1545 1549 1547
f 1545 1550 1549
f 1549 1551 1547
f 1549 1552 1551
f 1551 1553 1547
f 1553 1551 1554
f 1547 1553 1554
f 1547 1554 1555
f 1554 1556 1555
f 1557 1547 1555
f 1547 1557 1558
f 1558 1557 1555
f 1558 1555 1559
f 1556 1559 1555
f 1560 1558 1559
f 1558 1560 1548
f 1548 1560 1559
f 1548 1559 1561
f 1559 1556 1561
f 1562 1548 1561
f 1548 1562 1563
f 1562 1561 1564
f 1561 1556 1564
f 1562 1564 1563
f 1563 1564 1565
f 1565 1564 1566
f 1563 1565 1541
f 1565 1566 1541
f 1548 1563 1541
f 1541 1566 1542
f 1539 1542 1566
f 1566 1540 1539
f 1566 1567 1540
f 1566 1568 1567
f 1540 1567 1569
f 1569 1567 1570
f 1540 1569 1571
f 1569 1570 1571
f 1535 1540 1571
f 1535 1571 1523
f 1571 1572 1523
f 1533 1535 1523
f 1531 1533 1523
f 1571 1573 1572
f 1572 1574 1523
f 1572 1575 1574
f 1574 1576 1523
f 1574 1575 1576
f 1523 1576 1577
f 1577 1576 1578
f 1523 1577 1579
f 1577 1578 1579
f 1523 1579 1580
f 1579 1581 1580
f 1523 1580 1582
f 1580 1583 1582
f 1523 1582 1584
f 1582 1585 1584
f 1523 1584 1586
f 1584 1587 1586
f 1523 1586 1588
f 1586 1587 1588
f 1523 1588 1589
f 1588 1590 1589
f 1523 1589 1591
f 1589 1590 1591
f 1523 1591 1592
f 1591 1593 1592
f 1523 1592 1519
f 1592 1593 1519
f 1518 1523 1519
f 1519 1593 1594
f 1593 1595 1594
f 1519 1594 1596
f 1596 1594 1517
f 1519 1596 1517
f 1516 1519 1517
f 1517 1594 1597
f 1594 1595 1597
f 1517 1597 1513
f 1513 1597 1509
f 1512 1517 1513
f 1509 1597 1598
f 1511 1513 1509
f 1595 1598 1597
f 1509 1598 1599
f 1599 1598 1471
f 1509 1599 1471
f 1484 1509 1471
f 1484 1486 1509
f 1486 1489 1509
f 1489 1493 1509
f 1493 1496 1509
f 1496 1499 1509
f 1499 1503 1509
f 1503 1506 1509
f 1471 1598 1600
f 1595 1600 1598
f 1471 1600 1601
f 1601 1600 1370
f 1471 1601 1370
f 1468 1471 1370
f 1370 1600 1595
f 1370 1595 1602
f 1602 1595 1366
f 1370 1602 1366
f 1365 1370 1366
f 1366 1595 1603
f 1603 1595 1604
f 1366 1603 1364
f 1364 1603 1360
f 1363 1366 1364
f 1360 1603 1604
f 1359 1364 1360
f 1360 1604 1605
f 1605 1604 1351
f 1360 1605 1351
f 1350 1360 1351
f 1350 1353 1360
f 1353 1357 1360
f 1348 1351 1604
f 1347 1351 1348
f 1348 1604 1606
f 1604 1595 1606
f 1607 1348 1606
f 1344 1348 1607
f 1608 1607 1606
f 1607 1608 1342
f 1608 1606 1609
f 1595 1609 1606
f 1342 1608 1609
f 1610 1342 1609
f 1342 1610 1339
f 1610 1609 1611
f 1609 1595 1611
f 1339 1610 1611
f 1612 1339 1611
f 1339 1612 1613
f 1612 1611 1614
f 1611 1595 1614
f 1613 1612 1614
f 1615 1613 1614
f 1613 1615 1334
f 1615 1614 1616
f 1614 1617 1616
f 1334 1615 1616
f 1618 1334 1616
f 1334 1618 1330
f 1618 1616 1619
f 1616 1617 1619
f 1330 1618 1619
f 1620 1330 1619
f 1327 1330 1620
f 1620 1619 1621
f 1617 1621 1619
f 1622 1620 1621
f 1324 1620 1622
f 1623 1622 1621
f 1320 1622 1623
f 1623 1621 1624
f 1621 1617 1624
f 1625 1623 1624
f 1317 1623 1625
f 1315 1625 1624
f 1314 1625 1315
f 1315 1624 1626
f 1624 1617 1626
f 1312 1315 1626
f 1311 1315 1312
f 1310 1312 1626
f 1309 1312 1310
f 1310 1626 1627
f 1617 1627 1626
f 1307 1310 1627
f 1306 1310 1307
f 1628 1307 1627
f 1307 1628 1305
f 1628 1627 1629
f 1627 1617 1629
f 1305 1628 1629
f 1630 1305 1629
f 1305 1630 1301
f 1630 1629 1631
f 1629 1617 1631
f 1301 1630 1631
f 1632 1301 1631
f 1301 1632 1633
f 1632 1631 1634
f 1617 1634 1631
f 1633 1632 1634
f 1635 1633 1634
f 1288 1633 1635
f 1635 1634 1636
f 1634 1617 1636
f 1637 1635 1636
f 1285 1635 1637
f 1638 1637 1636
f 1637 1638 1639
f 1638 1636 1640
f 1636 1617 1640
f 1641 1638 1640
f 1638 1641 1639
f 1639 1641 1640
f 1639 1640 1642
f 1617 1642 1640
f 1643 1639 1642
f 1639 1643 1644
f 1644 1643 1642
f 1644 1642 1645
f 1642 1617 1645
f 1646 1644 1645
f 1644 1646 1647
f 1647 1646 1645
f 1647 1645 1648
f 1645 1617 1648
f 1649 1647 1648
f 1647 1649 1650
f 1650 1649 1648
f 1650 1648 1651
f 1617 1651 1648
f 1652 1650 1651
f 1650 1652 1653
f 1653 1652 1651
f 1653 1651 1654
f 1651 1655 1654
f 1656 1653 1654
f 1653 1656 1657
f 1657 1656 1654
f 1657 1654 1658
f 1654 1659 1658
f 1660 1657 1658
f 1657 1660 1661
f 1661 1660 1658
f 1661 1658 1662
f 1658 1663 1662
f 1664 1661 1662
f 1661 1664 1260
f 1260 1664 1662
f 1260 1662 1665
f 1666 1665 1662
f 232 1260 1665
f 1252 1260 232
f 232 1665 1666
f 325 232 1666
f 325 1666 1663
f 1663 1666 1662
f 1667 325 1663
f 325 1667 324
f 1668 1667 1663
f 1667 1668 1669
f 1668 1663 1659
f 1659 1663 1658
f 1669 1668 1659
f 1670 1669 1659
f 1669 1670 1671
f 1670 1659 1672
f 1672 1659 1654
f 1671 1670 1672
f 1673 1671 1672
f 1671 1673 324
f 1673 1672 1655
f 1655 1672 1654
f 1674 1673 1655
f 1673 1674 324
f 1675 1674 1655
f 1674 1675 1676
f 1675 1655 1677
f 1677 1655 1651
f 1676 1675 1677
f 1678 1676 1677
f 1676 1678 324
f 1678 1677 1679
f 1679 1677 1617
f 1680 1678 1679
f 1678 1680 324
f 1681 1680 1679
f 1680 1681 1682
f 1681 1679 1683
f 1683 1679 1617
f 1682 1681 1683
f 1684 1682 1683
f 1682 1684 1685
f 1684 1683 1686
f 1686 1683 1687
f 1685 1684 1686
f 1688 1685 1686
f 1685 1688 1689
f 1688 1686 1690
f 1690 1686 1691
f 1692 1688 1690
f 1688 1692 1693
f 1694 1692 1690
f 1692 1694 1695
f 1694 1690 1696
f 1696 1690 1697
f 1695 1694 1696
f 1698 1695 1696
f 1695 1698 1699
f 1698 1696 1700
f 1700 1696 1701
f 1699 1698 1700
f 1702 1699 1700
f 1699 1702 1703
f 1702 1700 1704
f 1700 1705 1704
f 1706 1702 1704
f 1702 1706 1703
f 1707 1706 1704
f 1706 1707 1703
f 1707 1704 1708
f 1704 1705 1708
f 1709 1707 1708
f 1707 1709 1703
f 1710 1709 1708
f 1709 1710 1711
f 1710 1708 1712
f 1708 1713 1712
f 1711 1710 1712
f 1714 1711 1712
f 1711 1714 1703
f 1714 1712 1715
f 1712 1713 1715
f 1716 1714 1715
f 1714 1716 1703
f 1717 1716 1715
f 1716 1717 1718
f 1717 1715 1719
f 1715 1720 1719
f 1718 1717 1719
f 1721 1718 1719
f 1718 1721 1703
f 1721 1719 1722
f 1720 1722 1719
f 1723 1721 1722
f 1721 1723 1703
f 1724 1723 1722
f 1723 1724 1725
f 1724 1722 1726
f 1726 1722 1727
f 1725 1724 1726
f 1728 1725 1726
f 1725 1728 1729
f 1728 1726 1730
f 1730 1726 1727
f 1729 1728 1730
f 1731 1729 1730
f 1729 1731 1732
f 1731 1730 1733
f 1733 1730 1734
f 1732 1731 1733
f 1735 1732 1733
f 1732 1735 1703
f 1735 1733 1736
f 1736 1733 1737
f 1738 1735 1736
f 1735 1738 1739
f 1740 1738 1736
f 1738 1740 1741
f 1740 1736 1742
f 1742 1736 1737
f 1741 1740 1742
f 1743 1741 1742
f 1741 1743 1744
f 1743 1742 1745
f 1745 1742 1737
f 1744 1743 1745
f 1746 1744 1745
f 1744 1746 1747
f 1746 1745 1748
f 1748 1745 1749
f 1747 1746 1748
f 1750 1747 1748
f 1747 1750 1751
f 1750 1748 1749
f 1752 1750 1749
f 1750 1752 1753
f 1752 1749 1737
f 1749 1745 1737
f 1752 1737 1754
f 1754 1737 1755
f 1752 1754 1755
f 1752 1755 1756
f 1755 1757 1756
f 1752 1756 1753
f 1756 1758 1753
f 1758 1756 1759
f 1753 1758 1760
f 1758 1759 1760
f 1751 1753 1760
f 1750 1753 1751
f 1751 1760 1761
f 1761 1760 1556
f 1762 1751 1761
f 1747 1751 1762
f 1763 1762 1761
f 1762 1763 1764
f 1763 1761 1765
f 1765 1761 1766
f 1764 1763 1765
f 1767 1764 1765
f 1741 1764 1767
f 1767 1765 1768
f 1768 1765 1766
f 1769 1767 1768
f 1738 1767 1769
f 1769 1768 1770
f 1770 1768 1766
f 1770 1771 1769
f 1770 1772 1771
f 1769 1771 1773
f 1774 1773 1771
f 1738 1769 1773
f 1738 1773 1739
f 1775 1739 1773
f 1775 1776 1739
f 1773 1774 1775
f 1777 1775 1774
f 1778 1775 1777
f 1778 1777 1774
f 1778 1774 1779
f 1774 1780 1779
f 1778 1779 1781
f 1779 1782 1781
f 1778 1781 1783
f 1781 1782 1783
f 1778 1783 1784
f 1783 1785 1784
f 938 1778 1784
f 938 1786 1778
f 938 1784 1787
f 1784 1788 1787
f 938 1787 1789
f 1787 1788 1789
f 938 1789 1790
f 1789 1791 1790
f 938 1790 1792
f 1790 1791 1792
f 938 1792 1793
f 1792 1794 1793
f 938 1793 1795
f 1793 1794 1795
f 938 1795 1796
f 1795 1797 1796
f 938 1796 1798
f 1796 1797 1798
f 938 1798 1799
f 1798 1800 1799
f 938 1799 1801
f 1799 1800 1801
f 938 1801 1802
f 1801 1803 1802
f 938 1802 1804
f 1802 1803 1804
f 938 1804 992
f 1804 1805 992
f 1804 1806 1805
f 1805 1806 992
f 992 1806 994
f 1806 1807 994
f 992 994 991
f 1808 1807 1806
f 1807 1809 994
f 1810 1809 1807
f 994 1809 996
f 1809 1811 996
f 993 994 996
f 1812 1811 1809
f 996 1811 1001
f 1001 1811 1813
f 997 996 1001
f 1811 1814 1813
f 1002 1001 1813
f 1002 1813 1004
f 1004 1813 1003
f 1003 1813 1815
f 1813 1814 1815
f 1003 1815 1008
f 1008 1815 1007
f 1007 1815 1010
f 1815 1816 1010
f 1814 1816 1815
f 1010 1816 1817
f 1816 1818 1817
f 1011 1010 1817
f 1011 1817 1014
f 1014 1817 1013
f 1013 1817 1819
f 1817 1818 1819
f 1013 1819 1016
f 1016 1819 1015
f 1015 1819 1820
f 1819 1818 1820
f 1015 1820 1018
f 1018 1820 1017
f 1017 1820 1821
f 1820 1822 1821
f 1017 1821 1020
f 1020 1821 1019
f 1019 1821 1022
f 1821 1822 1022
f 1822 1823 1022
f 1824 1823 1822
f 1022 1823 1025
f 1823 1556 1025
f 1023 1022 1025
f 1825 1556 1823
f 1556 1826 1025
f 1826 1556 1030
f 1026 1025 1826
f 1026 1826 1028
f 1028 1826 1027
f 1027 1826 1030
f 1030 1556 1827
f 1556 1828 1827
f 1043 1030 1827
f 1043 1033 1030
f 1829 1043 1827
f 1830 1043 1829
f 1550 1829 1827
f 1550 1831 1829
f 1832 1550 1827
f 1550 1832 1833
f 1833 1832 1827
f 1833 1827 1828
f 1834 1833 1828
f 1833 1834 1549
f 1835 1834 1828
f 1834 1835 1549
f 1835 1828 1836
f 1828 1556 1836
f 1549 1835 1836
f 1837 1549 1836
f 1549 1837 1838
f 1837 1836 1839
f 1836 1556 1839
f 1838 1837 1839
f 1552 1838 1839
f 1549 1838 1552
f 1552 1839 1840
f 1556 1840 1839
f 1841 1552 1840
f 1552 1841 1551
f 1551 1841 1840
f 1551 1840 1554
f 1840 1556 1554
f 1550 1833 1549
f 1842 1831 1550
f 1831 1842 1829
f 1842 1830 1829
f 1842 1843 1830
f 1545 1843 1842
f 1843 1545 1830
f 1545 1844 1830
f 1545 1845 1844
f 1043 1830 1844
f 1846 1043 1844
f 1847 1043 1846
f 1848 1846 1844
f 1848 1849 1846
f 1845 1848 1844
f 1848 1845 1545
f 1546 1848 1545
f 1546 1849 1848
f 1849 1546 1846
f 1546 1847 1846
f 1546 1850 1847
f 1851 1850 1546
f 1850 1851 1847
f 1851 1852 1847
f 1851 1853 1852
f 1043 1847 1852
f 1483 1043 1852
f 1479 1043 1483
f 1543 1483 1852
f 1543 1854 1483
f 1853 1543 1852
f 1543 1853 1851
f 1543 1851 1546
f 1544 1854 1543
f 1854 1544 1483
f 1544 1491 1483
f 1544 1538 1491
f 1491 1487 1483
f 1537 1538 1544
f 1545 1842 1550
f 1033 1043 1036
f 1031 1030 1033
f 1036 1043 1855
f 1034 1033 1036
f 1043 1856 1855
f 1037 1036 1855
f 1037 1855 1039
f 1039 1855 1038
f 1038 1855 1856
f 1038 1856 1041
f 1041 1856 1040
f 1040 1856 1043
f 1825 1857 1556
f 1825 1823 1858
f 1858 1823 1824
f 1825 1858 1824
f 1774 1825 1824
f 1774 1857 1825
f 1774 1824 1859
f 1824 1822 1859
f 1774 1859 1860
f 1859 1822 1860
f 1774 1860 1861
f 1860 1818 1861
f 1774 1861 1862
f 1861 1818 1862
f 1774 1862 1863
f 1862 1864 1863
f 1774 1863 1865
f 1863 1866 1865
f 1774 1865 1867
f 1865 1811 1867
f 1774 1867 1812
f 1867 1811 1812
f 1774 1812 1868
f 1812 1809 1868
f 1774 1868 1810
f 1868 1809 1810
f 1774 1810 1869
f 1810 1870 1869
f 1774 1869 1871
f 1869 1872 1871
f 1774 1871 1873
f 1871 1874 1873
f 1774 1873 1875
f 1873 1876 1875
f 1774 1875 1877
f 1875 1878 1877
f 1774 1877 1780
f 1877 1879 1780
f 1877 1880 1879
f 1780 1879 1779
f 1779 1879 1782
f 1782 1879 1791
f 1791 1879 1794
f 1788 1782 1791
f 1881 1782 1788
f 1789 1788 1791
f 1783 1782 1881
f 1784 1881 1788
f 1785 1881 1784
f 1783 1881 1785
f 1879 1880 1794
f 1792 1791 1794
f 1794 1880 1797
f 1880 1882 1797
f 1795 1794 1797
f 1875 1882 1880
f 1797 1882 1800
f 1882 1883 1800
f 1798 1797 1800
f 1873 1883 1882
f 1800 1883 1803
f 1883 1808 1803
f 1801 1800 1803
f 1871 1808 1883
f 1803 1808 1806
f 1804 1803 1806
f 1872 1808 1871
f 1871 1883 1874
f 1874 1883 1873
f 1869 1808 1872
f 1869 1807 1808
f 1870 1807 1869
f 1810 1807 1870
f 1873 1882 1876
f 1876 1882 1875
f 1875 1880 1878
f 1878 1880 1877
f 1865 1814 1811
f 1866 1814 1865
f 1863 1814 1866
f 1863 1816 1814
f 1864 1816 1863
f 1862 1816 1864
f 1862 1818 1816
f 1860 1822 1818
f 1818 1822 1820
f 1774 1884 1857
f 1774 1885 1884
f 1857 1884 1886
f 1884 1887 1886
f 1857 1886 1556
f 1886 1761 1556
f 1888 1761 1886
f 1761 1888 1766
f 1887 1888 1886
f 1887 1885 1888
f 1885 1887 1884
f 1885 1889 1888
f 1890 1889 1885
f 1889 1766 1888
f 1889 1890 1766
f 1890 1891 1766
f 1892 1891 1890
f 1891 1770 1766
f 1891 1892 1770
f 1892 1772 1770
f 1771 1772 1892
f 1774 1771 1892
f 1774 1892 1890
f 1774 1890 1885
f 938 1893 1786
f 1786 1894 1778
f 1786 1895 1894
f 1894 1895 1778
f 1778 1895 1775
f 1775 1895 1896
f 1895 1897 1896
f 1898 1775 1896
f 1899 1775 1898
f 1900 1898 1896
f 1900 1901 1898
f 1902 1900 1896
f 1900 1902 1903
f 1902 1896 1897
f 1897 1903 1902
f 1897 1904 1903
f 1905 1904 1897
f 1906 1903 1904
f 1903 1906 1907
f 1908 1906 1904
f 1908 1909 1906
f 1908 1904 1910
f 1904 1911 1910
f 1912 1908 1910
f 1912 1913 1908
f 1910 1914 1912
f 1910 1915 1914
f 1914 1916 1912
f 1914 1917 1916
f 1916 1918 1912
f 1918 1916 1919
f 1912 1918 1919
f 1912 1919 1920
f 1921 1920 1919
f 1922 1912 1920
f 1912 1922 1923
f 1923 1922 1920
f 1923 1920 1924
f 1924 1920 1921
f 1925 1923 1924
f 1923 1925 1913
f 1913 1925 1924
f 1913 1924 1926
f 1926 1924 1927
f 1928 1913 1926
f 1913 1928 1929
f 1929 1928 1926
f 1929 1926 1930
f 1931 1930 1926
f 1932 1929 1930
f 1929 1932 1908
f 1908 1932 1930
f 1908 1930 1933
f 1930 1931 1933
f 1909 1908 1933
f 1909 1933 1934
f 1933 1931 1934
f 1934 1906 1909
f 1934 1907 1906
f 1935 1907 1934
f 1907 1935 1936
f 1936 1935 1934
f 1936 1934 1937
f 1931 1937 1934
f 1938 1936 1937
f 1936 1938 1939
f 1939 1938 1937
f 1939 1937 1940
f 1937 1931 1940
f 1941 1939 1940
f 1939 1941 1942
f 1942 1941 1940
f 1942 1940 1943
f 1940 1931 1943
f 1944 1942 1943
f 1942 1944 1945
f 1945 1944 1943
f 1945 1943 1946
f 1931 1946 1943
f 1947 1945 1946
f 1945 1947 1948
f 1948 1947 1946
f 1948 1946 1949
f 1946 1931 1949
f 1950 1948 1949
f 1948 1950 1951
f 1950 1949 1952
f 1949 1931 1952
f 1950 1952 1951
f 1951 1952 1953
f 1953 1952 1954
f 1951 1953 1955
f 1953 1954 1955
f 1951 1955 1956
f 1955 1957 1956
f 1945 1951 1956
f 1945 1948 1951
f 1945 1956 1958
f 1956 1959 1958
f 1960 1945 1958
f 1960 1907 1945
f 1961 1960 1958
f 1961 1962 1960
f 1958 1963 1961
f 1958 1964 1963
f 1963 1965 1961
f 1963 1966 1965
f 1965 1967 1961
f 1965 1968 1967
f 1967 1969 1961
f 1967 1970 1969
f 1969 1971 1961
f 1969 1972 1971
f 1971 1973 1961
f 1973 1971 1974
f 1961 1973 1974
f 1961 1974 1975
f 1974 1776 1975
f 1976 1961 1975
f 1961 1976 1977
f 1977 1976 1975
f 1977 1975 1978
f 1975 1776 1978
f 1979 1977 1978
f 1977 1979 1980
f 1980 1979 1978
f 1980 1978 1981
f 1776 1981 1978
f 1982 1980 1981
f 1980 1982 1983
f 1983 1982 1981
f 1983 1981 1984
f 1981 1776 1984
f 1985 1983 1984
f 1983 1985 1986
f 1986 1985 1984
f 1986 1984 1987
f 1984 1776 1987
f 1988 1986 1987
f 1986 1988 1989
f 1989 1988 1987
f 1989 1987 1990
f 1776 1990 1987
f 1991 1989 1990
f 1989 1991 1992
f 1992 1991 1990
f 1992 1990 1993
f 1990 1776 1993
f 1994 1992 1993
f 1992 1994 1995
f 1995 1994 1993
f 1995 1993 1996
f 1993 1776 1996
f 1997 1995 1996
f 1995 1997 1962
f 1962 1997 1996
f 1962 1996 1998
f 1776 1998 1996
f 1999 1962 1998
f 1962 1999 2000
f 2000 1999 1998
f 2000 1998 2001
f 1998 1776 2001
f 2002 2000 2001
f 2000 2002 2003
f 2003 2002 2001
f 2003 2001 2004
f 2001 1776 2004
f 2005 2003 2004
f 2003 2005 2006
f 2006 2005 2004
f 2006 2004 2007
f 1776 2007 2004
f 2008 2006 2007
f 2006 2008 2009
f 2009 2008 2007
f 2009 2007 2010
f 2007 1776 2010
f 2011 2009 2010
f 2009 2011 2012
f 2012 2011 2010
f 2012 2010 2013
f 2010 1776 2013
f 2014 2012 2013
f 2012 2014 2015
f 2015 2014 2013
f 2015 2013 2016
f 1776 2016 2013
f 2017 2015 2016
f 2015 2017 2018
f 2018 2017 2016
f 2018 2016 2019
f 2016 1776 2019
f 2020 2018 2019
f 2018 2020 1960
f 1960 2020 2019
f 1960 2019 1899
f 2019 1776 1899
f 2021 1960 1899
f 1960 2021 2022
f 2022 2021 1899
f 2022 1899 1898
f 1901 2022 1898
f 2022 1901 1900
f 1960 2022 1900
f 1960 1900 1907
f 1900 1903 1907
f 1776 1775 1899
f 2015 2018 1960
f 2009 2015 1960
f 2009 2012 2015
f 1962 2009 1960
f 1962 2003 2009
f 1962 2000 2003
f 2003 2006 2009
f 1992 1995 1962
f 1986 1992 1962
f 1986 1989 1992
f 1961 1986 1962
f 1961 1980 1986
f 1961 1977 1980
f 1980 1983 1986
f 1776 1974 2023
f 1971 2023 1974
f 2024 1776 2023
f 2025 1776 2024
f 2024 2023 2026
f 1969 2026 2023
f 2027 2024 2026
f 2028 2024 2027
f 2029 2027 2026
f 1967 2027 2029
f 2029 2026 1970
f 1970 2026 2030
f 1967 2029 1970
f 1969 2030 2026
f 1970 2030 1969
f 2031 2027 1967
f 2031 2028 2027
f 2032 2031 1967
f 2032 2028 2031
f 2033 2032 1967
f 2033 2034 2032
f 1968 2033 1967
f 1968 2035 2033
f 1968 2036 2035
f 2035 2037 2033
f 2035 2038 2037
f 2037 2038 2033
f 2033 2038 2039
f 2038 2040 2039
f 2033 2039 2041
f 2041 2039 2034
f 2033 2041 2034
f 2034 2039 2028
f 2024 2028 2039
f 2034 2028 2032
f 2040 2024 2039
f 1693 2024 2040
f 1693 2042 2024
f 1689 1693 2040
f 1688 1693 1689
f 2043 1689 2040
f 1689 2043 2044
f 2043 2040 2045
f 2045 2040 2038
f 2044 2043 2045
f 2046 2044 2045
f 2044 2046 324
f 2046 2045 329
f 329 2045 2047
f 324 2046 329
f 2047 2045 2038
f 2048 329 2047
f 333 329 2048
f 1968 2048 2047
f 2049 2048 1968
f 1968 2047 2036
f 2036 2047 2035
f 2035 2047 2038
f 2050 2048 2049
f 2050 2049 1968
f 2051 2050 1968
f 2051 2052 2050
f 1965 2051 1968
f 1965 2053 2051
f 1965 2054 2053
f 2053 2052 2051
f 2053 2054 2052
f 2054 340 2052
f 343 340 2054
f 340 333 2052
f 336 333 340
f 2052 333 2048
f 2050 2052 2048
f 336 332 333
f 335 336 340
f 339 340 343
f 2055 343 2054
f 349 343 2055
f 2056 2055 2054
f 2057 2055 2056
f 2056 2054 1965
f 2057 2056 1965
f 1966 2057 1965
f 1966 2058 2057
f 1966 2059 2058
f 2058 2055 2057
f 2058 2059 2055
f 2059 349 2055
f 357 349 2059
f 353 349 357
f 360 357 2059
f 356 357 360
f 2060 360 2059
f 378 360 2060
f 2061 2060 2059
f 2062 2060 2061
f 2061 2059 1966
f 2062 2061 1966
f 1963 2062 1966
f 1963 2063 2062
f 1963 2064 2063
f 2063 2060 2062
f 2063 2064 2060
f 2064 378 2060
f 381 378 2064
f 377 378 381
f 388 381 2064
f 384 381 388
f 2065 388 2064
f 2066 388 2065
f 2067 2065 2064
f 2068 2065 2067
f 2067 2064 1963
f 2068 2067 1963
f 2069 2068 1963
f 2069 2070 2068
f 1964 2069 1963
f 1964 2071 2069
f 1964 2072 2071
f 2071 2073 2069
f 2071 2074 2073
f 2073 2075 2069
f 2073 2074 2075
f 2069 2075 2070
f 2070 2075 2065
f 2075 2076 2065
f 2070 2065 2068
f 2077 2076 2075
f 2076 2066 2065
f 401 2066 2076
f 401 393 2066
f 400 401 2076
f 405 400 2076
f 405 2076 2077
f 404 405 2077
f 411 404 2077
f 411 2077 415
f 415 2077 2075
f 410 411 415
f 2074 415 2075
f 418 415 2074
f 414 415 418
f 2078 418 2074
f 422 418 2078
f 2079 2078 2074
f 433 2078 2079
f 2072 2079 2074
f 1964 2079 2072
f 2072 2074 2071
f 2080 2079 1964
f 2080 2081 2079
f 2082 2080 1964
f 2082 2081 2080
f 2083 2082 1964
f 2083 2084 2082
f 1958 2083 1964
f 1958 2085 2083
f 1958 2086 2085
f 2085 2087 2083
f 2085 2088 2087
f 2087 2089 2083
f 2087 2088 2089
f 2083 2089 2084
f 2084 2089 2081
f 2089 442 2081
f 2084 2081 2082
f 449 442 2089
f 442 436 2081
f 439 436 442
f 2081 436 2079
f 436 433 2079
f 432 433 436
f 445 442 449
f 455 449 2089
f 451 449 455
f 2088 455 2089
f 462 455 2088
f 458 455 462
f 2090 462 2088
f 465 462 2090
f 2086 2090 2088
f 1958 2090 2086
f 2086 2088 2085
f 2091 2090 1958
f 2091 2092 2090
f 2093 2091 1958
f 2093 2092 2091
f 1959 2093 1958
f 1959 2094 2093
f 1959 2095 2094
f 2094 2092 2093
f 2094 2095 2092
f 2095 476 2092
f 480 476 2095
f 476 2096 2092
f 472 2096 476
f 2096 465 2092
f 469 465 2096
f 2092 465 2090
f 469 464 465
f 468 469 2096
f 472 468 2096
f 471 472 476
f 475 476 480
f 487 480 2095
f 483 480 487
f 2097 487 2095
f 491 487 2097
f 2098 2097 2095
f 2099 2097 2098
f 2098 2095 1959
f 2099 2098 1959
f 1956 2099 1959
f 1956 2100 2099
f 1956 2101 2100
f 2100 2097 2099
f 2100 2101 2097
f 2101 2102 2097
f 2103 2102 2101
f 2102 491 2097
f 499 491 2102
f 499 490 491
f 498 499 2102
f 516 498 2102
f 516 2102 2103
f 515 516 2103
f 559 515 2103
f 559 2103 2104
f 2104 2103 2101
f 2105 559 2104
f 559 2105 558
f 2106 2105 2104
f 2105 2106 2107
f 2106 2104 2108
f 2108 2104 2101
f 2107 2106 2108
f 2109 2107 2108
f 2107 2109 2110
f 2109 2108 2111
f 2111 2108 1954
f 2110 2109 2111
f 2112 2110 2111
f 2110 2112 558
f 2112 2111 2113
f 2113 2111 1954
f 2114 2112 2113
f 2112 2114 558
f 2115 2114 2113
f 2114 2115 2116
f 2115 2113 2117
f 2117 2113 1954
f 2115 2117 2118
f 2118 2117 2119
f 2115 2118 2116
f 936 2116 2118
f 2116 936 558
f 936 2118 2120
f 2118 2121 2120
f 936 2120 2122
f 2120 2123 2122
f 936 2122 2124
f 2122 2125 2124
f 936 2124 2126
f 2124 2125 2126
f 936 2126 2127
f 2126 1931 2127
f 936 2127 2128
f 2127 1931 2128
f 936 2128 2129
f 2128 2130 2129
f 936 2129 2131
f 2129 2130 2131
f 936 2131 2132
f 2131 2133 2132
f 936 2132 2134
f 2132 2135 2134
f 938 936 2134
f 938 2134 2136
f 2134 2135 2136
f 938 2136 2137
f 2136 2138 2137
f 938 2137 2139
f 2137 2140 2139
f 938 2139 2141
f 2139 2142 2141
f 938 2141 2143
f 2141 2142 2143
f 938 2143 2144
f 2143 2145 2144
f 938 2144 2146
f 2144 2147 2146
f 938 2146 2148
f 2146 2147 2148
f 938 2148 2149
f 2148 2150 2149
f 938 2149 2151
f 2149 2152 2151
f 938 2151 2153
f 2151 2152 2153
f 938 2153 2154
f 2153 2155 2154
f 938 2154 2156
f 2154 2155 2156
f 938 2156 2157
f 2156 2158 2157
f 938 2157 2159
f 2157 2160 2159
f 938 2159 2161
f 2159 2162 2161
f 938 2161 2163
f 2161 2162 2163
f 938 2163 1893
f 2163 2164 1893
f 2163 2162 2164
f 1893 2164 1786
f 1786 2164 1895
f 1895 2164 2165
f 2165 2164 2166
f 2167 1895 2165
f 1897 1895 2167
f 1910 2167 2165
f 1910 2168 2167
f 1915 1910 2165
f 1914 1915 2165
f 1914 2165 2166
f 1917 1914 2166
f 1916 1917 2166
f 1916 2166 1919
f 2166 2162 1919
f 2164 2162 2166
f 2162 1921 1919
f 2159 1921 2162
f 2160 1921 2159
f 2157 1921 2160
f 2157 1927 1921
f 2158 1927 2157
f 1927 1924 1921
f 2156 1927 2158
f 2156 2155 1927
f 2155 1926 1927
f 2152 1926 2155
f 2152 2169 1926
f 2153 2152 2155
f 2149 2169 2152
f 2169 2147 1926
f 2148 2147 2169
f 2147 2170 1926
f 2144 2170 2147
f 2170 2142 1926
f 2143 2142 2170
f 2142 2171 1926
f 2139 2171 2142
f 2171 2172 1926
f 2137 2172 2171
f 2172 2135 1926
f 2136 2135 2172
f 2135 2173 1926
f 2132 2173 2135
f 2173 2130 1926
f 2131 2130 2173
f 2130 1931 1926
f 2128 1931 2130
f 2131 2173 2133
f 2133 2173 2132
f 2136 2172 2138
f 2138 2172 2137
f 2137 2171 2140
f 2140 2171 2139
f 2143 2170 2145
f 2145 2170 2144
f 2148 2169 2150
f 2150 2169 2149
f 1911 2168 1910
f 2168 1911 2167
f 1911 1897 2167
f 1911 1905 1897
f 1904 1905 1911
f 2126 2125 1931
f 1931 2125 1952
f 2125 2174 1952
f 2122 2174 2125
f 2174 2119 1952
f 2120 2119 2174
f 1952 2119 1954
f 2119 2117 1954
f 2121 2119 2120
f 2120 2174 2123
f 2123 2174 2122
f 2118 2119 2121
f 2114 2116 558
f 2107 2110 558
f 2105 2107 558
f 1954 2108 2101
f 1957 1954 2101
f 1955 1954 1957
f 1957 2101 1956
f 486 487 491
f 483 479 480
f 482 483 487
f 461 462 465
f 458 454 455
f 457 458 462
f 426 2078 433
f 426 421 2078
f 425 426 433
f 421 422 2078
f 422 417 418
f 393 394 2066
f 394 388 2066
f 394 387 388
f 368 360 378
f 368 359 360
f 367 368 378
f 353 348 349
f 352 353 357
f 346 343 349
f 328 329 333
f 1682 2044 324
f 1682 1685 2044
f 1680 1682 324
f 1685 1689 2044
f 1692 2042 1693
f 2042 2175 2024
f 1703 2175 2042
f 2175 2025 2024
f 2175 1703 2025
f 2176 2025 1703
f 2177 2025 2176
f 1739 2176 1703
f 1739 2177 2176
f 1735 1739 1703
f 1739 1776 2177
f 2177 1776 2025
f 1695 1703 2042
f 1695 1699 1703
f 1692 1695 2042
f 1972 1969 2023
f 1971 1972 2023
f 1907 1939 1945
f 1907 1936 1939
f 1939 1942 1945
f 1913 1929 1908
f 1912 1923 1913
f 1738 1741 1767
f 1741 1744 1764
f 1744 1762 1764
f 1744 1747 1762
f 1760 1759 1556
f 1759 2178 1556
f 2179 2178 1759
f 1556 2178 1566
f 2178 2180 1566
f 1556 1566 1564
f 2181 2180 2178
f 2180 1568 1566
f 2182 1568 2180
f 2182 2183 1568
f 2184 2182 2180
f 2182 2184 2181
f 2181 2184 2180
f 2182 2181 2185
f 2185 2181 2178
f 1757 2182 2185
f 1757 2186 2182
f 1757 2185 1756
f 2185 2179 1756
f 2179 2185 2178
f 1756 2179 1759
f 1757 2187 2186
f 2186 2183 2182
f 2183 2186 1568
f 2186 2188 1568
f 2186 2187 2188
f 1568 2188 1567
f 2188 2189 1567
f 1757 2189 2188
f 1567 2189 1570
f 2189 2190 1570
f 2191 2190 2189
f 2190 2192 1570
f 2193 2192 2190
f 1570 2192 1575
f 2192 2194 1575
f 1573 1570 1575
f 1571 1570 1573
f 1573 1575 1572
f 2195 2194 2192
f 1575 2194 1576
f 2194 2196 1576
f 2197 2196 2194
f 1576 2196 1578
f 1578 2196 2198
f 2196 2199 2198
f 1578 2198 2200
f 2201 2200 2198
f 2202 1578 2200
f 1581 1578 2202
f 2203 2202 2200
f 2204 2202 2203
f 2205 2203 2200
f 2205 2206 2203
f 2207 2205 2200
f 2205 2207 2201
f 2201 2207 2200
f 2208 2205 2201
f 2208 2206 2205
f 2209 2208 2201
f 2209 2210 2208
f 2211 2209 2201
f 2211 2212 2209
f 2211 2201 2213
f 2201 2214 2213
f 2215 2211 2213
f 2215 2216 2211
f 2217 2215 2213
f 2217 2218 2215
f 2219 2217 2213
f 2219 2220 2217
f 2221 2219 2213
f 2219 2221 2222
f 2223 2221 2213
f 2221 2223 2224
f 2223 2213 2225
f 2213 2226 2225
f 2227 2223 2225
f 2223 2227 2224
f 2227 2225 2228
f 2225 2229 2228
f 2230 2227 2228
f 2227 2230 2231
f 2230 2228 2232
f 2228 2229 2232
f 2233 2230 2232
f 2233 2234 2230
f 2233 2232 2235
f 2232 2236 2235
f 2233 2235 2237
f 2235 2238 2237
f 2233 2237 2239
f 2237 2238 2239
f 2240 2233 2239
f 2240 2241 2233
f 2240 2239 2242
f 2239 2243 2242
f 2244 2240 2242
f 2244 2241 2240
f 2244 2242 2245
f 2242 2246 2245
f 2247 2244 2245
f 2247 2248 2244
f 2247 2245 2249
f 2245 2250 2249
f 2251 2247 2249
f 2251 2248 2247
f 2251 2249 2252
f 2249 2250 2252
f 2253 2251 2252
f 2253 2254 2251
f 2253 2252 2255
f 2252 2256 2255
f 2257 2253 2255
f 2257 2258 2253
f 2257 2255 2259
f 2255 2260 2259
f 2261 2257 2259
f 2261 2262 2257
f 2261 2259 2263
f 2259 2260 2263
f 2264 2261 2263
f 2264 2265 2261
f 2264 2263 2266
f 2263 2267 2266
f 2268 2264 2266
f 2268 2265 2264
f 2268 2266 2269
f 2266 2267 2269
f 2270 2268 2269
f 2270 2271 2268
f 2270 2269 2272
f 2269 2273 2272
f 1582 2270 2272
f 1582 2271 2270
f 1582 2272 2274
f 2272 2275 2274
f 1582 2274 1585
f 2274 2276 1585
f 2274 2277 2276
f 1585 2276 1584
f 1584 2276 1587
f 2276 1595 1587
f 1595 2276 2277
f 1587 1595 1590
f 1595 1593 1590
f 1588 1587 1590
f 1591 1590 1593
f 2278 1595 2277
f 2267 1595 2278
f 2272 2278 2277
f 2273 2278 2272
f 2272 2277 2275
f 2275 2277 2274
f 2269 2278 2273
f 2269 2267 2278
f 1595 2267 2260
f 2263 2260 2267
f 2279 1595 2260
f 2280 1595 2279
f 2255 2279 2260
f 2256 2279 2255
f 2252 2279 2256
f 2252 2250 2279
f 2250 2280 2279
f 2281 2280 2250
f 2280 2281 2282
f 2245 2281 2250
f 2246 2281 2245
f 2242 2281 2246
f 2242 2282 2281
f 2243 2282 2242
f 2239 2282 2243
f 2239 2238 2282
f 2238 2283 2282
f 2284 2283 2238
f 2283 2280 2282
f 2285 2280 2283
f 2286 2280 2285
f 2285 2283 2287
f 2287 2283 2288
f 2286 2285 2287
f 2286 2287 2289
f 2287 2288 2289
f 2286 2289 2290
f 2289 2291 2290
f 2286 2290 2292
f 2290 2291 2292
f 2213 2286 2292
f 2213 2293 2286
f 2213 2292 2294
f 2292 2295 2294
f 2213 2294 2296
f 2294 2295 2296
f 2213 2296 2297
f 2296 2298 2297
f 2213 2297 2226
f 2297 2299 2226
f 2297 2300 2299
f 2226 2299 2225
f 2225 2299 2229
f 2299 2283 2229
f 2300 2283 2299
f 2283 2284 2229
f 2232 2229 2284
f 2232 2284 2236
f 2236 2284 2235
f 2235 2284 2238
f 2301 2283 2300
f 2288 2283 2301
f 2295 2301 2300
f 2291 2301 2295
f 2296 2295 2300
f 2296 2300 2298
f 2298 2300 2297
f 2289 2301 2291
f 2292 2291 2295
f 2302 2301 2289
f 2288 2301 2302
f 2288 2302 2289
f 2213 2303 2293
f 2293 2304 2286
f 2293 2305 2304
f 2304 2306 2286
f 2304 2307 2306
f 2306 2308 2286
f 2306 2309 2308
f 2308 2280 2286
f 2308 2309 2280
f 1595 2280 2309
f 2310 1595 2309
f 1617 1595 2310
f 2307 2310 2309
f 2304 2310 2307
f 2307 2309 2306
f 2311 2310 2304
f 2311 1617 2310
f 2305 2311 2304
f 2305 1617 2311
f 2312 1617 2305
f 2312 1687 1617
f 2293 2312 2305
f 2293 1687 2312
f 2313 1687 2293
f 2313 1691 1687
f 2314 2313 2293
f 2314 1691 2313
f 2303 2314 2293
f 2303 2315 2314
f 2303 2316 2315
f 2315 1691 2314
f 2315 2316 1691
f 2316 1690 1691
f 1697 1690 2316
f 2317 1697 2316
f 2318 1697 2317
f 2317 2316 2303
f 2318 2317 2303
f 2213 2318 2303
f 2213 2319 2318
f 2213 1701 2319
f 2319 1697 2318
f 2319 1701 1697
f 1701 1696 1697
f 2320 1701 2213
f 2320 2321 1701
f 2322 2320 2213
f 2322 2321 2320
f 2323 2322 2213
f 2323 2324 2322
f 2214 2323 2213
f 2214 2325 2323
f 2214 2326 2325
f 2325 2327 2323
f 2325 1713 2327
f 2327 1705 2323
f 2327 1713 1705
f 2323 1705 2324
f 2324 1705 2321
f 1705 1700 2321
f 2324 2321 2322
f 2321 1700 1701
f 1705 1713 1708
f 2326 1713 2325
f 2326 1720 1713
f 2214 1720 2326
f 1713 1720 1715
f 2328 1720 2214
f 2328 2329 1720
f 2330 2328 2214
f 2330 2329 2328
f 2331 2330 2214
f 2331 2332 2330
f 2201 2331 2214
f 2201 2333 2331
f 2201 2334 2333
f 2333 2335 2331
f 2335 2333 2336
f 2331 2335 2336
f 2331 2336 2337
f 2336 2338 2337
f 2332 2331 2337
f 2332 2337 2329
f 2329 2337 2339
f 2332 2329 2330
f 2338 2339 2337
f 2340 2329 2339
f 2341 2329 2340
f 2342 2340 2339
f 2343 2340 2342
f 2342 2339 2344
f 2344 2339 2345
f 2343 2342 2344
f 2343 2344 2346
f 2344 2345 2346
f 2347 2343 2346
f 2347 2348 2343
f 1755 2347 2346
f 1755 2349 2347
f 1755 2346 1757
f 2346 2197 1757
f 2346 2350 2197
f 2197 2193 1757
f 2197 2195 2193
f 2193 2191 1757
f 2193 2351 2191
f 2191 2352 1757
f 2352 2191 2189
f 1757 2352 2189
f 2351 2193 2190
f 2191 2351 2190
f 2197 2353 2195
f 2195 2354 2193
f 2354 2195 2192
f 2193 2354 2192
f 2353 2197 2194
f 2195 2353 2194
f 2346 2355 2350
f 2350 2356 2197
f 2350 2357 2356
f 2356 2358 2197
f 2358 2356 2196
f 2197 2358 2196
f 2356 2199 2196
f 2356 2357 2199
f 2357 2350 2199
f 2350 2359 2199
f 2350 2360 2359
f 2199 2359 2336
f 2359 2338 2336
f 2198 2199 2336
f 2333 2198 2336
f 2333 2334 2198
f 2334 2201 2198
f 2355 2338 2359
f 2355 2361 2338
f 2360 2355 2359
f 2355 2360 2350
f 2346 2361 2355
f 2361 2346 2338
f 2346 2339 2338
f 2346 2345 2339
f 1755 1734 2349
f 2349 1734 2347
f 2347 1734 1727
f 1734 1730 1727
f 2347 1727 2362
f 2362 1727 2363
f 2347 2362 2363
f 2347 2363 2364
f 2363 2365 2364
f 2347 2364 2348
f 2364 2366 2348
f 2364 2365 2366
f 2366 2341 2348
f 2366 2365 2341
f 2348 2341 2367
f 2367 2341 2340
f 2348 2367 2343
f 2367 2340 2343
f 2365 1720 2341
f 1722 1720 2365
f 1720 2329 2341
f 1727 1722 2365
f 2363 1727 2365
f 1755 1737 1734
f 1737 1733 1734
f 1691 1686 1687
f 1687 1683 1617
f 1595 1617 1614
f 1582 2368 2271
f 2369 2368 1582
f 2271 2368 2370
f 2204 2370 2368
f 2371 2271 2370
f 2265 2271 2371
f 2212 2371 2370
f 2212 2211 2371
f 2209 2212 2370
f 2210 2209 2370
f 2210 2370 2204
f 2372 2210 2204
f 2210 2372 2208
f 2208 2372 2204
f 2208 2204 2203
f 2206 2208 2203
f 2211 2216 2371
f 2216 2373 2371
f 2216 2215 2373
f 2373 2265 2371
f 2374 2265 2373
f 2261 2265 2374
f 2375 2374 2373
f 2376 2374 2375
f 2218 2375 2373
f 2218 2217 2375
f 2215 2218 2373
f 2217 2220 2375
f 2220 2222 2375
f 2220 2219 2222
f 2222 2376 2375
f 2377 2376 2222
f 2253 2376 2377
f 2224 2377 2222
f 2248 2377 2224
f 2221 2224 2222
f 2251 2377 2248
f 2231 2248 2224
f 2241 2248 2231
f 2227 2231 2224
f 2244 2248 2241
f 2233 2241 2231
f 2233 2231 2234
f 2234 2231 2230
f 2254 2377 2251
f 2253 2377 2254
f 2258 2376 2253
f 2257 2376 2258
f 2257 2374 2376
f 2262 2374 2257
f 2261 2374 2262
f 2268 2271 2265
f 2378 2204 2368
f 2202 2204 2378
f 2379 2378 2368
f 1583 2378 2379
f 2379 2368 2369
f 2379 2369 1582
f 1583 2379 1582
f 2380 2378 1583
f 2380 2202 2378
f 1580 2380 1583
f 1580 2202 2380
f 1581 2202 1580
f 1579 1578 1581
f 2187 1757 2188
f 1729 1732 1703
f 1725 1729 1703
f 1723 1725 1703
f 1716 1718 1703
f 1709 1711 1703
f 1617 1677 1651
f 1674 1676 324
f 1669 1671 324
f 1667 1669 324
f 1252 1256 1260
f 1250 1252 232
f 1653 1661 1260
f 1653 1657 1661
f 1637 1653 1260
f 1637 1639 1653
f 1283 1637 1260
f 1283 1285 1637
f 1639 1647 1653
f 1639 1644 1647
f 1647 1650 1653
f 1285 1288 1635
f 1288 1291 1633
f 1291 1295 1633
f 1295 1298 1633
f 1298 1301 1633
f 1300 1305 1301
f 1304 1307 1305
f 1314 1317 1625
f 1317 1320 1623
f 1320 1324 1622
f 1324 1327 1620
f 1329 1334 1330
f 1333 1613 1334
f 1333 1336 1613
f 1336 1339 1613
f 1338 1342 1339
f 1341 1607 1342
f 1341 1344 1607
f 1547 1558 1548
f 1525 1528 1523
f 1522 1525 1523
f 1473 1476 1471
f 1470 1473 1471
f 1460 1463 1370
f 1379 1460 1370
f 1369 1379 1370
f 1369 1372 1379
f 1372 1376 1379
f 2381 1043 1057
f 2382 1043 2381
f 1054 2381 1057
f 1054 1055 2381
f 1055 2382 2381
f 1055 1052 2382
f 1052 1053 2382
f 1053 2383 2382
f 1053 1050 2383
f 1043 2382 2383
f 1048 1043 2383
f 2384 1043 1048
f 1051 1048 2383
f 1051 1049 1048
f 1050 1051 2383
f 1044 1043 2384
f 1045 2384 1048
f 1046 2384 1045
f 1044 2384 1046
f 1276 1278 1260
f 1263 1265 1260
f 1238 1240 232
f 1226 1228 232
f 1113 1195 1114
f 1187 1190 1113
f 1116 1187 1113
f 1116 1184 1187
f 1176 1179 1116
f 1115 1176 1116
f 1115 1173 1176
f 1165 1168 1115
f 1159 1165 1115
f 1159 1162 1165
f 1118 1159 1115
f 1118 1153 1159
f 1118 1150 1153
f 1153 1156 1159
f 200 201 203
f 201 211 215
f 933 931 2385
f 933 2386 558
f 2386 933 2387
f 2386 2388 558
f 2386 2389 2388
f 2388 2390 558
f 2390 2388 2391
f 2390 2392 558
f 2392 2390 2393
f 2392 2394 558
f 2395 2394 2392
f 558 2394 2396
f 2395 2396 2394
f 558 2396 2397
f 2397 2396 2395
f 558 2397 2398
f 2397 2399 2398
f 558 2398 2400
f 2400 2398 2401
f 558 2400 2402
f 2402 2400 2403
f 558 2402 2404
f 2404 2402 2403
f 558 2404 2405
f 2405 2404 2406
f 558 2405 2407
f 2407 2405 2406
f 558 2407 2408
f 2408 2407 2409
f 558 2408 2410
f 2408 2411 2410
f 558 2410 2412
f 2412 2410 2413
f 558 2412 571
f 571 2412 575
f 2412 2413 575
f 2414 571 575
f 571 2414 570
f 2414 575 573
f 570 2414 573
f 575 2413 574
f 2413 2409 574
f 2411 2409 2413
f 574 2409 2415
f 2409 2406 2415
f 2416 574 2415
f 2416 593 574
f 2416 2415 2417
f 2418 2417 2415
f 593 2416 2417
f 2417 2419 593
f 2417 2420 2419
f 2419 2421 593
f 2419 2422 2421
f 2421 2423 593
f 2423 2421 592
f 593 2423 592
f 2421 633 592
f 2421 2422 633
f 592 633 615
f 613 592 615
f 2422 2419 633
f 2419 2424 633
f 2419 2425 2424
f 2424 632 633
f 632 2424 2426
f 2426 2424 2427
f 2428 632 2426
f 2429 632 2428
f 2430 2428 2426
f 2430 2431 2428
f 2432 2430 2426
f 2431 2430 2432
f 2432 2426 2427
f 2433 2432 2427
f 2432 2433 2434
f 2434 2433 2427
f 2434 2427 2435
f 2436 2435 2427
f 2437 2434 2435
f 2434 2437 2438
f 2438 2437 2435
f 2438 2435 2439
f 2435 2436 2439
f 2440 2438 2439
f 2438 2440 2441
f 2441 2440 2439
f 2441 2439 2442
f 2439 2436 2442
f 2443 2441 2442
f 2441 2443 2444
f 2444 2443 2442
f 2444 2442 2445
f 2436 2445 2442
f 2446 2444 2445
f 2444 2446 2447
f 2447 2446 2445
f 2447 2445 2448
f 2445 2436 2448
f 2449 2447 2448
f 2447 2449 2450
f 2450 2449 2448
f 2450 2448 2451
f 2448 2436 2451
f 2452 2450 2451
f 2450 2452 2453
f 2453 2452 2451
f 2453 2451 2454
f 2436 2454 2451
f 2455 2453 2454
f 2453 2455 2456
f 2456 2455 2454
f 2456 2454 2457
f 2454 2436 2457
f 2458 2456 2457
f 2456 2458 2459
f 2459 2458 2457
f 2459 2457 2460
f 2457 2436 2460
f 2461 2459 2460
f 2459 2461 2462
f 2462 2461 2460
f 2462 2460 2463
f 2436 2463 2460
f 2464 2462 2463
f 2462 2464 2465
f 2465 2464 2463
f 2465 2463 2466
f 2463 2436 2466
f 2467 2465 2466
f 2465 2467 2468
f 2468 2467 2466
f 2468 2466 2469
f 2466 2436 2469
f 2470 2468 2469
f 2468 2470 2471
f 2471 2470 2469
f 2471 2469 2472
f 2436 2472 2469
f 2473 2471 2472
f 2471 2473 2474
f 2474 2473 2472
f 2474 2472 2475
f 2472 2436 2475
f 2476 2474 2475
f 2474 2476 2477
f 2477 2476 2475
f 2477 2475 2478
f 2475 2436 2478
f 2479 2477 2478
f 2477 2479 2480
f 2480 2479 2478
f 2480 2478 2481
f 2436 2481 2478
f 2482 2480 2481
f 2480 2482 2483
f 2483 2482 2481
f 2483 2481 2484
f 2481 2436 2484
f 2485 2483 2484
f 2483 2485 2486
f 2486 2485 2484
f 2486 2484 2487
f 2484 2436 2487
f 2488 2486 2487
f 2486 2488 2489
f 2489 2488 2487
f 2489 2487 2490
f 2436 2490 2487
f 2491 2489 2490
f 2489 2491 2492
f 2492 2491 2490
f 2492 2490 2493
f 2490 2436 2493
f 2494 2492 2493
f 2492 2494 2495
f 2495 2494 2493
f 2495 2493 2496
f 2493 2436 2496
f 2497 2495 2496
f 2495 2497 2498
f 2498 2497 2496
f 2498 2496 2499
f 2496 2500 2499
f 2501 2498 2499
f 2498 2501 2502
f 2502 2501 2499
f 2502 2499 2503
f 2499 2504 2503
f 2505 2502 2503
f 2502 2505 2506
f 2506 2505 2503
f 2506 2503 2507
f 2503 2508 2507
f 2509 2506 2507
f 2506 2509 2510
f 2510 2509 2507
f 2510 2507 2511
f 2507 2512 2511
f 2513 2510 2511
f 2510 2513 2514
f 2514 2513 2511
f 2514 2511 2515
f 2511 2512 2515
f 2516 2514 2515
f 2514 2516 2517
f 2517 2516 2515
f 2517 2515 2518
f 2515 2519 2518
f 2520 2517 2518
f 2517 2520 2521
f 2521 2520 2518
f 2521 2518 2522
f 2518 2523 2522
f 2524 2521 2522
f 2521 2524 2525
f 2525 2524 2522
f 2525 2522 2526
f 2522 2527 2526
f 2528 2525 2526
f 2525 2528 2529
f 2529 2528 2526
f 2529 2526 2530
f 2526 2527 2530
f 2531 2529 2530
f 2529 2531 2532
f 2532 2531 2530
f 2532 2530 2533
f 2530 2534 2533
f 2535 2532 2533
f 2532 2535 2536
f 2536 2535 2533
f 2536 2533 2537
f 2533 2534 2537
f 2538 2536 2537
f 2536 2538 2539
f 2539 2538 2537
f 2539 2537 2540
f 2537 2541 2540
f 2542 2539 2540
f 2539 2542 2543
f 2543 2542 2540
f 2543 2540 2544
f 2540 2545 2544
f 2546 2543 2544
f 2543 2546 2547
f 2547 2546 2544
f 2547 2544 2548
f 2544 2549 2548
f 2550 2547 2548
f 2547 2550 2551
f 2550 2548 2552
f 2548 2553 2552
f 2550 2552 2551
f 2551 2552 2554
f 2554 2552 2555
f 2551 2554 2556
f 2556 2554 2557
f 2551 2556 2558
f 2556 2557 2558
f 2547 2551 2558
f 2539 2547 2558
f 2539 2543 2547
f 2539 2558 2559
f 2558 2560 2559
f 2539 2559 2561
f 2559 2562 2561
f 2539 2561 2563
f 2561 2564 2563
f 2434 2539 2563
f 2434 2483 2539
f 2434 2563 2565
f 2563 2566 2565
f 2565 2567 2434
f 2565 2568 2567
f 2567 2569 2434
f 2567 2570 2569
f 2569 2571 2434
f 2569 2572 2571
f 2571 2573 2434
f 2571 2574 2573
f 2573 2431 2434
f 2573 2575 2431
f 2431 2432 2434
f 2573 2576 2575
f 2575 2577 2431
f 2577 2575 2429
f 2431 2577 2429
f 2431 2429 2428
f 2575 2578 2429
f 2575 2576 2578
f 632 2429 2578
f 2579 632 2578
f 2580 632 2579
f 2573 2579 2578
f 2573 2581 2579
f 2576 2573 2578
f 2582 2581 2573
f 2581 2582 2579
f 2582 2580 2579
f 2582 2583 2580
f 2574 2583 2582
f 2583 2574 2580
f 2574 2584 2580
f 2574 2585 2584
f 632 2580 2584
f 2586 632 2584
f 2587 632 2586
f 2588 2586 2584
f 2588 2589 2586
f 2585 2588 2584
f 2588 2585 2574
f 2571 2588 2574
f 2571 2589 2588
f 2589 2571 2586
f 2571 2587 2586
f 2571 2590 2587
f 2591 2590 2571
f 2590 2591 2587
f 2591 2592 2587
f 2591 2593 2592
f 632 2587 2592
f 2594 632 2592
f 2595 632 2594
f 2596 2594 2592
f 2596 2597 2594
f 2593 2596 2592
f 2596 2593 2591
f 2596 2591 2571
f 2572 2596 2571
f 2572 2598 2596
f 2572 2599 2598
f 2598 2597 2596
f 2597 2598 2594
f 2598 2595 2594
f 2598 2599 2595
f 2599 2572 2595
f 2572 2600 2595
f 2572 2601 2600
f 632 2595 2600
f 2602 632 2600
f 637 632 2602
f 2603 2602 2600
f 2603 2604 2602
f 2601 2603 2600
f 2603 2601 2572
f 2605 2603 2572
f 2605 2604 2603
f 2569 2605 2572
f 2569 2606 2605
f 2569 2607 2606
f 2606 2608 2605
f 2608 2606 2609
f 2605 2608 2609
f 2605 2609 2602
f 2609 637 2602
f 2604 2605 2602
f 2610 637 2609
f 637 2610 2611
f 2606 2610 2609
f 2606 2607 2610
f 2607 2569 2610
f 2569 2611 2610
f 2569 2612 2611
f 2613 2612 2569
f 2612 2613 2611
f 2613 2614 2611
f 2613 2615 2614
f 2614 637 2611
f 2616 637 2614
f 640 637 2616
f 2617 2616 2614
f 2618 2616 2617
f 2619 2617 2614
f 2619 2620 2617
f 2615 2619 2614
f 2619 2615 2613
f 2619 2613 2569
f 2621 2619 2569
f 2621 2622 2619
f 2570 2621 2569
f 2570 2623 2621
f 2570 2624 2623
f 2623 2625 2621
f 2623 2626 2625
f 2625 2627 2621
f 2627 2625 2628
f 2621 2627 2628
f 2621 2628 2629
f 2628 2630 2629
f 2631 2621 2629
f 2621 2631 2622
f 2622 2631 2629
f 2622 2629 2617
f 2629 2618 2617
f 2620 2622 2617
f 2622 2620 2619
f 2630 2618 2629
f 2632 2618 2630
f 642 2618 2632
f 2632 2630 641
f 641 2630 2633
f 642 2632 641
f 2633 2630 2634
f 641 2633 2635
f 2633 2634 2635
f 641 2635 2636
f 2635 2637 2636
f 641 2636 646
f 2636 2638 646
f 2636 2639 2638
f 2638 2640 646
f 2638 2641 2640
f 2640 2642 646
f 2640 2641 2642
f 646 2642 2643
f 2643 2642 2644
f 646 2643 2645
f 2643 2644 2645
f 646 2645 2646
f 2645 2647 2646
f 646 2646 645
f 2646 2648 645
f 2646 2649 2648
f 2648 2650 645
f 2648 2651 2650
f 2650 2652 645
f 2650 2651 2652
f 645 2652 2653
f 2653 2652 2654
f 645 2653 2655
f 2653 2654 2655
f 645 2655 2656
f 2655 2657 2656
f 645 2656 650
f 2656 2658 650
f 2656 2659 2658
f 2658 2660 650
f 2658 2661 2660
f 2660 2662 650
f 2660 2661 2662
f 650 2662 2663
f 2663 2662 2664
f 650 2663 2665
f 2663 2664 2665
f 650 2665 2666
f 2665 2667 2666
f 650 2666 649
f 2666 2668 649
f 2666 2669 2668
f 2668 2670 649
f 2668 2671 2670
f 2670 2672 649
f 2670 2671 2672
f 649 2672 2673
f 2672 2674 2673
f 649 2673 2675
f 2675 2673 2676
f 649 2675 2676
f 649 2676 2677
f 2676 2678 2677
f 649 2677 652
f 2677 2679 652
f 2677 2680 2679
f 2679 2681 652
f 2681 2679 2682
f 652 2681 2683
f 2681 2682 2683
f 2684 652 2683
f 652 2684 2685
f 2684 2683 2686
f 658 2686 2683
f 2685 2684 2686
f 2687 2685 2686
f 652 2685 2687
f 2687 2686 2688
f 2686 658 2688
f 2689 2687 2688
f 2687 2689 651
f 651 2689 2688
f 651 2688 2690
f 2688 658 2690
f 654 651 2690
f 653 654 2690
f 653 2690 656
f 658 656 2690
f 652 2687 651
f 2682 658 2683
f 2691 658 2682
f 658 2691 783
f 2680 2691 2682
f 2680 2677 2691
f 2679 2680 2682
f 2677 2678 2691
f 2678 2673 2691
f 2678 2676 2673
f 2691 2673 783
f 2673 2674 783
f 2674 2692 783
f 2693 2692 2674
f 2692 2694 783
f 2695 2694 2692
f 2694 2696 783
f 2697 2696 2694
f 2696 2698 783
f 2699 2698 2696
f 2698 2700 783
f 2701 2700 2698
f 2700 789 783
f 2702 789 2700
f 787 783 789
f 787 784 783
f 786 787 789
f 785 783 784
f 782 783 785
f 2703 789 2702
f 2704 2702 2700
f 2705 2702 2704
f 2704 2700 2706
f 2706 2700 2701
f 2705 2704 2706
f 2707 2705 2706
f 2707 2708 2705
f 2707 2706 2567
f 2706 2697 2567
f 2568 2707 2567
f 2568 2709 2707
f 2568 2710 2709
f 2709 2711 2707
f 2709 2712 2711
f 2711 2713 2707
f 2711 2714 2713
f 2713 2703 2707
f 2713 2714 2703
f 2707 2703 2708
f 2708 2703 2702
f 2708 2702 2705
f 2714 789 2703
f 2715 789 2714
f 2716 789 2715
f 2712 2715 2714
f 2709 2715 2712
f 2712 2714 2711
f 2717 2715 2709
f 2717 2716 2715
f 2710 2717 2709
f 2710 2716 2717
f 2718 2716 2710
f 2718 2719 2716
f 2568 2718 2710
f 2568 2719 2718
f 2720 2719 2568
f 2720 2721 2719
f 2722 2720 2568
f 2722 2721 2720
f 2723 2722 2568
f 2723 2724 2722
f 2725 2723 2568
f 2725 2726 2723
f 2565 2725 2568
f 2565 2727 2725
f 2565 2728 2727
f 2727 2729 2725
f 2727 2730 2729
f 2729 2731 2725
f 2729 2732 2731
f 2731 2733 2725
f 2731 2732 2733
f 2725 2733 2734
f 2734 2733 2735
f 2725 2734 2726
f 2734 2735 2726
f 2726 2735 2736
f 2736 2735 2737
f 2726 2736 2723
f 2736 2737 2723
f 2723 2737 2724
f 2724 2737 2721
f 2737 789 2721
f 2724 2721 2722
f 2735 789 2737
f 2721 789 2719
f 2719 789 2716
f 2733 789 2735
f 2732 789 2733
f 2738 789 2732
f 2738 2739 789
f 2730 2738 2732
f 2727 2738 2730
f 2730 2732 2729
f 2740 2738 2727
f 2740 2739 2738
f 2728 2740 2727
f 2728 2739 2740
f 2741 2739 2728
f 2741 2742 2739
f 2565 2741 2728
f 2565 2742 2741
f 2743 2742 2565
f 2743 2744 2742
f 2745 2743 2565
f 2745 2744 2743
f 2746 2745 2565
f 2746 2747 2745
f 2748 2746 2565
f 2748 2749 2746
f 2750 2748 2565
f 2750 2751 2748
f 2566 2750 2565
f 2566 2752 2750
f 2566 2753 2752
f 2752 2754 2750
f 2752 2755 2754
f 2754 2756 2750
f 2754 2757 2756
f 2756 2758 2750
f 2756 2759 2758
f 2758 2760 2750
f 2758 2759 2760
f 2750 2760 2761
f 2761 2760 2762
f 2750 2761 2763
f 2761 2762 2763
f 2750 2763 2751
f 2763 2764 2751
f 2763 2762 2764
f 2764 2765 2751
f 2764 2762 2765
f 2751 2765 2766
f 2766 2765 2767
f 2751 2766 2768
f 2766 2767 2768
f 2751 2768 2748
f 2768 2769 2748
f 2768 2767 2769
f 2769 2770 2748
f 2769 2767 2770
f 2748 2770 2771
f 2771 2770 2772
f 2748 2771 2749
f 2771 2772 2749
f 2749 2772 2773
f 2773 2772 2774
f 2749 2773 2746
f 2773 2774 2746
f 2746 2774 2747
f 2747 2774 2744
f 2744 2774 794
f 2747 2744 2745
f 2774 797 794
f 2744 794 791
f 792 791 794
f 2742 2744 791
f 2742 791 789
f 788 789 791
f 2739 2742 789
f 2774 2772 797
f 795 794 797
f 2772 800 797
f 2772 2770 800
f 798 797 800
f 2770 803 800
f 2770 2767 803
f 801 800 803
f 2775 803 2767
f 805 803 2775
f 2765 2775 2767
f 2762 2775 2765
f 2776 2775 2762
f 807 2775 2776
f 2760 2776 2762
f 811 2776 2760
f 809 2776 811
f 2759 811 2760
f 813 811 2759
f 810 811 813
f 2777 813 2759
f 817 813 2777
f 2757 2777 2759
f 2754 2777 2757
f 2757 2759 2756
f 2778 2777 2754
f 2778 2779 2777
f 2755 2778 2754
f 2755 2779 2778
f 2780 2779 2755
f 2780 2781 2779
f 2752 2780 2755
f 2752 2781 2780
f 2782 2781 2752
f 2782 2783 2781
f 2784 2782 2752
f 2784 2783 2782
f 2753 2784 2752
f 2753 2785 2784
f 2753 2786 2785
f 2785 2783 2784
f 2785 2786 2783
f 2786 825 2783
f 828 825 2786
f 2783 825 2781
f 825 822 2781
f 823 822 825
f 2781 822 2779
f 822 819 2779
f 820 819 822
f 2779 819 2777
f 819 817 2777
f 816 817 819
f 826 825 828
f 2787 828 2786
f 832 828 2787
f 2788 2787 2786
f 2789 2787 2788
f 2788 2786 2753
f 2789 2788 2753
f 2566 2789 2753
f 2566 2790 2789
f 2566 2791 2790
f 2790 2787 2789
f 2790 2791 2787
f 2791 832 2787
f 2792 832 2791
f 834 832 2792
f 2793 2792 2791
f 2794 2792 2793
f 2793 2791 2566
f 2794 2793 2566
f 2795 2794 2566
f 2795 2796 2794
f 2797 2795 2566
f 2797 2798 2795
f 2799 2797 2566
f 2799 2800 2797
f 2563 2799 2566
f 2563 2801 2799
f 2563 2802 2801
f 2801 2803 2799
f 2801 2804 2803
f 2803 2805 2799
f 2803 2806 2805
f 2805 2807 2799
f 2805 2808 2807
f 2807 2809 2799
f 2807 2808 2809
f 2799 2809 2810
f 2810 2809 2811
f 2799 2810 2812
f 2810 2811 2812
f 2799 2812 2800
f 2812 2813 2800
f 2812 2811 2813
f 2813 2814 2800
f 2813 2811 2814
f 2800 2814 2815
f 2815 2814 2816
f 2800 2815 2817
f 2815 2816 2817
f 2800 2817 2797
f 2817 2818 2797
f 2817 2819 2818
f 2818 2820 2797
f 2818 2819 2820
f 2797 2820 2821
f 2821 2820 2822
f 2797 2821 2798
f 2821 2822 2798
f 2798 2822 2823
f 2823 2822 2824
f 2798 2823 2795
f 2823 2824 2795
f 2795 2824 2796
f 2796 2824 2792
f 2824 834 2792
f 2796 2792 2794
f 837 834 2824
f 835 834 837
f 2822 837 2824
f 840 837 2822
f 838 837 840
f 2820 840 2822
f 2825 840 2820
f 842 840 2825
f 877 2825 2820
f 846 2825 877
f 877 2820 2819
f 2826 877 2819
f 879 877 2826
f 883 2826 2819
f 881 2826 883
f 885 883 2819
f 882 883 885
f 889 885 2819
f 887 885 889
f 891 889 2819
f 888 889 891
f 894 891 2819
f 892 891 894
f 2827 894 2819
f 896 894 2827
f 900 2827 2819
f 898 2827 900
f 902 900 2819
f 899 900 902
f 906 902 2819
f 904 902 906
f 906 2819 2816
f 2817 2816 2819
f 908 906 2816
f 905 906 908
f 2828 908 2816
f 910 908 2828
f 914 2828 2816
f 912 2828 914
f 914 2816 2814
f 916 914 2814
f 913 914 916
f 919 916 2814
f 917 916 919
f 923 919 2814
f 921 919 923
f 925 923 2814
f 922 923 925
f 925 2814 2811
f 2809 925 2811
f 2808 925 2809
f 925 2808 2829
f 2806 2829 2808
f 2830 925 2829
f 2831 925 2830
f 2832 2830 2829
f 2804 2830 2832
f 2832 2829 2803
f 2803 2829 2806
f 2804 2832 2803
f 2833 2830 2804
f 2833 2831 2830
f 2801 2833 2804
f 2801 2831 2833
f 2834 2831 2801
f 2834 2835 2831
f 2836 2834 2801
f 2836 2835 2834
f 2802 2836 2801
f 2802 2837 2836
f 2802 2838 2837
f 2837 2835 2836
f 2837 2838 2835
f 2838 925 2835
f 2839 925 2838
f 925 2831 2835
f 925 2839 2840
f 2841 2839 2838
f 2842 2839 2841
f 2841 2838 2802
f 2842 2841 2802
f 2563 2842 2802
f 2563 2843 2842
f 2563 2840 2843
f 2843 2839 2842
f 2843 2840 2839
f 2844 2840 2563
f 2844 2845 2840
f 2846 2844 2563
f 2846 2845 2844
f 2847 2846 2563
f 2847 2848 2846
f 2849 2847 2563
f 2849 2850 2847
f 2564 2849 2563
f 2564 2851 2849
f 2564 2852 2851
f 2851 2853 2849
f 2851 2854 2853
f 2853 2855 2849
f 2853 2856 2855
f 2855 2857 2849
f 2855 2856 2857
f 2849 2857 2858
f 2858 2857 2859
f 2849 2858 2850
f 2858 2859 2850
f 2850 2859 2860
f 2860 2859 2861
f 2850 2860 2847
f 2860 2861 2847
f 2847 2861 2848
f 2848 2861 2845
f 2861 925 2845
f 2848 2845 2846
f 925 2861 2859
f 2845 925 2840
f 2857 925 2859
f 2856 925 2857
f 925 2856 2862
f 2854 2862 2856
f 2863 925 2862
f 2864 925 2863
f 2865 2863 2862
f 2852 2863 2865
f 2865 2862 2851
f 2851 2862 2854
f 2852 2865 2851
f 2866 2863 2852
f 2866 2864 2863
f 2564 2866 2852
f 2564 2864 2866
f 2867 2864 2564
f 2867 2868 2864
f 2869 2867 2564
f 2869 2868 2867
f 2870 2869 2564
f 2870 2871 2869
f 2872 2870 2564
f 2872 2873 2870
f 2561 2872 2564
f 2561 2874 2872
f 2561 2875 2874
f 2874 2876 2872
f 2874 2877 2876
f 2876 2878 2872
f 2876 2879 2878
f 2878 2880 2872
f 2878 2879 2880
f 2872 2880 2881
f 2881 2880 2882
f 2872 2881 2873
f 2881 2882 2873
f 2873 2882 2883
f 2883 2882 2884
f 2873 2883 2870
f 2883 2884 2870
f 2870 2884 2871
f 2871 2884 2868
f 2884 925 2868
f 2871 2868 2869
f 928 925 2884
f 925 2864 2868
f 926 925 928
f 2882 928 2884
f 2880 928 2882
f 2885 928 2880
f 930 928 2885
f 2879 2885 2880
f 2886 2885 2879
f 2885 2886 2887
f 2877 2886 2879
f 2874 2886 2877
f 2877 2879 2876
f 2888 2886 2874
f 2888 2887 2886
f 2875 2888 2874
f 2875 2887 2888
f 2889 2887 2875
f 2889 2890 2887
f 2561 2889 2875
f 2561 2890 2889
f 2891 2890 2561
f 2891 2892 2890
f 2893 2891 2561
f 2893 2892 2891
f 2894 2893 2561
f 2894 2895 2893
f 2562 2894 2561
f 2562 2896 2894
f 2562 2897 2896
f 2896 2898 2894
f 2896 2899 2898
f 2898 2900 2894
f 2898 2899 2900
f 2894 2900 2895
f 2895 2900 2892
f 2885 2892 2900
f 2895 2892 2893
f 2892 2885 2890
f 2899 2885 2900
f 2901 2885 2899
f 2885 2901 2902
f 2897 2901 2899
f 2562 2901 2897
f 2897 2899 2896
f 2903 2901 2562
f 2903 2902 2901
f 2904 2903 2562
f 2904 2902 2903
f 2905 2904 2562
f 2905 2906 2904
f 2559 2905 2562
f 2559 2907 2905
f 2559 2908 2907
f 2907 2909 2905
f 2907 2910 2909
f 2909 2911 2905
f 2909 2910 2911
f 2905 2911 2906
f 2906 2911 2902
f 2911 2885 2902
f 2906 2902 2904
f 2910 2885 2911
f 2885 2910 2912
f 2908 2912 2910
f 2913 2885 2912
f 2385 2885 2913
f 2914 2913 2912
f 2915 2913 2914
f 2914 2912 2559
f 2559 2912 2908
f 2915 2914 2559
f 2560 2915 2559
f 2560 2916 2915
f 2560 2917 2916
f 2916 2913 2915
f 2916 2917 2913
f 2917 2385 2913
f 2918 2385 2917
f 2385 2918 2919
f 2920 2918 2917
f 2921 2918 2920
f 2920 2917 2560
f 2921 2920 2560
f 2558 2921 2560
f 2558 2922 2921
f 2558 2919 2922
f 2922 2918 2921
f 2922 2919 2918
f 2558 2557 2919
f 2557 2385 2919
f 2554 2385 2557
f 2385 2554 2923
f 2923 2554 2555
f 2385 2923 2924
f 2925 2924 2923
f 2926 2385 2924
f 2385 2926 2927
f 2928 2926 2924
f 2929 2926 2928
f 2928 2924 2925
f 2929 2928 2925
f 2930 2929 2925
f 2930 2931 2929
f 2930 2925 2932
f 2925 2933 2932
f 2930 2932 2934
f 2932 2935 2934
f 2930 2934 2936
f 2934 2937 2936
f 2938 2930 2936
f 2938 2939 2930
f 2936 2940 2938
f 2936 2941 2940
f 2940 2942 2938
f 2940 2943 2942
f 2942 2944 2938
f 2942 2945 2944
f 2944 2946 2938
f 2944 2947 2946
f 2946 2418 2938
f 2946 2948 2418
f 2418 2949 2938
f 2418 2950 2949
f 2949 2951 2938
f 2949 2952 2951
f 2951 2953 2938
f 2951 2952 2953
f 2938 2953 2954
f 2954 2953 2955
f 2938 2954 2956
f 2954 2955 2956
f 2938 2956 2957
f 2956 2958 2957
f 2938 2957 2959
f 2957 2960 2959
f 2938 2959 2939
f 2959 2961 2939
f 2959 2962 2961
f 2961 2963 2939
f 2961 2964 2963
f 2963 2965 2939
f 2963 2966 2965
f 2965 2967 2939
f 2965 2966 2967
f 2939 2967 2968
f 2968 2967 2969
f 2939 2968 2970
f 2968 2969 2970
f 2939 2970 2971
f 2970 2972 2971
f 2939 2971 2973
f 2971 2974 2973
f 2939 2973 2930
f 2973 2975 2930
f 2973 2976 2975
f 2975 2977 2930
f 2975 2978 2977
f 2977 2979 2930
f 2977 2980 2979
f 2979 2927 2930
f 2979 2980 2927
f 2930 2927 2931
f 2931 2927 2926
f 2931 2926 2929
f 2980 2385 2927
f 2981 2385 2980
f 2385 2981 2982
f 2978 2981 2980
f 2975 2981 2978
f 2978 2980 2977
f 2983 2981 2975
f 2983 2982 2981
f 2976 2983 2975
f 2976 2982 2983
f 2984 2982 2976
f 2984 2985 2982
f 2973 2984 2976
f 2973 2985 2984
f 2986 2985 2973
f 2986 2987 2985
f 2974 2986 2973
f 2974 2987 2986
f 2988 2987 2974
f 2988 2989 2987
f 2971 2988 2974
f 2971 2989 2988
f 2972 2989 2971
f 2972 2969 2989
f 2970 2969 2972
f 2387 2989 2969
f 2989 2387 2987
f 2967 2387 2969
f 2966 2387 2967
f 2387 2966 2990
f 2964 2990 2966
f 2991 2387 2990
f 2992 2387 2991
f 2993 2991 2990
f 2962 2991 2993
f 2993 2990 2961
f 2961 2990 2964
f 2962 2993 2961
f 2994 2991 2962
f 2994 2992 2991
f 2959 2994 2962
f 2959 2992 2994
f 2995 2992 2959
f 2995 2996 2992
f 2960 2995 2959
f 2960 2996 2995
f 2997 2996 2960
f 2997 2998 2996
f 2957 2997 2960
f 2957 2998 2997
f 2958 2998 2957
f 2958 2955 2998
f 2956 2955 2958
f 2955 2387 2998
f 2387 2955 2953
f 2998 2387 2996
f 2387 2992 2996
f 2391 2387 2953
f 2389 2387 2391
f 2952 2391 2953
f 2393 2391 2952
f 2390 2391 2393
f 2415 2393 2952
f 2395 2393 2415
f 2950 2415 2952
f 2418 2415 2950
f 2950 2952 2949
f 2392 2393 2395
f 2401 2395 2415
f 2399 2395 2401
f 2403 2401 2415
f 2400 2401 2403
f 2406 2403 2415
f 2404 2403 2406
f 2399 2397 2395
f 2398 2399 2401
f 2389 2386 2387
f 2388 2389 2391
f 2964 2966 2963
f 2987 2387 2985
f 2387 2385 2985
f 933 2385 2387
f 2985 2385 2982
f 2946 2424 2948
f 2948 2420 2418
f 2420 2948 2424
f 2417 2418 2420
f 2420 2424 2425
f 2420 2425 2419
f 2946 2999 2424
f 3000 2999 2946
f 2424 2999 2427
f 2999 3001 2427
f 2947 3001 2999
f 3001 3002 2427
f 3003 3002 3001
f 3002 2436 2427
f 3004 2436 3002
f 2942 2436 3004
f 3004 3002 2945
f 2945 3002 3003
f 2942 3004 2945
f 2945 3003 2944
f 3003 3001 2944
f 2944 3001 2947
f 3005 2436 2942
f 3005 2500 2436
f 3006 3005 2942
f 3006 2500 3005
f 2943 3006 2942
f 2943 3007 3006
f 2943 2504 3007
f 3007 2500 3006
f 3007 2504 2500
f 2500 2504 2499
f 3008 2504 2943
f 3008 2508 2504
f 3009 3008 2943
f 3009 2508 3008
f 2940 3009 2943
f 2940 3010 3009
f 2940 2512 3010
f 3010 2508 3009
f 3010 2512 2508
f 2508 2512 2507
f 3011 2512 2940
f 3011 2519 2512
f 3012 3011 2940
f 3012 2519 3011
f 2941 3012 2940
f 2941 3013 3012
f 2941 2523 3013
f 3013 2519 3012
f 3013 2523 2519
f 2519 2523 2518
f 3014 2523 2941
f 3014 2527 2523
f 3015 3014 2941
f 3015 2527 3014
f 2936 3015 2941
f 2936 3016 3015
f 2936 3017 3016
f 3016 3018 3015
f 3016 2534 3018
f 3018 2527 3015
f 3018 2534 2527
f 2527 2534 2530
f 3017 2534 3016
f 3017 2541 2534
f 3019 2541 3017
f 2534 2541 2537
f 2936 2541 3019
f 2936 3019 3017
f 2936 3020 2541
f 3021 3020 2936
f 2541 3020 2540
f 3020 2545 2540
f 3022 2545 3020
f 3023 2545 3022
f 3022 3020 3021
f 3022 3021 2936
f 2937 3022 2936
f 2937 3023 3022
f 2937 2545 3023
f 2937 3024 2545
f 3025 3024 2937
f 2545 3024 2544
f 3024 3026 2544
f 3027 3026 3024
f 3026 2549 2544
f 2934 2549 3026
f 3028 2549 2934
f 2934 3026 3029
f 3029 3026 3027
f 2934 3029 3027
f 2934 3027 2937
f 3027 3025 2937
f 3027 3024 3025
f 2935 2549 3028
f 2935 3028 2934
f 2935 3030 2549
f 3031 3030 2935
f 2549 3030 2548
f 3030 3032 2548
f 3033 3032 3030
f 3032 2553 2548
f 3034 2553 3032
f 3035 2553 3034
f 3034 3032 2932
f 2932 3032 3033
f 2933 3034 2932
f 2933 3035 3034
f 2933 2553 3035
f 2933 2555 2553
f 3036 2555 2933
f 2553 2555 2552
f 3036 2923 2555
f 3037 3036 2933
f 3037 2923 3036
f 2925 3037 2933
f 2925 2923 3037
f 2932 3033 3031
f 3033 3030 3031
f 2932 3031 2935
f 2523 2527 2522
f 2512 2519 2515
f 2504 2508 2503
f 2436 2500 2496
f 2947 2999 3000
f 2947 3000 2946
f 932 2885 2385
f 932 929 2885
f 931 932 2385
f 929 930 2885
f 2908 2910 2907
f 2890 2885 2887
f 930 927 928
f 2854 2856 2853
f 2806 2808 2805
f 921 918 919
f 920 921 923
f 912 909 2828
f 911 912 914
f 909 910 2828
f 910 907 908
f 904 901 902
f 903 904 906
f 898 895 2827
f 897 898 900
f 895 896 2827
f 896 893 894
f 887 884 885
f 886 887 889
f 881 878 2826
f 880 881 883
f 878 879 2826
f 879 876 877
f 844 2825 846
f 875 846 877
f 848 846 875
f 874 875 877
f 845 846 848
f 871 848 875
f 851 848 871
f 873 871 875
f 873 870 871
f 872 873 875
f 849 848 851
f 868 851 871
f 855 851 868
f 869 868 871
f 853 851 855
f 865 855 868
f 857 855 865
f 866 865 868
f 854 855 857
f 863 857 865
f 3038 857 863
f 862 863 865
f 859 857 3038
f 861 3038 863
f 861 858 3038
f 860 861 863
f 858 859 3038
f 859 856 857
f 853 850 851
f 852 853 855
f 844 841 2825
f 843 844 846
f 841 842 2825
f 842 839 840
f 831 832 834
f 830 828 832
f 830 827 828
f 829 830 832
f 815 813 817
f 815 812 813
f 814 815 817
f 809 806 2776
f 808 809 811
f 806 807 2776
f 807 804 2775
f 804 805 2775
f 805 802 803
f 2706 3039 2697
f 2697 3040 2567
f 2697 2695 3040
f 3040 3041 2567
f 3040 3042 3041
f 3041 3043 2567
f 3043 3041 3044
f 2567 3043 3044
f 2567 3044 3045
f 2661 3045 3044
f 3046 2567 3045
f 2567 3046 3047
f 3047 3046 3045
f 3047 3045 3048
f 3049 3048 3045
f 3050 3047 3048
f 3047 3050 3051
f 3051 3050 3048
f 3051 3048 3052
f 2654 3052 3048
f 3053 3051 3052
f 3051 3053 3054
f 3054 3053 3052
f 3054 3052 3055
f 2652 3055 3052
f 3056 3054 3055
f 3054 3056 3057
f 3057 3056 3055
f 3057 3055 3058
f 2651 3058 3055
f 3059 3057 3058
f 3057 3059 3060
f 3060 3059 3058
f 3060 3058 3061
f 3062 3061 3058
f 3063 3060 3061
f 3060 3063 3064
f 3064 3063 3061
f 3064 3061 3065
f 3062 3065 3061
f 3066 3064 3065
f 3064 3066 3067
f 3067 3066 3065
f 3067 3065 3068
f 2644 3068 3065
f 3069 3067 3068
f 3067 3069 2570
f 2570 3069 3068
f 2570 3068 3070
f 2642 3070 3068
f 3071 2570 3070
f 2570 3071 2624
f 2624 3071 3070
f 2624 3070 3072
f 2641 3072 3070
f 3073 2624 3072
f 2624 3073 2623
f 2623 3073 3072
f 2623 3072 3074
f 3075 3074 3072
f 2626 2623 3074
f 2625 2626 3074
f 2625 3074 2628
f 3074 2634 2628
f 3075 2634 3074
f 2634 2630 2628
f 2637 2634 3075
f 2635 2634 2637
f 2637 3075 2636
f 2636 3075 2639
f 2639 3075 2641
f 3075 3072 2641
f 2639 2641 2638
f 2641 3070 2642
f 2642 3068 2644
f 3064 3067 2570
f 3057 3064 2570
f 3057 3060 3064
f 2567 3057 2570
f 2567 3051 3057
f 2567 3047 3051
f 3051 3054 3057
f 2644 3065 3062
f 2647 2644 3062
f 2645 2644 2647
f 2647 3062 2646
f 2646 3062 2649
f 2649 3062 2651
f 3062 3058 2651
f 2649 2651 2648
f 2651 3055 2652
f 2652 3052 2654
f 2654 3048 3049
f 2657 2654 3049
f 2655 2654 2657
f 2657 3049 2656
f 2656 3049 2659
f 2659 3049 2661
f 3049 3045 2661
f 2659 2661 2658
f 2661 3044 2662
f 2662 3044 3076
f 3041 3076 3044
f 2662 3076 2664
f 2664 3076 3077
f 3077 3076 3078
f 2667 2664 3077
f 2665 2664 2667
f 2667 3077 2666
f 2666 3077 2669
f 2669 3077 2671
f 3077 3078 2671
f 2669 2671 2668
f 2671 3078 2672
f 2672 3078 2674
f 3040 2674 3078
f 3040 2693 2674
f 3079 3040 3078
f 3040 3079 3042
f 3079 3078 3076
f 3042 3079 3076
f 3041 3042 3076
f 3080 2693 3040
f 2693 3080 2692
f 2695 3080 3040
f 2695 2692 3080
f 2697 3081 2695
f 2697 2694 3081
f 3081 2694 2695
f 2706 2701 3039
f 3039 2699 2697
f 3039 2698 2699
f 2699 3082 2697
f 2699 2696 3082
f 3082 2696 2697
f 2701 2698 3039
f 3083 2618 642
f 3083 2616 2618
f 639 3083 642
f 639 2616 3083
f 640 2616 639
f 638 637 640
f 2574 2582 2573
f 2434 2459 2483
f 2483 2510 2539
f 2483 2495 2510
f 2510 2525 2539
f 2510 2517 2525
f 2525 2532 2539
f 2525 2529 2532
f 2532 2536 2539
f 2510 2514 2517
f 2517 2521 2525
f 2483 2489 2495
f 2495 2502 2510
f 2495 2498 2502
f 2502 2506 2510
f 2483 2486 2489
f 2489 2492 2495
f 2434 2447 2459
f 2459 2471 2483
f 2459 2465 2471
f 2471 2477 2483
f 2471 2474 2477
f 2477 2480 2483
f 2459 2462 2465
f 2465 2468 2471
f 2434 2441 2447
f 2447 2453 2459
f 2447 2450 2453
f 2453 2456 2459
f 2434 2438 2441
f 2441 2444 2447
f 2407 2406 2409
f 2411 2408 2409
f 2410 2411 2413
f 644 687 634
f 643 682 644
f 674 677 643
f 648 674 643
f 648 671 674
f 663 666 648
f 647 663 648
f 647 660 663
f 521 582 522
f 521 583 582
f 524 583 521
f 523 583 524
f 523 526 583
f 529 581 527
f 528 581 529
f 544 543 580
f 541 544 542
f 543 546 580
f 546 545 579
f 545 548 579
f 548 547 578
f 547 550 578
f 550 549 552
f 561 560 577
f 556 561 557
f 560 563 577
f 576 563 562
f 562 565 576
f 565 564 567
f 199 208 201
f 179 189 182
f 187 182 189
f 187 3084 182
f 187 3085 3084
f 182 3084 3086
f 3084 3087 3086
f 182 3086 184
f 184 3086 3088
f 181 182 184
f 3086 3089 3088
f 184 3088 186
f 186 3088 3085
f 183 184 186
f 3088 3090 3085
f 186 3085 187
f 3088 3089 3090
f 3085 3090 3091
f 3090 3092 3091
f 3085 3091 3084
f 3084 3091 3087
f 3091 3093 3087
f 3091 3092 3093
f 3087 3093 3094
f 3093 3095 3094
f 3087 3094 3089
f 3089 3094 3096
f 3086 3087 3089
f 3094 3097 3096
f 3089 3096 3090
f 3090 3096 3092
f 3096 3098 3092
f 3096 3099 3098
f 3092 3098 3100
f 3098 3101 3100
f 3092 3100 3093
f 3093 3100 3095
f 3100 3102 3095
f 3100 3101 3102
f 3102 3103 3095
f 3102 3104 3103
f 3095 3103 3105
f 3103 3106 3105
f 3095 3105 3094
f 3094 3105 3097
f 3105 3107 3097
f 3105 3106 3107
f 3097 3107 3108
f 3106 3108 3107
f 3097 3108 3109
f 3109 3108 3110
f 3096 3097 3109
f 3096 3109 3099
f 3099 3109 3111
f 3109 3110 3111
f 3099 3111 3112
f 3112 3111 3104
f 3099 3112 3113
f 3112 3101 3113
f 3099 3113 3098
f 3098 3113 3101
f 3112 3102 3101
f 3112 3104 3102
f 3111 3114 3104
f 3111 3110 3114
f 3104 3114 3115
f 3115 3114 3110
f 3104 3115 3103
f 3103 3115 3106
f 3106 3115 3108
f 3115 3110 3108
f 165 3116 161
f 165 166 3116
f 161 3116 3117
f 3116 3118 3117
f 161 3117 163
f 163 3117 3119
f 160 161 163
f 3117 3120 3119
f 163 3119 164
f 164 3119 166
f 3119 3121 166
f 3119 3120 3121
f 166 3121 3122
f 3121 3123 3122
f 166 3122 3116
f 3116 3122 3118
f 3122 3124 3118
f 3122 3123 3124
f 3118 3124 3125
f 3124 3126 3125
f 3118 3125 3120
f 3120 3125 3127
f 3117 3118 3120
f 3125 3128 3127
f 3120 3127 3121
f 3121 3127 3123
f 3127 3129 3123
f 3127 3128 3129
f 3123 3129 3130
f 3129 3131 3130
f 3123 3130 3124
f 3130 3132 3124
f 3130 3133 3132
f 3124 3132 3126
f 3132 3134 3126
f 3132 3135 3134
f 3126 3134 3136
f 3135 3136 3134
f 3126 3136 3137
f 3137 3136 3138
f 3125 3126 3137
f 3125 3137 3139
f 3139 3137 3133
f 3125 3139 3128
f 3139 3140 3128
f 3139 3141 3140
f 3128 3140 3142
f 3140 3143 3142
f 3128 3142 3129
f 3129 3142 3131
f 3142 3144 3131
f 3142 3143 3144
f 3131 3144 3145
f 3143 3145 3144
f 3131 3145 3141
f 3141 3145 3146
f 3130 3131 3141
f 3130 3141 3139
f 3139 3133 3130
f 3143 3146 3145
f 3141 3146 3140
f 3140 3146 3143
f 3137 3138 3133
f 3133 3138 3135
f 3135 3138 3136
f 3133 3135 3132
f 20 15 148
f 144 148 3147
f 148 3148 3147
f 144 3147 145
f 145 3147 3149
f 3147 3150 3149
f 145 3149 3151
f 3151 3149 3152
f 3153 145 3151
f 141 145 3153
f 3153 3151 3154
f 3154 3151 3155
f 3148 3153 3154
f 16 3153 3148
f 3148 3154 3150
f 3150 3154 3156
f 3147 3148 3150
f 3154 3155 3156
f 3150 3156 3157
f 3157 3156 3158
f 3149 3150 3157
f 3149 3157 3152
f 3152 3157 3159
f 3157 3158 3159
f 3152 3159 3160
f 3160 3159 3161
f 3155 3152 3160
f 3151 3152 3155
f 3155 3160 3162
f 3162 3160 3163
f 3156 3155 3162
f 3156 3162 3158
f 3158 3162 3164
f 3162 3163 3164
f 3158 3164 3165
f 3165 3164 3166
f 3158 3165 3167
f 3165 3168 3167
f 3158 3167 3169
f 3169 3167 3170
f 3159 3158 3169
f 3159 3169 3171
f 3171 3169 3172
f 3161 3159 3171
f 3161 3171 3168
f 3168 3171 3173
f 3165 3161 3168
f 3161 3165 3174
f 3165 3166 3174
f 3161 3174 3175
f 3175 3174 3176
f 3163 3161 3175
f 3160 3161 3163
f 3163 3175 3177
f 3177 3175 3178
f 3164 3163 3177
f 3164 3177 3166
f 3166 3177 3179
f 3177 3178 3179
f 3166 3179 3180
f 3179 3176 3180
f 3174 3166 3180
f 3174 3180 3176
f 3179 3178 3176
f 3175 3176 3178
f 3171 3172 3173
f 3168 3173 3181
f 3173 3170 3181
f 3167 3168 3181
f 3167 3181 3170
f 3173 3172 3170
f 3169 3170 3172
f 16 141 3153
f 148 16 3148
f 15 16 148
f 11 141 16
f 10 7 42
f 7 10 8
f 7 3 42
f 3182 3183 3184
f 3185 3183 3182
f 3186 3184 3183
f 3182 3184 3187
f 3187 3184 3186
f 3187 3188 3182
f 3187 3189 3188
f 3188 3187 3182
f 3189 3187 3188
f 3190 3182 3187
f 3183 3182 3190
f 3190 3187 3186
f 3190 3186 3183
f 3183 3185 3182
f 3191 3185 3183
f 3191 3192 3185
f 3183 3193 3191
f 3193 3183 3194
f 3193 3192 3191
f 3193 3195 3192
f 3195 3193 3192
f 3192 3193 3194
f 3192 3194 3185
f 3185 3194 3183
f 3185 3196 3192
f 3185 3197 3196
f 3192 3196 3198
f 3198 3196 3197
f 3192 3198 3199
f 3199 3198 3200
f 3201 3192 3199
f 3202 3192 3201
f 3201 3199 3203
f 3203 3199 3204
f 3205 3201 3203
f 3202 3201 3205
f 3203 3204 3205
f 3205 3204 3185
f 3204 3197 3185
f 3205 3185 3202
f 3202 3185 3192
f 3204 3200 3197
f 3199 3200 3204
f 3198 3197 3200
f 3206 3207 3208
f 3206 3209 3207
f 3207 3206 3208
f 3209 3206 3207
f 3210 3211 3212
f 3213 3211 3210
f 3211 3210 3212
f 3211 3213 3210
f 3214 3215 3216
f 3214 3217 3215
f 3215 3214 3216
f 3217 3214 3215
f 3218 3219 3220
f 3221 3219 3218
f 3219 3218 3220
f 3219 3221 3218
f 3222 3223 3224
f 3225 3223 3222
f 3223 3222 3224
f 3223 3225 3222
f 3226 3227 3228
f 3229 3227 3226
f 3227 3230 3228
f 3226 3228 3231
f 3232 3231 3228
f 3226 3231 3233
f 3232 3233 3231
f 3226 3233 3229
f 3229 3233 3234
f 3235 3234 3233
f 3229 3234 3236
f 3236 3234 3237
f 3238 3229 3236
f 3238 3239 3229
f 3238 3236 3240
f 3240 3236 3241
f 3242 3238 3240
f 3243 3238 3242
f 3242 3240 3244
f 3244 3240 3245
f 3242 3244 3246
f 3244 3247 3246
f 3242 3246 3248
f 3248 3246 3249
f 3242 3248 3250
f 3251 3250 3248
f 3242 3250 3252
f 3253 3252 3250
f 3242 3252 3254
f 3252 3255 3254
f 3242 3254 3256
f 3254 3257 3256
f 3256 3243 3242
f 3257 3243 3256
f 3257 3258 3243
f 3257 3259 3258
f 3258 3238 3243
f 3258 3260 3238
f 3258 3261 3260
f 3260 3262 3238
f 3260 3261 3262
f 3238 3262 3239
f 3262 3263 3239
f 3262 3264 3263
f 3239 3263 3265
f 3266 3265 3263
f 3239 3265 3227
f 3227 3265 3230
f 3229 3239 3227
f 3266 3230 3265
f 3267 3230 3266
f 3267 3228 3230
f 3268 3267 3266
f 3235 3267 3268
f 3268 3266 3269
f 3270 3269 3266
f 3271 3268 3269
f 3248 3268 3271
f 3271 3269 3272
f 3273 3272 3269
f 3274 3271 3272
f 3274 3275 3271
f 3273 3274 3272
f 3274 3273 3276
f 3273 3270 3276
f 3274 3276 3277
f 3276 3278 3277
f 3279 3274 3277
f 3280 3274 3279
f 3279 3277 3281
f 3277 3282 3281
f 3283 3279 3281
f 3284 3279 3283
f 3283 3281 3285
f 3281 3286 3285
f 3287 3283 3285
f 3288 3283 3287
f 3287 3285 3289
f 3285 3290 3289
f 3287 3289 3291
f 3291 3289 3292
f 3287 3291 3293
f 3293 3291 3294
f 3288 3287 3293
f 3288 3293 3295
f 3295 3293 3296
f 3254 3288 3295
f 3254 3284 3288
f 3254 3295 3257
f 3257 3295 3259
f 3295 3296 3259
f 3259 3296 3297
f 3296 3298 3297
f 3259 3297 3261
f 3261 3297 3264
f 3258 3259 3261
f 3297 3263 3264
f 3261 3264 3262
f 3297 3299 3263
f 3297 3300 3299
f 3299 3301 3263
f 3299 3302 3301
f 3263 3301 3302
f 3263 3302 3303
f 3302 3304 3303
f 3263 3303 3305
f 3303 3306 3305
f 3266 3263 3305
f 3305 3307 3266
f 3305 3308 3307
f 3307 3309 3266
f 3307 3310 3309
f 3309 3270 3266
f 3309 3311 3270
f 3310 3311 3309
f 3270 3311 3312
f 3310 3312 3311
f 3270 3312 3313
f 3313 3312 3310
f 3313 3276 3270
f 3313 3314 3276
f 3315 3314 3313
f 3314 3316 3276
f 3314 3317 3316
f 3276 3316 3278
f 3317 3278 3316
f 3317 3318 3278
f 3319 3318 3317
f 3277 3278 3318
f 3277 3318 3319
f 3319 3320 3277
f 3319 3321 3320
f 3277 3320 3282
f 3321 3282 3320
f 3321 3286 3282
f 3285 3286 3321
f 3281 3282 3286
f 3285 3321 3319
f 3319 3322 3285
f 3319 3323 3322
f 3285 3322 3290
f 3324 3290 3322
f 3289 3290 3324
f 3324 3322 3323
f 3325 3324 3323
f 3289 3324 3325
f 3325 3323 3319
f 3319 3326 3325
f 3319 3327 3326
f 3325 3326 3328
f 3328 3326 3327
f 3325 3328 3329
f 3329 3328 3330
f 3325 3329 3331
f 3329 3332 3331
f 3325 3331 3333
f 3331 3334 3333
f 3335 3325 3333
f 3325 3335 3336
f 3335 3333 3334
f 3337 3335 3334
f 3335 3337 3338
f 3337 3334 3332
f 3331 3332 3334
f 3329 3337 3332
f 3315 3337 3329
f 3315 3339 3337
f 3315 3329 3314
f 3329 3330 3314
f 3314 3330 3327
f 3328 3327 3330
f 3314 3327 3319
f 3319 3317 3314
f 3339 3315 3340
f 3339 3300 3337
f 3339 3302 3300
f 3337 3300 3341
f 3300 3342 3341
f 3337 3341 3338
f 3338 3341 3342
f 3338 3342 3343
f 3298 3343 3342
f 3335 3338 3343
f 3298 3335 3343
f 3335 3298 3344
f 3298 3345 3344
f 3335 3344 3346
f 3346 3344 3345
f 3291 3335 3346
f 3335 3291 3347
f 3291 3346 3348
f 3346 3345 3348
f 3294 3291 3348
f 3294 3348 3345
f 3298 3294 3345
f 3296 3294 3298
f 3293 3294 3296
f 3291 3292 3347
f 3335 3347 3336
f 3349 3336 3347
f 3325 3336 3349
f 3349 3347 3292
f 3289 3349 3292
f 3289 3325 3349
f 3300 3298 3342
f 3297 3298 3300
f 3302 3339 3350
f 3299 3300 3302
f 3339 3306 3350
f 3302 3350 3304
f 3306 3304 3350
f 3306 3303 3304
f 3339 3305 3306
f 3305 3339 3351
f 3339 3340 3351
f 3305 3351 3352
f 3353 3352 3351
f 3308 3305 3352
f 3308 3352 3353
f 3315 3308 3353
f 3315 3354 3308
f 3315 3353 3340
f 3353 3351 3340
f 3315 3355 3354
f 3308 3354 3356
f 3354 3357 3356
f 3308 3356 3307
f 3307 3356 3357
f 3307 3357 3313
f 3313 3357 3355
f 3313 3310 3307
f 3354 3355 3357
f 3313 3355 3315
f 3254 3255 3284
f 3288 3284 3283
f 3255 3280 3284
f 3255 3253 3280
f 3284 3280 3279
f 3253 3255 3252
f 3253 3275 3280
f 3253 3251 3275
f 3280 3275 3274
f 3251 3253 3250
f 3275 3251 3248
f 3275 3248 3271
f 3273 3358 3270
f 3358 3273 3269
f 3270 3358 3269
f 3248 3235 3268
f 3248 3249 3235
f 3235 3249 3234
f 3249 3237 3234
f 3249 3359 3237
f 3249 3360 3359
f 3359 3361 3237
f 3359 3362 3361
f 3363 3237 3361
f 3236 3237 3363
f 3363 3361 3364
f 3364 3361 3365
f 3366 3363 3364
f 3236 3363 3366
f 3366 3364 3367
f 3367 3364 3368
f 3369 3366 3367
f 3366 3369 3370
f 3369 3367 3371
f 3371 3367 3372
f 3245 3369 3371
f 3245 3373 3369
f 3245 3371 3374
f 3374 3371 3375
f 3376 3245 3374
f 3244 3245 3376
f 3376 3374 3377
f 3377 3374 3378
f 3376 3377 3379
f 3377 3380 3379
f 3376 3379 3247
f 3247 3379 3381
f 3244 3376 3247
f 3379 3382 3381
f 3247 3381 3383
f 3383 3381 3384
f 3247 3383 3385
f 3383 3386 3385
f 3247 3385 3246
f 3246 3385 3387
f 3385 3388 3387
f 3246 3387 3249
f 3249 3387 3360
f 3387 3389 3360
f 3387 3388 3389
f 3360 3389 3390
f 3389 3391 3390
f 3360 3390 3383
f 3383 3390 3386
f 3383 3384 3360
f 3360 3384 3362
f 3384 3392 3362
f 3360 3362 3359
f 3384 3393 3392
f 3362 3392 3365
f 3392 3394 3365
f 3362 3365 3361
f 3392 3395 3394
f 3368 3365 3394
f 3364 3365 3368
f 3368 3394 3396
f 3396 3394 3397
f 3372 3368 3396
f 3367 3368 3372
f 3372 3396 3398
f 3398 3396 3397
f 3375 3372 3398
f 3371 3372 3375
f 3375 3398 3399
f 3399 3398 3400
f 3378 3375 3399
f 3374 3375 3378
f 3378 3399 3401
f 3401 3399 3402
f 3403 3378 3401
f 3377 3378 3403
f 3403 3401 3404
f 3404 3401 3405
f 3403 3404 3406
f 3404 3407 3406
f 3403 3406 3380
f 3380 3406 3408
f 3377 3403 3380
f 3406 3409 3408
f 3380 3408 3382
f 3382 3408 3410
f 3379 3380 3382
f 3408 3411 3410
f 3382 3410 3393
f 3393 3410 3395
f 3381 3382 3393
f 3381 3393 3384
f 3410 3412 3395
f 3393 3395 3392
f 3410 3411 3412
f 3395 3412 3394
f 3412 3413 3394
f 3412 3414 3413
f 3394 3413 3397
f 3397 3413 3414
f 3397 3414 3405
f 3404 3405 3414
f 3397 3405 3415
f 3405 3416 3415
f 3397 3415 3417
f 3417 3415 3418
f 3400 3397 3417
f 3398 3397 3400
f 3400 3417 3419
f 3419 3417 3420
f 3402 3400 3419
f 3399 3400 3402
f 3402 3419 3416
f 3416 3419 3421
f 3405 3402 3416
f 3401 3402 3405
f 3419 3420 3421
f 3416 3421 3422
f 3422 3421 3423
f 3415 3416 3422
f 3415 3422 3418
f 3418 3422 3424
f 3422 3423 3424
f 3418 3424 3425
f 3425 3424 3426
f 3420 3418 3425
f 3417 3418 3420
f 3420 3425 3427
f 3427 3425 3428
f 3421 3420 3427
f 3421 3427 3423
f 3423 3427 3429
f 3427 3430 3429
f 3423 3429 3431
f 3431 3429 3432
f 3433 3423 3431
f 3424 3423 3433
f 3433 3431 3434
f 3434 3431 3435
f 3436 3433 3434
f 3426 3433 3436
f 3436 3434 3437
f 3437 3434 3438
f 3439 3436 3437
f 3440 3436 3439
f 3441 3439 3437
f 3441 3442 3439
f 3441 3437 3443
f 3437 3444 3443
f 3445 3441 3443
f 3445 3446 3441
f 3447 3445 3443
f 3447 3446 3445
f 3448 3447 3443
f 3448 3449 3447
f 3450 3448 3443
f 3450 3451 3448
f 3452 3450 3443
f 3452 3451 3450
f 3453 3452 3443
f 3453 3454 3452
f 3455 3453 3443
f 3455 3456 3453
f 3455 3443 3457
f 3443 3458 3457
f 3459 3455 3457
f 3459 3460 3455
f 3461 3459 3457
f 3461 3462 3459
f 3463 3461 3457
f 3463 3464 3461
f 3465 3463 3457
f 3465 3464 3463
f 3466 3465 3457
f 3466 3467 3465
f 3468 3466 3457
f 3468 3467 3466
f 3469 3468 3457
f 3469 3470 3468
f 3471 3469 3457
f 3471 3470 3469
f 3472 3471 3457
f 3472 3473 3471
f 3474 3472 3457
f 3474 3475 3472
f 3476 3474 3457
f 3476 3477 3474
f 3478 3476 3457
f 3478 3479 3476
f 3480 3478 3457
f 3480 3481 3478
f 3482 3480 3457
f 3482 3481 3480
f 3483 3482 3457
f 3483 3484 3482
f 3485 3483 3457
f 3485 3486 3483
f 3487 3485 3457
f 3487 3486 3485
f 3488 3487 3457
f 3488 3489 3487
f 3490 3488 3457
f 3490 3491 3488
f 3492 3490 3457
f 3492 3491 3490
f 3493 3492 3457
f 3493 3494 3492
f 3495 3493 3457
f 3495 3496 3493
f 3497 3495 3457
f 3497 3496 3495
f 3498 3497 3457
f 3498 3499 3497
f 3500 3498 3457
f 3500 3499 3498
f 3501 3500 3457
f 3501 3502 3500
f 3503 3501 3457
f 3503 3502 3501
f 3504 3503 3457
f 3504 3505 3503
f 3506 3504 3457
f 3506 3505 3504
f 3507 3506 3457
f 3507 3508 3506
f 3509 3507 3457
f 3509 3508 3507
f 3510 3509 3457
f 3510 3511 3509
f 3512 3510 3457
f 3512 3511 3510
f 3513 3512 3457
f 3513 3514 3512
f 3515 3513 3457
f 3515 3516 3513
f 3517 3515 3457
f 3517 3518 3515
f 3519 3517 3457
f 3519 3520 3517
f 3521 3519 3457
f 3521 3522 3519
f 3523 3521 3457
f 3523 3524 3521
f 3525 3523 3457
f 3525 3524 3523
f 3526 3525 3457
f 3526 3527 3525
f 3528 3526 3457
f 3528 3529 3526
f 3530 3528 3457
f 3530 3529 3528
f 3531 3530 3457
f 3531 3532 3530
f 3533 3531 3457
f 3533 3534 3531
f 3535 3533 3457
f 3535 3536 3533
f 3537 3535 3457
f 3537 3538 3535
f 3539 3537 3457
f 3539 3538 3537
f 3540 3539 3457
f 3540 3541 3539
f 3542 3540 3457
f 3542 3543 3540
f 3544 3542 3457
f 3544 3545 3542
f 3546 3544 3457
f 3546 3545 3544
f 3547 3546 3457
f 3547 3548 3546
f 3547 3457 3549
f 3457 3550 3549
f 3551 3547 3549
f 3551 3552 3547
f 3551 3549 3553
f 3553 3549 3554
f 3555 3551 3553
f 3555 3556 3551
f 3555 3553 3557
f 3557 3553 3558
f 3559 3555 3557
f 3559 3556 3555
f 3559 3557 3560
f 3557 3561 3560
f 3562 3559 3560
f 3562 3563 3559
f 3562 3560 3564
f 3564 3560 3565
f 3566 3562 3564
f 3566 3563 3562
f 3566 3564 3567
f 3567 3564 3568
f 3569 3566 3567
f 3569 3570 3566
f 3569 3567 3571
f 3571 3567 3568
f 3572 3569 3571
f 3572 3570 3569
f 3572 3571 3573
f 3573 3571 3574
f 3575 3572 3573
f 3575 3576 3572
f 3575 3573 3577
f 3573 3578 3577
f 3579 3575 3577
f 3579 3580 3575
f 3579 3577 3581
f 3581 3577 3582
f 3583 3579 3581
f 3583 3580 3579
f 3583 3581 3584
f 3584 3581 3585
f 3586 3583 3584
f 3586 3587 3583
f 3588 3586 3584
f 3588 3589 3586
f 3590 3588 3584
f 3590 3591 3588
f 3590 3584 3592
f 3584 3593 3592
f 3594 3590 3592
f 3594 3591 3590
f 3595 3594 3592
f 3595 3596 3594
f 3597 3595 3592
f 3597 3596 3595
f 3598 3597 3592
f 3598 3599 3597
f 3600 3598 3592
f 3600 3601 3598
f 3600 3592 3602
f 3602 3592 3603
f 3604 3600 3602
f 3604 3601 3600
f 3604 3602 3605
f 3605 3602 3606
f 3607 3604 3605
f 3607 3608 3604
f 3607 3605 3609
f 3609 3605 3606
f 3610 3607 3609
f 3610 3611 3607
f 3610 3609 3612
f 3612 3609 3613
f 3614 3610 3612
f 3614 3611 3610
f 3615 3614 3612
f 3615 3616 3614
f 3617 3615 3612
f 3617 3616 3615
f 3617 3612 3618
f 3612 3619 3618
f 3620 3617 3618
f 3620 3621 3617
f 3622 3620 3618
f 3622 3621 3620
f 3623 3622 3618
f 3623 3624 3622
f 3623 3618 3625
f 3618 3626 3625
f 3627 3623 3625
f 3627 3628 3623
f 3627 3625 3629
f 3625 3630 3629
f 3631 3627 3629
f 3631 3628 3627
f 3632 3631 3629
f 3632 3633 3631
f 3634 3632 3629
f 3634 3633 3632
f 3634 3629 3635
f 3629 3636 3635
f 3637 3634 3635
f 3637 3638 3634
f 3637 3635 3639
f 3639 3635 3640
f 3641 3637 3639
f 3641 3638 3637
f 3641 3639 3642
f 3642 3639 3643
f 3644 3641 3642
f 3644 3645 3641
f 3644 3642 3646
f 3642 3647 3646
f 3648 3644 3646
f 3648 3649 3644
f 3648 3646 3650
f 3646 3651 3650
f 3652 3648 3650
f 3652 3649 3648
f 3653 3652 3650
f 3653 3654 3652
f 3655 3653 3650
f 3655 3656 3653
f 3655 3650 3657
f 3657 3650 3658
f 3659 3655 3657
f 3659 3656 3655
f 3659 3657 3660
f 3660 3657 3661
f 3662 3659 3660
f 3662 3663 3659
f 3662 3660 3664
f 3664 3660 3661
f 3665 3662 3664
f 3665 3663 3662
f 3665 3664 3666
f 3666 3664 3667
f 3668 3665 3666
f 3668 3669 3665
f 3668 3666 3670
f 3670 3666 3667
f 3671 3668 3670
f 3671 3672 3668
f 3671 3670 3673
f 3673 3670 3674
f 3675 3671 3673
f 3675 3672 3671
f 3675 3673 3676
f 3676 3673 3674
f 3677 3675 3676
f 3677 3678 3675
f 3677 3676 3679
f 3679 3676 3680
f 3681 3677 3679
f 3681 3678 3677
f 3681 3679 3682
f 3679 3683 3682
f 3684 3681 3682
f 3684 3685 3681
f 3684 3682 3686
f 3686 3682 3687
f 3688 3684 3686
f 3688 3685 3684
f 3688 3686 3689
f 3689 3686 3690
f 3691 3688 3689
f 3691 3692 3688
f 3691 3689 3693
f 3689 3694 3693
f 3695 3691 3693
f 3695 3692 3691
f 3695 3693 3696
f 3693 3697 3696
f 3698 3695 3696
f 3698 3699 3695
f 3698 3696 3700
f 3700 3696 3701
f 3702 3698 3700
f 3702 3703 3698
f 3702 3700 3704
f 3704 3700 3705
f 3706 3702 3704
f 3706 3703 3702
f 3706 3704 3707
f 3704 3708 3707
f 3709 3706 3707
f 3709 3710 3706
f 3709 3707 3711
f 3711 3707 3712
f 3713 3709 3711
f 3713 3714 3709
f 3713 3711 3715
f 3715 3711 3716
f 3717 3713 3715
f 3717 3714 3713
f 3718 3717 3715
f 3718 3719 3717
f 3720 3718 3715
f 3720 3721 3718
f 3722 3720 3715
f 3722 3721 3720
f 3722 3715 3723
f 3715 3724 3723
f 3725 3722 3723
f 3725 3726 3722
f 3727 3725 3723
f 3727 3726 3725
f 3728 3727 3723
f 3728 3729 3727
f 3730 3728 3723
f 3730 3731 3728
f 3732 3730 3723
f 3732 3731 3730
f 3733 3732 3723
f 3733 3734 3732
f 3735 3733 3723
f 3735 3736 3733
f 3737 3735 3723
f 3737 3738 3735
f 3739 3737 3723
f 3739 3738 3737
f 3739 3723 3740
f 3723 3741 3740
f 3742 3739 3740
f 3742 3743 3739
f 3744 3742 3740
f 3744 3745 3742
f 3746 3744 3740
f 3746 3747 3744
f 3748 3746 3740
f 3748 3749 3746
f 3750 3748 3740
f 3750 3751 3748
f 3752 3750 3740
f 3752 3751 3750
f 3753 3752 3740
f 3753 3754 3752
f 3755 3753 3740
f 3755 3756 3753
f 3757 3755 3740
f 3757 3756 3755
f 3758 3757 3740
f 3757 3758 3759
f 3760 3758 3740
f 3758 3760 3761
f 3762 3760 3740
f 3760 3762 3761
f 3763 3762 3740
f 3762 3763 3764
f 3765 3763 3740
f 3763 3765 3764
f 3766 3765 3740
f 3765 3766 3767
f 3768 3766 3740
f 3768 3769 3766
f 3770 3768 3740
f 3770 3771 3768
f 3772 3770 3740
f 3772 3773 3770
f 3774 3772 3740
f 3774 3775 3772
f 3776 3774 3740
f 3774 3776 3777
f 3778 3776 3740
f 3776 3778 3779
f 3780 3778 3740
f 3778 3780 3779
f 3781 3780 3740
f 3780 3781 3782
f 3781 3740 3783
f 3740 3784 3783
f 3785 3781 3783
f 3785 3786 3781
f 3787 3785 3783
f 3787 3788 3785
f 3789 3787 3783
f 3789 3790 3787
f 3791 3789 3783
f 3789 3791 3792
f 3793 3791 3783
f 3791 3793 3794
f 3783 3795 3793
f 3783 3796 3795
f 3795 3797 3793
f 3797 3795 3798
f 3793 3797 3794
f 3797 3798 3794
f 3794 3798 3799
f 3798 3800 3799
f 3792 3794 3799
f 3791 3794 3792
f 3801 3792 3799
f 3790 3792 3801
f 3802 3801 3799
f 3801 3802 3788
f 3782 3802 3799
f 3786 3802 3782
f 3779 3782 3799
f 3780 3782 3779
f 3777 3779 3799
f 3776 3779 3777
f 3803 3777 3799
f 3775 3777 3803
f 3804 3803 3799
f 3773 3803 3804
f 3805 3804 3799
f 3771 3804 3805
f 3767 3805 3799
f 3769 3805 3767
f 3764 3767 3799
f 3765 3767 3764
f 3761 3764 3799
f 3762 3764 3761
f 3759 3761 3799
f 3758 3761 3759
f 3756 3759 3799
f 3757 3759 3756
f 3806 3756 3799
f 3753 3756 3806
f 3751 3806 3799
f 3752 3806 3751
f 3807 3751 3799
f 3807 3808 3751
f 3799 3809 3807
f 3809 3799 3810
f 3744 3807 3809
f 3747 3807 3744
f 3744 3809 3745
f 3745 3809 3742
f 3742 3809 3810
f 3742 3810 3743
f 3743 3810 3739
f 3739 3810 3738
f 3810 3799 3738
f 3799 3811 3738
f 3811 3799 3812
f 3735 3738 3811
f 3735 3811 3736
f 3736 3811 3733
f 3733 3811 3812
f 3733 3812 3734
f 3734 3812 3732
f 3732 3812 3731
f 3812 3799 3731
f 3799 3813 3731
f 3813 3799 3726
f 3728 3731 3813
f 3728 3813 3729
f 3729 3813 3727
f 3727 3813 3726
f 3726 3799 3721
f 3799 3814 3721
f 3722 3726 3721
f 3814 3799 3714
f 3718 3721 3814
f 3718 3814 3719
f 3719 3814 3717
f 3717 3814 3714
f 3714 3799 3815
f 3799 3703 3815
f 3709 3714 3815
f 3709 3815 3710
f 3710 3815 3706
f 3706 3815 3703
f 3703 3799 3816
f 3816 3799 3692
f 3698 3703 3816
f 3698 3816 3699
f 3699 3816 3695
f 3695 3816 3692
f 3799 3685 3692
f 3685 3799 3678
f 3688 3692 3685
f 3678 3799 3672
f 3681 3685 3678
f 3799 3817 3672
f 3675 3678 3672
f 3818 3817 3799
f 3817 3819 3672
f 3819 3817 3663
f 3668 3672 3819
f 3668 3819 3669
f 3669 3819 3665
f 3665 3819 3663
f 3663 3817 3656
f 3817 3820 3656
f 3659 3663 3656
f 3820 3817 3649
f 3653 3656 3820
f 3653 3820 3654
f 3654 3820 3652
f 3652 3820 3649
f 3649 3817 3821
f 3817 3638 3821
f 3644 3649 3821
f 3644 3821 3645
f 3645 3821 3641
f 3641 3821 3638
f 3638 3817 3633
f 3633 3817 3628
f 3634 3638 3633
f 3817 3822 3628
f 3631 3633 3628
f 3822 3817 3621
f 3623 3628 3822
f 3623 3822 3624
f 3624 3822 3622
f 3622 3822 3621
f 3621 3817 3616
f 3817 3611 3616
f 3617 3621 3616
f 3611 3817 3823
f 3614 3616 3611
f 3823 3817 3601
f 3607 3611 3823
f 3607 3823 3608
f 3608 3823 3604
f 3604 3823 3601
f 3817 3824 3601
f 3824 3817 3524
f 3598 3601 3824
f 3598 3824 3599
f 3599 3824 3597
f 3597 3824 3596
f 3596 3824 3825
f 3825 3824 3524
f 3529 3596 3825
f 3591 3596 3529
f 3526 3529 3825
f 3526 3825 3527
f 3527 3825 3525
f 3525 3825 3524
f 3594 3596 3591
f 3826 3591 3529
f 3827 3591 3826
f 3530 3826 3529
f 3532 3826 3530
f 3531 3826 3532
f 3531 3828 3826
f 3534 3828 3531
f 3828 3827 3826
f 3829 3827 3828
f 3586 3827 3829
f 3830 3829 3828
f 3580 3829 3830
f 3533 3830 3828
f 3536 3830 3533
f 3533 3828 3534
f 3535 3830 3536
f 3535 3538 3830
f 3538 3580 3830
f 3831 3580 3538
f 3575 3580 3831
f 3832 3831 3538
f 3570 3831 3832
f 3539 3832 3538
f 3541 3832 3539
f 3540 3832 3541
f 3540 3833 3832
f 3543 3833 3540
f 3833 3570 3832
f 3563 3570 3833
f 3566 3570 3563
f 3545 3563 3833
f 3563 3545 3834
f 3542 3545 3833
f 3542 3833 3543
f 3546 3834 3545
f 3563 3834 3835
f 3547 3835 3834
f 3835 3556 3563
f 3551 3556 3835
f 3559 3563 3556
f 3551 3835 3552
f 3552 3835 3547
f 3547 3834 3548
f 3548 3834 3546
f 3572 3831 3570
f 3576 3831 3572
f 3575 3831 3576
f 3583 3829 3580
f 3587 3829 3583
f 3586 3829 3587
f 3589 3827 3586
f 3588 3827 3589
f 3588 3591 3827
f 3524 3817 3836
f 3817 3837 3836
f 3521 3524 3836
f 3521 3836 3522
f 3522 3836 3519
f 3519 3836 3837
f 3519 3837 3520
f 3520 3837 3517
f 3517 3837 3838
f 3837 3817 3838
f 3517 3838 3518
f 3518 3838 3515
f 3515 3838 3839
f 3840 3839 3838
f 3515 3839 3516
f 3516 3839 3513
f 3513 3839 3841
f 3839 3840 3841
f 3513 3841 3514
f 3514 3841 3512
f 3512 3841 3511
f 3841 3840 3511
f 3840 3508 3511
f 3508 3840 3505
f 3509 3511 3508
f 3505 3840 3502
f 3506 3508 3505
f 3840 3499 3502
f 3503 3505 3502
f 3499 3840 3496
f 3500 3502 3499
f 3496 3840 3842
f 3497 3499 3496
f 3840 3843 3842
f 3493 3496 3842
f 3493 3842 3494
f 3494 3842 3492
f 3492 3842 3491
f 3842 3843 3491
f 3491 3843 3844
f 3843 3845 3844
f 3488 3491 3844
f 3488 3844 3489
f 3489 3844 3487
f 3487 3844 3486
f 3486 3844 3845
f 3846 3486 3845
f 3847 3486 3846
f 3848 3846 3845
f 3848 3849 3846
f 3850 3848 3845
f 3848 3850 3851
f 3851 3850 3845
f 3851 3845 3843
f 3852 3851 3843
f 3848 3851 3852
f 3853 3852 3843
f 3854 3852 3853
f 3853 3843 3840
f 3855 3853 3840
f 3853 3855 3856
f 3855 3840 3857
f 3857 3840 3858
f 3855 3857 3856
f 3859 3856 3857
f 3856 3859 3860
f 3859 3857 3861
f 3861 3857 3862
f 3859 3861 3863
f 3861 3862 3863
f 3859 3863 3864
f 3863 3865 3864
f 3859 3864 3866
f 3864 3867 3866
f 3868 3859 3866
f 3868 3869 3859
f 3868 3866 3870
f 3866 3871 3870
f 3872 3868 3870
f 3872 3873 3868
f 3870 3874 3872
f 3870 3875 3874
f 3874 3876 3872
f 3874 3877 3876
f 3876 3878 3872
f 3876 3879 3878
f 3878 3880 3872
f 3880 3878 3881
f 3872 3880 3881
f 3872 3881 3882
f 3881 3883 3882
f 3884 3872 3882
f 3872 3884 3885
f 3885 3884 3882
f 3885 3882 3886
f 3882 3883 3886
f 3887 3885 3886
f 3885 3887 3888
f 3888 3887 3886
f 3888 3886 3889
f 3883 3889 3886
f 3890 3888 3889
f 3888 3890 3891
f 3891 3890 3889
f 3891 3889 3892
f 3889 3883 3892
f 3893 3891 3892
f 3891 3893 3873
f 3873 3893 3892
f 3873 3892 3894
f 3892 3883 3894
f 3895 3873 3894
f 3873 3895 3896
f 3896 3895 3894
f 3896 3894 3897
f 3883 3897 3894
f 3898 3896 3897
f 3896 3898 3899
f 3899 3898 3897
f 3899 3897 3900
f 3897 3883 3900
f 3901 3899 3900
f 3899 3901 3902
f 3902 3901 3900
f 3902 3900 3903
f 3900 3883 3903
f 3904 3902 3903
f 3902 3904 3868
f 3868 3904 3903
f 3868 3903 3905
f 3883 3905 3903
f 3906 3868 3905
f 3868 3906 3907
f 3907 3906 3905
f 3907 3905 3908
f 3905 3883 3908
f 3909 3907 3908
f 3907 3909 3869
f 3869 3909 3908
f 3869 3908 3910
f 3908 3883 3910
f 3911 3869 3910
f 3869 3911 3912
f 3912 3911 3910
f 3912 3910 3913
f 3883 3913 3910
f 3914 3912 3913
f 3912 3914 3859
f 3913 3860 3914
f 3913 3915 3860
f 3859 3914 3860
f 3913 3883 3915
f 3916 3860 3915
f 3860 3916 3917
f 3917 3916 3915
f 3917 3915 3918
f 3915 3883 3918
f 3919 3917 3918
f 3917 3919 3920
f 3920 3919 3918
f 3920 3918 3921
f 3883 3921 3918
f 3922 3920 3921
f 3920 3922 3923
f 3923 3922 3921
f 3923 3921 3924
f 3921 3883 3924
f 3925 3923 3924
f 3923 3925 3926
f 3926 3925 3924
f 3926 3924 3927
f 3924 3883 3927
f 3928 3926 3927
f 3926 3928 3929
f 3929 3928 3927
f 3929 3927 3930
f 3446 3930 3927
f 3931 3929 3930
f 3929 3931 3932
f 3932 3931 3930
f 3932 3930 3933
f 3930 3446 3933
f 3934 3932 3933
f 3932 3934 3935
f 3935 3934 3933
f 3935 3933 3936
f 3933 3446 3936
f 3937 3935 3936
f 3935 3937 3938
f 3938 3937 3936
f 3938 3936 3939
f 3446 3939 3936
f 3940 3938 3939
f 3938 3940 3941
f 3941 3940 3939
f 3941 3939 3942
f 3939 3446 3942
f 3943 3941 3942
f 3941 3943 3944
f 3944 3943 3942
f 3944 3942 3945
f 3942 3446 3945
f 3946 3944 3945
f 3944 3946 3947
f 3947 3946 3945
f 3947 3945 3948
f 3945 3949 3948
f 3950 3947 3948
f 3947 3950 3951
f 3951 3950 3948
f 3951 3948 3952
f 3948 3949 3952
f 3953 3951 3952
f 3951 3953 3954
f 3954 3953 3952
f 3954 3952 3955
f 3952 3956 3955
f 3957 3954 3955
f 3954 3957 3958
f 3958 3957 3955
f 3958 3955 3959
f 3955 3960 3959
f 3961 3958 3959
f 3958 3961 3962
f 3962 3961 3959
f 3962 3959 3963
f 3959 3467 3963
f 3964 3962 3963
f 3962 3964 3965
f 3966 3964 3963
f 3964 3966 3965
f 3966 3963 3967
f 3963 3470 3967
f 3968 3966 3967
f 3966 3968 3965
f 3965 3968 3967
f 3965 3967 3969
f 3967 3470 3969
f 3970 3965 3969
f 3965 3970 3971
f 3971 3970 3969
f 3971 3969 3972
f 3973 3972 3969
f 3974 3971 3972
f 3971 3974 3975
f 3975 3974 3972
f 3975 3972 3976
f 3972 3973 3976
f 3977 3975 3976
f 3975 3977 3978
f 3978 3977 3976
f 3978 3976 3979
f 3976 3973 3979
f 3980 3978 3979
f 3978 3980 3981
f 3981 3980 3979
f 3981 3979 3982
f 3979 3983 3982
f 3984 3981 3982
f 3981 3984 3985
f 3985 3984 3982
f 3985 3982 3986
f 3982 3987 3986
f 3988 3985 3986
f 3985 3988 3989
f 3989 3988 3986
f 3989 3986 3990
f 3986 3987 3990
f 3991 3989 3990
f 3989 3991 3992
f 3992 3991 3990
f 3992 3990 3993
f 3990 3994 3993
f 3995 3992 3993
f 3992 3995 3854
f 3854 3995 3993
f 3854 3993 3996
f 3993 3994 3996
f 3997 3854 3996
f 3854 3997 3998
f 3998 3997 3996
f 3998 3996 3999
f 3996 3481 3999
f 4000 3998 3999
f 3998 4000 4001
f 4001 4000 3999
f 4001 3999 4002
f 3999 3847 4002
f 4003 4001 4002
f 4001 4003 4004
f 4004 4003 4002
f 4004 4002 3846
f 4002 3847 3846
f 3849 4004 3846
f 4004 3849 3848
f 4001 4004 3848
f 3854 4001 3848
f 3854 3998 4001
f 3854 3848 3852
f 3481 3847 3999
f 3482 3847 3481
f 3484 3847 3482
f 3483 3847 3484
f 3483 3486 3847
f 3994 3481 3996
f 3478 3481 3994
f 3478 3994 3479
f 3479 3994 3476
f 3476 3994 3987
f 3987 3994 3990
f 3476 3987 3477
f 3477 3987 3474
f 3474 3987 3983
f 3983 3987 3982
f 3474 3983 3475
f 3475 3983 3472
f 3472 3983 3973
f 3973 3983 3979
f 3472 3973 3473
f 3473 3973 3471
f 3471 3973 3470
f 3470 3973 3969
f 3989 3992 3854
f 3981 3989 3854
f 3981 3985 3989
f 3965 3981 3854
f 3965 3975 3981
f 3958 3965 3854
f 3958 3962 3965
f 3951 3958 3854
f 3951 3954 3958
f 3938 3951 3854
f 3938 3944 3951
f 3854 3860 3938
f 3854 3853 3860
f 3860 3926 3938
f 3860 3920 3926
f 3926 3932 3938
f 3926 3929 3932
f 3932 3935 3938
f 3860 3917 3920
f 3920 3923 3926
f 3853 3856 3860
f 3938 3941 3944
f 3944 3947 3951
f 3965 3971 3975
f 3975 3978 3981
f 3467 3470 3963
f 3468 3470 3467
f 3464 3467 3959
f 3465 3467 3464
f 4005 3464 3959
f 3461 3464 4005
f 3960 4005 3959
f 3459 4005 3960
f 3462 4005 3459
f 3459 3960 3460
f 3460 3960 3455
f 3455 3960 4006
f 4006 3960 3955
f 3455 4006 3456
f 3456 4006 3453
f 3453 4006 3956
f 3956 4006 3955
f 3453 3956 3454
f 3454 3956 3452
f 3452 3956 3451
f 3451 3956 3952
f 3949 3451 3952
f 3448 3451 3949
f 3448 3949 3449
f 3449 3949 3447
f 3447 3949 3446
f 3446 3949 3945
f 3461 4005 3462
f 3883 3446 3927
f 3441 3446 3883
f 3441 3883 3442
f 3439 3442 3883
f 3439 3883 4007
f 4007 3883 4008
f 3440 3439 4007
f 3440 4007 4009
f 4007 4010 4009
f 3440 4009 4011
f 4009 4012 4011
f 3440 4011 4013
f 4013 4011 4014
f 3440 4013 4015
f 4015 4013 4016
f 3440 4015 4017
f 4017 4015 4016
f 3440 4017 4018
f 4018 4017 4019
f 3440 4018 4020
f 4020 4018 4019
f 3440 4020 4021
f 4021 4020 4022
f 3440 4021 4023
f 4023 4021 4022
f 3440 4023 4024
f 4024 4023 4025
f 3440 4024 4026
f 4026 4024 4025
f 3440 4026 4027
f 4027 4026 4028
f 3440 4027 4029
f 4027 4030 4029
f 3440 4029 4031
f 4029 4032 4031
f 3440 4031 4033
f 4031 4034 4033
f 3440 4033 4035
f 4035 4033 4036
f 3440 4035 4037
f 4037 4035 4038
f 3440 4037 4039
f 4037 4040 4039
f 3440 4039 4041
f 4041 4039 4042
f 3440 4041 4043
f 4043 4041 4044
f 3440 4043 4045
f 4045 4043 4044
f 3440 4045 4046
f 4046 4045 4047
f 3440 4046 4048
f 4048 4046 4047
f 3440 4048 4049
f 4049 4048 4050
f 3440 4049 4051
f 4051 4049 4050
f 3440 4051 4052
f 4052 4051 4053
f 3440 4052 4054
f 4052 4055 4054
f 3440 4054 4056
f 4056 4054 4057
f 3440 4056 4058
f 4058 4056 4059
f 3440 4058 4060
f 4060 4058 4059
f 3440 4060 4061
f 4061 4060 4062
f 3440 4061 4063
f 4063 4061 4062
f 3440 4063 4064
f 4064 4063 4065
f 3440 4064 4066
f 4064 4067 4066
f 3440 4066 4068
f 4066 4069 4068
f 3440 4068 4070
f 4070 4068 4071
f 3440 4070 4072
f 4072 4070 4073
f 3440 4072 4074
f 4074 4072 4073
f 3440 4074 4075
f 4075 4074 4076
f 3440 4075 4077
f 4075 4078 4077
f 3440 4077 4079
f 4079 4077 4080
f 3440 4079 4081
f 4081 4079 4082
f 3440 4081 4083
f 4081 4084 4083
f 3440 4083 4085
f 4083 4086 4085
f 4085 4087 3440
f 4087 4085 4088
f 4087 4089 3440
f 4089 4087 4090
f 4089 4091 3440
f 4091 4089 4090
f 4091 4092 3440
f 4092 4091 4093
f 4092 4094 3440
f 4094 4092 4093
f 4094 4095 3440
f 4095 4094 4096
f 4095 4097 3440
f 4095 4098 4097
f 4097 4099 3440
f 4099 4097 4100
f 4099 4101 3440
f 4101 4099 4102
f 4101 4103 3440
f 4101 4104 4103
f 4103 4105 3440
f 4103 4106 4105
f 4105 4107 3440
f 4107 4105 4108
f 4107 4109 3440
f 4109 4107 4110
f 4109 4111 3440
f 4109 4112 4111
f 4111 4113 3440
f 4113 4111 4114
f 4113 4115 3440
f 4115 4113 4116
f 4115 4117 3440
f 4117 4115 4116
f 4117 4118 3440
f 4118 4117 4119
f 4118 4120 3440
f 4118 4121 4120
f 4120 4122 3440
f 4120 4123 4122
f 4122 4124 3440
f 4124 4122 4125
f 4124 4126 3440
f 4126 4124 4127
f 4126 4128 3440
f 4126 4129 4128
f 4128 4130 3440
f 4130 4128 4131
f 4130 4132 3440
f 4132 4130 4133
f 4132 4134 3440
f 4132 4135 4134
f 4134 4136 3440
f 4134 4137 4136
f 4136 4138 3440
f 4138 4136 4139
f 4138 4140 3440
f 4140 4138 4141
f 4140 4142 3440
f 4142 4140 4141
f 4142 4143 3440
f 4143 4142 4144
f 4143 4145 3440
f 4143 4146 4145
f 4145 4147 3440
f 4147 4145 4148
f 4147 4149 3440
f 4149 4147 4150
f 4149 4151 3440
f 4151 4149 4150
f 4151 4152 3440
f 4152 4151 4153
f 4152 4154 3440
f 4152 4155 4154
f 4154 4156 3440
f 4154 4157 4156
f 4156 3783 3440
f 4156 4158 3783
f 3783 4159 3440
f 4160 4159 3783
f 3428 3440 4159
f 3428 3426 3440
f 4160 3428 4159
f 3427 3428 4160
f 3427 4160 3430
f 4160 4161 3430
f 4160 3783 4161
f 3430 4161 4162
f 4163 4162 4161
f 3430 4162 4164
f 3438 4164 4162
f 3429 3430 4164
f 3429 4164 3432
f 3435 3432 4164
f 3431 3432 3435
f 3435 4164 3438
f 3434 3435 3438
f 3438 4162 4163
f 3437 3438 4163
f 4165 3437 4163
f 3437 4165 3444
f 4166 4165 4163
f 4165 4166 4167
f 4168 4166 4163
f 4168 4167 4166
f 4169 4168 4163
f 4169 4167 4168
f 4170 4169 4163
f 4170 4171 4169
f 4172 4170 4163
f 4172 4173 4170
f 4174 4172 4163
f 4174 4173 4172
f 4175 4174 4163
f 4175 4176 4174
f 4177 4175 4163
f 4177 4178 4175
f 4179 4177 4163
f 4179 4180 4177
f 4181 4179 4163
f 4181 4180 4179
f 4182 4181 4163
f 4182 4183 4181
f 4184 4182 4163
f 4184 4183 4182
f 4185 4184 4163
f 4185 4186 4184
f 4187 4185 4163
f 4187 4186 4185
f 4188 4187 4163
f 4188 4189 4187
f 4190 4188 4163
f 4190 4189 4188
f 4191 4190 4163
f 4191 4192 4190
f 4193 4191 4163
f 4193 4192 4191
f 4194 4193 4163
f 4194 4195 4193
f 4196 4194 4163
f 4196 4197 4194
f 4198 4196 4163
f 4198 4199 4196
f 4200 4198 4163
f 4200 4201 4198
f 4202 4200 4163
f 4202 4203 4200
f 4204 4202 4163
f 4204 4203 4202
f 4205 4204 4163
f 4205 4206 4204
f 4207 4205 4163
f 4207 4206 4205
f 4208 4207 4163
f 4208 4209 4207
f 4210 4208 4163
f 4210 4211 4208
f 4212 4210 4163
f 4212 4213 4210
f 4214 4212 4163
f 4214 4215 4212
f 4214 4163 4216
f 4163 4217 4216
f 4214 4216 4218
f 4216 4219 4218
f 4214 4218 4220
f 4218 4221 4220
f 4214 4220 4222
f 4220 4221 4222
f 4223 4214 4222
f 4223 4224 4214
f 4223 4222 4225
f 4222 4226 4225
f 4223 4225 4227
f 4225 4226 4227
f 4223 4227 4228
f 4227 4229 4228
f 4230 4223 4228
f 4230 4231 4223
f 4230 4228 4232
f 4228 4233 4232
f 4230 4232 4234
f 4232 4235 4234
f 4230 4234 4236
f 4234 4235 4236
f 4237 4230 4236
f 4237 4231 4230
f 4237 4236 4238
f 4236 4239 4238
f 4237 4238 4240
f 4238 4241 4240
f 4237 4240 4242
f 4240 4243 4242
f 4237 4242 4244
f 4242 4245 4244
f 4237 4244 4246
f 4244 4247 4246
f 4237 4246 4248
f 4246 4247 4248
f 4237 4248 4249
f 4248 4250 4249
f 4237 4249 4251
f 4249 4250 4251
f 4237 4251 4252
f 4251 4253 4252
f 4237 4252 4254
f 4252 4255 4254
f 4237 4254 4256
f 4254 4255 4256
f 4237 4256 4257
f 4256 4258 4257
f 4257 4259 4237
f 4257 4258 4259
f 4259 4260 4237
f 4259 4261 4260
f 4260 4262 4237
f 4260 4261 4262
f 4262 4263 4237
f 4262 4264 4263
f 4263 4265 4237
f 4263 4266 4265
f 4265 4267 4237
f 4265 4268 4267
f 4267 4269 4237
f 4267 4268 4269
f 4269 4270 4237
f 4269 4271 4270
f 4270 4272 4237
f 4270 4273 4272
f 4272 4274 4237
f 4272 4273 4274
f 4274 4275 4237
f 4274 4276 4275
f 4275 4277 4237
f 4275 4278 4277
f 4277 4279 4237
f 4277 4280 4279
f 4279 4281 4237
f 4282 4281 4279
f 4281 4283 4237
f 4284 4283 4281
f 4283 4285 4237
f 4286 4285 4283
f 4237 4285 4286
f 4237 4286 4231
f 4286 4287 4231
f 4286 4288 4287
f 4287 4289 4231
f 4289 4287 4290
f 4223 4231 4289
f 4223 4289 4224
f 4224 4289 4214
f 4214 4289 4290
f 4214 4290 4215
f 4215 4290 4212
f 4212 4290 4291
f 4290 4287 4291
f 4212 4291 4213
f 4213 4291 4210
f 4210 4291 4292
f 4287 4292 4291
f 4210 4292 4211
f 4211 4292 4208
f 4208 4292 4293
f 4292 4287 4293
f 4208 4293 4209
f 4209 4293 4207
f 4207 4293 4206
f 4293 4287 4206
f 4287 4203 4206
f 4203 4287 4294
f 4204 4206 4203
f 4294 4287 4295
f 4200 4203 4294
f 4200 4294 4201
f 4201 4294 4198
f 4198 4294 4295
f 4198 4295 4199
f 4199 4295 4196
f 4196 4295 4296
f 4287 4296 4295
f 4196 4296 4197
f 4197 4296 4194
f 4194 4296 4297
f 4296 4287 4297
f 4194 4297 4195
f 4195 4297 4193
f 4193 4297 4192
f 4297 4287 4192
f 4287 4189 4192
f 4189 4287 4186
f 4190 4192 4189
f 4186 4287 4183
f 4187 4189 4186
f 4287 4180 4183
f 4184 4186 4183
f 4180 4287 4298
f 4181 4183 4180
f 4298 4287 4299
f 4177 4180 4298
f 4177 4298 4178
f 4178 4298 4175
f 4175 4298 4299
f 4175 4299 4176
f 4176 4299 4174
f 4174 4299 4173
f 4173 4299 4300
f 4287 4300 4299
f 4301 4173 4300
f 4302 4173 4301
f 4303 4301 4300
f 4303 4304 4301
f 4305 4303 4300
f 4303 4305 4306
f 4306 4305 4300
f 4306 4300 4287
f 4307 4306 4287
f 4306 4307 4308
f 4308 4307 4287
f 4308 4287 4288
f 4309 4308 4288
f 4308 4309 4310
f 4310 4309 4288
f 4310 4288 4311
f 4288 4286 4311
f 4312 4310 4311
f 4310 4312 4313
f 4313 4312 4311
f 4313 4311 4314
f 4286 4314 4311
f 4315 4313 4314
f 4313 4315 4316
f 4316 4315 4314
f 4316 4314 4317
f 4314 4286 4317
f 4318 4316 4317
f 4316 4318 4319
f 4319 4318 4317
f 4319 4317 4320
f 4317 4286 4320
f 4321 4319 4320
f 4319 4321 4322
f 4322 4321 4320
f 4322 4320 4323
f 4286 4323 4320
f 4324 4322 4323
f 4322 4324 4325
f 4325 4324 4323
f 4325 4323 4326
f 4323 4286 4326
f 4327 4325 4326
f 4325 4327 4328
f 4327 4326 4329
f 4326 4286 4329
f 4329 4328 4327
f 4329 4330 4328
f 4331 4330 4329
f 4332 4328 4330
f 4328 4332 4333
f 4334 4332 4330
f 4334 4335 4332
f 4334 4330 4336
f 4330 4337 4336
f 4338 4334 4336
f 4338 4339 4334
f 4340 4338 4336
f 4340 4341 4338
f 4342 4340 4336
f 4342 4343 4340
f 4342 4336 4344
f 4336 4345 4344
f 4344 4346 4342
f 4344 4347 4346
f 4346 4348 4342
f 4346 4349 4348
f 4348 4350 4342
f 4348 4351 4350
f 4350 4352 4342
f 4350 4353 4352
f 4352 4354 4342
f 4352 4355 4354
f 4354 4356 4342
f 4354 4357 4356
f 4356 4358 4342
f 4356 4357 4358
f 4342 4358 4359
f 4359 4358 4360
f 4342 4359 4361
f 4359 4360 4361
f 4342 4361 4362
f 4361 4363 4362
f 4342 4362 4364
f 4362 4365 4364
f 4342 4364 4343
f 4364 4366 4343
f 4364 4367 4366
f 4366 4368 4343
f 4366 4369 4368
f 4368 4370 4343
f 4370 4368 4371
f 4343 4370 4371
f 4343 4371 4372
f 4373 4372 4371
f 4374 4343 4372
f 4343 4374 4375
f 4375 4374 4372
f 4375 4372 4376
f 4372 4373 4376
f 4377 4375 4376
f 4375 4377 4378
f 4378 4377 4376
f 4378 4376 4379
f 4376 4373 4379
f 4380 4378 4379
f 4378 4380 4381
f 4381 4380 4379
f 4381 4379 4382
f 4373 4382 4379
f 4383 4381 4382
f 4381 4383 4384
f 4384 4383 4382
f 4384 4382 4385
f 4382 4373 4385
f 4386 4384 4385
f 4384 4386 4387
f 4387 4386 4385
f 4387 4385 4388
f 4385 4373 4388
f 4389 4387 4388
f 4387 4389 4390
f 4390 4389 4388
f 4390 4388 4391
f 4373 4391 4388
f 4392 4390 4391
f 4390 4392 4393
f 4393 4392 4391
f 4393 4391 4394
f 4391 4373 4394
f 4395 4393 4394
f 4393 4395 4340
f 4340 4395 4394
f 4340 4394 4396
f 4394 4373 4396
f 4397 4340 4396
f 4340 4397 4398
f 4398 4397 4396
f 4398 4396 4399
f 4373 4399 4396
f 4400 4398 4399
f 4398 4400 4401
f 4401 4400 4399
f 4401 4399 4402
f 4399 4373 4402
f 4403 4401 4402
f 4401 4403 4404
f 4404 4403 4402
f 4404 4402 4405
f 4402 4373 4405
f 4406 4404 4405
f 4404 4406 4341
f 4341 4406 4405
f 4341 4405 4407
f 4373 4407 4405
f 4408 4341 4407
f 4341 4408 4409
f 4409 4408 4407
f 4409 4407 4410
f 4407 4373 4410
f 4411 4409 4410
f 4409 4411 4412
f 4412 4411 4410
f 4412 4410 4413
f 4410 4373 4413
f 4414 4412 4413
f 4412 4414 4415
f 4415 4414 4413
f 4415 4413 4416
f 4373 4416 4413
f 4417 4415 4416
f 4415 4417 4338
f 4338 4417 4416
f 4338 4416 4418
f 4416 4373 4418
f 4419 4338 4418
f 4338 4419 4420
f 4420 4419 4418
f 4420 4418 4421
f 4418 4373 4421
f 4422 4420 4421
f 4420 4422 4339
f 4339 4422 4421
f 4339 4421 4423
f 4421 4167 4423
f 4424 4339 4423
f 4339 4424 4425
f 4425 4424 4423
f 4425 4423 4426
f 4423 4167 4426
f 4427 4425 4426
f 4425 4427 4334
f 4334 4427 4426
f 4334 4426 4428
f 4429 4428 4426
f 4335 4334 4428
f 4332 4335 4428
f 4332 4428 4430
f 4428 4429 4430
f 4332 4430 4333
f 4431 4333 4430
f 4328 4333 4431
f 4431 4430 4432
f 4430 4429 4432
f 4433 4431 4432
f 4431 4433 4434
f 4434 4433 4432
f 4434 4432 4435
f 4429 4435 4432
f 4436 4434 4435
f 4431 4434 4436
f 4437 4436 4435
f 4436 4437 4438
f 4437 4435 4439
f 4435 4429 4439
f 4440 4437 4439
f 4437 4440 4438
f 4438 4440 4439
f 4438 4439 4302
f 4439 4429 4302
f 4441 4438 4302
f 4438 4441 4304
f 4442 4441 4302
f 4441 4442 4304
f 4442 4302 4301
f 4304 4442 4301
f 4438 4304 4310
f 4304 4306 4310
f 4310 4431 4438
f 4310 4322 4431
f 4431 4436 4438
f 4310 4316 4322
f 4322 4328 4431
f 4322 4325 4328
f 4310 4313 4316
f 4316 4319 4322
f 4304 4303 4306
f 4306 4308 4310
f 4429 4173 4302
f 4170 4173 4429
f 4170 4429 4171
f 4171 4429 4169
f 4169 4429 4167
f 4167 4429 4426
f 4339 4425 4334
f 4373 4167 4421
f 4167 4373 3444
f 3444 4373 4443
f 4167 3444 4165
f 4443 4373 4444
f 3444 4443 4445
f 4443 4444 4445
f 3444 4445 3443
f 4445 4444 3443
f 4444 4446 3443
f 4444 4447 4446
f 3443 4446 3458
f 3458 4446 4447
f 4448 3458 4447
f 3458 4448 3457
f 4448 4447 4449
f 4449 4447 4450
f 4451 4448 4449
f 4448 4451 3457
f 4452 4451 4449
f 4451 4452 4453
f 4452 4449 4454
f 4454 4449 4455
f 4453 4452 4454
f 4456 4453 4454
f 4453 4456 3457
f 4456 4454 4457
f 4457 4454 4458
f 4459 4456 4457
f 4456 4459 3457
f 4460 4459 4457
f 4459 4460 3457
f 4460 4457 4461
f 4461 4457 4462
f 4463 4460 4461
f 4460 4463 3457
f 4464 4463 4461
f 4463 4464 4465
f 4464 4461 4466
f 4466 4461 4467
f 4465 4464 4466
f 4468 4465 4466
f 4465 4468 3457
f 4468 4466 4469
f 4469 4466 4470
f 4471 4468 4469
f 4468 4471 3457
f 4472 4471 4469
f 4471 4472 3457
f 4472 4469 4473
f 4473 4469 4474
f 4475 4472 4473
f 4472 4475 3457
f 4476 4475 4473
f 4475 4476 4477
f 4476 4473 4478
f 4478 4473 4479
f 4477 4476 4478
f 4480 4477 4478
f 4477 4480 4481
f 4480 4478 4482
f 4482 4478 4483
f 4481 4480 4482
f 4484 4481 4482
f 4481 4484 4485
f 4484 4482 4486
f 4486 4482 4487
f 4488 4484 4486
f 4484 4488 4485
f 4489 4488 4486
f 4488 4489 4490
f 4489 4486 4491
f 4491 4486 4492
f 4490 4489 4491
f 4493 4490 4491
f 4490 4493 4485
f 4493 4491 4494
f 4494 4491 4492
f 4495 4493 4494
f 4493 4495 4485
f 4496 4495 4494
f 4495 4496 4485
f 4496 4494 4497
f 4497 4494 4492
f 4498 4496 4497
f 4496 4498 4485
f 4499 4498 4497
f 4498 4499 4485
f 4499 4497 4500
f 4500 4497 4492
f 4501 4499 4500
f 4499 4501 4485
f 4502 4501 4500
f 4501 4502 4503
f 4502 4500 4504
f 4504 4500 4492
f 4503 4502 4504
f 4505 4503 4504
f 4503 4505 4485
f 4505 4504 4506
f 4506 4504 4507
f 4508 4505 4506
f 4505 4508 4485
f 4509 4508 4506
f 4508 4509 4510
f 4509 4506 4511
f 4511 4506 4507
f 4510 4509 4511
f 4512 4510 4511
f 4510 4512 4513
f 4512 4511 4514
f 4514 4511 4507
f 4513 4512 4514
f 4515 4513 4514
f 4513 4515 4516
f 4515 4514 4517
f 4517 4514 4518
f 4516 4515 4517
f 4519 4516 4517
f 4516 4519 4520
f 4519 4517 4521
f 4521 4517 4518
f 4520 4519 4521
f 4522 4520 4521
f 4520 4522 4523
f 4522 4521 4524
f 4524 4521 4518
f 4523 4522 4524
f 4525 4523 4524
f 4523 4525 4526
f 4525 4524 4527
f 4527 4524 4528
f 4529 4525 4527
f 4525 4529 4530
f 4531 4529 4527
f 4529 4531 4532
f 4531 4527 4533
f 4533 4527 4528
f 4534 4531 4533
f 4531 4534 4535
f 4536 4534 4533
f 4534 4536 4537
f 4536 4533 4538
f 4538 4533 4528
f 4539 4536 4538
f 4536 4539 4540
f 4541 4539 4538
f 4539 4541 4542
f 4541 4538 4543
f 4543 4538 4528
f 4542 4541 4543
f 4544 4542 4543
f 4542 4544 4545
f 4544 4543 4546
f 4546 4543 4547
f 4545 4544 4546
f 4548 4545 4546
f 4545 4548 4549
f 4548 4546 4550
f 4550 4546 4547
f 4549 4548 4550
f 4551 4549 4550
f 4549 4551 4552
f 4551 4550 4553
f 4553 4550 4547
f 4552 4551 4553
f 4554 4552 4553
f 4552 4554 4555
f 4554 4553 4556
f 4556 4553 4557
f 4558 4554 4556
f 4554 4558 4559
f 4560 4558 4556
f 4558 4560 4561
f 4560 4556 4562
f 4562 4556 4557
f 4561 4560 4562
f 4563 4561 4562
f 4561 4563 4564
f 4563 4562 4565
f 4565 4562 4557
f 4566 4563 4565
f 4563 4566 4567
f 4568 4566 4565
f 4566 4568 4569
f 4568 4565 4570
f 4570 4565 4571
f 4569 4568 4570
f 4572 4569 4570
f 4569 4572 4573
f 4572 4570 4574
f 4574 4570 4571
f 4575 4572 4574
f 4572 4575 4576
f 4577 4575 4574
f 4575 4577 4578
f 4577 4574 4579
f 4579 4574 4580
f 4578 4577 4579
f 4581 4578 4579
f 4578 4581 4582
f 4581 4579 4583
f 4583 4579 4580
f 4582 4581 4583
f 4584 4582 4583
f 4582 4584 4585
f 4584 4583 4586
f 4586 4583 4587
f 4588 4584 4586
f 4584 4588 4589
f 4590 4588 4586
f 4588 4590 4591
f 4590 4586 4592
f 4592 4586 4593
f 4594 4590 4592
f 4590 4594 4595
f 4596 4594 4592
f 4594 4596 4597
f 4596 4592 4598
f 4598 4592 4599
f 4597 4596 4598
f 4600 4597 4598
f 4597 4600 4601
f 4600 4598 4602
f 4602 4598 4599
f 4601 4600 4602
f 4603 4601 4602
f 4601 4603 4604
f 4603 4602 4605
f 4605 4602 4606
f 4284 4603 4605
f 4603 4284 4281
f 4284 4605 4286
f 4286 4605 4607
f 4286 4283 4284
f 4607 4605 4606
f 4608 4286 4607
f 4609 4286 4608
f 4610 4608 4607
f 4610 4611 4608
f 4612 4610 4607
f 4610 4612 4613
f 4612 4607 4606
f 4612 4606 4613
f 4613 4606 4614
f 4614 4606 4599
f 4613 4614 4615
f 4614 4599 4615
f 4613 4615 4345
f 4615 4616 4345
f 4617 4613 4345
f 4617 4610 4613
f 4336 4617 4345
f 4336 4618 4617
f 4336 4619 4618
f 4618 4620 4617
f 4618 4621 4620
f 4620 4622 4617
f 4622 4620 4609
f 4617 4622 4609
f 4617 4609 4608
f 4611 4617 4608
f 4617 4611 4610
f 4620 4623 4609
f 4620 4621 4623
f 4286 4609 4623
f 4286 4623 4624
f 4618 4624 4623
f 4625 4286 4624
f 4626 4286 4625
f 4619 4625 4624
f 4619 4627 4625
f 4628 4619 4624
f 4619 4628 4618
f 4618 4628 4624
f 4336 4627 4619
f 4627 4336 4625
f 4336 4626 4625
f 4336 4629 4626
f 4337 4629 4336
f 4629 4337 4626
f 4337 4329 4626
f 4337 4331 4329
f 4286 4626 4329
f 4330 4331 4337
f 4621 4618 4623
f 4615 4599 4616
f 4616 4593 4345
f 4616 4599 4593
f 4345 4593 4630
f 4630 4593 4587
f 4345 4630 4631
f 4630 4587 4631
f 4345 4631 4632
f 4631 4633 4632
f 4345 4632 4634
f 4632 4635 4634
f 4345 4634 4344
f 4634 4636 4344
f 4634 4637 4636
f 4636 4638 4344
f 4636 4639 4638
f 4638 4640 4344
f 4638 4518 4640
f 4640 4641 4344
f 4640 4518 4641
f 4344 4641 4642
f 4642 4641 4643
f 4344 4642 4644
f 4642 4643 4644
f 4344 4644 4645
f 4644 4646 4645
f 4344 4645 4347
f 4645 4647 4347
f 4645 4648 4647
f 4647 4649 4347
f 4647 4507 4649
f 4649 4492 4347
f 4649 4507 4492
f 4347 4492 4650
f 4650 4492 4487
f 4347 4650 4651
f 4650 4487 4651
f 4347 4651 4652
f 4651 4653 4652
f 4347 4652 4346
f 4652 4654 4346
f 4652 4655 4654
f 4654 4656 4346
f 4654 4657 4656
f 4656 4479 4346
f 4656 4657 4479
f 4346 4479 4658
f 4658 4479 4474
f 4346 4658 4659
f 4658 4474 4659
f 4346 4659 4349
f 4659 4660 4349
f 4659 4474 4660
f 4660 4470 4349
f 4660 4474 4470
f 4349 4470 4661
f 4661 4470 4467
f 4349 4661 4662
f 4661 4467 4662
f 4349 4662 4348
f 4662 4663 4348
f 4662 4467 4663
f 4663 4664 4348
f 4663 4467 4664
f 4348 4664 4665
f 4665 4664 4462
f 4348 4665 4351
f 4665 4462 4351
f 4351 4462 4666
f 4666 4462 4458
f 4351 4666 4350
f 4666 4458 4350
f 4350 4458 4667
f 4667 4458 4455
f 4350 4667 4353
f 4667 4455 4353
f 4353 4455 4668
f 4668 4455 4450
f 4353 4668 4352
f 4668 4450 4352
f 4352 4450 4355
f 4355 4450 4357
f 4450 4447 4357
f 4355 4357 4354
f 4357 4447 4358
f 4447 4360 4358
f 4360 4447 4669
f 4669 4447 4670
f 4363 4360 4669
f 4361 4360 4363
f 4363 4669 4362
f 4362 4669 4671
f 4671 4669 4670
f 4362 4671 4365
f 4671 4670 4365
f 4365 4670 4672
f 4364 4672 4670
f 4365 4672 4364
f 4364 4670 4673
f 4670 4444 4673
f 4674 4364 4673
f 4364 4674 4367
f 4367 4674 4673
f 4367 4673 4675
f 4673 4444 4675
f 4676 4367 4675
f 4367 4676 4366
f 4366 4676 4675
f 4366 4675 4677
f 4675 4373 4677
f 4369 4366 4677
f 4368 4369 4677
f 4368 4677 4371
f 4677 4373 4371
f 4444 4373 4675
f 4447 4444 4670
f 4455 4449 4450
f 4458 4454 4455
f 4462 4457 4458
f 4664 4461 4462
f 4467 4461 4664
f 4470 4466 4467
f 4474 4469 4470
f 4479 4473 4474
f 4657 4478 4479
f 4483 4478 4657
f 4655 4483 4657
f 4652 4483 4655
f 4655 4657 4654
f 4653 4483 4652
f 4653 4487 4483
f 4651 4487 4653
f 4487 4482 4483
f 4492 4486 4487
f 4507 4504 4492
f 4648 4507 4647
f 4648 4678 4507
f 4645 4678 4648
f 4678 4514 4507
f 4643 4514 4678
f 4514 4643 4641
f 4646 4643 4678
f 4644 4643 4646
f 4646 4678 4645
f 4518 4514 4641
f 4639 4518 4638
f 4639 4528 4518
f 4636 4528 4639
f 4528 4524 4518
f 4679 4528 4636
f 4679 4547 4528
f 4637 4679 4636
f 4637 4547 4679
f 4680 4547 4637
f 4680 4557 4547
f 4634 4680 4637
f 4634 4557 4680
f 4681 4557 4634
f 4681 4571 4557
f 4635 4681 4634
f 4635 4571 4681
f 4682 4571 4635
f 4682 4580 4571
f 4632 4682 4635
f 4632 4580 4682
f 4633 4580 4632
f 4633 4587 4580
f 4631 4587 4633
f 4587 4583 4580
f 4580 4574 4571
f 4571 4565 4557
f 4557 4553 4547
f 4547 4543 4528
f 4593 4586 4587
f 4599 4592 4593
f 4606 4602 4599
f 4603 4281 4604
f 4281 4683 4604
f 4282 4683 4281
f 4604 4683 4282
f 4684 4604 4282
f 4604 4684 4685
f 4684 4282 4686
f 4268 4686 4282
f 4685 4684 4686
f 4687 4685 4686
f 4685 4687 4688
f 4687 4686 4689
f 4686 4268 4689
f 4688 4687 4689
f 4690 4688 4689
f 4688 4690 4595
f 4690 4689 4691
f 4689 4268 4691
f 4692 4690 4691
f 4690 4692 4595
f 4693 4692 4691
f 4692 4693 4595
f 4693 4691 4694
f 4268 4694 4691
f 4695 4693 4694
f 4693 4695 4696
f 4697 4695 4694
f 4695 4697 4698
f 4697 4694 4699
f 4694 4268 4699
f 4698 4697 4699
f 4700 4698 4699
f 4698 4700 4701
f 4700 4699 4702
f 4699 4268 4702
f 4701 4700 4702
f 4703 4701 4702
f 4701 4703 4696
f 4703 4702 4704
f 4268 4704 4702
f 4705 4703 4704
f 4703 4705 4696
f 4706 4705 4704
f 4705 4706 4696
f 4706 4704 4707
f 4707 4704 4708
f 4709 4706 4707
f 4706 4709 4696
f 4710 4709 4707
f 4709 4710 4711
f 4710 4707 4712
f 4712 4707 4708
f 4711 4710 4712
f 4713 4711 4712
f 4711 4713 4714
f 4713 4712 4715
f 4715 4712 4716
f 4714 4713 4715
f 4717 4714 4715
f 4714 4717 4718
f 4717 4715 4719
f 4719 4715 4716
f 4718 4717 4719
f 4720 4718 4719
f 4718 4720 4721
f 4720 4719 4722
f 4722 4719 4716
f 4721 4720 4722
f 4723 4721 4722
f 4721 4723 4724
f 4723 4722 4725
f 4725 4722 4726
f 4724 4723 4725
f 4727 4724 4725
f 4724 4727 4728
f 4727 4725 4729
f 4729 4725 4726
f 4728 4727 4729
f 4730 4728 4729
f 4728 4730 4731
f 4730 4729 4732
f 4732 4729 4726
f 4731 4730 4732
f 4733 4731 4732
f 4731 4733 4734
f 4733 4732 4735
f 4735 4732 4726
f 4736 4733 4735
f 4733 4736 4734
f 4737 4736 4735
f 4736 4737 4738
f 4737 4735 4739
f 4739 4735 4740
f 4741 4737 4739
f 4737 4741 4742
f 4743 4741 4739
f 4741 4743 4744
f 4743 4739 4745
f 4745 4739 4746
f 4747 4743 4745
f 4743 4747 4748
f 4749 4747 4745
f 4747 4749 4750
f 4749 4745 4751
f 4751 4745 4746
f 4750 4749 4751
f 4752 4750 4751
f 4750 4752 4753
f 4752 4751 4754
f 4751 4746 4754
f 4753 4752 4754
f 4755 4753 4754
f 4753 4755 4748
f 4755 4754 4746
f 4756 4755 4746
f 4755 4756 4748
f 4757 4756 4746
f 4756 4757 4758
f 4757 4746 4740
f 4746 4739 4740
f 4758 4757 4740
f 4759 4758 4740
f 4758 4759 4760
f 4759 4740 4726
f 4740 4735 4726
f 4761 4759 4726
f 4759 4761 4760
f 4761 4726 4716
f 4726 4722 4716
f 4716 4760 4761
f 4716 4762 4760
f 4763 4762 4716
f 4764 4760 4762
f 4760 4764 4765
f 4766 4764 4762
f 4766 4767 4764
f 4766 4762 4768
f 4762 4769 4768
f 4766 4768 4770
f 4768 4771 4770
f 4772 4766 4770
f 4772 4773 4766
f 4770 4774 4772
f 4770 4775 4774
f 4774 4776 4772
f 4774 4777 4776
f 4776 4778 4772
f 4778 4776 4779
f 4772 4778 4779
f 4772 4779 4780
f 4779 4781 4780
f 4782 4772 4780
f 4772 4782 4783
f 4783 4782 4780
f 4783 4780 4784
f 4781 4784 4780
f 4785 4783 4784
f 4783 4785 4773
f 4773 4785 4784
f 4773 4784 4786
f 4784 4781 4786
f 4787 4773 4786
f 4773 4787 4788
f 4787 4786 4789
f 4786 4781 4789
f 4787 4789 4788
f 4788 4789 4790
f 4790 4789 4791
f 4788 4790 4766
f 4790 4791 4766
f 4773 4788 4766
f 4766 4791 4767
f 4764 4767 4791
f 4791 4765 4764
f 4791 4792 4765
f 4791 4793 4792
f 4765 4792 4794
f 4794 4792 4795
f 4765 4794 4796
f 4794 4795 4796
f 4760 4765 4796
f 4760 4796 4748
f 4796 4797 4748
f 4758 4760 4748
f 4756 4758 4748
f 4796 4798 4797
f 4797 4799 4748
f 4797 4800 4799
f 4799 4801 4748
f 4799 4800 4801
f 4748 4801 4802
f 4802 4801 4803
f 4748 4802 4804
f 4802 4803 4804
f 4748 4804 4805
f 4804 4806 4805
f 4748 4805 4807
f 4805 4808 4807
f 4748 4807 4809
f 4807 4810 4809
f 4748 4809 4811
f 4809 4812 4811
f 4748 4811 4813
f 4811 4812 4813
f 4748 4813 4814
f 4813 4815 4814
f 4748 4814 4816
f 4814 4815 4816
f 4748 4816 4817
f 4816 4818 4817
f 4748 4817 4744
f 4817 4818 4744
f 4743 4748 4744
f 4744 4818 4819
f 4818 4820 4819
f 4744 4819 4821
f 4821 4819 4742
f 4744 4821 4742
f 4741 4744 4742
f 4742 4819 4822
f 4819 4820 4822
f 4742 4822 4738
f 4738 4822 4734
f 4737 4742 4738
f 4734 4822 4823
f 4736 4738 4734
f 4820 4823 4822
f 4734 4823 4824
f 4824 4823 4696
f 4734 4824 4696
f 4709 4734 4696
f 4709 4711 4734
f 4711 4714 4734
f 4714 4718 4734
f 4718 4721 4734
f 4721 4724 4734
f 4724 4728 4734
f 4728 4731 4734
f 4696 4823 4825
f 4820 4825 4823
f 4696 4825 4826
f 4826 4825 4595
f 4696 4826 4595
f 4693 4696 4595
f 4595 4825 4820
f 4595 4820 4827
f 4827 4820 4591
f 4595 4827 4591
f 4590 4595 4591
f 4591 4820 4828
f 4828 4820 4829
f 4591 4828 4589
f 4589 4828 4585
f 4588 4591 4589
f 4585 4828 4829
f 4584 4589 4585
f 4585 4829 4830
f 4830 4829 4576
f 4585 4830 4576
f 4575 4585 4576
f 4575 4578 4585
f 4578 4582 4585
f 4573 4576 4829
f 4572 4576 4573
f 4573 4829 4831
f 4829 4820 4831
f 4832 4573 4831
f 4569 4573 4832
f 4833 4832 4831
f 4832 4833 4567
f 4833 4831 4834
f 4820 4834 4831
f 4567 4833 4834
f 4835 4567 4834
f 4567 4835 4564
f 4835 4834 4836
f 4834 4820 4836
f 4564 4835 4836
f 4837 4564 4836
f 4564 4837 4838
f 4837 4836 4839
f 4836 4820 4839
f 4838 4837 4839
f 4840 4838 4839
f 4838 4840 4559
f 4840 4839 4841
f 4839 4842 4841
f 4559 4840 4841
f 4843 4559 4841
f 4559 4843 4555
f 4843 4841 4844
f 4841 4842 4844
f 4555 4843 4844
f 4845 4555 4844
f 4552 4555 4845
f 4845 4844 4846
f 4842 4846 4844
f 4847 4845 4846
f 4549 4845 4847
f 4848 4847 4846
f 4545 4847 4848
f 4848 4846 4849
f 4846 4842 4849
f 4850 4848 4849
f 4542 4848 4850
f 4540 4850 4849
f 4539 4850 4540
f 4540 4849 4851
f 4849 4842 4851
f 4537 4540 4851
f 4536 4540 4537
f 4535 4537 4851
f 4534 4537 4535
f 4535 4851 4852
f 4842 4852 4851
f 4532 4535 4852
f 4531 4535 4532
f 4853 4532 4852
f 4532 4853 4530
f 4853 4852 4854
f 4852 4842 4854
f 4530 4853 4854
f 4855 4530 4854
f 4530 4855 4526
f 4855 4854 4856
f 4854 4842 4856
f 4526 4855 4856
f 4857 4526 4856
f 4526 4857 4858
f 4857 4856 4859
f 4842 4859 4856
f 4858 4857 4859
f 4860 4858 4859
f 4513 4858 4860
f 4860 4859 4861
f 4859 4842 4861
f 4862 4860 4861
f 4510 4860 4862
f 4863 4862 4861
f 4862 4863 4864
f 4863 4861 4865
f 4861 4842 4865
f 4866 4863 4865
f 4863 4866 4864
f 4864 4866 4865
f 4864 4865 4867
f 4842 4867 4865
f 4868 4864 4867
f 4864 4868 4869
f 4869 4868 4867
f 4869 4867 4870
f 4867 4842 4870
f 4871 4869 4870
f 4869 4871 4872
f 4872 4871 4870
f 4872 4870 4873
f 4870 4842 4873
f 4874 4872 4873
f 4872 4874 4875
f 4875 4874 4873
f 4875 4873 4876
f 4842 4876 4873
f 4877 4875 4876
f 4875 4877 4878
f 4878 4877 4876
f 4878 4876 4879
f 4876 4880 4879
f 4881 4878 4879
f 4878 4881 4882
f 4882 4881 4879
f 4882 4879 4883
f 4879 4884 4883
f 4885 4882 4883
f 4882 4885 4886
f 4886 4885 4883
f 4886 4883 4887
f 4883 4888 4887
f 4889 4886 4887
f 4886 4889 4485
f 4485 4889 4887
f 4485 4887 4890
f 4891 4890 4887
f 3457 4485 4890
f 4477 4485 3457
f 3457 4890 4891
f 3550 3457 4891
f 3550 4891 4888
f 4888 4891 4887
f 4892 3550 4888
f 3550 4892 3549
f 4893 4892 4888
f 4892 4893 4894
f 4893 4888 4884
f 4884 4888 4883
f 4894 4893 4884
f 4895 4894 4884
f 4894 4895 4896
f 4895 4884 4897
f 4897 4884 4879
f 4896 4895 4897
f 4898 4896 4897
f 4896 4898 3549
f 4898 4897 4880
f 4880 4897 4879
f 4899 4898 4880
f 4898 4899 3549
f 4900 4899 4880
f 4899 4900 4901
f 4900 4880 4902
f 4902 4880 4876
f 4901 4900 4902
f 4903 4901 4902
f 4901 4903 3549
f 4903 4902 4904
f 4904 4902 4842
f 4905 4903 4904
f 4903 4905 3549
f 4906 4905 4904
f 4905 4906 4907
f 4906 4904 4908
f 4908 4904 4842
f 4907 4906 4908
f 4909 4907 4908
f 4907 4909 4910
f 4909 4908 4911
f 4911 4908 4912
f 4910 4909 4911
f 4913 4910 4911
f 4910 4913 4914
f 4913 4911 4915
f 4915 4911 4916
f 4917 4913 4915
f 4913 4917 4918
f 4919 4917 4915
f 4917 4919 4920
f 4919 4915 4921
f 4921 4915 4922
f 4920 4919 4921
f 4923 4920 4921
f 4920 4923 4924
f 4923 4921 4925
f 4925 4921 4926
f 4924 4923 4925
f 4927 4924 4925
f 4924 4927 4928
f 4927 4925 4929
f 4925 4930 4929
f 4931 4927 4929
f 4927 4931 4928
f 4932 4931 4929
f 4931 4932 4928
f 4932 4929 4933
f 4929 4930 4933
f 4934 4932 4933
f 4932 4934 4928
f 4935 4934 4933
f 4934 4935 4936
f 4935 4933 4937
f 4933 4938 4937
f 4936 4935 4937
f 4939 4936 4937
f 4936 4939 4928
f 4939 4937 4940
f 4937 4938 4940
f 4941 4939 4940
f 4939 4941 4928
f 4942 4941 4940
f 4941 4942 4943
f 4942 4940 4944
f 4940 4945 4944
f 4943 4942 4944
f 4946 4943 4944
f 4943 4946 4928
f 4946 4944 4947
f 4945 4947 4944
f 4948 4946 4947
f 4946 4948 4928
f 4949 4948 4947
f 4948 4949 4950
f 4949 4947 4951
f 4951 4947 4952
f 4950 4949 4951
f 4953 4950 4951
f 4950 4953 4954
f 4953 4951 4955
f 4955 4951 4952
f 4954 4953 4955
f 4956 4954 4955
f 4954 4956 4957
f 4956 4955 4958
f 4958 4955 4959
f 4957 4956 4958
f 4960 4957 4958
f 4957 4960 4928
f 4960 4958 4961
f 4961 4958 4962
f 4963 4960 4961
f 4960 4963 4964
f 4965 4963 4961
f 4963 4965 4966
f 4965 4961 4967
f 4967 4961 4962
f 4966 4965 4967
f 4968 4966 4967
f 4966 4968 4969
f 4968 4967 4970
f 4970 4967 4962
f 4969 4968 4970
f 4971 4969 4970
f 4969 4971 4972
f 4971 4970 4973
f 4973 4970 4974
f 4972 4971 4973
f 4975 4972 4973
f 4972 4975 4976
f 4975 4973 4974
f 4977 4975 4974
f 4975 4977 4978
f 4977 4974 4962
f 4974 4970 4962
f 4977 4962 4979
f 4979 4962 4980
f 4977 4979 4980
f 4977 4980 4981
f 4980 4982 4981
f 4977 4981 4978
f 4981 4983 4978
f 4983 4981 4984
f 4978 4983 4985
f 4983 4984 4985
f 4976 4978 4985
f 4975 4978 4976
f 4976 4985 4986
f 4986 4985 4781
f 4987 4976 4986
f 4972 4976 4987
f 4988 4987 4986
f 4987 4988 4989
f 4988 4986 4990
f 4990 4986 4991
f 4989 4988 4990
f 4992 4989 4990
f 4966 4989 4992
f 4992 4990 4993
f 4993 4990 4991
f 4994 4992 4993
f 4963 4992 4994
f 4994 4993 4995
f 4995 4993 4991
f 4995 4996 4994
f 4995 4997 4996
f 4994 4996 4998
f 4999 4998 4996
f 4963 4994 4998
f 4963 4998 4964
f 5000 4964 4998
f 5000 5001 4964
f 4998 4999 5000
f 5002 5000 4999
f 5003 5000 5002
f 5003 5002 4999
f 5003 4999 5004
f 4999 5005 5004
f 5003 5004 5006
f 5004 5007 5006
f 5003 5006 5008
f 5006 5007 5008
f 5003 5008 5009
f 5008 5010 5009
f 4163 5003 5009
f 4163 5011 5003
f 4163 5009 5012
f 5009 5013 5012
f 4163 5012 5014
f 5012 5013 5014
f 4163 5014 5015
f 5014 5016 5015
f 4163 5015 5017
f 5015 5016 5017
f 4163 5017 5018
f 5017 5019 5018
f 4163 5018 5020
f 5018 5019 5020
f 4163 5020 5021
f 5020 5022 5021
f 4163 5021 5023
f 5021 5022 5023
f 4163 5023 5024
f 5023 5025 5024
f 4163 5024 5026
f 5024 5025 5026
f 4163 5026 5027
f 5026 5028 5027
f 4163 5027 5029
f 5027 5028 5029
f 4163 5029 4217
f 5029 5030 4217
f 5029 5031 5030
f 5030 5031 4217
f 4217 5031 4219
f 5031 5032 4219
f 4217 4219 4216
f 5033 5032 5031
f 5032 5034 4219
f 5035 5034 5032
f 4219 5034 4221
f 5034 5036 4221
f 4218 4219 4221
f 5037 5036 5034
f 4221 5036 4226
f 4226 5036 5038
f 4222 4221 4226
f 5036 5039 5038
f 4227 4226 5038
f 4227 5038 4229
f 4229 5038 4228
f 4228 5038 5040
f 5038 5039 5040
f 4228 5040 4233
f 4233 5040 4232
f 4232 5040 4235
f 5040 5041 4235
f 5039 5041 5040
f 4235 5041 5042
f 5041 5043 5042
f 4236 4235 5042
f 4236 5042 4239
f 4239 5042 4238
f 4238 5042 5044
f 5042 5043 5044
f 4238 5044 4241
f 4241 5044 4240
f 4240 5044 5045
f 5044 5043 5045
f 4240 5045 4243
f 4243 5045 4242
f 4242 5045 5046
f 5045 5047 5046
f 4242 5046 4245
f 4245 5046 4244
f 4244 5046 4247
f 5046 5047 4247
f 5047 5048 4247
f 5049 5048 5047
f 4247 5048 4250
f 5048 4781 4250
f 4248 4247 4250
f 5050 4781 5048
f 4781 5051 4250
f 5051 4781 4255
f 4251 4250 5051
f 4251 5051 4253
f 4253 5051 4252
f 4252 5051 4255
f 4255 4781 5052
f 4781 5053 5052
f 4268 4255 5052
f 4268 4258 4255
f 5054 4268 5052
f 5055 4268 5054
f 4775 5054 5052
f 4775 5056 5054
f 5057 4775 5052
f 4775 5057 5058
f 5058 5057 5052
f 5058 5052 5053
f 5059 5058 5053
f 5058 5059 4774
f 5060 5059 5053
f 5059 5060 4774
f 5060 5053 5061
f 5053 4781 5061
f 4774 5060 5061
f 5062 4774 5061
f 4774 5062 5063
f 5062 5061 5064
f 5061 4781 5064
f 5063 5062 5064
f 4777 5063 5064
f 4774 5063 4777
f 4777 5064 5065
f 4781 5065 5064
f 5066 4777 5065
f 4777 5066 4776
f 4776 5066 5065
f 4776 5065 4779
f 5065 4781 4779
f 4775 5058 4774
f 5067 5056 4775
f 5056 5067 5054
f 5067 5055 5054
f 5067 5068 5055
f 4770 5068 5067
f 5068 4770 5055
f 4770 5069 5055
f 4770 5070 5069
f 4268 5055 5069
f 5071 4268 5069
f 5072 4268 5071
f 5073 5071 5069
f 5073 5074 5071
f 5070 5073 5069
f 5073 5070 4770
f 4771 5073 4770
f 4771 5074 5073
f 5074 4771 5071
f 4771 5072 5071
f 4771 5075 5072
f 5076 5075 4771
f 5075 5076 5072
f 5076 5077 5072
f 5076 5078 5077
f 4268 5072 5077
f 4708 4268 5077
f 4704 4268 4708
f 4768 4708 5077
f 4768 5079 4708
f 5078 4768 5077
f 4768 5078 5076
f 4768 5076 4771
f 4769 5079 4768
f 5079 4769 4708
f 4769 4716 4708
f 4769 4763 4716
f 4716 4712 4708
f 4762 4763 4769
f 4770 5067 4775
f 4258 4268 4261
f 4256 4255 4258
f 4261 4268 5080
f 4259 4258 4261
f 4268 5081 5080
f 4262 4261 5080
f 4262 5080 4264
f 4264 5080 4263
f 4263 5080 5081
f 4263 5081 4266
f 4266 5081 4265
f 4265 5081 4268
f 5050 5082 4781
f 5050 5048 5083
f 5083 5048 5049
f 5050 5083 5049
f 4999 5050 5049
f 4999 5082 5050
f 4999 5049 5084
f 5049 5047 5084
f 4999 5084 5085
f 5084 5047 5085
f 4999 5085 5086
f 5085 5043 5086
f 4999 5086 5087
f 5086 5043 5087
f 4999 5087 5088
f 5087 5089 5088
f 4999 5088 5090
f 5088 5091 5090
f 4999 5090 5092
f 5090 5036 5092
f 4999 5092 5037
f 5092 5036 5037
f 4999 5037 5093
f 5037 5034 5093
f 4999 5093 5035
f 5093 5034 5035
f 4999 5035 5094
f 5035 5095 5094
f 4999 5094 5096
f 5094 5097 5096
f 4999 5096 5098
f 5096 5099 5098
f 4999 5098 5100
f 5098 5101 5100
f 4999 5100 5102
f 5100 5103 5102
f 4999 5102 5005
f 5102 5104 5005
f 5102 5105 5104
f 5005 5104 5004
f 5004 5104 5007
f 5007 5104 5016
f 5016 5104 5019
f 5013 5007 5016
f 5106 5007 5013
f 5014 5013 5016
f 5008 5007 5106
f 5009 5106 5013
f 5010 5106 5009
f 5008 5106 5010
f 5104 5105 5019
f 5017 5016 5019
f 5019 5105 5022
f 5105 5107 5022
f 5020 5019 5022
f 5100 5107 5105
f 5022 5107 5025
f 5107 5108 5025
f 5023 5022 5025
f 5098 5108 5107
f 5025 5108 5028
f 5108 5033 5028
f 5026 5025 5028
f 5096 5033 5108
f 5028 5033 5031
f 5029 5028 5031
f 5097 5033 5096
f 5096 5108 5099
f 5099 5108 5098
f 5094 5033 5097
f 5094 5032 5033
f 5095 5032 5094
f 5035 5032 5095
f 5098 5107 5101
f 5101 5107 5100
f 5100 5105 5103
f 5103 5105 5102
f 5090 5039 5036
f 5091 5039 5090
f 5088 5039 5091
f 5088 5041 5039
f 5089 5041 5088
f 5087 5041 5089
f 5087 5043 5041
f 5085 5047 5043
f 5043 5047 5045
f 4999 5109 5082
f 4999 5110 5109
f 5082 5109 5111
f 5109 5112 5111
f 5082 5111 4781
f 5111 4986 4781
f 5113 4986 5111
f 4986 5113 4991
f 5112 5113 5111
f 5112 5110 5113
f 5110 5112 5109
f 5110 5114 5113
f 5115 5114 5110
f 5114 4991 5113
f 5114 5115 4991
f 5115 5116 4991
f 5117 5116 5115
f 5116 4995 4991
f 5116 5117 4995
f 5117 4997 4995
f 4996 4997 5117
f 4999 4996 5117
f 4999 5117 5115
f 4999 5115 5110
f 4163 5118 5011
f 5011 5119 5003
f 5011 5120 5119
f 5119 5120 5003
f 5003 5120 5000
f 5000 5120 5121
f 5120 5122 5121
f 5123 5000 5121
f 5124 5000 5123
f 5125 5123 5121
f 5125 5126 5123
f 5127 5125 5121
f 5125 5127 5128
f 5127 5121 5122
f 5122 5128 5127
f 5122 5129 5128
f 5130 5129 5122
f 5131 5128 5129
f 5128 5131 5132
f 5133 5131 5129
f 5133 5134 5131
f 5133 5129 5135
f 5129 5136 5135
f 5137 5133 5135
f 5137 5138 5133
f 5135 5139 5137
f 5135 5140 5139
f 5139 5141 5137
f 5139 5142 5141
f 5141 5143 5137
f 5143 5141 5144
f 5137 5143 5144
f 5137 5144 5145
f 5146 5145 5144
f 5147 5137 5145
f 5137 5147 5148
f 5148 5147 5145
f 5148 5145 5149
f 5149 5145 5146
f 5150 5148 5149
f 5148 5150 5138
f 5138 5150 5149
f 5138 5149 5151
f 5151 5149 5152
f 5153 5138 5151
f 5138 5153 5154
f 5154 5153 5151
f 5154 5151 5155
f 5156 5155 5151
f 5157 5154 5155
f 5154 5157 5133
f 5133 5157 5155
f 5133 5155 5158
f 5155 5156 5158
f 5134 5133 5158
f 5134 5158 5159
f 5158 5156 5159
f 5159 5131 5134
f 5159 5132 5131
f 5160 5132 5159
f 5132 5160 5161
f 5161 5160 5159
f 5161 5159 5162
f 5156 5162 5159
f 5163 5161 5162
f 5161 5163 5164
f 5164 5163 5162
f 5164 5162 5165
f 5162 5156 5165
f 5166 5164 5165
f 5164 5166 5167
f 5167 5166 5165
f 5167 5165 5168
f 5165 5156 5168
f 5169 5167 5168
f 5167 5169 5170
f 5170 5169 5168
f 5170 5168 5171
f 5156 5171 5168
f 5172 5170 5171
f 5170 5172 5173
f 5173 5172 5171
f 5173 5171 5174
f 5171 5156 5174
f 5175 5173 5174
f 5173 5175 5176
f 5175 5174 5177
f 5174 5156 5177
f 5175 5177 5176
f 5176 5177 5178
f 5178 5177 5179
f 5176 5178 5180
f 5178 5179 5180
f 5176 5180 5181
f 5180 5182 5181
f 5170 5176 5181
f 5170 5173 5176
f 5170 5181 5183
f 5181 5184 5183
f 5185 5170 5183
f 5185 5132 5170
f 5186 5185 5183
f 5186 5187 5185
f 5183 5188 5186
f 5183 5189 5188
f 5188 5190 5186
f 5188 5191 5190
f 5190 5192 5186
f 5190 5193 5192
f 5192 5194 5186
f 5192 5195 5194
f 5194 5196 5186
f 5194 5197 5196
f 5196 5198 5186
f 5198 5196 5199
f 5186 5198 5199
f 5186 5199 5200
f 5199 5001 5200
f 5201 5186 5200
f 5186 5201 5202
f 5202 5201 5200
f 5202 5200 5203
f 5200 5001 5203
f 5204 5202 5203
f 5202 5204 5205
f 5205 5204 5203
f 5205 5203 5206
f 5001 5206 5203
f 5207 5205 5206
f 5205 5207 5208
f 5208 5207 5206
f 5208 5206 5209
f 5206 5001 5209
f 5210 5208 5209
f 5208 5210 5211
f 5211 5210 5209
f 5211 5209 5212
f 5209 5001 5212
f 5213 5211 5212
f 5211 5213 5214
f 5214 5213 5212
f 5214 5212 5215
f 5001 5215 5212
f 5216 5214 5215
f 5214 5216 5217
f 5217 5216 5215
f 5217 5215 5218
f 5215 5001 5218
f 5219 5217 5218
f 5217 5219 5220
f 5220 5219 5218
f 5220 5218 5221
f 5218 5001 5221
f 5222 5220 5221
f 5220 5222 5187
f 5187 5222 5221
f 5187 5221 5223
f 5001 5223 5221
f 5224 5187 5223
f 5187 5224 5225
f 5225 5224 5223
f 5225 5223 5226
f 5223 5001 5226
f 5227 5225 5226
f 5225 5227 5228
f 5228 5227 5226
f 5228 5226 5229
f 5226 5001 5229
f 5230 5228 5229
f 5228 5230 5231
f 5231 5230 5229
f 5231 5229 5232
f 5001 5232 5229
f 5233 5231 5232
f 5231 5233 5234
f 5234 5233 5232
f 5234 5232 5235
f 5232 5001 5235
f 5236 5234 5235
f 5234 5236 5237
f 5237 5236 5235
f 5237 5235 5238
f 5235 5001 5238
f 5239 5237 5238
f 5237 5239 5240
f 5240 5239 5238
f 5240 5238 5241
f 5001 5241 5238
f 5242 5240 5241
f 5240 5242 5243
f 5243 5242 5241
f 5243 5241 5244
f 5241 5001 5244
f 5245 5243 5244
f 5243 5245 5185
f 5185 5245 5244
f 5185 5244 5124
f 5244 5001 5124
f 5246 5185 5124
f 5185 5246 5247
f 5247 5246 5124
f 5247 5124 5123
f 5126 5247 5123
f 5247 5126 5125
f 5185 5247 5125
f 5185 5125 5132
f 5125 5128 5132
f 5001 5000 5124
f 5240 5243 5185
f 5234 5240 5185
f 5234 5237 5240
f 5187 5234 5185
f 5187 5228 5234
f 5187 5225 5228
f 5228 5231 5234
f 5217 5220 5187
f 5211 5217 5187
f 5211 5214 5217
f 5186 5211 5187
f 5186 5205 5211
f 5186 5202 5205
f 5205 5208 5211
f 5001 5199 5248
f 5196 5248 5199
f 5249 5001 5248
f 5250 5001 5249
f 5249 5248 5251
f 5194 5251 5248
f 5252 5249 5251
f 5253 5249 5252
f 5254 5252 5251
f 5192 5252 5254
f 5254 5251 5195
f 5195 5251 5255
f 5192 5254 5195
f 5194 5255 5251
f 5195 5255 5194
f 5256 5252 5192
f 5256 5253 5252
f 5257 5256 5192
f 5257 5253 5256
f 5258 5257 5192
f 5258 5259 5257
f 5193 5258 5192
f 5193 5260 5258
f 5193 5261 5260
f 5260 5262 5258
f 5260 5263 5262
f 5262 5263 5258
f 5258 5263 5264
f 5263 5265 5264
f 5258 5264 5266
f 5266 5264 5259
f 5258 5266 5259
f 5259 5264 5253
f 5249 5253 5264
f 5259 5253 5257
f 5265 5249 5264
f 4918 5249 5265
f 4918 5267 5249
f 4914 4918 5265
f 4913 4918 4914
f 5268 4914 5265
f 4914 5268 5269
f 5268 5265 5270
f 5270 5265 5263
f 5269 5268 5270
f 5271 5269 5270
f 5269 5271 3549
f 5271 5270 3554
f 3554 5270 5272
f 3549 5271 3554
f 5272 5270 5263
f 5273 3554 5272
f 3558 3554 5273
f 5193 5273 5272
f 5274 5273 5193
f 5193 5272 5261
f 5261 5272 5260
f 5260 5272 5263
f 5275 5273 5274
f 5275 5274 5193
f 5276 5275 5193
f 5276 5277 5275
f 5190 5276 5193
f 5190 5278 5276
f 5190 5279 5278
f 5278 5277 5276
f 5278 5279 5277
f 5279 3565 5277
f 3568 3565 5279
f 3565 3558 5277
f 3561 3558 3565
f 5277 3558 5273
f 5275 5277 5273
f 3561 3557 3558
f 3560 3561 3565
f 3564 3565 3568
f 5280 3568 5279
f 3574 3568 5280
f 5281 5280 5279
f 5282 5280 5281
f 5281 5279 5190
f 5282 5281 5190
f 5191 5282 5190
f 5191 5283 5282
f 5191 5284 5283
f 5283 5280 5282
f 5283 5284 5280
f 5284 3574 5280
f 3582 3574 5284
f 3578 3574 3582
f 3585 3582 5284
f 3581 3582 3585
f 5285 3585 5284
f 3603 3585 5285
f 5286 5285 5284
f 5287 5285 5286
f 5286 5284 5191
f 5287 5286 5191
f 5188 5287 5191
f 5188 5288 5287
f 5188 5289 5288
f 5288 5285 5287
f 5288 5289 5285
f 5289 3603 5285
f 3606 3603 5289
f 3602 3603 3606
f 3613 3606 5289
f 3609 3606 3613
f 5290 3613 5289
f 5291 3613 5290
f 5292 5290 5289
f 5293 5290 5292
f 5292 5289 5188
f 5293 5292 5188
f 5294 5293 5188
f 5294 5295 5293
f 5189 5294 5188
f 5189 5296 5294
f 5189 5297 5296
f 5296 5298 5294
f 5296 5299 5298
f 5298 5300 5294
f 5298 5299 5300
f 5294 5300 5295
f 5295 5300 5290
f 5300 5301 5290
f 5295 5290 5293
f 5302 5301 5300
f 5301 5291 5290
f 3626 5291 5301
f 3626 3618 5291
f 3625 3626 5301
f 3630 3625 5301
f 3630 5301 5302
f 3629 3630 5302
f 3636 3629 5302
f 3636 5302 3640
f 3640 5302 5300
f 3635 3636 3640
f 5299 3640 5300
f 3643 3640 5299
f 3639 3640 3643
f 5303 3643 5299
f 3647 3643 5303
f 5304 5303 5299
f 3658 5303 5304
f 5297 5304 5299
f 5189 5304 5297
f 5297 5299 5296
f 5305 5304 5189
f 5305 5306 5304
f 5307 5305 5189
f 5307 5306 5305
f 5308 5307 5189
f 5308 5309 5307
f 5183 5308 5189
f 5183 5310 5308
f 5183 5311 5310
f 5310 5312 5308
f 5310 5313 5312
f 5312 5314 5308
f 5312 5313 5314
f 5308 5314 5309
f 5309 5314 5306
f 5314 3667 5306
f 5309 5306 5307
f 3674 3667 5314
f 3667 3661 5306
f 3664 3661 3667
f 5306 3661 5304
f 3661 3658 5304
f 3657 3658 3661
f 3670 3667 3674
f 3680 3674 5314
f 3676 3674 3680
f 5313 3680 5314
f 3687 3680 5313
f 3683 3680 3687
f 5315 3687 5313
f 3690 3687 5315
f 5311 5315 5313
f 5183 5315 5311
f 5311 5313 5310
f 5316 5315 5183
f 5316 5317 5315
f 5318 5316 5183
f 5318 5317 5316
f 5184 5318 5183
f 5184 5319 5318
f 5184 5320 5319
f 5319 5317 5318
f 5319 5320 5317
f 5320 3701 5317
f 3705 3701 5320
f 3701 5321 5317
f 3697 5321 3701
f 5321 3690 5317
f 3694 3690 5321
f 5317 3690 5315
f 3694 3689 3690
f 3693 3694 5321
f 3697 3693 5321
f 3696 3697 3701
f 3700 3701 3705
f 3712 3705 5320
f 3708 3705 3712
f 5322 3712 5320
f 3716 3712 5322
f 5323 5322 5320
f 5324 5322 5323
f 5323 5320 5184
f 5324 5323 5184
f 5181 5324 5184
f 5181 5325 5324
f 5181 5326 5325
f 5325 5322 5324
f 5325 5326 5322
f 5326 5327 5322
f 5328 5327 5326
f 5327 3716 5322
f 3724 3716 5327
f 3724 3715 3716
f 3723 3724 5327
f 3741 3723 5327
f 3741 5327 5328
f 3740 3741 5328
f 3784 3740 5328
f 3784 5328 5329
f 5329 5328 5326
f 5330 3784 5329
f 3784 5330 3783
f 5331 5330 5329
f 5330 5331 5332
f 5331 5329 5333
f 5333 5329 5326
f 5332 5331 5333
f 5334 5332 5333
f 5332 5334 5335
f 5334 5333 5336
f 5336 5333 5179
f 5335 5334 5336
f 5337 5335 5336
f 5335 5337 3783
f 5337 5336 5338
f 5338 5336 5179
f 5339 5337 5338
f 5337 5339 3783
f 5340 5339 5338
f 5339 5340 5341
f 5340 5338 5342
f 5342 5338 5179
f 5340 5342 5343
f 5343 5342 5344
f 5340 5343 5341
f 4161 5341 5343
f 5341 4161 3783
f 4161 5343 5345
f 5343 5346 5345
f 4161 5345 5347
f 5345 5348 5347
f 4161 5347 5349
f 5347 5350 5349
f 4161 5349 5351
f 5349 5350 5351
f 4161 5351 5352
f 5351 5156 5352
f 4161 5352 5353
f 5352 5156 5353
f 4161 5353 5354
f 5353 5355 5354
f 4161 5354 5356
f 5354 5355 5356
f 4161 5356 5357
f 5356 5358 5357
f 4161 5357 5359
f 5357 5360 5359
f 4163 4161 5359
f 4163 5359 5361
f 5359 5360 5361
f 4163 5361 5362
f 5361 5363 5362
f 4163 5362 5364
f 5362 5365 5364
f 4163 5364 5366
f 5364 5367 5366
f 4163 5366 5368
f 5366 5367 5368
f 4163 5368 5369
f 5368 5370 5369
f 4163 5369 5371
f 5369 5372 5371
f 4163 5371 5373
f 5371 5372 5373
f 4163 5373 5374
f 5373 5375 5374
f 4163 5374 5376
f 5374 5377 5376
f 4163 5376 5378
f 5376 5377 5378
f 4163 5378 5379
f 5378 5380 5379
f 4163 5379 5381
f 5379 5380 5381
f 4163 5381 5382
f 5381 5383 5382
f 4163 5382 5384
f 5382 5385 5384
f 4163 5384 5386
f 5384 5387 5386
f 4163 5386 5388
f 5386 5387 5388
f 4163 5388 5118
f 5388 5389 5118
f 5388 5387 5389
f 5118 5389 5011
f 5011 5389 5120
f 5120 5389 5390
f 5390 5389 5391
f 5392 5120 5390
f 5122 5120 5392
f 5135 5392 5390
f 5135 5393 5392
f 5140 5135 5390
f 5139 5140 5390
f 5139 5390 5391
f 5142 5139 5391
f 5141 5142 5391
f 5141 5391 5144
f 5391 5387 5144
f 5389 5387 5391
f 5387 5146 5144
f 5384 5146 5387
f 5385 5146 5384
f 5382 5146 5385
f 5382 5152 5146
f 5383 5152 5382
f 5152 5149 5146
f 5381 5152 5383
f 5381 5380 5152
f 5380 5151 5152
f 5377 5151 5380
f 5377 5394 5151
f 5378 5377 5380
f 5374 5394 5377
f 5394 5372 5151
f 5373 5372 5394
f 5372 5395 5151
f 5369 5395 5372
f 5395 5367 5151
f 5368 5367 5395
f 5367 5396 5151
f 5364 5396 5367
f 5396 5397 5151
f 5362 5397 5396
f 5397 5360 5151
f 5361 5360 5397
f 5360 5398 5151
f 5357 5398 5360
f 5398 5355 5151
f 5356 5355 5398
f 5355 5156 5151
f 5353 5156 5355
f 5356 5398 5358
f 5358 5398 5357
f 5361 5397 5363
f 5363 5397 5362
f 5362 5396 5365
f 5365 5396 5364
f 5368 5395 5370
f 5370 5395 5369
f 5373 5394 5375
f 5375 5394 5374
f 5136 5393 5135
f 5393 5136 5392
f 5136 5122 5392
f 5136 5130 5122
f 5129 5130 5136
f 5351 5350 5156
f 5156 5350 5177
f 5350 5399 5177
f 5347 5399 5350
f 5399 5344 5177
f 5345 5344 5399
f 5177 5344 5179
f 5344 5342 5179
f 5346 5344 5345
f 5345 5399 5348
f 5348 5399 5347
f 5343 5344 5346
f 5339 5341 3783
f 5332 5335 3783
f 5330 5332 3783
f 5179 5333 5326
f 5182 5179 5326
f 5180 5179 5182
f 5182 5326 5181
f 3711 3712 3716
f 3708 3704 3705
f 3707 3708 3712
f 3686 3687 3690
f 3683 3679 3680
f 3682 3683 3687
f 3651 5303 3658
f 3651 3646 5303
f 3650 3651 3658
f 3646 3647 5303
f 3647 3642 3643
f 3618 3619 5291
f 3619 3613 5291
f 3619 3612 3613
f 3593 3585 3603
f 3593 3584 3585
f 3592 3593 3603
f 3578 3573 3574
f 3577 3578 3582
f 3571 3568 3574
f 3553 3554 3558
f 4907 5269 3549
f 4907 4910 5269
f 4905 4907 3549
f 4910 4914 5269
f 4917 5267 4918
f 5267 5400 5249
f 4928 5400 5267
f 5400 5250 5249
f 5400 4928 5250
f 5401 5250 4928
f 5402 5250 5401
f 4964 5401 4928
f 4964 5402 5401
f 4960 4964 4928
f 4964 5001 5402
f 5402 5001 5250
f 4920 4928 5267
f 4920 4924 4928
f 4917 4920 5267
f 5197 5194 5248
f 5196 5197 5248
f 5132 5164 5170
f 5132 5161 5164
f 5164 5167 5170
f 5138 5154 5133
f 5137 5148 5138
f 4963 4966 4992
f 4966 4969 4989
f 4969 4987 4989
f 4969 4972 4987
f 4985 4984 4781
f 4984 5403 4781
f 5404 5403 4984
f 4781 5403 4791
f 5403 5405 4791
f 4781 4791 4789
f 5406 5405 5403
f 5405 4793 4791
f 5407 4793 5405
f 5407 5408 4793
f 5409 5407 5405
f 5407 5409 5406
f 5406 5409 5405
f 5407 5406 5410
f 5410 5406 5403
f 4982 5407 5410
f 4982 5411 5407
f 4982 5410 4981
f 5410 5404 4981
f 5404 5410 5403
f 4981 5404 4984
f 4982 5412 5411
f 5411 5408 5407
f 5408 5411 4793
f 5411 5413 4793
f 5411 5412 5413
f 4793 5413 4792
f 5413 5414 4792
f 4982 5414 5413
f 4792 5414 4795
f 5414 5415 4795
f 5416 5415 5414
f 5415 5417 4795
f 5418 5417 5415
f 4795 5417 4800
f 5417 5419 4800
f 4798 4795 4800
f 4796 4795 4798
f 4798 4800 4797
f 5420 5419 5417
f 4800 5419 4801
f 5419 5421 4801
f 5422 5421 5419
f 4801 5421 4803
f 4803 5421 5423
f 5421 5424 5423
f 4803 5423 5425
f 5426 5425 5423
f 5427 4803 5425
f 4806 4803 5427
f 5428 5427 5425
f 5429 5427 5428
f 5430 5428 5425
f 5430 5431 5428
f 5432 5430 5425
f 5430 5432 5426
f 5426 5432 5425
f 5433 5430 5426
f 5433 5431 5430
f 5434 5433 5426
f 5434 5435 5433
f 5436 5434 5426
f 5436 5437 5434
f 5436 5426 5438
f 5426 5439 5438
f 5440 5436 5438
f 5440 5441 5436
f 5442 5440 5438
f 5442 5443 5440
f 5444 5442 5438
f 5444 5445 5442
f 5446 5444 5438
f 5444 5446 5447
f 5448 5446 5438
f 5446 5448 5449
f 5448 5438 5450
f 5438 5451 5450
f 5452 5448 5450
f 5448 5452 5449
f 5452 5450 5453
f 5450 5454 5453
f 5455 5452 5453
f 5452 5455 5456
f 5455 5453 5457
f 5453 5454 5457
f 5458 5455 5457
f 5458 5459 5455
f 5458 5457 5460
f 5457 5461 5460
f 5458 5460 5462
f 5460 5463 5462
f 5458 5462 5464
f 5462 5463 5464
f 5465 5458 5464
f 5465 5466 5458
f 5465 5464 5467
f 5464 5468 5467
f 5469 5465 5467
f 5469 5466 5465
f 5469 5467 5470
f 5467 5471 5470
f 5472 5469 5470
f 5472 5473 5469
f 5472 5470 5474
f 5470 5475 5474
f 5476 5472 5474
f 5476 5473 5472
f 5476 5474 5477
f 5474 5475 5477
f 5478 5476 5477
f 5478 5479 5476
f 5478 5477 5480
f 5477 5481 5480
f 5482 5478 5480
f 5482 5483 5478
f 5482 5480 5484
f 5480 5485 5484
f 5486 5482 5484
f 5486 5487 5482
f 5486 5484 5488
f 5484 5485 5488
f 5489 5486 5488
f 5489 5490 5486
f 5489 5488 5491
f 5488 5492 5491
f 5493 5489 5491
f 5493 5490 5489
f 5493 5491 5494
f 5491 5492 5494
f 5495 5493 5494
f 5495 5496 5493
f 5495 5494 5497
f 5494 5498 5497
f 4807 5495 5497
f 4807 5496 5495
f 4807 5497 5499
f 5497 5500 5499
f 4807 5499 4810
f 5499 5501 4810
f 5499 5502 5501
f 4810 5501 4809
f 4809 5501 4812
f 5501 4820 4812
f 4820 5501 5502
f 4812 4820 4815
f 4820 4818 4815
f 4813 4812 4815
f 4816 4815 4818
f 5503 4820 5502
f 5492 4820 5503
f 5497 5503 5502
f 5498 5503 5497
f 5497 5502 5500
f 5500 5502 5499
f 5494 5503 5498
f 5494 5492 5503
f 4820 5492 5485
f 5488 5485 5492
f 5504 4820 5485
f 5505 4820 5504
f 5480 5504 5485
f 5481 5504 5480
f 5477 5504 5481
f 5477 5475 5504
f 5475 5505 5504
f 5506 5505 5475
f 5505 5506 5507
f 5470 5506 5475
f 5471 5506 5470
f 5467 5506 5471
f 5467 5507 5506
f 5468 5507 5467
f 5464 5507 5468
f 5464 5463 5507
f 5463 5508 5507
f 5509 5508 5463
f 5508 5505 5507
f 5510 5505 5508
f 5511 5505 5510
f 5510 5508 5512
f 5512 5508 5513
f 5511 5510 5512
f 5511 5512 5514
f 5512 5513 5514
f 5511 5514 5515
f 5514 5516 5515
f 5511 5515 5517
f 5515 5516 5517
f 5438 5511 5517
f 5438 5518 5511
f 5438 5517 5519
f 5517 5520 5519
f 5438 5519 5521
f 5519 5520 5521
f 5438 5521 5522
f 5521 5523 5522
f 5438 5522 5451
f 5522 5524 5451
f 5522 5525 5524
f 5451 5524 5450
f 5450 5524 5454
f 5524 5508 5454
f 5525 5508 5524
f 5508 5509 5454
f 5457 5454 5509
f 5457 5509 5461
f 5461 5509 5460
f 5460 5509 5463
f 5526 5508 5525
f 5513 5508 5526
f 5520 5526 5525
f 5516 5526 5520
f 5521 5520 5525
f 5521 5525 5523
f 5523 5525 5522
f 5514 5526 5516
f 5517 5516 5520
f 5527 5526 5514
f 5513 5526 5527
f 5513 5527 5514
f 5438 5528 5518
f 5518 5529 5511
f 5518 5530 5529
f 5529 5531 5511
f 5529 5532 5531
f 5531 5533 5511
f 5531 5534 5533
f 5533 5505 5511
f 5533 5534 5505
f 4820 5505 5534
f 5535 4820 5534
f 4842 4820 5535
f 5532 5535 5534
f 5529 5535 5532
f 5532 5534 5531
f 5536 5535 5529
f 5536 4842 5535
f 5530 5536 5529
f 5530 4842 5536
f 5537 4842 5530
f 5537 4912 4842
f 5518 5537 5530
f 5518 4912 5537
f 5538 4912 5518
f 5538 4916 4912
f 5539 5538 5518
f 5539 4916 5538
f 5528 5539 5518
f 5528 5540 5539
f 5528 5541 5540
f 5540 4916 5539
f 5540 5541 4916
f 5541 4915 4916
f 4922 4915 5541
f 5542 4922 5541
f 5543 4922 5542
f 5542 5541 5528
f 5543 5542 5528
f 5438 5543 5528
f 5438 5544 5543
f 5438 4926 5544
f 5544 4922 5543
f 5544 4926 4922
f 4926 4921 4922
f 5545 4926 5438
f 5545 5546 4926
f 5547 5545 5438
f 5547 5546 5545
f 5548 5547 5438
f 5548 5549 5547
f 5439 5548 5438
f 5439 5550 5548
f 5439 5551 5550
f 5550 5552 5548
f 5550 4938 5552
f 5552 4930 5548
f 5552 4938 4930
f 5548 4930 5549
f 5549 4930 5546
f 4930 4925 5546
f 5549 5546 5547
f 5546 4925 4926
f 4930 4938 4933
f 5551 4938 5550
f 5551 4945 4938
f 5439 4945 5551
f 4938 4945 4940
f 5553 4945 5439
f 5553 5554 4945
f 5555 5553 5439
f 5555 5554 5553
f 5556 5555 5439
f 5556 5557 5555
f 5426 5556 5439
f 5426 5558 5556
f 5426 5559 5558
f 5558 5560 5556
f 5560 5558 5561
f 5556 5560 5561
f 5556 5561 5562
f 5561 5563 5562
f 5557 5556 5562
f 5557 5562 5554
f 5554 5562 5564
f 5557 5554 5555
f 5563 5564 5562
f 5565 5554 5564
f 5566 5554 5565
f 5567 5565 5564
f 5568 5565 5567
f 5567 5564 5569
f 5569 5564 5570
f 5568 5567 5569
f 5568 5569 5571
f 5569 5570 5571
f 5572 5568 5571
f 5572 5573 5568
f 4980 5572 5571
f 4980 5574 5572
f 4980 5571 4982
f 5571 5422 4982
f 5571 5575 5422
f 5422 5418 4982
f 5422 5420 5418
f 5418 5416 4982
f 5418 5576 5416
f 5416 5577 4982
f 5577 5416 5414
f 4982 5577 5414
f 5576 5418 5415
f 5416 5576 5415
f 5422 5578 5420
f 5420 5579 5418
f 5579 5420 5417
f 5418 5579 5417
f 5578 5422 5419
f 5420 5578 5419
f 5571 5580 5575
f 5575 5581 5422
f 5575 5582 5581
f 5581 5583 5422
f 5583 5581 5421
f 5422 5583 5421
f 5581 5424 5421
f 5581 5582 5424
f 5582 5575 5424
f 5575 5584 5424
f 5575 5585 5584
f 5424 5584 5561
f 5584 5563 5561
f 5423 5424 5561
f 5558 5423 5561
f 5558 5559 5423
f 5559 5426 5423
f 5580 5563 5584
f 5580 5586 5563
f 5585 5580 5584
f 5580 5585 5575
f 5571 5586 5580
f 5586 5571 5563
f 5571 5564 5563
f 5571 5570 5564
f 4980 4959 5574
f 5574 4959 5572
f 5572 4959 4952
f 4959 4955 4952
f 5572 4952 5587
f 5587 4952 5588
f 5572 5587 5588
f 5572 5588 5589
f 5588 5590 5589
f 5572 5589 5573
f 5589 5591 5573
f 5589 5590 5591
f 5591 5566 5573
f 5591 5590 5566
f 5573 5566 5592
f 5592 5566 5565
f 5573 5592 5568
f 5592 5565 5568
f 5590 4945 5566
f 4947 4945 5590
f 4945 5554 5566
f 4952 4947 5590
f 5588 4952 5590
f 4980 4962 4959
f 4962 4958 4959
f 4916 4911 4912
f 4912 4908 4842
f 4820 4842 4839
f 4807 5593 5496
f 5594 5593 4807
f 5496 5593 5595
f 5429 5595 5593
f 5596 5496 5595
f 5490 5496 5596
f 5437 5596 5595
f 5437 5436 5596
f 5434 5437 5595
f 5435 5434 5595
f 5435 5595 5429
f 5597 5435 5429
f 5435 5597 5433
f 5433 5597 5429
f 5433 5429 5428
f 5431 5433 5428
f 5436 5441 5596
f 5441 5598 5596
f 5441 5440 5598
f 5598 5490 5596
f 5599 5490 5598
f 5486 5490 5599
f 5600 5599 5598
f 5601 5599 5600
f 5443 5600 5598
f 5443 5442 5600
f 5440 5443 5598
f 5442 5445 5600
f 5445 5447 5600
f 5445 5444 5447
f 5447 5601 5600
f 5602 5601 5447
f 5478 5601 5602
f 5449 5602 5447
f 5473 5602 5449
f 5446 5449 5447
f 5476 5602 5473
f 5456 5473 5449
f 5466 5473 5456
f 5452 5456 5449
f 5469 5473 5466
f 5458 5466 5456
f 5458 5456 5459
f 5459 5456 5455
f 5479 5602 5476
f 5478 5602 5479
f 5483 5601 5478
f 5482 5601 5483
f 5482 5599 5601
f 5487 5599 5482
f 5486 5599 5487
f 5493 5496 5490
f 5603 5429 5593
f 5427 5429 5603
f 5604 5603 5593
f 4808 5603 5604
f 5604 5593 5594
f 5604 5594 4807
f 4808 5604 4807
f 5605 5603 4808
f 5605 5427 5603
f 4805 5605 4808
f 4805 5427 5605
f 4806 5427 4805
f 4804 4803 4806
f 5412 4982 5413
f 4954 4957 4928
f 4950 4954 4928
f 4948 4950 4928
f 4941 4943 4928
f 4934 4936 4928
f 4842 4902 4876
f 4899 4901 3549
f 4894 4896 3549
f 4892 4894 3549
f 4477 4481 4485
f 4475 4477 3457
f 4878 4886 4485
f 4878 4882 4886
f 4862 4878 4485
f 4862 4864 4878
f 4508 4862 4485
f 4508 4510 4862
f 4864 4872 4878
f 4864 4869 4872
f 4872 4875 4878
f 4510 4513 4860
f 4513 4516 4858
f 4516 4520 4858
f 4520 4523 4858
f 4523 4526 4858
f 4525 4530 4526
f 4529 4532 4530
f 4539 4542 4850
f 4542 4545 4848
f 4545 4549 4847
f 4549 4552 4845
f 4554 4559 4555
f 4558 4838 4559
f 4558 4561 4838
f 4561 4564 4838
f 4563 4567 4564
f 4566 4832 4567
f 4566 4569 4832
f 4772 4783 4773
f 4750 4753 4748
f 4747 4750 4748
f 4698 4701 4696
f 4695 4698 4696
f 4685 4688 4595
f 4604 4685 4595
f 4594 4604 4595
f 4594 4597 4604
f 4597 4601 4604
f 5606 4268 4282
f 5607 4268 5606
f 4279 5606 4282
f 4279 4280 5606
f 4280 5607 5606
f 4280 4277 5607
f 4277 4278 5607
f 4278 5608 5607
f 4278 4275 5608
f 4268 5607 5608
f 4273 4268 5608
f 5609 4268 4273
f 4276 4273 5608
f 4276 4274 4273
f 4275 4276 5608
f 4269 4268 5609
f 4270 5609 4273
f 4271 5609 4270
f 4269 5609 4271
f 4501 4503 4485
f 4488 4490 4485
f 4463 4465 3457
f 4451 4453 3457
f 4338 4420 4339
f 4412 4415 4338
f 4341 4412 4338
f 4341 4409 4412
f 4401 4404 4341
f 4340 4401 4341
f 4340 4398 4401
f 4390 4393 4340
f 4384 4390 4340
f 4384 4387 4390
f 4343 4384 4340
f 4343 4378 4384
f 4343 4375 4378
f 4378 4381 4384
f 3425 3426 3428
f 3426 3436 3440
f 4158 4156 5610
f 4158 5611 3783
f 5611 4158 5612
f 5611 5613 3783
f 5611 5614 5613
f 5613 5615 3783
f 5615 5613 5616
f 5615 5617 3783
f 5617 5615 5618
f 5617 5619 3783
f 5620 5619 5617
f 3783 5619 5621
f 5620 5621 5619
f 3783 5621 5622
f 5622 5621 5620
f 3783 5622 5623
f 5622 5624 5623
f 3783 5623 5625
f 5625 5623 5626
f 3783 5625 5627
f 5627 5625 5628
f 3783 5627 5629
f 5629 5627 5628
f 3783 5629 5630
f 5630 5629 5631
f 3783 5630 5632
f 5632 5630 5631
f 3783 5632 5633
f 5633 5632 5634
f 3783 5633 5635
f 5633 5636 5635
f 3783 5635 5637
f 5637 5635 5638
f 3783 5637 3796
f 3796 5637 3800
f 5637 5638 3800
f 5639 3796 3800
f 3796 5639 3795
f 5639 3800 3798
f 3795 5639 3798
f 3800 5638 3799
f 5638 5634 3799
f 5636 5634 5638
f 3799 5634 5640
f 5634 5631 5640
f 5641 3799 5640
f 5641 3818 3799
f 5641 5640 5642
f 5643 5642 5640
f 3818 5641 5642
f 5642 5644 3818
f 5642 5645 5644
f 5644 5646 3818
f 5644 5647 5646
f 5646 5648 3818
f 5648 5646 3817
f 3818 5648 3817
f 5646 3858 3817
f 5646 5647 3858
f 3817 3858 3840
f 3838 3817 3840
f 5647 5644 3858
f 5644 5649 3858
f 5644 5650 5649
f 5649 3857 3858
f 3857 5649 5651
f 5651 5649 5652
f 5653 3857 5651
f 5654 3857 5653
f 5655 5653 5651
f 5655 5656 5653
f 5657 5655 5651
f 5656 5655 5657
f 5657 5651 5652
f 5658 5657 5652
f 5657 5658 5659
f 5659 5658 5652
f 5659 5652 5660
f 5661 5660 5652
f 5662 5659 5660
f 5659 5662 5663
f 5663 5662 5660
f 5663 5660 5664
f 5660 5661 5664
f 5665 5663 5664
f 5663 5665 5666
f 5666 5665 5664
f 5666 5664 5667
f 5664 5661 5667
f 5668 5666 5667
f 5666 5668 5669
f 5669 5668 5667
f 5669 5667 5670
f 5661 5670 5667
f 5671 5669 5670
f 5669 5671 5672
f 5672 5671 5670
f 5672 5670 5673
f 5670 5661 5673
f 5674 5672 5673
f 5672 5674 5675
f 5675 5674 5673
f 5675 5673 5676
f 5673 5661 5676
f 5677 5675 5676
f 5675 5677 5678
f 5678 5677 5676
f 5678 5676 5679
f 5661 5679 5676
f 5680 5678 5679
f 5678 5680 5681
f 5681 5680 5679
f 5681 5679 5682
f 5679 5661 5682
f 5683 5681 5682
f 5681 5683 5684
f 5684 5683 5682
f 5684 5682 5685
f 5682 5661 5685
f 5686 5684 5685
f 5684 5686 5687
f 5687 5686 5685
f 5687 5685 5688
f 5661 5688 5685
f 5689 5687 5688
f 5687 5689 5690
f 5690 5689 5688
f 5690 5688 5691
f 5688 5661 5691
f 5692 5690 5691
f 5690 5692 5693
f 5693 5692 5691
f 5693 5691 5694
f 5691 5661 5694
f 5695 5693 5694
f 5693 5695 5696
f 5696 5695 5694
f 5696 5694 5697
f 5661 5697 5694
f 5698 5696 5697
f 5696 5698 5699
f 5699 5698 5697
f 5699 5697 5700
f 5697 5661 5700
f 5701 5699 5700
f 5699 5701 5702
f 5702 5701 5700
f 5702 5700 5703
f 5700 5661 5703
f 5704 5702 5703
f 5702 5704 5705
f 5705 5704 5703
f 5705 5703 5706
f 5661 5706 5703
f 5707 5705 5706
f 5705 5707 5708
f 5708 5707 5706
f 5708 5706 5709
f 5706 5661 5709
f 5710 5708 5709
f 5708 5710 5711
f 5711 5710 5709
f 5711 5709 5712
f 5709 5661 5712
f 5713 5711 5712
f 5711 5713 5714
f 5714 5713 5712
f 5714 5712 5715
f 5661 5715 5712
f 5716 5714 5715
f 5714 5716 5717
f 5717 5716 5715
f 5717 5715 5718
f 5715 5661 5718
f 5719 5717 5718
f 5717 5719 5720
f 5720 5719 5718
f 5720 5718 5721
f 5718 5661 5721
f 5722 5720 5721
f 5720 5722 5723
f 5723 5722 5721
f 5723 5721 5724
f 5721 5725 5724
f 5726 5723 5724
f 5723 5726 5727
f 5727 5726 5724
f 5727 5724 5728
f 5724 5729 5728
f 5730 5727 5728
f 5727 5730 5731
f 5731 5730 5728
f 5731 5728 5732
f 5728 5733 5732
f 5734 5731 5732
f 5731 5734 5735
f 5735 5734 5732
f 5735 5732 5736
f 5732 5737 5736
f 5738 5735 5736
f 5735 5738 5739
f 5739 5738 5736
f 5739 5736 5740
f 5736 5737 5740
f 5741 5739 5740
f 5739 5741 5742
f 5742 5741 5740
f 5742 5740 5743
f 5740 5744 5743
f 5745 5742 5743
f 5742 5745 5746
f 5746 5745 5743
f 5746 5743 5747
f 5743 5748 5747
f 5749 5746 5747
f 5746 5749 5750
f 5750 5749 5747
f 5750 5747 5751
f 5747 5752 5751
f 5753 5750 5751
f 5750 5753 5754
f 5754 5753 5751
f 5754 5751 5755
f 5751 5752 5755
f 5756 5754 5755
f 5754 5756 5757
f 5757 5756 5755
f 5757 5755 5758
f 5755 5759 5758
f 5760 5757 5758
f 5757 5760 5761
f 5761 5760 5758
f 5761 5758 5762
f 5758 5759 5762
f 5763 5761 5762
f 5761 5763 5764
f 5764 5763 5762
f 5764 5762 5765
f 5762 5766 5765
f 5767 5764 5765
f 5764 5767 5768
f 5768 5767 5765
f 5768 5765 5769
f 5765 5770 5769
f 5771 5768 5769
f 5768 5771 5772
f 5772 5771 5769
f 5772 5769 5773
f 5769 5774 5773
f 5775 5772 5773
f 5772 5775 5776
f 5775 5773 5777
f 5773 5778 5777
f 5775 5777 5776
f 5776 5777 5779
f 5779 5777 5780
f 5776 5779 5781
f 5781 5779 5782
f 5776 5781 5783
f 5781 5782 5783
f 5772 5776 5783
f 5764 5772 5783
f 5764 5768 5772
f 5764 5783 5784
f 5783 5785 5784
f 5764 5784 5786
f 5784 5787 5786
f 5764 5786 5788
f 5786 5789 5788
f 5659 5764 5788
f 5659 5708 5764
f 5659 5788 5790
f 5788 5791 5790
f 5790 5792 5659
f 5790 5793 5792
f 5792 5794 5659
f 5792 5795 5794
f 5794 5796 5659
f 5794 5797 5796
f 5796 5798 5659
f 5796 5799 5798
f 5798 5656 5659
f 5798 5800 5656
f 5656 5657 5659
f 5798 5801 5800
f 5800 5802 5656
f 5802 5800 5654
f 5656 5802 5654
f 5656 5654 5653
f 5800 5803 5654
f 5800 5801 5803
f 3857 5654 5803
f 5804 3857 5803
f 5805 3857 5804
f 5798 5804 5803
f 5798 5806 5804
f 5801 5798 5803
f 5807 5806 5798
f 5806 5807 5804
f 5807 5805 5804
f 5807 5808 5805
f 5799 5808 5807
f 5808 5799 5805
f 5799 5809 5805
f 5799 5810 5809
f 3857 5805 5809
f 5811 3857 5809
f 5812 3857 5811
f 5813 5811 5809
f 5813 5814 5811
f 5810 5813 5809
f 5813 5810 5799
f 5796 5813 5799
f 5796 5814 5813
f 5814 5796 5811
f 5796 5812 5811
f 5796 5815 5812
f 5816 5815 5796
f 5815 5816 5812
f 5816 5817 5812
f 5816 5818 5817
f 3857 5812 5817
f 5819 3857 5817
f 5820 3857 5819
f 5821 5819 5817
f 5821 5822 5819
f 5818 5821 5817
f 5821 5818 5816
f 5821 5816 5796
f 5797 5821 5796
f 5797 5823 5821
f 5797 5824 5823
f 5823 5822 5821
f 5822 5823 5819
f 5823 5820 5819
f 5823 5824 5820
f 5824 5797 5820
f 5797 5825 5820
f 5797 5826 5825
f 3857 5820 5825
f 5827 3857 5825
f 3862 3857 5827
f 5828 5827 5825
f 5828 5829 5827
f 5826 5828 5825
f 5828 5826 5797
f 5830 5828 5797
f 5830 5829 5828
f 5794 5830 5797
f 5794 5831 5830
f 5794 5832 5831
f 5831 5833 5830
f 5833 5831 5834
f 5830 5833 5834
f 5830 5834 5827
f 5834 3862 5827
f 5829 5830 5827
f 5835 3862 5834
f 3862 5835 5836
f 5831 5835 5834
f 5831 5832 5835
f 5832 5794 5835
f 5794 5836 5835
f 5794 5837 5836
f 5838 5837 5794
f 5837 5838 5836
f 5838 5839 5836
f 5838 5840 5839
f 5839 3862 5836
f 5841 3862 5839
f 3865 3862 5841
f 5842 5841 5839
f 5843 5841 5842
f 5844 5842 5839
f 5844 5845 5842
f 5840 5844 5839
f 5844 5840 5838
f 5844 5838 5794
f 5846 5844 5794
f 5846 5847 5844
f 5795 5846 5794
f 5795 5848 5846
f 5795 5849 5848
f 5848 5850 5846
f 5848 5851 5850
f 5850 5852 5846
f 5852 5850 5853
f 5846 5852 5853
f 5846 5853 5854
f 5853 5855 5854
f 5856 5846 5854
f 5846 5856 5847
f 5847 5856 5854
f 5847 5854 5842
f 5854 5843 5842
f 5845 5847 5842
f 5847 5845 5844
f 5855 5843 5854
f 5857 5843 5855
f 3867 5843 5857
f 5857 5855 3866
f 3866 5855 5858
f 3867 5857 3866
f 5858 5855 5859
f 3866 5858 5860
f 5858 5859 5860
f 3866 5860 5861
f 5860 5862 5861
f 3866 5861 3871
f 5861 5863 3871
f 5861 5864 5863
f 5863 5865 3871
f 5863 5866 5865
f 5865 5867 3871
f 5865 5866 5867
f 3871 5867 5868
f 5868 5867 5869
f 3871 5868 5870
f 5868 5869 5870
f 3871 5870 5871
f 5870 5872 5871
f 3871 5871 3870
f 5871 5873 3870
f 5871 5874 5873
f 5873 5875 3870
f 5873 5876 5875
f 5875 5877 3870
f 5875 5876 5877
f 3870 5877 5878
f 5878 5877 5879
f 3870 5878 5880
f 5878 5879 5880
f 3870 5880 5881
f 5880 5882 5881
f 3870 5881 3875
f 5881 5883 3875
f 5881 5884 5883
f 5883 5885 3875
f 5883 5886 5885
f 5885 5887 3875
f 5885 5886 5887
f 3875 5887 5888
f 5888 5887 5889
f 3875 5888 5890
f 5888 5889 5890
f 3875 5890 5891
f 5890 5892 5891
f 3875 5891 3874
f 5891 5893 3874
f 5891 5894 5893
f 5893 5895 3874
f 5893 5896 5895
f 5895 5897 3874
f 5895 5896 5897
f 3874 5897 5898
f 5897 5899 5898
f 3874 5898 5900
f 5900 5898 5901
f 3874 5900 5901
f 3874 5901 5902
f 5901 5903 5902
f 3874 5902 3877
f 5902 5904 3877
f 5902 5905 5904
f 5904 5906 3877
f 5906 5904 5907
f 3877 5906 5908
f 5906 5907 5908
f 5909 3877 5908
f 3877 5909 5910
f 5909 5908 5911
f 3883 5911 5908
f 5910 5909 5911
f 5912 5910 5911
f 3877 5910 5912
f 5912 5911 5913
f 5911 3883 5913
f 5914 5912 5913
f 5912 5914 3876
f 3876 5914 5913
f 3876 5913 5915
f 5913 3883 5915
f 3879 3876 5915
f 3878 3879 5915
f 3878 5915 3881
f 3883 3881 5915
f 3877 5912 3876
f 5907 3883 5908
f 5916 3883 5907
f 3883 5916 4008
f 5905 5916 5907
f 5905 5902 5916
f 5904 5905 5907
f 5902 5903 5916
f 5903 5898 5916
f 5903 5901 5898
f 5916 5898 4008
f 5898 5899 4008
f 5899 5917 4008
f 5918 5917 5899
f 5917 5919 4008
f 5920 5919 5917
f 5919 5921 4008
f 5922 5921 5919
f 5921 5923 4008
f 5924 5923 5921
f 5923 5925 4008
f 5926 5925 5923
f 5925 4014 4008
f 5927 4014 5925
f 4012 4008 4014
f 4012 4009 4008
f 4011 4012 4014
f 4010 4008 4009
f 4007 4008 4010
f 5928 4014 5927
f 5929 5927 5925
f 5930 5927 5929
f 5929 5925 5931
f 5931 5925 5926
f 5930 5929 5931
f 5932 5930 5931
f 5932 5933 5930
f 5932 5931 5792
f 5931 5922 5792
f 5793 5932 5792
f 5793 5934 5932
f 5793 5935 5934
f 5934 5936 5932
f 5934 5937 5936
f 5936 5938 5932
f 5936 5939 5938
f 5938 5928 5932
f 5938 5939 5928
f 5932 5928 5933
f 5933 5928 5927
f 5933 5927 5930
f 5939 4014 5928
f 5940 4014 5939
f 5941 4014 5940
f 5937 5940 5939
f 5934 5940 5937
f 5937 5939 5936
f 5942 5940 5934
f 5942 5941 5940
f 5935 5942 5934
f 5935 5941 5942
f 5943 5941 5935
f 5943 5944 5941
f 5793 5943 5935
f 5793 5944 5943
f 5945 5944 5793
f 5945 5946 5944
f 5947 5945 5793
f 5947 5946 5945
f 5948 5947 5793
f 5948 5949 5947
f 5950 5948 5793
f 5950 5951 5948
f 5790 5950 5793
f 5790 5952 5950
f 5790 5953 5952
f 5952 5954 5950
f 5952 5955 5954
f 5954 5956 5950
f 5954 5957 5956
f 5956 5958 5950
f 5956 5957 5958
f 5950 5958 5959
f 5959 5958 5960
f 5950 5959 5951
f 5959 5960 5951
f 5951 5960 5961
f 5961 5960 5962
f 5951 5961 5948
f 5961 5962 5948
f 5948 5962 5949
f 5949 5962 5946
f 5962 4014 5946
f 5949 5946 5947
f 5960 4014 5962
f 5946 4014 5944
f 5944 4014 5941
f 5958 4014 5960
f 5957 4014 5958
f 5963 4014 5957
f 5963 5964 4014
f 5955 5963 5957
f 5952 5963 5955
f 5955 5957 5954
f 5965 5963 5952
f 5965 5964 5963
f 5953 5965 5952
f 5953 5964 5965
f 5966 5964 5953
f 5966 5967 5964
f 5790 5966 5953
f 5790 5967 5966
f 5968 5967 5790
f 5968 5969 5967
f 5970 5968 5790
f 5970 5969 5968
f 5971 5970 5790
f 5971 5972 5970
f 5973 5971 5790
f 5973 5974 5971
f 5975 5973 5790
f 5975 5976 5973
f 5791 5975 5790
f 5791 5977 5975
f 5791 5978 5977
f 5977 5979 5975
f 5977 5980 5979
f 5979 5981 5975
f 5979 5982 5981
f 5981 5983 5975
f 5981 5984 5983
f 5983 5985 5975
f 5983 5984 5985
f 5975 5985 5986
f 5986 5985 5987
f 5975 5986 5988
f 5986 5987 5988
f 5975 5988 5976
f 5988 5989 5976
f 5988 5987 5989
f 5989 5990 5976
f 5989 5987 5990
f 5976 5990 5991
f 5991 5990 5992
f 5976 5991 5993
f 5991 5992 5993
f 5976 5993 5973
f 5993 5994 5973
f 5993 5992 5994
f 5994 5995 5973
f 5994 5992 5995
f 5973 5995 5996
f 5996 5995 5997
f 5973 5996 5974
f 5996 5997 5974
f 5974 5997 5998
f 5998 5997 5999
f 5974 5998 5971
f 5998 5999 5971
f 5971 5999 5972
f 5972 5999 5969
f 5969 5999 4019
f 5972 5969 5970
f 5999 4022 4019
f 5969 4019 4016
f 4017 4016 4019
f 5967 5969 4016
f 5967 4016 4014
f 4013 4014 4016
f 5964 5967 4014
f 5999 5997 4022
f 4020 4019 4022
f 5997 4025 4022
f 5997 5995 4025
f 4023 4022 4025
f 5995 4028 4025
f 5995 5992 4028
f 4026 4025 4028
f 6000 4028 5992
f 4030 4028 6000
f 5990 6000 5992
f 5987 6000 5990
f 6001 6000 5987
f 4032 6000 6001
f 5985 6001 5987
f 4036 6001 5985
f 4034 6001 4036
f 5984 4036 5985
f 4038 4036 5984
f 4035 4036 4038
f 6002 4038 5984
f 4042 4038 6002
f 5982 6002 5984
f 5979 6002 5982
f 5982 5984 5981
f 6003 6002 5979
f 6003 6004 6002
f 5980 6003 5979
f 5980 6004 6003
f 6005 6004 5980
f 6005 6006 6004
f 5977 6005 5980
f 5977 6006 6005
f 6007 6006 5977
f 6007 6008 6006
f 6009 6007 5977
f 6009 6008 6007
f 5978 6009 5977
f 5978 6010 6009
f 5978 6011 6010
f 6010 6008 6009
f 6010 6011 6008
f 6011 4050 6008
f 4053 4050 6011
f 6008 4050 6006
f 4050 4047 6006
f 4048 4047 4050
f 6006 4047 6004
f 4047 4044 6004
f 4045 4044 4047
f 6004 4044 6002
f 4044 4042 6002
f 4041 4042 4044
f 4051 4050 4053
f 6012 4053 6011
f 4057 4053 6012
f 6013 6012 6011
f 6014 6012 6013
f 6013 6011 5978
f 6014 6013 5978
f 5791 6014 5978
f 5791 6015 6014
f 5791 6016 6015
f 6015 6012 6014
f 6015 6016 6012
f 6016 4057 6012
f 6017 4057 6016
f 4059 4057 6017
f 6018 6017 6016
f 6019 6017 6018
f 6018 6016 5791
f 6019 6018 5791
f 6020 6019 5791
f 6020 6021 6019
f 6022 6020 5791
f 6022 6023 6020
f 6024 6022 5791
f 6024 6025 6022
f 5788 6024 5791
f 5788 6026 6024
f 5788 6027 6026
f 6026 6028 6024
f 6026 6029 6028
f 6028 6030 6024
f 6028 6031 6030
f 6030 6032 6024
f 6030 6033 6032
f 6032 6034 6024
f 6032 6033 6034
f 6024 6034 6035
f 6035 6034 6036
f 6024 6035 6037
f 6035 6036 6037
f 6024 6037 6025
f 6037 6038 6025
f 6037 6036 6038
f 6038 6039 6025
f 6038 6036 6039
f 6025 6039 6040
f 6040 6039 6041
f 6025 6040 6042
f 6040 6041 6042
f 6025 6042 6022
f 6042 6043 6022
f 6042 6044 6043
f 6043 6045 6022
f 6043 6044 6045
f 6022 6045 6046
f 6046 6045 6047
f 6022 6046 6023
f 6046 6047 6023
f 6023 6047 6048
f 6048 6047 6049
f 6023 6048 6020
f 6048 6049 6020
f 6020 6049 6021
f 6021 6049 6017
f 6049 4059 6017
f 6021 6017 6019
f 4062 4059 6049
f 4060 4059 4062
f 6047 4062 6049
f 4065 4062 6047
f 4063 4062 4065
f 6045 4065 6047
f 6050 4065 6045
f 4067 4065 6050
f 4102 6050 6045
f 4071 6050 4102
f 4102 6045 6044
f 6051 4102 6044
f 4104 4102 6051
f 4108 6051 6044
f 4106 6051 4108
f 4110 4108 6044
f 4107 4108 4110
f 4114 4110 6044
f 4112 4110 4114
f 4116 4114 6044
f 4113 4114 4116
f 4119 4116 6044
f 4117 4116 4119
f 6052 4119 6044
f 4121 4119 6052
f 4125 6052 6044
f 4123 6052 4125
f 4127 4125 6044
f 4124 4125 4127
f 4131 4127 6044
f 4129 4127 4131
f 4131 6044 6041
f 6042 6041 6044
f 4133 4131 6041
f 4130 4131 4133
f 6053 4133 6041
f 4135 4133 6053
f 4139 6053 6041
f 4137 6053 4139
f 4139 6041 6039
f 4141 4139 6039
f 4138 4139 4141
f 4144 4141 6039
f 4142 4141 4144
f 4148 4144 6039
f 4146 4144 4148
f 4150 4148 6039
f 4147 4148 4150
f 4150 6039 6036
f 6034 4150 6036
f 6033 4150 6034
f 4150 6033 6054
f 6031 6054 6033
f 6055 4150 6054
f 6056 4150 6055
f 6057 6055 6054
f 6029 6055 6057
f 6057 6054 6028
f 6028 6054 6031
f 6029 6057 6028
f 6058 6055 6029
f 6058 6056 6055
f 6026 6058 6029
f 6026 6056 6058
f 6059 6056 6026
f 6059 6060 6056
f 6061 6059 6026
f 6061 6060 6059
f 6027 6061 6026
f 6027 6062 6061
f 6027 6063 6062
f 6062 6060 6061
f 6062 6063 6060
f 6063 4150 6060
f 6064 4150 6063
f 4150 6056 6060
f 4150 6064 6065
f 6066 6064 6063
f 6067 6064 6066
f 6066 6063 6027
f 6067 6066 6027
f 5788 6067 6027
f 5788 6068 6067
f 5788 6065 6068
f 6068 6064 6067
f 6068 6065 6064
f 6069 6065 5788
f 6069 6070 6065
f 6071 6069 5788
f 6071 6070 6069
f 6072 6071 5788
f 6072 6073 6071
f 6074 6072 5788
f 6074 6075 6072
f 5789 6074 5788
f 5789 6076 6074
f 5789 6077 6076
f 6076 6078 6074
f 6076 6079 6078
f 6078 6080 6074
f 6078 6081 6080
f 6080 6082 6074
f 6080 6081 6082
f 6074 6082 6083
f 6083 6082 6084
f 6074 6083 6075
f 6083 6084 6075
f 6075 6084 6085
f 6085 6084 6086
f 6075 6085 6072
f 6085 6086 6072
f 6072 6086 6073
f 6073 6086 6070
f 6086 4150 6070
f 6073 6070 6071
f 4150 6086 6084
f 6070 4150 6065
f 6082 4150 6084
f 6081 4150 6082
f 4150 6081 6087
f 6079 6087 6081
f 6088 4150 6087
f 6089 4150 6088
f 6090 6088 6087
f 6077 6088 6090
f 6090 6087 6076
f 6076 6087 6079
f 6077 6090 6076
f 6091 6088 6077
f 6091 6089 6088
f 5789 6091 6077
f 5789 6089 6091
f 6092 6089 5789
f 6092 6093 6089
f 6094 6092 5789
f 6094 6093 6092
f 6095 6094 5789
f 6095 6096 6094
f 6097 6095 5789
f 6097 6098 6095
f 5786 6097 5789
f 5786 6099 6097
f 5786 6100 6099
f 6099 6101 6097
f 6099 6102 6101
f 6101 6103 6097
f 6101 6104 6103
f 6103 6105 6097
f 6103 6104 6105
f 6097 6105 6106
f 6106 6105 6107
f 6097 6106 6098
f 6106 6107 6098
f 6098 6107 6108
f 6108 6107 6109
f 6098 6108 6095
f 6108 6109 6095
f 6095 6109 6096
f 6096 6109 6093
f 6109 4150 6093
f 6096 6093 6094
f 4153 4150 6109
f 4150 6089 6093
f 4151 4150 4153
f 6107 4153 6109
f 6105 4153 6107
f 6110 4153 6105
f 4155 4153 6110
f 6104 6110 6105
f 6111 6110 6104
f 6110 6111 6112
f 6102 6111 6104
f 6099 6111 6102
f 6102 6104 6101
f 6113 6111 6099
f 6113 6112 6111
f 6100 6113 6099
f 6100 6112 6113
f 6114 6112 6100
f 6114 6115 6112
f 5786 6114 6100
f 5786 6115 6114
f 6116 6115 5786
f 6116 6117 6115
f 6118 6116 5786
f 6118 6117 6116
f 6119 6118 5786
f 6119 6120 6118
f 5787 6119 5786
f 5787 6121 6119
f 5787 6122 6121
f 6121 6123 6119
f 6121 6124 6123
f 6123 6125 6119
f 6123 6124 6125
f 6119 6125 6120
f 6120 6125 6117
f 6110 6117 6125
f 6120 6117 6118
f 6117 6110 6115
f 6124 6110 6125
f 6126 6110 6124
f 6110 6126 6127
f 6122 6126 6124
f 5787 6126 6122
f 6122 6124 6121
f 6128 6126 5787
f 6128 6127 6126
f 6129 6128 5787
f 6129 6127 6128
f 6130 6129 5787
f 6130 6131 6129
f 5784 6130 5787
f 5784 6132 6130
f 5784 6133 6132
f 6132 6134 6130
f 6132 6135 6134
f 6134 6136 6130
f 6134 6135 6136
f 6130 6136 6131
f 6131 6136 6127
f 6136 6110 6127
f 6131 6127 6129
f 6135 6110 6136
f 6110 6135 6137
f 6133 6137 6135
f 6138 6110 6137
f 5610 6110 6138
f 6139 6138 6137
f 6140 6138 6139
f 6139 6137 5784
f 5784 6137 6133
f 6140 6139 5784
f 5785 6140 5784
f 5785 6141 6140
f 5785 6142 6141
f 6141 6138 6140
f 6141 6142 6138
f 6142 5610 6138
f 6143 5610 6142
f 5610 6143 6144
f 6145 6143 6142
f 6146 6143 6145
f 6145 6142 5785
f 6146 6145 5785
f 5783 6146 5785
f 5783 6147 6146
f 5783 6144 6147
f 6147 6143 6146
f 6147 6144 6143
f 5783 5782 6144
f 5782 5610 6144
f 5779 5610 5782
f 5610 5779 6148
f 6148 5779 5780
f 5610 6148 6149
f 6150 6149 6148
f 6151 5610 6149
f 5610 6151 6152
f 6153 6151 6149
f 6154 6151 6153
f 6153 6149 6150
f 6154 6153 6150
f 6155 6154 6150
f 6155 6156 6154
f 6155 6150 6157
f 6150 6158 6157
f 6155 6157 6159
f 6157 6160 6159
f 6155 6159 6161
f 6159 6162 6161
f 6163 6155 6161
f 6163 6164 6155
f 6161 6165 6163
f 6161 6166 6165
f 6165 6167 6163
f 6165 6168 6167
f 6167 6169 6163
f 6167 6170 6169
f 6169 6171 6163
f 6169 6172 6171
f 6171 5643 6163
f 6171 6173 5643
f 5643 6174 6163
f 5643 6175 6174
f 6174 6176 6163
f 6174 6177 6176
f 6176 6178 6163
f 6176 6177 6178
f 6163 6178 6179
f 6179 6178 6180
f 6163 6179 6181
f 6179 6180 6181
f 6163 6181 6182
f 6181 6183 6182
f 6163 6182 6184
f 6182 6185 6184
f 6163 6184 6164
f 6184 6186 6164
f 6184 6187 6186
f 6186 6188 6164
f 6186 6189 6188
f 6188 6190 6164
f 6188 6191 6190
f 6190 6192 6164
f 6190 6191 6192
f 6164 6192 6193
f 6193 6192 6194
f 6164 6193 6195
f 6193 6194 6195
f 6164 6195 6196
f 6195 6197 6196
f 6164 6196 6198
f 6196 6199 6198
f 6164 6198 6155
f 6198 6200 6155
f 6198 6201 6200
f 6200 6202 6155
f 6200 6203 6202
f 6202 6204 6155
f 6202 6205 6204
f 6204 6152 6155
f 6204 6205 6152
f 6155 6152 6156
f 6156 6152 6151
f 6156 6151 6154
f 6205 5610 6152
f 6206 5610 6205
f 5610 6206 6207
f 6203 6206 6205
f 6200 6206 6203
f 6203 6205 6202
f 6208 6206 6200
f 6208 6207 6206
f 6201 6208 6200
f 6201 6207 6208
f 6209 6207 6201
f 6209 6210 6207
f 6198 6209 6201
f 6198 6210 6209
f 6211 6210 6198
f 6211 6212 6210
f 6199 6211 6198
f 6199 6212 6211
f 6213 6212 6199
f 6213 6214 6212
f 6196 6213 6199
f 6196 6214 6213
f 6197 6214 6196
f 6197 6194 6214
f 6195 6194 6197
f 5612 6214 6194
f 6214 5612 6212
f 6192 5612 6194
f 6191 5612 6192
f 5612 6191 6215
f 6189 6215 6191
f 6216 5612 6215
f 6217 5612 6216
f 6218 6216 6215
f 6187 6216 6218
f 6218 6215 6186
f 6186 6215 6189
f 6187 6218 6186
f 6219 6216 6187
f 6219 6217 6216
f 6184 6219 6187
f 6184 6217 6219
f 6220 6217 6184
f 6220 6221 6217
f 6185 6220 6184
f 6185 6221 6220
f 6222 6221 6185
f 6222 6223 6221
f 6182 6222 6185
f 6182 6223 6222
f 6183 6223 6182
f 6183 6180 6223
f 6181 6180 6183
f 6180 5612 6223
f 5612 6180 6178
f 6223 5612 6221
f 5612 6217 6221
f 5616 5612 6178
f 5614 5612 5616
f 6177 5616 6178
f 5618 5616 6177
f 5615 5616 5618
f 5640 5618 6177
f 5620 5618 5640
f 6175 5640 6177
f 5643 5640 6175
f 6175 6177 6174
f 5617 5618 5620
f 5626 5620 5640
f 5624 5620 5626
f 5628 5626 5640
f 5625 5626 5628
f 5631 5628 5640
f 5629 5628 5631
f 5624 5622 5620
f 5623 5624 5626
f 5614 5611 5612
f 5613 5614 5616
f 6189 6191 6188
f 6212 5612 6210
f 5612 5610 6210
f 4158 5610 5612
f 6210 5610 6207
f 6171 5649 6173
f 6173 5645 5643
f 5645 6173 5649
f 5642 5643 5645
f 5645 5649 5650
f 5645 5650 5644
f 6171 6224 5649
f 6225 6224 6171
f 5649 6224 5652
f 6224 6226 5652
f 6172 6226 6224
f 6226 6227 5652
f 6228 6227 6226
f 6227 5661 5652
f 6229 5661 6227
f 6167 5661 6229
f 6229 6227 6170
f 6170 6227 6228
f 6167 6229 6170
f 6170 6228 6169
f 6228 6226 6169
f 6169 6226 6172
f 6230 5661 6167
f 6230 5725 5661
f 6231 6230 6167
f 6231 5725 6230
f 6168 6231 6167
f 6168 6232 6231
f 6168 5729 6232
f 6232 5725 6231
f 6232 5729 5725
f 5725 5729 5724
f 6233 5729 6168
f 6233 5733 5729
f 6234 6233 6168
f 6234 5733 6233
f 6165 6234 6168
f 6165 6235 6234
f 6165 5737 6235
f 6235 5733 6234
f 6235 5737 5733
f 5733 5737 5732
f 6236 5737 6165
f 6236 5744 5737
f 6237 6236 6165
f 6237 5744 6236
f 6166 6237 6165
f 6166 6238 6237
f 6166 5748 6238
f 6238 5744 6237
f 6238 5748 5744
f 5744 5748 5743
f 6239 5748 6166
f 6239 5752 5748
f 6240 6239 6166
f 6240 5752 6239
f 6161 6240 6166
f 6161 6241 6240
f 6161 6242 6241
f 6241 6243 6240
f 6241 5759 6243
f 6243 5752 6240
f 6243 5759 5752
f 5752 5759 5755
f 6242 5759 6241
f 6242 5766 5759
f 6244 5766 6242
f 5759 5766 5762
f 6161 5766 6244
f 6161 6244 6242
f 6161 6245 5766
f 6246 6245 6161
f 5766 6245 5765
f 6245 5770 5765
f 6247 5770 6245
f 6248 5770 6247
f 6247 6245 6246
f 6247 6246 6161
f 6162 6247 6161
f 6162 6248 6247
f 6162 5770 6248
f 6162 6249 5770
f 6250 6249 6162
f 5770 6249 5769
f 6249 6251 5769
f 6252 6251 6249
f 6251 5774 5769
f 6159 5774 6251
f 6253 5774 6159
f 6159 6251 6254
f 6254 6251 6252
f 6159 6254 6252
f 6159 6252 6162
f 6252 6250 6162
f 6252 6249 6250
f 6160 5774 6253
f 6160 6253 6159
f 6160 6255 5774
f 6256 6255 6160
f 5774 6255 5773
f 6255 6257 5773
f 6258 6257 6255
f 6257 5778 5773
f 6259 5778 6257
f 6260 5778 6259
f 6259 6257 6157
f 6157 6257 6258
f 6158 6259 6157
f 6158 6260 6259
f 6158 5778 6260
f 6158 5780 5778
f 6261 5780 6158
f 5778 5780 5777
f 6261 6148 5780
f 6262 6261 6158
f 6262 6148 6261
f 6150 6262 6158
f 6150 6148 6262
f 6157 6258 6256
f 6258 6255 6256
f 6157 6256 6160
f 5748 5752 5747
f 5737 5744 5740
f 5729 5733 5728
f 5661 5725 5721
f 6172 6224 6225
f 6172 6225 6171
f 4157 6110 5610
f 4157 4154 6110
f 4156 4157 5610
f 4154 4155 6110
f 6133 6135 6132
f 6115 6110 6112
f 4155 4152 4153
f 6079 6081 6078
f 6031 6033 6030
f 4146 4143 4144
f 4145 4146 4148
f 4137 4134 6053
f 4136 4137 4139
f 4134 4135 6053
f 4135 4132 4133
f 4129 4126 4127
f 4128 4129 4131
f 4123 4120 6052
f 4122 4123 4125
f 4120 4121 6052
f 4121 4118 4119
f 4112 4109 4110
f 4111 4112 4114
f 4106 4103 6051
f 4105 4106 4108
f 4103 4104 6051
f 4104 4101 4102
f 4069 6050 4071
f 4100 4071 4102
f 4073 4071 4100
f 4099 4100 4102
f 4070 4071 4073
f 4096 4073 4100
f 4076 4073 4096
f 4098 4096 4100
f 4098 4095 4096
f 4097 4098 4100
f 4074 4073 4076
f 4093 4076 4096
f 4080 4076 4093
f 4094 4093 4096
f 4078 4076 4080
f 4090 4080 4093
f 4082 4080 4090
f 4091 4090 4093
f 4079 4080 4082
f 4088 4082 4090
f 6263 4082 4088
f 4087 4088 4090
f 4084 4082 6263
f 4086 6263 4088
f 4086 4083 6263
f 4085 4086 4088
f 4083 4084 6263
f 4084 4081 4082
f 4078 4075 4076
f 4077 4078 4080
f 4069 4066 6050
f 4068 4069 4071
f 4066 4067 6050
f 4067 4064 4065
f 4056 4057 4059
f 4055 4053 4057
f 4055 4052 4053
f 4054 4055 4057
f 4040 4038 4042
f 4040 4037 4038
f 4039 4040 4042
f 4034 4031 6001
f 4033 4034 4036
f 4031 4032 6001
f 4032 4029 6000
f 4029 4030 6000
f 4030 4027 4028
f 5931 6264 5922
f 5922 6265 5792
f 5922 5920 6265
f 6265 6266 5792
f 6265 6267 6266
f 6266 6268 5792
f 6268 6266 6269
f 5792 6268 6269
f 5792 6269 6270
f 5886 6270 6269
f 6271 5792 6270
f 5792 6271 6272
f 6272 6271 6270
f 6272 6270 6273
f 6274 6273 6270
f 6275 6272 6273
f 6272 6275 6276
f 6276 6275 6273
f 6276 6273 6277
f 5879 6277 6273
f 6278 6276 6277
f 6276 6278 6279
f 6279 6278 6277
f 6279 6277 6280
f 5877 6280 6277
f 6281 6279 6280
f 6279 6281 6282
f 6282 6281 6280
f 6282 6280 6283
f 5876 6283 6280
f 6284 6282 6283
f 6282 6284 6285
f 6285 6284 6283
f 6285 6283 6286
f 6287 6286 6283
f 6288 6285 6286
f 6285 6288 6289
f 6289 6288 6286
f 6289 6286 6290
f 6287 6290 6286
f 6291 6289 6290
f 6289 6291 6292
f 6292 6291 6290
f 6292 6290 6293
f 5869 6293 6290
f 6294 6292 6293
f 6292 6294 5795
f 5795 6294 6293
f 5795 6293 6295
f 5867 6295 6293
f 6296 5795 6295
f 5795 6296 5849
f 5849 6296 6295
f 5849 6295 6297
f 5866 6297 6295
f 6298 5849 6297
f 5849 6298 5848
f 5848 6298 6297
f 5848 6297 6299
f 6300 6299 6297
f 5851 5848 6299
f 5850 5851 6299
f 5850 6299 5853
f 6299 5859 5853
f 6300 5859 6299
f 5859 5855 5853
f 5862 5859 6300
f 5860 5859 5862
f 5862 6300 5861
f 5861 6300 5864
f 5864 6300 5866
f 6300 6297 5866
f 5864 5866 5863
f 5866 6295 5867
f 5867 6293 5869
f 6289 6292 5795
f 6282 6289 5795
f 6282 6285 6289
f 5792 6282 5795
f 5792 6276 6282
f 5792 6272 6276
f 6276 6279 6282
f 5869 6290 6287
f 5872 5869 6287
f 5870 5869 5872
f 5872 6287 5871
f 5871 6287 5874
f 5874 6287 5876
f 6287 6283 5876
f 5874 5876 5873
f 5876 6280 5877
f 5877 6277 5879
f 5879 6273 6274
f 5882 5879 6274
f 5880 5879 5882
f 5882 6274 5881
f 5881 6274 5884
f 5884 6274 5886
f 6274 6270 5886
f 5884 5886 5883
f 5886 6269 5887
f 5887 6269 6301
f 6266 6301 6269
f 5887 6301 5889
f 5889 6301 6302
f 6302 6301 6303
f 5892 5889 6302
f 5890 5889 5892
f 5892 6302 5891
f 5891 6302 5894
f 5894 6302 5896
f 6302 6303 5896
f 5894 5896 5893
f 5896 6303 5897
f 5897 6303 5899
f 6265 5899 6303
f 6265 5918 5899
f 6304 6265 6303
f 6265 6304 6267
f 6304 6303 6301
f 6267 6304 6301
f 6266 6267 6301
f 6305 5918 6265
f 5918 6305 5917
f 5920 6305 6265
f 5920 5917 6305
f 5922 6306 5920
f 5922 5919 6306
f 6306 5919 5920
f 5931 5926 6264
f 6264 5924 5922
f 6264 5923 5924
f 5924 6307 5922
f 5924 5921 6307
f 6307 5921 5922
f 5926 5923 6264
f 6308 5843 3867
f 6308 5841 5843
f 3864 6308 3867
f 3864 5841 6308
f 3865 5841 3864
f 3863 3862 3865
f 5799 5807 5798
f 5659 5684 5708
f 5708 5735 5764
f 5708 5720 5735
f 5735 5750 5764
f 5735 5742 5750
f 5750 5757 5764
f 5750 5754 5757
f 5757 5761 5764
f 5735 5739 5742
f 5742 5746 5750
f 5708 5714 5720
f 5720 5727 5735
f 5720 5723 5727
f 5727 5731 5735
f 5708 5711 5714
f 5714 5717 5720
f 5659 5672 5684
f 5684 5696 5708
f 5684 5690 5696
f 5696 5702 5708
f 5696 5699 5702
f 5702 5705 5708
f 5684 5687 5690
f 5690 5693 5696
f 5659 5666 5672
f 5672 5678 5684
f 5672 5675 5678
f 5678 5681 5684
f 5659 5663 5666
f 5666 5669 5672
f 5632 5631 5634
f 5636 5633 5634
f 5635 5636 5638
f 3869 3912 3859
f 3868 3907 3869
f 3899 3902 3868
f 3873 3899 3868
f 3873 3896 3899
f 3888 3891 3873
f 3872 3888 3873
f 3872 3885 3888
f 3746 3807 3747
f 3746 3808 3807
f 3749 3808 3746
f 3748 3808 3749
f 3748 3751 3808
f 3754 3806 3752
f 3753 3806 3754
f 3769 3768 3805
f 3766 3769 3767
f 3768 3771 3805
f 3771 3770 3804
f 3770 3773 3804
f 3773 3772 3803
f 3772 3775 3803
f 3775 3774 3777
f 3786 3785 3802
f 3781 3786 3782
f 3785 3788 3802
f 3801 3788 3787
f 3787 3790 3801
f 3790 3789 3792
f 3424 3433 3426
f 3404 3414 3407
f 3412 3407 3414
f 3412 6309 3407
f 3412 6310 6309
f 3407 6309 6311
f 6309 6312 6311
f 3407 6311 3409
f 3409 6311 6313
f 3406 3407 3409
f 6311 6314 6313
f 3409 6313 3411
f 3411 6313 6310
f 3408 3409 3411
f 6313 6315 6310
f 3411 6310 3412
f 6313 6314 6315
f 6310 6315 6316
f 6315 6317 6316
f 6310 6316 6309
f 6309 6316 6312
f 6316 6318 6312
f 6316 6317 6318
f 6312 6318 6319
f 6318 6320 6319
f 6312 6319 6314
f 6314 6319 6321
f 6311 6312 6314
f 6319 6322 6321
f 6314 6321 6315
f 6315 6321 6317
f 6321 6323 6317
f 6321 6324 6323
f 6317 6323 6325
f 6323 6326 6325
f 6317 6325 6318
f 6318 6325 6320
f 6325 6327 6320
f 6325 6326 6327
f 6327 6328 6320
f 6327 6329 6328
f 6320 6328 6330
f 6328 6331 6330
f 6320 6330 6319
f 6319 6330 6322
f 6330 6332 6322
f 6330 6331 6332
f 6322 6332 6333
f 6331 6333 6332
f 6322 6333 6334
f 6334 6333 6335
f 6321 6322 6334
f 6321 6334 6324
f 6324 6334 6336
f 6334 6335 6336
f 6324 6336 6337
f 6337 6336 6329
f 6324 6337 6338
f 6337 6326 6338
f 6324 6338 6323
f 6323 6338 6326
f 6337 6327 6326
f 6337 6329 6327
f 6336 6339 6329
f 6336 6335 6339
f 6329 6339 6340
f 6340 6339 6335
f 6329 6340 6328
f 6328 6340 6331
f 6331 6340 6333
f 6340 6335 6333
f 3390 6341 3386
f 3390 3391 6341
f 3386 6341 6342
f 6341 6343 6342
f 3386 6342 3388
f 3388 6342 6344
f 3385 3386 3388
f 6342 6345 6344
f 3388 6344 3389
f 3389 6344 3391
f 6344 6346 3391
f 6344 6345 6346
f 3391 6346 6347
f 6346 6348 6347
f 3391 6347 6341
f 6341 6347 6343
f 6347 6349 6343
f 6347 6348 6349
f 6343 6349 6350
f 6349 6351 6350
f 6343 6350 6345
f 6345 6350 6352
f 6342 6343 6345
f 6350 6353 6352
f 6345 6352 6346
f 6346 6352 6348
f 6352 6354 6348
f 6352 6353 6354
f 6348 6354 6355
f 6354 6356 6355
f 6348 6355 6349
f 6355 6357 6349
f 6355 6358 6357
f 6349 6357 6351
f 6357 6359 6351
f 6357 6360 6359
f 6351 6359 6361
f 6360 6361 6359
f 6351 6361 6362
f 6362 6361 6363
f 6350 6351 6362
f 6350 6362 6364
f 6364 6362 6358
f 6350 6364 6353
f 6364 6365 6353
f 6364 6366 6365
f 6353 6365 6367
f 6365 6368 6367
f 6353 6367 6354
f 6354 6367 6356
f 6367 6369 6356
f 6367 6368 6369
f 6356 6369 6370
f 6368 6370 6369
f 6356 6370 6366
f 6366 6370 6371
f 6355 6356 6366
f 6355 6366 6364
f 6364 6358 6355
f 6368 6371 6370
f 6366 6371 6365
f 6365 6371 6368
f 6362 6363 6358
f 6358 6363 6360
f 6360 6363 6361
f 6358 6360 6357
f 3245 3240 3373
f 3369 3373 6372
f 3373 6373 6372
f 3369 6372 3370
f 3370 6372 6374
f 6372 6375 6374
f 3370 6374 6376
f 6376 6374 6377
f 6378 3370 6376
f 3366 3370 6378
f 6378 6376 6379
f 6379 6376 6380
f 6373 6378 6379
f 3241 6378 6373
f 6373 6379 6375
f 6375 6379 6381
f 6372 6373 6375
f 6379 6380 6381
f 6375 6381 6382
f 6382 6381 6383
f 6374 6375 6382
f 6374 6382 6377
f 6377 6382 6384
f 6382 6383 6384
f 6377 6384 6385
f 6385 6384 6386
f 6380 6377 6385
f 6376 6377 6380
f 6380 6385 6387
f 6387 6385 6388
f 6381 6380 6387
f 6381 6387 6383
f 6383 6387 6389
f 6387 6388 6389
f 6383 6389 6390
f 6390 6389 6391
f 6383 6390 6392
f 6390 6393 6392
f 6383 6392 6394
f 6394 6392 6395
f 6384 6383 6394
f 6384 6394 6396
f 6396 6394 6397
f 6386 6384 6396
f 6386 6396 6393
f 6393 6396 6398
f 6390 6386 6393
f 6386 6390 6399
f 6390 6391 6399
f 6386 6399 6400
f 6400 6399 6401
f 6388 6386 6400
f 6385 6386 6388
f 6388 6400 6402
f 6402 6400 6403
f 6389 6388 6402
f 6389 6402 6391
f 6391 6402 6404
f 6402 6403 6404
f 6391 6404 6405
f 6404 6401 6405
f 6399 6391 6405
f 6399 6405 6401
f 6404 6403 6401
f 6400 6401 6403
f 6396 6397 6398
f 6393 6398 6406
f 6398 6395 6406
f 6392 6393 6406
f 6392 6406 6395
f 6398 6397 6395
f 6394 6395 6397
f 3241 3366 6378
f 3373 3241 6373
f 3240 3241 3373
f 3236 3366 3241
f 3235 3232 3267
f 3232 3235 3233
f 3232 3228 3267
