v 118.294266 114.139130 213.246689
v 108.277618 117.783752 233.805756
v 125.000015 130.137848 234.309937
v 116.043564 107.223785 211.600464
v 125.000015 123.104126 242.899811
v 125.000000 119.031342 211.994476
v 131.705750 114.139130 213.246689
v 125.000000 111.814423 212.676697
v 125.000000 113.092224 202.056137
v 133.956451 107.223785 211.600464
v 114.057129 109.394958 201.953598
v 125.000000 120.836426 190.615677
v 118.201752 96.013138 213.771973
v 105.252136 107.223785 233.805695
v 110.804977 90.698334 205.403778
v 92.708420 110.343292 198.125549
v 125.000000 93.890442 214.515747
v 121.249161 91.055557 215.634460
v 125.000000 88.575653 203.987503
v 113.125412 81.615265 193.137482
v 139.190979 90.698334 205.401596
v 136.874603 81.615265 193.137451
v 131.798279 96.013138 213.771973
v 135.942871 109.394958 201.953598
v 128.750854 91.055557 215.634460
v 132.226166 95.762238 213.434418
v 126.772079 89.507339 215.395126
v 129.057602 90.652802 215.312469
v 125.000000 87.570145 214.942612
v 126.933243 88.986557 215.144485
v 123.227936 89.507339 215.395126
v 123.066772 88.986557 215.144485
v 120.942413 90.652802 215.312469
v 109.170593 83.386749 233.650345
v 117.773849 95.762238 213.434418
v 104.738113 93.632172 233.635178
v 105.252136 93.890442 233.805710
v 105.000015 107.223785 247.112335
v 105.000015 93.890457 247.112335
v 113.124741 116.745712 247.961746
v 136.875305 116.745697 247.961761
v 141.722382 117.783752 233.805725
v 144.747864 107.223801 233.805710
v 145.000000 107.223785 247.112350
v 137.683411 107.290375 260.144958
v 144.747864 93.890457 233.805710
v 145.000000 93.890457 247.112335
v 145.294556 107.223785 247.635056
v 145.525360 93.702911 247.333282
v 145.261902 93.632172 233.635178
v 137.847839 107.344711 260.021820
v 137.927612 93.717819 259.900269
v 137.435425 106.159286 265.776794
v 141.086365 84.147614 247.016983
v 140.829407 83.386749 233.650345
v 133.458832 87.430542 256.594330
v 136.164673 93.643875 264.783447
v 132.581573 82.297012 246.986557
v 132.451935 81.535034 234.224564
v 129.095032 85.389648 258.356384
v 133.187805 92.545151 266.004608
v 125.000000 80.721939 246.960510
v 125.000000 79.964539 234.720154
v 125.000015 83.575577 260.002869
v 129.060989 92.675369 267.293518
v 120.904984 85.389648 258.356384
v 120.939026 92.675369 267.293518
v 117.418442 82.297012 246.986557
v 116.541199 87.430542 256.594330
v 117.548065 81.535034 234.224564
v 108.913666 84.147614 247.016983
v 104.474640 93.702911 247.333282
v 112.072418 93.717819 259.900269
v 104.705460 107.223785 247.635040
v 112.152191 107.344727 260.021820
v 104.781555 107.390732 247.645630
v 112.316589 107.290375 260.144958
v 114.577805 122.701401 262.176849
v 113.439499 119.880722 263.802917
v 120.342514 117.939423 256.689026
v 116.836029 123.813232 262.711334
v 129.657516 117.939407 256.689026
v 125.000015 120.594604 257.666077
v 135.422211 122.701385 262.176849
v 133.164001 123.813217 262.711334
v 136.560547 119.880722 263.802917
v 133.671326 119.852341 264.813660
v 130.959259 107.186050 262.369049
v 130.871201 107.549561 262.279938
v 125.000015 107.196640 264.322266
v 137.325989 112.096390 265.525970
v 134.143433 112.093063 266.576843
v 134.197083 106.158646 266.839813
v 131.023987 94.016983 262.343506
v 138.791016 97.845200 266.598389
v 134.405945 97.922623 268.117676
v 131.287781 93.541245 266.335785
v 132.173767 97.809616 267.936707
v 128.955154 97.847534 269.047089
v 125.000015 93.863815 264.322266
v 128.297028 106.364456 267.925293
v 131.047791 106.363907 267.004364
v 128.226715 111.855682 267.641937
v 125.000015 107.442642 264.281555
v 130.930191 111.852448 266.743011
v 121.773300 111.855682 267.641937
v 119.069839 111.852448 266.743011
v 121.702988 106.364456 267.925293
v 118.952240 106.363907 267.004364
v 118.976028 94.016983 262.343506
v 117.826263 97.809616 267.936707
v 119.128830 107.549561 262.279938
v 115.856567 112.093079 266.576843
v 119.040771 107.186050 262.369049
v 122.998489 121.030731 265.633026
v 112.674011 112.096405 265.525970
v 112.564590 106.159286 265.776794
v 115.802933 106.158646 266.839813
v 111.208984 97.845200 266.598389
v 113.835342 93.643875 264.783447
v 115.594101 97.922623 268.117676
v 118.712250 93.541245 266.335785
v 116.812210 92.545151 266.004608
v 121.044876 97.847534 269.047089
v 116.328705 119.852356 264.813660
v 120.611847 121.020798 264.900879
v 121.064148 124.323761 263.154480
v 122.944427 125.212799 263.549103
v 127.055588 125.212799 263.549103
v 127.001526 121.030716 265.633026
v 128.935883 124.323746 263.154480
v 129.388168 121.020798 264.900879
v 145.218445 107.390717 247.645645
v 137.215515 119.507706 191.678711
v 145.497986 106.711853 192.581970
v 125.000000 115.482147 167.144775
v 137.780670 115.157028 167.962738
v 112.784500 119.507706 191.678741
v 112.219345 115.157028 167.962738
v 125.000000 108.331100 131.379303
v 104.502045 106.711868 192.581970
v 105.405319 108.342010 171.096512
v 113.101471 107.951340 134.446732
v 101.913300 88.344498 195.393311
v 92.900085 93.280106 165.427826
v 105.574203 88.500961 173.125946
v 105.194260 105.389206 140.966919
v 88.641891 90.899445 200.424194
v 112.738266 84.831223 170.725021
v 105.385605 89.253983 142.762268
v 125.000000 86.591263 190.853027
v 125.000000 84.012131 168.919495
v 121.774063 83.242203 140.223297
v 137.261749 84.831207 170.725021
v 128.225952 83.242203 140.223297
v 144.425812 88.500961 173.125931
v 144.614410 89.253967 142.762268
v 148.086731 88.344482 195.393311
v 144.594696 108.342010 171.096512
v 161.358521 90.899445 200.423965
v 166.423767 93.631561 168.193451
v 157.291626 110.343292 198.125534
v 163.461884 106.098099 166.940460
v 155.665405 104.230072 164.211807
v 157.099945 93.280090 165.427826
v 158.501312 93.714096 157.313232
v 136.898560 107.951340 134.446732
v 144.805756 105.389206 140.966919
v 125.000015 111.431137 117.737854
v 137.381256 110.896133 117.149040
v 112.618759 110.896133 117.149055
v 120.553543 112.644867 112.132523
v 99.218521 107.286575 123.448517
v 99.488083 85.891022 125.680962
v 98.280701 108.427460 112.705620
v 118.467957 79.862152 125.815353
v 98.595657 87.246658 114.465622
v 125.000000 84.201035 140.046585
v 125.000000 83.524750 125.412743
v 121.781387 85.297760 115.463821
v 131.532043 79.862152 125.815353
v 128.218628 85.297760 115.463821
v 150.511932 85.891022 125.680939
v 151.404358 87.246658 114.465599
v 150.781494 107.286575 123.448486
v 151.719299 108.427460 112.705605
v 129.446472 112.644852 112.132500
v 125.000015 110.255829 106.077003
v 125.000015 84.468430 112.089066
v 113.534348 84.801208 78.440712
v 91.886002 86.943390 78.761414
v 107.342804 110.508026 76.814682
v 107.819016 84.658478 66.859825
v 97.502777 108.645065 76.960480
v 107.616898 104.348175 65.600616
v 91.725174 101.339783 65.724556
v 91.927292 86.230865 66.983749
v 86.046219 97.665680 10.840744
v 91.269363 85.668823 18.549767
v 104.724030 88.750015 18.533234
v 92.316803 82.997284 9.955353
v 98.241486 104.500229 10.824203
v 105.545944 85.689926 9.940887
v 95.429855 112.239365 11.694679
v 96.536224 111.535049 6.488297
v 83.234589 105.404816 11.711212
v 91.064087 119.413086 10.007858
v 85.132889 96.989731 5.362030
v 81.819122 104.396805 6.505585
v 78.868835 112.578537 10.024399
v 84.729370 96.807098 0.000000
v 81.195419 104.092285 0.000000
v 76.539871 114.712555 4.597092
v 87.988785 98.200546 0.000000
v 93.262817 82.009628 0.000000
v 87.041519 100.348282 0.000000
v 87.841125 98.535339 0.000000
v 86.105301 103.761078 0.000000
v 85.343781 105.708008 0.000000
v 87.125580 100.491898 0.000000
v 87.041519 100.348282 0.787750
v 87.322235 100.827881 0.000000
v 87.346436 100.865646 0.000000
v 87.329483 100.839188 0.000000
v 87.354584 100.878113 0.000000
v 87.346436 100.865646 0.787750
v 87.373642 100.907242 0.000000
v 87.403763 100.952530 0.000000
v 87.382660 100.920807 0.000000
v 87.436691 101.001373 0.000000
v 87.413620 100.967148 0.000000
v 90.380142 105.425797 0.000000
v 87.078705 104.176865 0.000000
v 87.472321 101.053604 0.000000
v 87.447357 101.017014 0.000000
v 87.510559 101.109131 0.000000
v 87.483780 101.070236 0.000000
v 87.522751 101.126678 0.000000
v 87.510559 101.109131 0.787750
v 87.551285 101.167770 0.000000
v 87.564209 101.186218 0.000000
v 87.551285 101.167770 0.787750
v 87.594406 101.229401 0.000000
v 87.622253 101.268829 0.000000
v 87.594406 101.229401 0.787750
v 87.687393 101.361069 0.000000
v 87.788666 101.503021 0.000000
v 87.717712 101.403564 0.000000
v 87.897385 101.654114 0.000000
v 87.821228 101.548264 0.000000
v 88.012726 101.813248 0.000000
v 87.931931 101.701767 0.000000
v 88.133820 101.979309 0.000000
v 88.048981 101.862976 0.000000
v 88.171555 102.030762 0.000000
v 88.133820 101.979309 0.787750
v 88.259842 102.151154 0.000000
v 88.389954 102.327682 0.000000
v 88.298798 102.204010 0.000000
v 88.429871 102.381592 0.000000
v 88.389954 102.327682 0.787750
v 88.523285 102.507751 0.000000
v 89.072235 103.241196 0.000000
v 88.687668 102.727371 0.000000
v 89.113235 103.295410 0.000000
v 89.072235 103.241196 0.787750
v 89.209152 103.422241 0.000000
v 89.344254 103.600113 0.000000
v 89.249603 103.475494 0.000000
v 89.383911 103.652084 0.000000
v 89.344254 103.600113 0.787750
v 89.476700 103.773697 0.000000
v 89.515320 103.824051 0.000000
v 89.476700 103.773697 0.787750
v 89.605667 103.941879 0.000000
v 89.642975 103.990280 0.000000
v 89.605667 103.941879 0.787750
v 89.730286 104.103531 0.000000
v 89.766052 104.149643 0.000000
v 89.730286 104.103531 0.787750
v 89.849716 104.257523 0.000000
v 89.883682 104.301010 0.000000
v 89.849716 104.257523 0.787750
v 89.963135 104.402756 0.000000
v 89.995041 104.443283 0.000000
v 89.963135 104.402756 0.787750
v 90.069702 104.538101 0.000000
v 90.120132 104.601715 0.000000
v 90.084808 104.557144 0.000000
v 90.168549 104.662430 0.000000
v 90.134628 104.619888 0.000000
v 90.214813 104.720123 0.000000
v 90.182404 104.679703 0.000000
v 90.258850 104.774628 0.000000
v 90.227997 104.736435 0.000000
v 90.300537 104.825836 0.000000
v 90.271332 104.789963 0.000000
v 90.312271 104.840134 0.000000
v 90.300537 104.825836 0.787750
v 90.339767 104.873581 0.000000
v 90.376434 104.917740 0.000000
v 90.350739 104.886795 0.000000
v 90.386627 104.929840 0.000000
v 90.376434 104.917740 0.787750
v 90.410446 104.958160 0.000000
v 90.441681 104.994705 0.000000
v 90.419800 104.969101 0.000000
v 90.470062 105.027252 0.000000
v 90.450180 105.004456 0.000000
v 90.495453 105.055634 0.000000
v 90.477661 105.035751 0.000000
v 90.502121 105.062836 0.000000
v 90.495453 105.055634 0.787750
v 90.517746 105.079727 0.000000
v 90.536865 105.099380 0.000000
v 90.523468 105.085602 0.000000
v 90.552689 105.114456 0.000000
v 90.541611 105.103897 0.000000
v 90.556412 105.117569 0.000000
v 90.552689 105.114456 0.787750
v 90.565109 105.124832 0.000000
v 90.574020 105.130356 0.000000
v 90.567780 105.126480 0.000000
v 93.060303 106.739655 0.000000
v 90.387680 105.430984 0.000000
v 90.585297 105.133240 0.000000
v 90.577393 105.131210 0.000000
v 93.123001 106.770721 0.000000
v 93.060303 106.739655 0.787750
v 90.590668 105.133820 0.000000
v 90.585297 105.133240 0.787750
v 93.149796 106.783997 0.000000
v 93.149796 106.783997 0.787750
v 90.603256 105.135193 0.000000
v 93.235214 106.828445 0.000000
v 93.209641 106.815125 0.000000
v 90.610580 105.135513 0.000000
v 90.603256 105.135193 0.787750
v 93.292252 106.859680 0.000000
v 93.235214 106.828445 0.787750
v 90.627716 105.136246 0.000000
v 93.316635 106.873032 0.000000
v 93.316635 106.873032 0.787750
v 90.636917 105.136307 0.000000
v 90.627716 105.136246 0.787750
v 93.370895 106.904434 0.000000
v 90.658463 105.136444 0.000000
v 93.394089 106.917847 0.000000
v 93.394089 106.917847 0.787750
v 90.695282 105.135773 0.000000
v 90.669495 105.136246 0.000000
v 93.467636 106.962936 0.000000
v 93.445618 106.949432 0.000000
v 90.708069 105.135330 0.000000
v 90.695282 105.135773 0.787750
v 93.516464 106.994751 0.000000
v 93.467636 106.962936 0.787750
v 90.737976 105.134293 0.000000
v 93.537338 107.008347 0.000000
v 93.537338 107.008347 0.787750
v 90.786331 105.132004 0.000000
v 90.752457 105.133606 0.000000
v 90.840149 105.128952 0.000000
v 90.802444 105.131088 0.000000
v 90.857819 105.127808 0.000000
v 90.840149 105.128952 0.787750
v 93.603241 107.054153 0.000000
v 93.583496 107.040436 0.000000
v 90.899185 105.125137 0.000000
v 90.918381 105.123779 0.000000
v 90.899185 105.125137 0.787750
v 90.963272 105.120605 0.000000
v 91.032181 105.115372 0.000000
v 90.983902 105.119034 0.000000
v 91.054199 105.113602 0.000000
v 91.032181 105.115372 0.787750
v 93.646774 107.086548 0.000000
v 93.603241 107.054153 0.787750
v 91.105713 105.109451 0.000000
v 93.665375 107.100388 0.000000
v 93.665375 107.100388 0.787750
v 91.183655 105.102890 0.000000
v 91.129059 105.107498 0.000000
v 93.706314 107.133148 0.000000
v 91.208252 105.100739 0.000000
v 91.183655 105.102890 0.787750
v 93.723816 107.147141 0.000000
v 93.723816 107.147141 0.787750
v 91.265793 105.095703 0.000000
v 91.291580 105.093369 0.000000
v 91.265793 105.095703 0.787750
v 91.351929 105.087906 0.000000
v 93.778595 107.194443 0.000000
v 93.762192 107.180283 0.000000
v 91.378845 105.085403 0.000000
v 91.351929 105.087906 0.787750
v 91.441849 105.079529 0.000000
v 91.632202 105.061142 0.000000
v 91.498840 105.074020 0.000000
v 93.829788 107.242386 0.000000
v 93.814453 107.228027 0.000000
v 91.692978 105.055038 0.000000
v 91.632202 105.061142 0.787750
v 93.877426 107.290985 0.000000
v 93.863159 107.276428 0.000000
v 91.835190 105.040741 0.000000
v 91.899246 105.034088 0.000000
v 91.835190 105.040741 0.787750
v 92.049133 105.018524 0.000000
v 93.921570 107.340317 0.000000
v 93.908340 107.325546 0.000000
v 92.115982 105.011383 0.000000
v 92.049133 105.018524 0.787750
v 93.950073 107.375443 0.000000
v 93.921570 107.340317 0.787750
v 92.272400 104.994659 0.000000
v 93.962250 107.390457 0.000000
v 93.962250 107.390457 0.787750
v 92.503281 104.969391 0.000000
v 92.341522 104.987091 0.000000
v 93.999557 107.441437 0.000000
v 93.988388 107.426178 0.000000
v 92.574203 104.961441 0.000000
v 92.503281 104.969391 0.787750
v 94.064148 107.546204 0.000000
v 94.044815 107.514832 0.000000
v 92.740128 104.942871 0.000000
v 93.225052 104.886932 0.000000
v 92.885330 104.926117 0.000000
v 93.371399 104.869400 0.000000
v 93.225052 104.886932 0.787750
v 94.100327 107.622452 0.000000
v 94.064148 107.546204 0.787750
v 93.713806 104.828415 0.000000
v 94.115784 107.655045 0.000000
v 94.115784 107.655045 0.787750
v 93.786163 104.819504 0.000000
v 93.713806 104.828415 0.787750
v 94.143158 107.734512 0.000000
v 93.955444 104.798676 0.000000
v 94.154846 107.768463 0.000000
v 94.154846 107.768463 0.787750
v 94.193054 104.768890 0.000000
v 94.026596 104.789764 0.000000
v 94.173706 107.851456 0.000000
v 94.262482 104.760010 0.000000
v 94.193054 104.768890 0.787750
v 94.181763 107.886917 0.000000
v 94.181763 107.886917 0.787750
v 94.424942 104.739243 0.000000
v 94.192383 107.973740 0.000000
v 94.492172 104.730469 0.000000
v 94.424942 104.739243 0.787750
v 94.196915 108.010849 0.000000
v 94.196915 108.010849 0.787750
v 94.649460 104.709946 0.000000
v 94.200729 108.140747 0.000000
v 94.199585 108.101852 0.000000
v 94.713974 104.701324 0.000000
v 94.649460 104.709946 0.787750
v 94.195740 108.236252 0.000000
v 94.200729 108.140747 0.787750
v 94.864929 104.681168 0.000000
v 94.193604 108.277069 0.000000
v 94.193604 108.277069 0.787750
v 94.926239 104.672775 0.000000
v 94.864929 104.681168 0.787750
v 94.178970 108.405685 0.000000
v 94.183350 108.367172 0.000000
v 95.069687 104.653122 0.000000
v 94.159637 108.528885 0.000000
v 94.165421 108.492004 0.000000
v 95.262054 104.626007 0.000000
v 95.127274 104.645004 0.000000
v 94.142838 108.611389 0.000000
v 94.159637 108.528885 0.787750
v 95.289307 104.622070 0.000000
v 95.262054 104.626007 0.787750
v 94.135651 108.646652 0.000000
v 94.135651 108.646652 0.787750
v 95.353073 104.612869 0.000000
v 94.107056 108.758942 0.000000
v 94.115616 108.725311 0.000000
v 95.440369 104.600021 0.000000
v 95.379211 104.609024 0.000000
v 94.083832 108.833755 0.000000
v 94.107056 108.758942 0.787750
v 95.465332 104.596283 0.000000
v 95.440369 104.600021 0.787750
v 94.073898 108.865738 0.000000
v 94.073898 108.865738 0.787750
v 95.523727 104.587509 0.000000
v 95.602966 104.575363 0.000000
v 95.547455 104.583878 0.000000
v 95.625381 104.571823 0.000000
v 95.602966 104.575363 0.787750
v 95.677841 104.563583 0.000000
v 94.036240 108.967026 0.000000
v 94.047516 108.936691 0.000000
v 95.698914 104.560181 0.000000
v 95.677841 104.563583 0.787750
v 95.748169 104.552200 0.000000
v 95.813736 104.541260 0.000000
v 95.767807 104.548935 0.000000
v 95.831879 104.538116 0.000000
v 95.813736 104.541260 0.787750
v 95.874329 104.530777 0.000000
v 95.929749 104.520752 0.000000
v 95.890930 104.527771 0.000000
v 95.979767 104.511246 0.000000
v 95.944717 104.517914 0.000000
v 95.993073 104.508560 0.000000
v 95.979767 104.511246 0.787750
v 96.024200 104.502258 0.000000
v 93.994125 109.062775 0.000000
v 94.006729 109.034103 0.000000
v 96.062820 104.493820 0.000000
v 96.035767 104.499725 0.000000
v 96.095428 104.485962 0.000000
v 96.072571 104.491470 0.000000
v 96.121796 104.478699 0.000000
v 96.103317 104.483795 0.000000
v 96.182434 104.455780 0.000000
v 96.139954 104.471848 0.000000
v 96.199661 104.446884 0.000000
v 96.182434 104.455780 0.787750
v 96.239975 104.426056 0.000000
v 96.295898 104.386780 0.000000
v 96.256714 104.414291 0.000000
v 96.312607 104.371353 0.000000
v 96.295898 104.386780 0.787750
v 96.351685 104.335236 0.000000
v 96.360168 104.325882 0.000000
v 96.351685 104.335236 0.787750
v 96.380005 104.304001 0.000000
v 96.380005 104.304001 0.787750
v 96.388641 104.293427 0.000000
v 96.408844 104.268677 0.000000
v 96.408844 104.268677 0.787750
v 96.417679 104.256760 0.000000
v 96.438385 104.228897 0.000000
v 96.438385 104.228897 0.787750
v 96.468826 104.184357 0.000000
v 96.447495 104.215561 0.000000
v 96.500351 104.134674 0.000000
v 96.478271 104.169479 0.000000
v 96.533142 104.079544 0.000000
v 96.510162 104.118164 0.000000
v 96.567383 104.018600 0.000000
v 96.543396 104.061295 0.000000
v 96.578140 103.998505 0.000000
v 96.567383 104.018600 0.787750
v 96.603271 103.951508 0.000000
v 96.603271 103.951508 0.787750
v 96.614563 103.929474 0.000000
v 96.640976 103.877914 0.000000
v 96.640976 103.877914 0.787750
v 100.716125 103.641647 0.000000
v 93.961533 109.125961 0.000000
v 96.680695 103.797501 0.000000
v 96.652878 103.853836 0.000000
v 96.722610 103.709900 0.000000
v 96.693253 103.771271 0.000000
v 96.766907 103.614792 0.000000
v 96.735886 103.681427 0.000000
v 96.780945 103.583954 0.000000
v 96.766907 103.614792 0.787750
v 96.813782 103.511810 0.000000
v 96.813782 103.511810 0.787750
v 96.863388 103.400635 0.000000
v 96.915955 103.280914 0.000000
v 96.828629 103.478516 0.000000
v 96.863388 103.400635 0.787750
v 95.570984 103.326218 0.787750
v 96.915955 103.280914 0.787750
v 96.722610 103.709900 0.787750
v 96.680695 103.797501 0.787750
v 96.533142 104.079544 0.787750
v 96.500351 104.134674 0.787750
v 96.468826 104.184357 0.787750
v 96.239975 104.426056 0.787750
v 96.095428 104.485962 0.787750
v 96.121536 104.477859 0.787750
v 96.062820 104.493820 0.787750
v 96.024200 104.502258 0.787750
v 95.929749 104.520752 0.787750
v 95.874329 104.530777 0.787750
v 95.748169 104.552200 0.787750
v 95.523727 104.587509 0.787750
v 95.353073 104.612869 0.787750
v 95.069687 104.653122 0.787750
v 91.723236 103.660934 0.787750
v 94.418869 103.426453 0.000000
v 93.955444 104.798676 0.787750
v 92.740128 104.942871 0.787750
v 92.272400 104.994659 0.787750
v 91.441849 105.079529 0.787750
v 91.105713 105.109451 0.787750
v 90.963272 105.120605 0.787750
v 90.339767 104.873581 0.787750
v 90.410446 104.958160 0.787750
v 90.786331 105.132004 0.787750
v 90.441681 104.994705 0.787750
v 90.737976 105.134293 0.787750
v 90.470062 105.027252 0.787750
v 90.658463 105.136444 0.787750
v 90.517746 105.079727 0.787750
v 90.536865 105.099380 0.787750
v 90.565674 105.124084 0.787750
v 90.574768 105.128906 0.787750
v 90.258850 104.774628 0.787750
v 90.214813 104.720123 0.787750
v 90.168549 104.662430 0.787750
v 90.120132 104.601715 0.787750
v 90.543396 103.138992 0.787750
v 90.069702 104.538101 0.787750
v 89.209152 103.422241 0.787750
v 89.662415 101.917404 0.787750
v 88.523285 102.507751 0.787750
v 89.480499 101.670959 0.787750
v 89.306229 101.430298 0.787750
v 88.259842 102.151154 0.787750
v 89.428314 101.598907 0.000000
v 89.306229 101.430298 0.000000
v 89.480499 101.670959 0.000000
v 89.607941 101.843613 0.000000
v 89.662415 101.917404 0.000000
v 90.279617 102.773209 0.000000
v 89.047043 101.062485 0.000000
v 90.543396 103.138992 0.000000
v 91.453461 100.831467 0.000000
v 91.842438 99.845215 0.787750
v 92.464005 102.053024 0.787750
v 91.841476 99.847626 0.000000
v 89.108093 98.832611 0.000000
v 91.842438 99.845215 0.000000
v 90.863541 98.473907 0.787750
v 91.156647 98.884521 0.000000
v 90.791275 98.375763 0.000000
v 90.863541 98.473907 0.000000
v 90.592163 98.107956 0.000000
v 90.690125 98.239151 0.000000
v 89.369934 98.223801 0.000000
v 89.248169 98.508499 0.000000
v 89.984222 97.326447 0.000000
v 90.242447 97.649490 0.000000
v 89.744385 97.361664 0.000000
v 89.584503 97.725128 0.000000
v 89.842529 97.172287 0.000000
v 89.878601 97.205109 0.000000
v 89.794907 97.251877 0.000000
v 89.820572 97.199738 0.000000
v 89.773560 97.297684 0.000000
v 89.791626 97.258774 0.000000
v 89.765839 97.314316 0.000000
v 89.765839 97.314316 0.787750
v 89.735229 97.381912 0.787750
v 88.182877 97.760483 0.787750
v 89.735229 97.381912 0.000000
v 89.710602 97.437180 0.000000
v 89.700073 97.460800 0.787750
v 89.700073 97.460800 0.000000
v 89.672485 97.523438 0.000000
v 89.660690 97.550201 0.787750
v 89.660690 97.550201 0.000000
v 89.630356 97.619675 0.000000
v 89.617386 97.649368 0.787750
v 89.617386 97.649368 0.000000
v 89.570450 97.757507 0.787750
v 89.570450 97.757507 0.000000
v 89.535233 97.839035 0.000000
v 89.520187 97.873886 0.787750
v 89.520187 97.873886 0.000000
v 89.482849 97.960632 0.000000
v 89.466888 97.997711 0.787750
v 89.466888 97.997711 0.000000
v 89.427643 98.089142 0.000000
v 89.410873 98.128220 0.787750
v 89.410873 98.128220 0.000000
v 89.352432 98.264648 0.787750
v 89.352432 98.264648 0.000000
v 89.309998 98.363846 0.000000
v 89.291870 98.406235 0.787750
v 89.291870 98.406235 0.000000
v 89.229492 98.552216 0.787750
v 89.229492 98.552216 0.000000
v 89.184723 98.657013 0.000000
v 89.165588 98.701797 0.787750
v 89.165588 98.701797 0.000000
v 89.083527 98.888519 0.787750
v 89.083527 98.888519 0.000000
v 89.031036 99.011078 0.000000
v 89.008606 99.063461 0.787750
v 89.008606 99.063461 0.000000
v 88.961075 99.177979 0.000000
v 88.940765 99.226929 0.787750
v 88.940765 99.226929 0.000000
v 88.898117 99.333618 0.000000
v 88.879883 99.379227 0.787750
v 88.879883 99.379227 0.000000
v 88.842026 99.478302 0.000000
v 88.825851 99.520645 0.787750
v 88.825851 99.520645 0.000000
v 88.792740 99.612305 0.000000
v 88.778580 99.651489 0.787750
v 88.778580 99.651489 0.000000
v 88.750122 99.735947 0.000000
v 88.737961 99.772049 0.787750
v 88.737961 99.772049 0.000000
v 88.714111 99.849533 0.000000
v 88.703903 99.882645 0.787750
v 88.703903 99.882645 0.000000
v 88.684555 99.953339 0.000000
v 88.676300 99.983551 0.787750
v 88.676300 99.983551 0.000000
v 88.661407 100.047684 0.000000
v 88.655029 100.075089 0.787750
v 88.655029 100.075089 0.000000
v 88.644516 100.132858 0.000000
v 88.640030 100.157547 0.787750
v 88.640030 100.157547 0.000000
v 88.633820 100.209152 0.000000
v 88.631165 100.231216 0.787750
v 87.322235 100.827881 0.787750
v 88.631165 100.231216 0.000000
v 88.629196 100.276886 0.000000
v 88.628357 100.296402 0.787750
v 88.628357 100.296402 0.000000
v 88.630539 100.336334 0.000000
v 88.631485 100.353409 0.787750
v 87.373642 100.907242 0.787750
v 88.631485 100.353409 0.000000
v 88.637772 100.387817 0.000000
v 88.640457 100.402527 0.787750
v 87.436691 101.001373 0.787750
v 88.640457 100.402527 0.000000
v 88.650772 100.431641 0.000000
v 88.655167 100.444077 0.787750
v 88.655167 100.444077 0.000000
v 88.668411 100.472839 0.000000
v 88.659973 100.455093 0.000000
v 88.662033 100.459793 0.787750
v 88.662033 100.459793 0.000000
v 88.671127 100.478409 0.787750
v 88.671127 100.478409 0.000000
v 88.688416 100.510315 0.000000
v 88.695801 100.523956 0.787750
v 87.687393 101.361069 0.787750
v 88.695801 100.523956 0.000000
v 88.718811 100.563171 0.000000
v 88.728653 100.579941 0.787750
v 88.728653 100.579941 0.000000
v 88.757019 100.625961 0.000000
v 88.769150 100.645630 0.787750
v 88.769150 100.645630 0.000000
v 88.802536 100.697922 0.000000
v 88.816803 100.720261 0.787750
v 87.788666 101.503021 0.787750
v 88.816803 100.720261 0.000000
v 88.854813 100.778305 0.000000
v 88.871063 100.803101 0.787750
v 87.897385 101.654114 0.787750
v 88.871063 100.803101 0.000000
v 88.913330 100.866348 0.000000
v 88.931412 100.893387 0.787750
v 88.931412 100.893387 0.000000
v 88.977585 100.961334 0.000000
v 88.997314 100.990372 0.787750
v 88.012726 101.813248 0.787750
v 88.997314 100.990372 0.000000
v 89.068283 101.093307 0.787750
v 89.068283 101.093307 0.000000
v 89.121170 101.169067 0.000000
v 89.143768 101.201447 0.787750
v 89.143768 101.201447 0.000000
v 89.199463 101.280319 0.000000
v 89.223251 101.314026 0.787750
v 89.223251 101.314026 0.000000
v 89.281387 101.395493 0.000000
v 87.472321 101.053604 0.787750
v 87.403763 100.952530 0.787750
v 88.182877 97.760483 0.000000
v 89.345932 95.163971 0.787750
v 89.345932 95.163971 0.000000
v 88.997681 95.941437 0.000000
v 92.007965 94.826340 0.000000
v 91.210876 94.927429 0.000000
v 92.198975 94.802887 0.000000
v 92.007965 94.826340 0.787750
v 92.280609 94.792862 0.000000
v 92.280609 94.792862 0.787750
v 92.468445 94.770935 0.000000
v 92.548737 94.761566 0.000000
v 92.548737 94.761566 0.787750
v 92.732361 94.741241 0.000000
v 92.810852 94.732544 0.000000
v 92.810852 94.732544 0.787750
v 92.989182 94.713882 0.000000
v 93.065414 94.705887 0.000000
v 93.065414 94.705887 0.787750
v 93.237396 94.688934 0.000000
v 93.310913 94.681686 0.000000
v 93.310913 94.681686 0.787750
v 93.545837 94.660034 0.000000
v 93.475494 94.666519 0.000000
v 93.768692 94.641006 0.000000
v 93.701965 94.646713 0.000000
v 93.875122 94.632523 0.000000
v 93.843246 94.635071 0.000000
v 93.947159 94.627060 0.000000
v 93.875122 94.632523 0.787750
v 93.977951 94.624725 0.000000
v 93.977951 94.624725 0.787750
v 94.076996 94.617615 0.000000
v 94.047333 94.619751 0.000000
v 94.143600 94.613159 0.000000
v 94.076996 94.617615 0.787750
v 94.172073 94.611237 0.000000
v 94.172073 94.611237 0.787750
v 94.235779 94.607285 0.000000
v 94.263000 94.605591 0.000000
v 94.263000 94.605591 0.787750
v 94.323669 94.602142 0.000000
v 94.349594 94.600677 0.000000
v 94.349594 94.600677 0.787750
v 94.407074 94.597748 0.000000
v 94.431641 94.596512 0.000000
v 94.431641 94.596512 0.787750
v 94.508957 94.593109 0.000000
v 94.485809 94.594116 0.000000
v 94.559677 94.591263 0.000000
v 94.508957 94.593109 0.787750
v 94.581360 94.590469 0.000000
v 94.581360 94.590469 0.787750
v 94.628510 94.589172 0.000000
v 94.648666 94.588623 0.000000
v 94.648666 94.588623 0.787750
v 94.692108 94.587891 0.000000
v 94.710678 94.587570 0.000000
v 94.710678 94.587570 0.787750
v 94.767212 94.587326 0.000000
v 94.750290 94.587402 0.000000
v 94.818069 94.587891 0.000000
v 94.802841 94.587723 0.000000
v 94.849594 94.588882 0.000000
v 94.818069 94.587891 0.787750
v 94.863068 94.589294 0.000000
v 94.863068 94.589294 0.787750
v 94.890350 94.590866 0.000000
v 94.902023 94.591537 0.000000
v 94.902023 94.591537 0.787750
v 94.934723 94.594635 0.000000
v 94.924927 94.593704 0.000000
v 94.953140 94.597412 0.000000
v 94.934723 94.594635 0.787750
v 94.961014 94.598587 0.000000
v 94.961014 94.598587 0.787750
v 94.980682 94.603424 0.000000
v 94.974792 94.601974 0.000000
v 94.998474 94.613007 0.000000
v 94.993134 94.610138 0.000000
v 95.013824 94.623703 0.000000
v 94.998474 94.613007 0.787750
v 95.020386 94.628265 0.000000
v 95.020386 94.628265 0.787750
v 95.038544 94.642807 0.000000
v 95.046295 94.649033 0.000000
v 95.046295 94.649033 0.787750
v 95.067154 94.667328 0.000000
v 95.076065 94.675156 0.000000
v 95.076065 94.675156 0.787750
v 95.109573 94.706482 0.000000
v 95.099548 94.697098 0.000000
v 95.135574 94.731964 0.000000
v 95.109573 94.706482 0.787750
v 95.146683 94.742859 0.000000
v 95.146683 94.742859 0.787750
v 95.187256 94.784119 0.000000
v 95.175110 94.771759 0.000000
v 95.231171 94.830124 0.000000
v 95.218018 94.816360 0.000000
v 95.264175 94.865570 0.000000
v 95.231171 94.830124 0.787750
v 95.278275 94.880722 0.000000
v 95.278275 94.880722 0.787750
v 95.328476 94.935730 0.000000
v 95.313446 94.919266 0.000000
v 95.365692 94.977280 0.000000
v 95.328476 94.935730 0.787750
v 95.381607 94.995026 0.000000
v 95.381607 94.995026 0.787750
v 95.420807 95.039459 0.000000
v 95.437546 95.058441 0.000000
v 95.437546 95.058441 0.787750
v 95.496170 95.125809 0.000000
v 95.478622 95.105637 0.000000
v 95.557343 95.196991 0.000000
v 95.539032 95.175674 0.000000
v 95.601898 95.249420 0.000000
v 95.557343 95.196991 0.787750
v 95.620941 95.271835 0.000000
v 95.620941 95.271835 0.787750
v 95.686813 95.350174 0.000000
v 95.667084 95.326706 0.000000
v 95.734482 95.407394 0.000000
v 95.686813 95.350174 0.787750
v 95.754852 95.431839 0.000000
v 95.754852 95.431839 0.787750
v 95.824905 95.516708 0.000000
v 95.803925 95.491302 0.000000
v 95.970551 95.695404 0.000000
v 95.926941 95.641891 0.000000
v 96.077164 95.828217 0.000000
v 95.970551 95.695404 0.787750
v 96.122726 95.884979 0.000000
v 96.122726 95.884979 0.787750
v 96.233154 96.024567 0.000000
v 96.280350 96.084213 0.000000
v 96.280350 96.084213 0.787750
v 96.442398 96.291870 0.000000
v 96.393875 96.229691 0.000000
v 96.558273 96.442383 0.000000
v 96.442398 96.291870 0.787750
v 96.607803 96.506714 0.000000
v 96.607803 96.506714 0.787750
v 96.725311 96.661377 0.000000
v 96.775528 96.727478 0.000000
v 96.775528 96.727478 0.787750
v 96.944504 96.952957 0.000000
v 96.893906 96.885452 0.000000
v 98.604126 99.172562 0.000000
v 98.107193 98.507950 0.000000
v 97.866913 100.986954 0.000000
v 105.140808 84.084625 0.000000
v 99.850006 104.127975 5.344757
v 97.182159 110.926834 0.000000
v 92.837646 123.121017 0.000000
v 75.451874 115.831909 0.000000
v 91.256989 121.850784 4.579819
v 85.290878 105.843155 0.000000
v 84.929718 106.765869 0.000000
v 84.929718 106.765869 0.787750
v 85.202301 106.871536 0.000000
v 85.840057 107.118759 0.000000
v 86.034164 107.190857 0.000000
v 85.898178 107.140350 0.000000
v 86.093277 107.210587 0.000000
v 86.034164 107.190857 0.787750
v 86.231552 107.256760 0.000000
v 86.426743 107.314987 0.000000
v 86.290009 107.274200 0.000000
v 86.521805 107.340759 0.000000
v 86.455215 107.322708 0.000000
v 86.549500 107.347733 0.000000
v 86.521805 107.340759 0.787750
v 86.614273 107.364044 0.000000
v 86.640976 107.370209 0.000000
v 86.614273 107.364044 0.787750
v 86.703445 107.384659 0.000000
v 86.728958 107.389969 0.000000
v 86.703445 107.384659 0.787750
v 86.788651 107.402405 0.000000
v 86.812759 107.406815 0.000000
v 86.788651 107.402405 0.787750
v 86.869202 107.417130 0.000000
v 86.891708 107.420578 0.000000
v 86.869202 107.417130 0.787750
v 86.944397 107.428619 0.000000
v 87.013596 107.436691 0.000000
v 86.965118 107.431030 0.000000
v 87.076065 107.441162 0.000000
v 87.032303 107.438034 0.000000
v 87.131165 107.441849 0.000000
v 87.092560 107.441376 0.000000
v 87.178177 107.438553 0.000000
v 87.145233 107.440857 0.000000
v 87.193375 107.436859 0.000000
v 87.178177 107.438553 0.787750
v 87.228943 107.432922 0.000000
v 87.244278 107.430115 0.000000
v 87.228943 107.432922 0.787750
v 87.280182 107.423553 0.000000
v 87.383652 107.394150 0.000000
v 87.311172 107.414749 0.000000
v 87.487701 107.351334 0.000000
v 87.414810 107.381332 0.000000
v 87.591400 107.296112 0.000000
v 87.518753 107.334793 0.000000
v 87.693848 107.229523 0.000000
v 87.622070 107.276169 0.000000
v 88.464844 108.139435 0.000000
v 88.497253 108.181839 0.000000
v 88.450989 108.121307 0.000000
v 88.450989 108.121307 0.787750
v 88.421143 108.079620 0.000000
v 88.408401 108.061813 0.787750
v 88.408401 108.061813 0.000000
v 87.794144 107.152542 0.000000
v 87.723877 107.206467 0.000000
v 88.381134 108.020889 0.000000
v 88.369476 108.003403 0.787750
v 88.369476 108.003403 0.000000
v 88.334229 107.946198 0.000000
v 88.344788 107.963333 0.000000
v 87.823257 107.126694 0.000000
v 87.794144 107.152542 0.787750
v 88.302597 107.890244 0.000000
v 88.312073 107.906998 0.000000
v 88.282974 107.851990 0.000000
v 88.274582 107.835648 0.787750
v 88.274582 107.835648 0.000000
v 87.891373 107.066193 0.000000
v 88.250183 107.782455 0.000000
v 88.257492 107.798386 0.000000
v 88.229370 107.730774 0.000000
v 88.235596 107.746246 0.000000
v 88.212112 107.680649 0.000000
v 88.217285 107.695663 0.000000
v 88.198410 107.632202 0.000000
v 88.202515 107.646713 0.000000
v 88.191284 107.599472 0.000000
v 88.188248 107.585480 0.787750
v 88.188248 107.585480 0.000000
v 88.183578 107.554016 0.000000
v 88.181595 107.540558 0.787750
v 88.181595 107.540558 0.000000
v 88.178436 107.497543 0.000000
v 88.179382 107.510422 0.000000
v 88.178680 107.468781 0.000000
v 88.178772 107.456482 0.787750
v 88.178772 107.456482 0.000000
v 88.181442 107.429169 0.000000
v 88.182571 107.417480 0.787750
v 88.182571 107.417480 0.000000
v 88.187653 107.391647 0.000000
v 88.189819 107.380600 0.787750
v 88.189819 107.380600 0.000000
v 88.200500 107.345932 0.000000
v 88.197296 107.356308 0.000000
v 88.214600 107.313522 0.000000
v 88.210373 107.323227 0.000000
v 88.226852 107.292496 0.000000
v 88.232086 107.283493 0.787750
v 88.232086 107.283493 0.000000
v 88.252960 107.255905 0.000000
v 88.246704 107.264160 0.000000
v 88.269943 107.238327 0.000000
v 88.277191 107.230820 0.787750
v 88.277191 107.230820 0.000000
v 88.304779 107.208328 0.000000
v 88.296524 107.215073 0.000000
v 88.335693 107.188522 0.000000
v 88.326431 107.194458 0.000000
v 88.369919 107.171463 0.000000
v 88.359665 107.176575 0.000000
v 88.384781 107.165833 0.000000
v 88.407440 107.157242 0.787750
v 87.968521 106.987869 0.000000
v 87.984650 106.971497 0.000000
v 87.919312 107.037842 0.000000
v 87.891373 107.066193 0.787750
v 86.521683 106.470886 0.787750
v 86.546219 106.480591 0.787750
v 87.693848 107.229523 0.787750
v 87.591400 107.296112 0.787750
v 87.487701 107.351334 0.787750
v 87.383652 107.394150 0.787750
v 87.280182 107.423553 0.787750
v 87.131165 107.441849 0.787750
v 87.076065 107.441162 0.787750
v 87.013596 107.436691 0.787750
v 86.944397 107.428619 0.787750
v 86.426743 107.314987 0.787750
v 86.231552 107.256760 0.787750
v 86.499252 106.459274 0.787750
v 86.479279 106.444931 0.787750
v 86.461792 106.427887 0.787750
v 86.493271 106.454987 0.000000
v 86.479279 106.444931 0.000000
v 86.499252 106.459274 0.000000
v 86.514954 106.467407 0.000000
v 86.521683 106.470886 0.000000
v 86.539124 106.477112 0.000000
v 86.546570 106.479767 0.000000
v 86.565750 106.484070 0.000000
v 86.573944 106.485901 0.787750
v 86.573944 106.485901 0.000000
v 86.594849 106.488266 0.000000
v 86.603790 106.489288 0.787750
v 86.603790 106.489288 0.000000
v 86.626419 106.489716 0.000000
v 86.636093 106.489899 0.787750
v 86.636093 106.489899 0.000000
v 86.660461 106.488388 0.000000
v 86.670883 106.487732 0.787750
v 86.670883 106.487732 0.000000
v 86.696976 106.484283 0.000000
v 86.708145 106.482803 0.787750
v 86.708145 106.482803 0.000000
v 86.735977 106.477371 0.000000
v 86.747864 106.475067 0.787750
v 86.747864 106.475067 0.000000
v 86.761200 106.471725 0.000000
v 86.790070 106.464523 0.787750
v 86.777435 106.467682 0.000000
v 86.790070 106.464523 0.000000
v 86.414932 106.323547 0.000000
v 86.416473 106.332672 0.000000
v 86.410507 106.292252 0.000000
v 86.411316 106.302185 0.000000
v 86.867798 106.439850 0.000000
v 86.821381 106.455170 0.000000
v 86.417404 106.140625 0.000000
v 86.409027 106.221710 0.000000
v 86.549210 105.712280 0.000000
v 86.463654 105.947098 0.000000
v 86.943756 105.079895 0.000000
v 86.763000 105.273605 0.000000
v 87.308441 105.544174 0.000000
v 87.269806 106.106750 0.000000
v 87.143112 105.177368 0.000000
v 87.220535 105.319168 0.000000
v 87.065292 105.093872 0.000000
v 87.104370 105.128281 0.000000
v 87.025650 105.074265 0.000000
v 87.045547 105.082214 0.000000
v 86.985214 105.069565 0.000000
v 87.005539 105.070053 0.000000
v 86.964630 105.072845 0.000000
v 86.979111 105.069763 0.000000
v 86.958435 105.074158 0.000000
v 86.958435 105.074158 0.787750
v 86.937485 105.082336 0.787750
v 86.937485 105.082336 0.000000
v 86.916199 105.094299 0.787750
v 86.922562 105.090714 0.000000
v 86.901031 105.105347 0.000000
v 86.916199 105.094299 0.000000
v 86.856827 105.146042 0.000000
v 86.879120 105.123779 0.000000
v 86.810883 105.202087 0.000000
v 86.834076 105.172134 0.000000
v 86.787201 105.235901 0.000000
v 86.803894 105.211395 0.000000
v 86.780060 105.246384 0.000000
v 86.780060 105.246384 0.787750
v 86.755692 105.285248 0.787750
v 85.520752 105.255875 0.787750
v 86.755692 105.285248 0.000000
v 86.738235 105.315201 0.000000
v 86.730774 105.328003 0.787750
v 86.730774 105.328003 0.000000
v 86.712921 105.360703 0.000000
v 86.705276 105.374680 0.787750
v 86.705276 105.374680 0.000000
v 86.686981 105.410126 0.000000
v 86.679169 105.425278 0.787750
v 86.679169 105.425278 0.000000
v 86.660416 105.463486 0.000000
v 86.652405 105.479813 0.787750
v 86.652405 105.479813 0.000000
v 86.633179 105.520798 0.000000
v 86.624969 105.538315 0.787750
v 86.624969 105.538315 0.000000
v 86.605270 105.582077 0.000000
v 86.596848 105.600769 0.787750
v 86.596848 105.600769 0.000000
v 86.576630 105.647324 0.000000
v 86.567978 105.667221 0.787750
v 86.567978 105.667221 0.000000
v 86.541199 105.731537 0.787750
v 86.541199 105.731537 0.000000
v 86.524139 105.774826 0.000000
v 86.516861 105.793320 0.787750
v 86.516861 105.793320 0.000000
v 86.501526 105.834808 0.000000
v 86.494980 105.852539 0.787750
v 86.494980 105.852539 0.000000
v 86.481369 105.892227 0.000000
v 86.475540 105.909195 0.787750
v 86.475540 105.909195 0.000000
v 86.458572 105.963287 0.787750
v 86.458572 105.963287 0.000000
v 86.448410 105.999359 0.000000
v 86.444061 106.014786 0.787750
v 86.444061 106.014786 0.000000
v 86.435608 106.049057 0.000000
v 86.432007 106.063690 0.787750
v 86.432007 106.063690 0.000000
v 86.425278 106.096146 0.000000
v 86.422409 106.110001 0.787750
v 86.422409 106.110001 0.000000
v 86.415268 106.153702 0.787750
v 86.415268 106.153702 0.000000
v 86.411987 106.182480 0.000000
v 86.410583 106.194778 0.787750
v 86.410583 106.194778 0.000000
v 86.408371 106.233215 0.787750
v 86.408371 106.233215 0.000000
v 86.408539 106.258301 0.000000
v 86.408615 106.269028 0.787750
v 86.408615 106.269028 0.000000
v 86.411316 106.302185 0.787750
v 85.840057 107.118759 0.787750
v 86.416473 106.332672 0.787750
v 86.421829 106.352173 0.000000
v 86.424103 106.360504 0.787750
v 86.424103 106.360504 0.000000
v 86.431183 106.378128 0.000000
v 86.434204 106.385651 0.787750
v 86.434204 106.385651 0.000000
v 86.443008 106.401398 0.000000
v 86.457291 106.421967 0.000000
v 86.446762 106.408112 0.787750
v 86.446762 106.408112 0.000000
v 86.461792 106.427887 0.000000
v 86.474045 106.439835 0.000000
v 85.520752 105.255875 0.000000
v 86.105301 103.761078 0.787750
v 85.930267 104.208649 0.000000
v 86.787231 104.052353 0.000000
v 87.078705 104.176865 0.787750
v 87.151184 104.208603 0.000000
v 87.182175 104.222168 0.787750
v 86.979111 105.069763 0.787750
v 87.182175 104.222168 0.000000
v 87.251801 104.254257 0.000000
v 87.281570 104.267975 0.000000
v 87.281570 104.267975 0.787750
v 86.999512 105.069122 0.787750
v 87.348358 104.300430 0.000000
v 87.376907 104.314301 0.787750
v 87.019669 105.072220 0.787750
v 87.376907 104.314301 0.000000
v 87.440887 104.347153 0.000000
v 87.468231 104.361191 0.787750
v 87.039627 105.079056 0.787750
v 87.468231 104.361191 0.000000
v 87.529388 104.394455 0.000000
v 87.555527 104.408676 0.000000
v 87.555527 104.408676 0.787750
v 87.079041 105.103867 0.787750
v 87.613907 104.442383 0.000000
v 87.638855 104.456787 0.787750
v 87.098541 105.121811 0.787750
v 87.638855 104.456787 0.000000
v 87.694443 104.490952 0.000000
v 87.718201 104.505554 0.787750
v 87.117966 105.143433 0.787750
v 87.718201 104.505554 0.000000
v 87.771042 104.540207 0.000000
v 87.793625 104.555023 0.000000
v 87.793625 104.555023 0.787750
v 87.137329 105.168716 0.787750
v 87.843719 104.590179 0.000000
v 87.865128 104.605209 0.000000
v 87.865128 104.605209 0.787750
v 87.175964 105.230209 0.787750
v 87.912491 104.640884 0.000000
v 90.375031 105.424149 0.000000
v 87.932724 104.656143 0.787750
v 87.195312 105.266388 0.787750
v 87.932724 104.656143 0.000000
v 87.977371 104.692383 0.000000
v 87.996460 104.707870 0.000000
v 87.996460 104.707870 0.787750
v 87.214706 105.306183 0.787750
v 88.038406 104.744690 0.000000
v 88.056335 104.760422 0.787750
v 88.056335 104.760422 0.000000
v 88.095612 104.797836 0.000000
v 88.112381 104.813828 0.787750
v 88.112381 104.813828 0.000000
v 88.148987 104.851868 0.000000
v 88.164627 104.868118 0.787750
v 88.164627 104.868118 0.000000
v 88.198578 104.906799 0.000000
v 88.213089 104.923325 0.000000
v 88.213089 104.923325 0.787750
v 88.244400 104.962677 0.000000
v 88.257782 104.979492 0.787750
v 87.234177 105.349564 0.787750
v 88.257782 104.979492 0.000000
v 88.286469 105.019531 0.000000
v 88.298737 105.036636 0.000000
v 88.298737 105.036636 0.787750
v 88.324829 105.077393 0.000000
v 88.335983 105.094803 0.000000
v 88.335983 105.094803 0.787750
v 88.359482 105.136292 0.000000
v 88.369522 105.154022 0.000000
v 88.369522 105.154022 0.787750
v 87.323334 105.596634 0.787750
v 88.390442 105.196259 0.000000
v 88.399399 105.214310 0.000000
v 88.399399 105.214310 0.787750
v 88.417755 105.257324 0.000000
v 88.425613 105.275726 0.000000
v 88.425613 105.275726 0.787750
v 88.441437 105.319550 0.000000
v 89.843628 105.353790 0.000000
v 88.448212 105.338272 0.787750
v 87.337448 105.671265 0.787750
v 88.448212 105.338272 0.000000
v 89.762405 105.359390 0.000000
v 88.461502 105.382935 0.000000
v 89.677017 105.371872 0.000000
v 88.467194 105.402008 0.787750
v 88.467194 105.402008 0.000000
v 89.650620 105.377502 0.000000
v 88.477982 105.447510 0.000000
v 89.588837 105.390656 0.000000
v 88.482590 105.466965 0.787750
v 88.482590 105.466965 0.000000
v 89.562012 105.397980 0.000000
v 88.490891 105.513336 0.000000
v 88.494431 105.533157 0.000000
v 88.494431 105.533157 0.787750
v 88.500244 105.580429 0.000000
v 88.502731 105.600632 0.000000
v 88.502731 105.600632 0.787750
v 87.344543 105.745178 0.787750
v 88.506088 105.648819 0.000000
v 88.507523 105.669403 0.000000
v 88.507523 105.669403 0.787750
v 88.508423 105.718536 0.000000
v 88.508804 105.739532 0.000000
v 88.508804 105.739532 0.787750
v 88.507278 105.789627 0.000000
v 89.321411 105.478775 0.000000
v 88.506622 105.811035 0.787750
v 87.344742 105.817947 0.787750
v 88.506622 105.811035 0.000000
v 89.235916 105.516785 0.000000
v 88.502686 105.862106 0.000000
v 88.500992 105.883942 0.000000
v 88.500992 105.883942 0.787750
v 88.494644 105.936020 0.000000
v 89.078751 105.602158 0.000000
v 88.491943 105.958282 0.787750
v 88.491943 105.958282 0.000000
v 89.009842 105.648346 0.000000
v 88.483200 106.011398 0.000000
v 88.479477 106.034103 0.000000
v 88.479477 106.034103 0.787750
v 87.338211 105.889130 0.787750
v 88.459183 106.121841 0.000000
v 88.933975 105.710648 0.000000
v 88.450500 106.159332 0.787750
v 88.450500 106.159332 0.000000
v 88.898300 105.744751 0.000000
v 88.422363 106.246872 0.000000
v 88.410339 106.284271 0.000000
v 88.410339 106.284271 0.787750
v 87.325043 105.958267 0.787750
v 88.374969 106.370911 0.000000
v 88.359863 106.407928 0.000000
v 88.359863 106.407928 0.787750
v 88.317917 106.492950 0.000000
v 88.858444 105.793777 0.000000
v 88.299988 106.529282 0.787750
v 87.305420 106.024933 0.787750
v 88.299988 106.529282 0.000000
v 88.850250 105.808395 0.000000
v 88.252106 106.611984 0.000000
v 88.831055 105.842575 0.000000
v 88.231628 106.647324 0.787750
v 87.279434 106.088669 0.787750
v 88.231628 106.647324 0.000000
v 88.827835 105.852066 0.000000
v 88.178421 106.727005 0.000000
v 88.155685 106.761047 0.000000
v 88.155685 106.761047 0.787750
v 87.247269 106.149063 0.787750
v 88.097794 106.836990 0.000000
v 88.073059 106.869446 0.000000
v 88.073059 106.869446 0.787750
v 88.011124 106.940933 0.000000
v 88.407440 107.157242 0.000000
v 87.984650 106.971497 0.787750
v 87.209015 106.205643 0.787750
v 87.164841 106.257965 0.787750
v 87.114868 106.305618 0.787750
v 87.059250 106.348129 0.787750
v 87.149887 106.272232 0.000000
v 87.114868 106.305618 0.000000
v 87.164841 106.257965 0.000000
v 87.195786 106.221313 0.000000
v 87.209015 106.205643 0.000000
v 87.235809 106.166000 0.000000
v 87.247269 106.149063 0.000000
v 87.098221 106.318344 0.000000
v 86.978165 106.394333 0.000000
v 86.916687 106.421692 0.000000
v 87.040939 106.359192 0.000000
v 86.998093 106.385071 0.000000
v 87.059250 106.348129 0.000000
v 86.998093 106.385071 0.787750
v 86.931549 106.416000 0.787750
v 86.881912 106.434998 0.787750
v 86.834747 106.451172 0.787750
v 86.881912 106.434998 0.000000
v 86.931549 106.416000 0.000000
v 86.834747 106.451172 0.000000
v 87.279434 106.088669 0.000000
v 87.297638 106.044022 0.000000
v 87.319168 105.978226 0.000000
v 87.305420 106.024933 0.000000
v 87.342789 105.839264 0.000000
v 87.334259 105.909821 0.000000
v 87.339569 105.693390 0.000000
v 87.344604 105.766968 0.000000
v 87.327560 105.618988 0.000000
v 87.337448 105.671265 0.000000
v 87.323334 105.596634 0.000000
v 87.302063 105.521744 0.787750
v 87.302063 105.521744 0.000000
v 87.273499 105.447037 0.787750
v 87.282059 105.469406 0.000000
v 87.259674 105.411636 0.000000
v 87.273499 105.447037 0.000000
v 87.240051 105.363617 0.000000
v 87.253769 105.396515 0.000000
v 87.234177 105.349564 0.000000
v 87.214706 105.306183 0.000000
v 87.201111 105.278305 0.000000
v 87.181747 105.241043 0.000000
v 87.195312 105.266388 0.000000
v 87.162430 105.207397 0.000000
v 87.175964 105.230209 0.000000
v 87.156647 105.197647 0.000000
v 87.156647 105.197647 0.787750
v 87.137329 105.168716 0.000000
v 87.123764 105.151001 0.000000
v 87.117966 105.143433 0.000000
v 87.098541 105.121811 0.000000
v 87.084885 105.109238 0.000000
v 87.079041 105.103867 0.000000
v 87.059402 105.089615 0.787750
v 87.059402 105.089615 0.000000
v 87.039627 105.079056 0.000000
v 87.019669 105.072220 0.000000
v 86.999512 105.069122 0.000000
v 86.894547 105.110062 0.787750
v 86.872528 105.129639 0.787750
v 86.894547 105.110062 0.000000
v 86.872528 105.129639 0.000000
v 86.850098 105.153046 0.787750
v 86.850098 105.153046 0.000000
v 86.827240 105.180298 0.787750
v 86.827240 105.180298 0.000000
v 86.803894 105.211395 0.787750
v 87.253769 105.396515 0.787750
v 87.344543 105.745178 0.000000
v 87.344742 105.817947 0.000000
v 87.338211 105.889130 0.000000
v 87.325043 105.958267 0.000000
v 88.396210 107.161499 0.000000
v 88.436020 107.149307 0.000000
v 88.448242 107.145920 0.000000
v 88.448242 107.145920 0.787750
v 88.479111 107.140076 0.000000
v 88.492310 107.137589 0.000000
v 88.492310 107.137589 0.787750
v 88.525452 107.133896 0.000000
v 88.539612 107.132324 0.787750
v 88.539612 107.132324 0.000000
v 88.575012 107.130829 0.000000
v 88.590149 107.130203 0.787750
v 88.590149 107.130203 0.000000
v 88.826065 105.861984 0.000000
v 88.627792 107.130966 0.000000
v 88.643890 107.131302 0.000000
v 88.643890 107.131302 0.787750
v 88.683777 107.134384 0.000000
v 88.700836 107.135696 0.000000
v 88.700836 107.135696 0.787750
v 88.742950 107.141144 0.000000
v 88.760956 107.143478 0.787750
v 88.760956 107.143478 0.000000
v 88.801880 107.150330 0.000000
v 88.819382 107.153259 0.787750
v 89.309326 107.624130 0.787750
v 88.819382 107.153259 0.000000
v 88.857742 107.161407 0.000000
v 88.874146 107.164886 0.000000
v 88.874146 107.164886 0.787750
v 88.909988 107.174347 0.000000
v 88.925323 107.178406 0.000000
v 88.925323 107.178406 0.787750
v 89.298889 107.588303 0.787750
v 88.958679 107.189224 0.000000
v 88.972946 107.193848 0.000000
v 88.972946 107.193848 0.787750
v 89.003876 107.206070 0.000000
v 89.017090 107.211288 0.000000
v 89.017090 107.211288 0.787750
v 89.045624 107.224930 0.000000
v 89.057816 107.230774 0.000000
v 89.057816 107.230774 0.787750
v 89.289154 107.548935 0.787750
v 89.083984 107.245880 0.000000
v 89.095169 107.252335 0.000000
v 89.095169 107.252335 0.787750
v 89.119003 107.268951 0.000000
v 89.129196 107.276047 0.000000
v 89.129196 107.276047 0.787750
v 89.150772 107.294189 0.000000
v 88.826721 105.883041 0.000000
v 89.159988 107.301956 0.787750
v 89.159988 107.301956 0.000000
v 89.179306 107.321671 0.000000
v 88.828506 105.889786 0.000000
v 89.187576 107.330093 0.787750
v 89.279541 107.506271 0.787750
v 89.187576 107.330093 0.000000
v 88.832703 105.905563 0.000000
v 89.204697 107.351425 0.000000
v 88.843689 105.929352 0.000000
v 89.212021 107.360535 0.787750
v 89.267090 107.466141 0.787750
v 89.212021 107.360535 0.000000
v 89.630600 107.485321 0.000000
v 89.226990 107.383514 0.000000
v 89.233383 107.393326 0.000000
v 89.233383 107.393326 0.787750
v 89.246231 107.417969 0.000000
v 89.251709 107.428513 0.000000
v 89.250885 107.428925 0.787750
v 89.262482 107.454865 0.000000
v 89.267090 107.466141 0.000000
v 89.275818 107.494247 0.000000
v 89.279541 107.506271 0.000000
v 89.286270 107.536163 0.000000
v 89.290131 107.552887 0.000000
v 89.289154 107.548935 0.000000
v 89.295975 107.576508 0.000000
v 89.298889 107.588303 0.000000
v 89.597275 107.684189 0.000000
v 89.600922 107.676285 0.000000
v 89.588669 107.700546 0.000000
v 89.592758 107.693985 0.000000
v 89.317154 107.646744 0.000000
v 89.306213 107.613403 0.000000
v 89.368668 107.744553 0.000000
v 89.341293 107.702805 0.000000
v 89.515533 107.766632 0.000000
v 89.558060 107.738403 0.000000
v 89.439545 107.785843 0.000000
v 89.399536 107.771927 0.000000
v 89.493576 107.776688 0.000000
v 89.472702 107.783066 0.000000
v 89.499924 107.774460 0.000000
v 89.499924 107.774460 0.787750
v 89.522217 107.763290 0.787750
v 90.484421 108.484207 0.787750
v 89.522217 107.763290 0.000000
v 89.538620 107.752869 0.000000
v 89.545639 107.748428 0.787750
v 89.545639 107.748428 0.000000
v 89.563354 107.734116 0.787750
v 89.563354 107.734116 0.000000
v 89.574371 107.721344 0.000000
v 89.579071 107.715881 0.787750
v 89.579071 107.715881 0.000000
v 89.592758 107.693985 0.787750
v 89.604416 107.668716 0.787750
v 90.618607 107.567139 0.787750
v 89.604416 107.668716 0.000000
v 89.621552 107.609192 0.787750
v 89.616425 107.627014 0.000000
v 89.627716 107.560425 0.000000
v 89.621552 107.609192 0.000000
v 89.630356 107.539566 0.000000
v 89.630356 107.539566 0.787750
v 89.630707 107.462128 0.787750
v 89.630707 107.462128 0.000000
v 89.622467 107.379120 0.787750
v 89.624924 107.403976 0.000000
v 89.610580 107.318649 0.000000
v 89.622467 107.379120 0.000000
v 89.555038 107.137482 0.000000
v 89.587448 107.231628 0.000000
v 88.903381 106.006760 0.000000
v 88.911682 106.014908 0.000000
v 88.886536 105.988098 0.000000
v 88.879349 105.980133 0.787750
v 88.879349 105.980133 0.000000
v 88.865326 105.962021 0.000000
v 88.859344 105.954285 0.787750
v 88.859344 105.954285 0.000000
v 88.848373 105.936813 0.000000
v 88.843689 105.929352 0.787750
v 88.832703 105.905563 0.787750
v 88.831055 105.842575 0.787750
v 88.835999 105.912689 0.000000
v 88.826721 105.883041 0.787750
v 88.826767 105.862061 0.787750
v 88.826263 105.868286 0.000000
v 88.827835 105.852066 0.787750
v 88.827301 105.855042 0.000000
v 88.830093 105.845413 0.000000
v 88.858444 105.793777 0.787750
v 88.898300 105.744751 0.787750
v 88.886368 105.759430 0.000000
v 88.949234 105.696075 0.787750
v 88.949234 105.696075 0.000000
v 88.991699 105.662628 0.000000
v 89.009842 105.648346 0.787750
v 89.058121 105.615982 0.000000
v 89.078751 105.602158 0.787750
v 89.131866 105.571289 0.000000
v 89.154572 105.558105 0.000000
v 89.154572 105.558105 0.787750
v 89.211563 105.529144 0.000000
v 89.235916 105.516785 0.787750
v 90.065125 106.373718 0.787750
v 89.295807 105.490158 0.000000
v 89.321411 105.478775 0.787750
v 89.383224 105.454895 0.000000
v 89.409637 105.444702 0.787750
v 89.409637 105.444702 0.000000
v 89.472427 105.423981 0.000000
v 89.499252 105.415115 0.787750
v 89.499252 105.415115 0.000000
v 89.588837 105.390656 0.787750
v 89.677017 105.371872 0.787750
v 89.736847 105.363129 0.000000
v 89.762405 105.359390 0.787750
v 89.819305 105.355453 0.000000
v 89.843628 105.353790 0.787750
v 89.896622 105.355087 0.000000
v 89.919266 105.355652 0.000000
v 89.919266 105.355652 0.787750
v 89.967392 105.362625 0.000000
v 89.987961 105.365601 0.787750
v 89.987961 105.365601 0.000000
v 90.038376 105.377167 0.000000
v 90.107712 105.391815 0.000000
v 90.059906 105.382095 0.787750
v 90.059906 105.382095 0.000000
v 90.128143 105.395966 0.787750
v 90.128143 105.395966 0.000000
v 90.172302 105.403824 0.000000
v 90.191177 105.407196 0.787750
v 90.191177 105.407196 0.000000
v 90.230667 105.413208 0.000000
v 90.247543 105.415771 0.787750
v 90.247543 105.415771 0.000000
v 90.281311 105.419937 0.000000
v 90.295746 105.421722 0.787750
v 90.295746 105.421722 0.000000
v 90.322784 105.424042 0.000000
v 90.334351 105.425034 0.787750
v 90.437546 105.469711 0.787750
v 90.334351 105.425034 0.000000
v 90.353607 105.425507 0.000000
v 90.361847 105.425720 0.787750
v 90.402603 105.442154 0.787750
v 90.361847 105.425720 0.000000
v 90.368225 105.425262 0.000000
v 90.370972 105.425064 0.787750
v 90.390274 105.432831 0.787750
v 90.370972 105.425064 0.000000
v 90.376755 105.423767 0.787750
v 90.381592 105.426666 0.787750
v 90.390274 105.432831 0.000000
v 90.398911 105.439362 0.000000
v 90.402603 105.442154 0.000000
v 90.413696 105.450790 0.000000
v 90.418427 105.454483 0.000000
v 90.418427 105.454483 0.787750
v 90.431824 105.465149 0.000000
v 90.437546 105.469711 0.000000
v 90.453125 105.482300 0.000000
v 90.459793 105.487686 0.000000
v 90.459793 105.487686 0.787750
v 90.477417 105.502106 0.000000
v 90.484955 105.508270 0.787750
v 90.484955 105.508270 0.000000
v 90.504532 105.524460 0.000000
v 90.512894 105.531372 0.000000
v 90.512894 105.531372 0.787750
v 90.557297 105.568604 0.000000
v 90.576279 105.584503 0.000000
v 90.576279 105.584503 0.787750
v 90.081146 106.381989 0.787750
v 90.626892 105.627625 0.000000
v 92.868958 106.651016 0.000000
v 90.648514 105.646057 0.787750
v 90.095673 106.392319 0.787750
v 90.648514 105.646057 0.000000
v 92.838425 106.637711 0.000000
v 90.704300 105.694351 0.000000
v 90.728134 105.714996 0.000000
v 90.728134 105.714996 0.787750
v 90.119415 106.418961 0.787750
v 90.788086 105.767715 0.000000
v 90.813705 105.790253 0.000000
v 90.813705 105.790253 0.787750
v 90.128250 106.435226 0.787750
v 90.869629 105.846191 0.000000
v 91.884857 106.229797 0.000000
v 90.893524 105.870117 0.787750
v 90.139282 106.470047 0.787750
v 90.893524 105.870117 0.000000
v 90.941940 105.929794 0.000000
v 90.962631 105.955307 0.787750
v 90.962631 105.955307 0.000000
v 91.003525 106.017975 0.000000
v 91.020996 106.044769 0.000000
v 91.020996 106.044769 0.787750
v 90.139816 106.487320 0.787750
v 91.054382 106.109680 0.000000
v 91.068649 106.137436 0.787750
v 91.068649 106.137436 0.000000
v 91.094513 106.203873 0.000000
v 91.105560 106.232269 0.000000
v 91.105560 106.232269 0.787750
v 90.136566 106.505081 0.787750
v 91.123917 106.299500 0.000000
v 91.131760 106.328232 0.787750
v 91.131760 106.328232 0.000000
v 91.142609 106.395477 0.000000
v 91.147232 106.424225 0.000000
v 91.147232 106.424225 0.787750
v 90.804443 107.117126 0.787750
v 91.150574 106.490799 0.000000
v 91.151993 106.519241 0.000000
v 91.151993 106.519241 0.787750
v 91.147827 106.584366 0.000000
v 91.146042 106.612198 0.000000
v 91.146042 106.612198 0.787750
v 90.846237 107.093811 0.787750
v 91.134354 106.675156 0.000000
v 91.129364 106.702057 0.787750
v 90.885361 107.067993 0.787750
v 91.129364 106.702057 0.000000
v 91.123322 108.176743 0.000000
v 91.110184 106.762115 0.000000
v 91.101990 106.787766 0.000000
v 91.101990 106.787766 0.787750
v 91.075287 106.844162 0.000000
v 91.063889 106.868271 0.000000
v 91.063889 106.868271 0.787750
v 91.029694 106.920273 0.000000
v 91.015091 106.942505 0.000000
v 91.015091 106.942505 0.787750
v 90.955566 107.009430 0.787750
v 90.973389 106.989395 0.000000
v 90.704468 107.943710 0.000000
v 90.955566 107.009430 0.000000
v 90.699982 107.879150 0.000000
v 90.906372 107.050461 0.000000
v 90.885361 107.067993 0.000000
v 90.682404 107.782654 0.000000
v 90.603683 107.503357 0.000000
v 90.694717 107.850250 0.000000
v 90.682404 107.782654 0.787750
v 90.699982 107.879150 0.787750
v 90.706390 107.971313 0.787750
v 90.706390 107.971313 0.000000
v 90.703430 108.032745 0.000000
v 90.702164 108.059006 0.000000
v 90.702164 108.059006 0.787750
v 90.631226 108.294006 0.787750
v 90.692139 108.117218 0.000000
v 90.687866 108.142105 0.787750
v 90.687866 108.142105 0.000000
v 90.664032 108.220490 0.787750
v 90.685623 108.149475 0.000000
v 90.671173 108.197006 0.000000
v 91.069717 108.313690 0.000000
v 90.709259 109.234604 0.000000
v 90.709259 109.234604 0.787750
v 91.300308 107.724594 0.787750
v 90.986404 109.342209 0.000000
v 91.634811 109.593979 0.000000
v 89.332718 108.706482 0.000000
v 89.363220 108.712921 0.000000
v 89.261597 108.686523 0.000000
v 89.231186 108.677994 0.787750
v 89.231186 108.677994 0.000000
v 89.130554 108.642349 0.000000
v 89.160690 108.653030 0.000000
v 91.772537 109.643707 0.000000
v 89.061066 108.612274 0.000000
v 89.031372 108.599426 0.787750
v 89.031372 108.599426 0.000000
v 88.963272 108.564163 0.000000
v 88.934174 108.549103 0.787750
v 88.934174 108.549103 0.000000
v 88.867859 108.508560 0.000000
v 88.839508 108.491226 0.787750
v 88.839508 108.491226 0.000000
v 88.775360 108.445328 0.000000
v 88.747940 108.425705 0.787750
v 88.747940 108.425705 0.000000
v 88.686340 108.374329 0.000000
v 88.660004 108.352371 0.787750
v 88.660004 108.352371 0.000000
v 88.601349 108.295456 0.000000
v 88.576263 108.271133 0.787750
v 88.576263 108.271133 0.000000
v 88.520920 108.208572 0.000000
v 88.497253 108.181839 0.787750
v 89.834579 108.746140 0.787750
v 89.736816 108.751480 0.787750
v 89.929962 108.734406 0.787750
v 89.929962 108.734406 0.000000
v 90.022400 108.716400 0.787750
v 90.022400 108.716400 0.000000
v 88.334229 107.946198 0.787750
v 90.111328 108.692291 0.787750
v 88.302597 107.890244 0.787750
v 90.196228 108.662155 0.787750
v 88.250183 107.782455 0.787750
v 90.276535 108.626160 0.787750
v 88.229370 107.730774 0.787750
v 88.212112 107.680649 0.787750
v 88.198410 107.632202 0.787750
v 90.351700 108.584427 0.787750
v 90.421173 108.537064 0.787750
v 90.421173 108.537064 0.000000
v 90.484421 108.484207 0.000000
v 88.178436 107.497543 0.787750
v 89.404373 107.775146 0.787750
v 89.421463 107.782318 0.787750
v 89.388214 107.764359 0.787750
v 89.372971 107.749954 0.787750
v 89.388214 107.764359 0.000000
v 89.404373 107.775146 0.000000
v 89.416351 107.780167 0.000000
v 89.421463 107.782318 0.000000
v 89.434128 107.784790 0.000000
v 89.439545 107.785843 0.787750
v 89.452896 107.785751 0.000000
v 89.458618 107.785721 0.000000
v 89.458618 107.785721 0.787750
v 89.478729 107.781921 0.787750
v 89.478729 107.781921 0.000000
v 89.383652 107.760040 0.000000
v 89.372971 107.749954 0.000000
v 89.358612 107.731934 0.787750
v 89.358612 107.731934 0.000000
v 89.345093 107.710342 0.787750
v 89.332397 107.685165 0.787750
v 89.354568 107.725464 0.000000
v 89.345093 107.710342 0.000000
v 89.332397 107.685165 0.000000
v 89.328842 107.676559 0.000000
v 89.320496 107.656418 0.787750
v 89.320496 107.656418 0.000000
v 89.309326 107.624130 0.000000
v 88.200500 107.345932 0.787750
v 88.214600 107.313522 0.787750
v 90.501328 108.466782 0.000000
v 90.440109 108.521240 0.000000
v 90.372498 108.570236 0.000000
v 90.351700 108.584427 0.000000
v 90.299042 108.613663 0.000000
v 90.276535 108.626160 0.000000
v 90.196228 108.662155 0.000000
v 90.220276 108.651382 0.000000
v 90.111328 108.692291 0.000000
v 90.136749 108.683258 0.000000
v 90.049026 108.709183 0.000000
v 89.957642 108.729004 0.000000
v 89.834579 108.746140 0.000000
v 89.863144 108.742615 0.000000
v 89.736816 108.751480 0.000000
v 89.766083 108.749878 0.000000
v 89.637192 108.750320 0.000000
v 89.667023 108.750671 0.000000
v 89.536270 108.742523 0.000000
v 89.566483 108.744858 0.000000
v 89.434601 108.727951 0.000000
v 89.465042 108.732315 0.000000
v 89.332718 108.706482 0.787750
v 89.434601 108.727951 0.787750
v 89.130554 108.642349 0.787750
v 89.536270 108.742523 0.787750
v 89.637192 108.750320 0.787750
v 90.540863 108.426010 0.000000
v 90.589996 108.362564 0.000000
v 90.540863 108.426010 0.787750
v 90.555573 108.407013 0.000000
v 90.589996 108.362564 0.787750
v 90.602341 108.342041 0.000000
v 90.631226 108.294006 0.000000
v 90.641052 108.271988 0.000000
v 90.664032 108.220490 0.000000
v 91.812790 109.656769 0.000000
v 91.676056 109.608871 0.000000
v 91.634811 109.593979 0.787750
v 92.158997 108.764664 0.787750
v 92.167740 108.797394 0.787750
v 92.156052 108.726334 0.787750
v 92.158890 108.681824 0.787750
v 92.158112 108.753189 0.000000
v 92.156052 108.726334 0.000000
v 92.158997 108.764664 0.000000
v 92.163422 108.781265 0.000000
v 92.165115 108.787598 0.000000
v 92.167740 108.797394 0.000000
v 92.447220 108.902573 0.000000
v 92.468369 108.895920 0.000000
v 92.433167 108.905609 0.000000
v 92.443573 108.903732 0.000000
v 92.196533 108.841293 0.000000
v 92.177933 108.816772 0.000000
v 92.287109 108.892334 0.000000
v 92.365021 108.909897 0.000000
v 92.220917 108.861679 0.000000
v 92.202621 108.848221 0.000000
v 92.251114 108.878510 0.000000
v 92.228745 108.867432 0.000000
v 92.260681 108.883255 0.000000
v 92.260681 108.883255 0.787750
v 92.298416 108.896210 0.787750
v 92.038208 109.724915 0.787750
v 92.298416 108.896210 0.000000
v 92.328903 108.903702 0.000000
v 92.341949 108.906891 0.787750
v 92.341949 108.906891 0.000000
v 92.374878 108.911179 0.787750
v 92.166061 109.756454 0.787750
v 92.374878 108.911179 0.000000
v 92.398651 108.910370 0.000000
v 92.408813 108.910019 0.787750
v 93.422440 109.671921 0.787750
v 92.408813 108.910019 0.000000
v 92.443573 108.903732 0.787750
v 92.478973 108.892578 0.787750
v 92.478973 108.892578 0.000000
v 92.504089 108.881561 0.000000
v 92.514832 108.876862 0.787750
v 92.514832 108.876862 0.000000
v 92.540161 108.862839 0.000000
v 92.550980 108.856857 0.787750
v 92.550980 108.856857 0.000000
v 92.576385 108.840042 0.000000
v 92.587234 108.832855 0.787750
v 92.587234 108.832855 0.000000
v 92.612595 108.813431 0.000000
v 92.623428 108.805130 0.787750
v 92.623428 108.805130 0.000000
v 92.673477 108.759308 0.000000
v 92.694870 108.739716 0.787750
v 92.694870 108.739716 0.000000
v 92.743225 108.685883 0.000000
v 92.763885 108.662872 0.787750
v 92.763885 108.662872 0.000000
v 92.829056 108.576920 0.787750
v 92.809540 108.602661 0.000000
v 92.871017 108.511902 0.000000
v 92.829056 108.576920 0.000000
v 93.039978 108.119476 0.000000
v 92.973740 108.317001 0.000000
v 92.161484 108.666489 0.000000
v 92.562943 107.691086 0.000000
v 92.377090 108.067749 0.000000
v 93.012955 107.779602 0.000000
v 93.058594 107.924500 0.000000
v 92.845016 107.577560 0.000000
v 92.927734 107.663971 0.000000
v 92.693634 107.546112 0.000000
v 92.777420 107.537521 0.000000
v 92.626526 107.603302 0.000000
v 92.663147 107.567352 0.000000
v 92.588501 107.652710 0.000000
v 92.615463 107.615265 0.000000
v 92.576965 107.668716 0.000000
v 92.576965 107.668716 0.787750
v 92.556946 107.700638 0.787750
v 92.556946 107.700638 0.000000
v 92.542496 107.725464 0.000000
v 92.536316 107.736069 0.787750
v 92.536316 107.736069 0.000000
v 92.521393 107.763397 0.000000
v 92.515030 107.775070 0.787750
v 92.515030 107.775070 0.000000
v 92.499573 107.804901 0.000000
v 92.492981 107.817657 0.787750
v 92.492981 107.817657 0.000000
v 92.476959 107.850052 0.000000
v 92.470108 107.863892 0.787750
v 92.470108 107.863892 0.000000
v 92.453461 107.898865 0.000000
v 92.446350 107.913803 0.787750
v 92.446350 107.913803 0.000000
v 92.429047 107.951385 0.000000
v 92.421646 107.967453 0.787750
v 92.421646 107.967453 0.000000
v 92.403610 108.007675 0.000000
v 92.395905 108.024872 0.787750
v 92.395905 108.024872 0.000000
v 92.369049 108.086090 0.787750
v 92.369049 108.086090 0.000000
v 92.349426 108.131683 0.000000
v 92.341034 108.151169 0.787750
v 92.341034 108.151169 0.000000
v 92.310638 108.223434 0.000000
v 92.297638 108.254318 0.787750
v 92.297638 108.254318 0.000000
v 92.271301 108.319565 0.000000
v 92.260040 108.347443 0.787750
v 92.260040 108.347443 0.000000
v 92.237747 108.406036 0.000000
v 92.228226 108.431076 0.787750
v 92.228226 108.431076 0.000000
v 92.209991 108.483414 0.000000
v 92.202209 108.505783 0.787750
v 92.202209 108.505783 0.000000
v 92.188034 108.552246 0.000000
v 92.181976 108.572098 0.787750
v 92.181976 108.572098 0.000000
v 92.171860 108.613083 0.000000
v 92.167542 108.630600 0.787750
v 92.167542 108.630600 0.000000
v 92.158890 108.681824 0.000000
v 92.156906 108.712997 0.000000
v 92.615463 107.615265 0.787750
v 92.766998 106.606613 0.787750
v 91.884857 106.229797 0.787750
v 92.652405 107.575348 0.787750
v 92.688324 107.548660 0.787750
v 92.706070 107.540161 0.787750
v 92.688324 107.548660 0.000000
v 92.652405 107.575348 0.000000
v 92.706070 107.540161 0.000000
v 92.711380 107.538574 0.000000
v 92.741547 107.532654 0.000000
v 92.723801 107.534836 0.000000
v 92.759399 107.533569 0.000000
v 92.764786 107.534744 0.000000
v 92.746887 107.532928 0.000000
v 92.741547 107.532654 0.787750
v 92.723801 107.534836 0.787750
v 92.868958 106.651016 0.787750
v 92.729111 107.534180 0.000000
v 92.766998 106.606613 0.000000
v 92.937439 106.682068 0.000000
v 92.966721 106.695343 0.000000
v 92.966721 106.695343 0.787750
v 93.032288 106.726379 0.000000
v 92.759399 107.533569 0.787750
v 92.777420 107.537521 0.787750
v 92.782883 107.539612 0.000000
v 92.795685 107.544495 0.000000
v 92.806931 107.551315 0.000000
v 92.795685 107.544495 0.787750
v 92.833237 107.567276 0.000000
v 92.833237 107.567276 0.787750
v 92.872589 107.601593 0.787750
v 92.872589 107.601593 0.000000
v 92.885101 107.615219 0.000000
v 92.914352 107.647095 0.000000
v 92.914352 107.647095 0.787750
v 92.959045 107.703461 0.787750
v 92.959045 107.703461 0.000000
v 92.973495 107.723480 0.000000
v 93.007278 107.770325 0.000000
v 93.007278 107.770325 0.787750
v 93.026245 107.801285 0.787750
v 93.778595 107.194443 0.787750
v 93.026245 107.801285 0.000000
v 93.030624 107.811508 0.000000
v 93.044006 107.846481 0.000000
v 93.040878 107.835403 0.000000
v 93.053268 107.884247 0.000000
v 93.057800 107.911972 0.000000
v 93.051331 107.872391 0.000000
v 93.051331 107.872391 0.787750
v 93.040878 107.835403 0.787750
v 93.829788 107.242386 0.787750
v 93.877426 107.290985 0.787750
v 93.999557 107.441437 0.787750
v 93.057800 107.911972 0.787750
v 93.060455 107.953842 0.000000
v 93.060455 107.953842 0.787750
v 93.060165 107.966980 0.000000
v 93.058151 108.011368 0.000000
v 93.059479 107.997711 0.000000
v 93.052734 108.057404 0.000000
v 93.047318 108.090363 0.000000
v 93.055038 108.043320 0.000000
v 93.055038 108.043320 0.787750
v 93.059479 107.997711 0.787750
v 93.047318 108.090363 0.787750
v 93.022766 108.187607 0.000000
v 93.022766 108.187607 0.787750
v 93.012131 108.217422 0.000000
v 92.987244 108.287186 0.000000
v 92.987244 108.287186 0.787750
v 94.178970 108.405685 0.787750
v 92.942169 108.386780 0.787750
v 92.942169 108.386780 0.000000
v 92.926239 108.415924 0.000000
v 92.888962 108.484131 0.000000
v 92.888962 108.484131 0.787750
v 94.036240 108.967026 0.787750
v 93.994125 109.062775 0.787750
v 93.947601 109.152969 0.787750
v 93.947601 109.152969 0.000000
v 93.911942 109.212250 0.000000
v 93.896698 109.237595 0.000000
v 93.896698 109.237595 0.787750
v 93.858032 109.292953 0.000000
v 93.841507 109.316620 0.000000
v 93.841507 109.316620 0.787750
v 93.799835 109.368042 0.000000
v 93.782028 109.390015 0.787750
v 93.782028 109.390015 0.000000
v 93.737411 109.437485 0.000000
v 93.726227 109.449371 0.000000
v 93.718353 109.457764 0.787750
v 93.718353 109.457764 0.000000
v 93.650497 109.519852 0.787750
v 93.650497 109.519852 0.000000
v 93.670807 109.501266 0.000000
v 93.578537 109.576263 0.000000
v 93.600082 109.559372 0.000000
v 93.525269 109.611771 0.000000
v 93.502502 109.626953 0.787750
v 93.502502 109.626953 0.000000
v 93.446411 109.658447 0.000000
v 93.422440 109.671921 0.000000
v 93.363571 109.699387 0.000000
v 93.338425 109.711121 0.787750
v 93.338425 109.711121 0.000000
v 93.250473 109.744553 0.000000
v 93.276810 109.734543 0.000000
v 93.186142 109.763916 0.000000
v 93.158646 109.772202 0.787750
v 93.158646 109.772202 0.000000
v 93.063004 109.794022 0.000000
v 93.091644 109.787476 0.000000
v 92.963593 109.809998 0.000000
v 92.993362 109.805206 0.000000
v 92.891327 109.817078 0.000000
v 92.860443 109.820114 0.787750
v 92.860443 109.820114 0.000000
v 92.753616 109.824341 0.000000
v 92.785614 109.823074 0.000000
v 92.676239 109.823166 0.000000
v 92.643173 109.822662 0.787750
v 92.643173 109.822662 0.000000
v 92.529144 109.815063 0.000000
v 92.563293 109.817337 0.000000
v 92.446777 109.805557 0.000000
v 92.411575 109.801498 0.787750
v 92.411575 109.801498 0.000000
v 92.326782 109.787827 0.000000
v 92.290543 109.781982 0.787750
v 92.290543 109.781982 0.000000
v 92.166061 109.756454 0.000000
v 92.203339 109.764099 0.000000
v 92.038208 109.724915 0.000000
v 92.076492 109.734360 0.000000
v 91.946289 109.698593 0.000000
v 91.907013 109.687332 0.787750
v 91.907013 109.687332 0.000000
v 91.772537 109.643707 0.787750
v 92.202621 108.848221 0.787750
v 92.228745 108.867432 0.787750
v 92.182281 108.825058 0.787750
v 92.182281 108.825058 0.000000
v 92.529144 109.815063 0.787750
v 92.753616 109.824341 0.787750
v 92.963593 109.809998 0.787750
v 93.063004 109.794022 0.787750
v 93.250473 109.744553 0.787750
v 93.578537 109.576263 0.787750
v 92.502853 106.493790 0.000000
v 91.709824 106.677383 0.000000
v 91.300308 107.724594 0.000000
v 90.653107 107.681946 0.787750
v 90.673630 107.752502 0.000000
v 90.634247 107.621964 0.787750
v 90.647461 107.663986 0.000000
v 90.629562 107.605545 0.000000
v 90.618607 107.567139 0.000000
v 90.634247 107.621964 0.000000
v 90.653107 107.681946 0.000000
v 90.614929 107.552139 0.000000
v 90.606323 107.517059 0.000000
v 90.606323 107.517059 0.787750
v 90.597504 107.471329 0.787750
v 90.592270 107.429550 0.787750
v 90.595932 107.458817 0.000000
v 90.590714 107.391327 0.787750
v 90.591797 107.418106 0.000000
v 90.592987 107.356262 0.787750
v 90.591400 107.380829 0.000000
v 90.599197 107.323959 0.787750
v 90.594849 107.346588 0.000000
v 90.021576 106.631271 0.787750
v 90.609451 107.294022 0.787750
v 89.964005 106.663727 0.787750
v 90.004333 106.640991 0.000000
v 89.605515 107.292816 0.787750
v 89.897888 106.692535 0.787750
v 89.824539 106.716553 0.787750
v 89.944214 106.672348 0.000000
v 89.897888 106.692535 0.000000
v 89.964005 106.663727 0.000000
v 89.875931 106.699722 0.000000
v 89.758698 106.730072 0.000000
v 89.804825 106.720596 0.000000
v 89.701004 106.743134 0.000000
v 89.741425 106.733978 0.000000
v 90.130203 106.440674 0.000000
v 90.134506 106.510498 0.000000
v 89.651154 106.756332 0.000000
v 89.686066 106.747086 0.000000
v 89.608841 106.770264 0.000000
v 89.638474 106.760498 0.000000
v 89.573761 106.785477 0.000000
v 89.598328 106.774811 0.000000
v 89.565338 106.790604 0.000000
v 89.573761 106.785477 0.787750
v 89.545639 106.802597 0.000000
v 89.545639 106.802597 0.787750
v 89.764572 106.433365 0.000000
v 89.773758 106.433151 0.000000
v 89.539200 106.808456 0.000000
v 89.740921 106.431717 0.000000
v 89.730804 106.431000 0.787750
v 89.524155 106.822174 0.000000
v 89.524155 106.822174 0.787750
v 89.730804 106.431000 0.000000
v 89.508987 106.844788 0.000000
v 89.519608 106.828934 0.000000
v 89.694260 106.425735 0.000000
v 89.705200 106.427322 0.000000
v 89.638123 106.412766 0.000000
v 89.614136 106.407211 0.787750
v 89.614136 106.407211 0.000000
v 89.506256 106.852646 0.000000
v 89.508987 106.844788 0.787750
v 89.526794 106.379181 0.000000
v 89.552948 106.387573 0.000000
v 89.499878 106.871048 0.000000
v 89.434830 106.343033 0.000000
v 89.462372 106.353851 0.000000
v 89.498871 106.880173 0.000000
v 89.499878 106.871048 0.787750
v 89.368988 106.312988 0.000000
v 89.340851 106.300156 0.787750
v 89.496490 106.901520 0.000000
v 89.340851 106.300156 0.000000
v 89.498550 106.936783 0.000000
v 89.497116 106.912079 0.000000
v 89.247406 106.251968 0.000000
v 89.275391 106.266403 0.000000
v 89.505722 106.977432 0.000000
v 89.500702 106.948959 0.000000
v 89.184158 106.215469 0.000000
v 89.157135 106.199860 0.787750
v 89.517746 107.024048 0.000000
v 89.509323 106.991394 0.000000
v 89.157135 106.199860 0.000000
v 89.522690 107.039963 0.000000
v 89.517746 107.024048 0.787750
v 89.097900 106.161591 0.000000
v 89.072601 106.145233 0.787750
v 89.534271 107.077194 0.000000
v 89.072601 106.145233 0.000000
v 89.540497 107.095245 0.000000
v 89.534271 107.077194 0.787750
v 88.996384 106.089462 0.000000
v 89.019211 106.106171 0.000000
v 88.931107 106.033966 0.000000
v 88.950653 106.050583 0.000000
v 88.903381 106.006760 0.787750
v 88.931107 106.033966 0.787750
v 88.996384 106.089462 0.787750
v 89.247406 106.251968 0.787750
v 89.948380 106.368744 0.787750
v 89.434830 106.343033 0.787750
v 89.526794 106.379181 0.787750
v 89.906372 106.384872 0.787750
v 89.694260 106.425735 0.787750
v 89.948380 106.368744 0.000000
v 89.960815 106.366623 0.000000
v 89.918945 106.380035 0.000000
v 89.906372 106.384872 0.000000
v 89.865433 106.410309 0.000000
v 89.851822 106.417999 0.000000
v 89.846008 106.421295 0.787750
v 89.846008 106.421295 0.000000
v 90.085495 106.385086 0.000000
v 89.829544 106.426468 0.000000
v 89.822495 106.428680 0.787750
v 89.822495 106.428680 0.000000
v 89.795242 106.432648 0.000000
v 89.803406 106.431458 0.000000
v 89.764572 106.433365 0.787750
v 89.795242 106.432648 0.787750
v 89.865433 106.410309 0.787750
v 89.877701 106.402695 0.000000
v 90.111771 106.408936 0.000000
v 90.040054 106.366501 0.000000
v 90.069916 106.376190 0.000000
v 90.001709 106.362198 0.000000
v 90.029343 106.363419 0.000000
v 89.989899 106.361679 0.000000
v 89.989899 106.361679 0.787750
v 90.029343 106.363419 0.787750
v 90.065125 106.373718 0.000000
v 90.081146 106.381989 0.000000
v 90.095673 106.392319 0.000000
v 90.099518 106.396011 0.000000
v 90.108490 106.404648 0.000000
v 90.108490 106.404648 0.787750
v 90.119415 106.418961 0.000000
v 90.122055 106.423843 0.000000
v 90.128250 106.435226 0.000000
v 90.134766 106.453415 0.000000
v 90.134766 106.453415 0.787750
v 90.136124 106.458389 0.000000
v 90.139435 106.475220 0.000000
v 90.139282 106.470047 0.000000
v 90.138840 106.492645 0.000000
v 90.136566 106.505081 0.000000
v 90.139816 106.487320 0.000000
v 90.129700 106.523178 0.000000
v 90.129700 106.523178 0.787750
v 90.122528 106.534164 0.000000
v 90.094818 106.570770 0.000000
v 90.105743 106.559875 0.000000
v 90.054977 106.606750 0.000000
v 90.021576 106.631271 0.000000
v 90.069244 106.596283 0.000000
v 90.069244 106.596283 0.787750
v 90.105743 106.559875 0.787750
v 90.642563 107.239624 0.787750
v 90.665665 107.214386 0.787750
v 90.693298 107.189911 0.787750
v 90.725555 107.165802 0.787750
v 90.693298 107.189911 0.000000
v 90.702957 107.182693 0.000000
v 90.673950 107.207047 0.000000
v 90.665665 107.214386 0.000000
v 90.649490 107.232071 0.000000
v 90.846237 107.093811 0.000000
v 90.736633 107.158585 0.000000
v 90.857956 107.086075 0.000000
v 90.613770 107.285645 0.000000
v 90.592270 107.429550 0.000000
v 90.597504 107.471329 0.000000
v 90.592987 107.356262 0.000000
v 90.590714 107.391327 0.000000
v 90.629471 107.258133 0.000000
v 90.602264 107.314987 0.000000
v 90.609451 107.294022 0.000000
v 90.599197 107.323959 0.000000
v 90.623871 107.266037 0.787750
v 90.623871 107.266037 0.000000
v 90.642563 107.239624 0.000000
v 90.816956 107.110153 0.000000
v 90.804443 107.117126 0.000000
v 90.775101 107.134338 0.000000
v 90.762558 107.141678 0.787750
v 90.762558 107.141678 0.000000
v 90.725555 107.165802 0.000000
v 89.555038 107.137482 0.787750
v 89.562439 107.157837 0.000000
v 89.758698 106.730072 0.787750
v 89.701004 106.743134 0.787750
v 89.824539 106.716553 0.000000
v 89.651154 106.756332 0.787750
v 89.505722 106.977432 0.787750
v 89.608841 106.770264 0.787750
v 89.498550 106.936783 0.787750
v 89.496490 106.901520 0.787750
v 89.579742 107.205475 0.787750
v 89.579742 107.205475 0.000000
v 89.605515 107.292816 0.000000
v 88.369919 107.171463 0.787750
v 88.335693 107.188522 0.787750
v 88.304779 107.208328 0.787750
v 88.252960 107.255905 0.787750
v 98.604126 99.172562 0.787750
v 97.551819 101.762436 0.000000
v 97.551819 101.762436 0.787750
v 97.464462 101.974457 0.000000
v 97.490616 101.910965 0.000000
v 97.406494 102.114853 0.000000
v 97.464462 101.974457 0.787750
v 97.381714 102.174850 0.000000
v 97.381714 102.174850 0.787750
v 97.367188 102.209930 0.000000
v 97.303391 102.363968 0.787750
v 97.326843 102.307343 0.000000
v 97.303391 102.363968 0.000000
v 97.229309 102.542145 0.000000
v 97.251495 102.488800 0.000000
v 97.180237 102.659546 0.000000
v 97.229309 102.542145 0.787750
v 97.159271 102.709732 0.000000
v 97.159271 102.709732 0.787750
v 97.112915 102.819946 0.000000
v 97.093109 102.867050 0.000000
v 97.093109 102.867050 0.787750
v 97.049332 102.970322 0.000000
v 97.030624 103.014465 0.000000
v 97.030624 103.014465 0.787750
v 96.971634 103.152298 0.000000
v 96.989288 103.111023 0.000000
v 96.932617 103.242401 0.000000
v 96.971634 103.152298 0.787750
v 96.879135 103.364792 0.000000
v 96.305267 101.733521 0.787750
v 95.570984 103.326218 0.000000
v 96.085403 102.210419 0.000000
v 96.296631 101.752258 0.000000
v 92.683868 101.576126 0.000000
v 93.259552 100.453857 0.000000
v 91.945038 103.179489 0.000000
v 92.464005 102.053024 0.000000
v 91.723236 103.660934 0.000000
v 93.198273 100.460327 0.787750
v 93.198273 100.460327 0.000000
v 93.007004 99.122543 0.787750
v 93.019577 99.127991 0.787750
v 93.002441 99.119522 0.787750
v 92.999039 99.116318 0.787750
v 93.005646 99.121643 0.000000
v 93.001419 99.118561 0.000000
v 93.015808 99.126358 0.000000
v 93.019577 99.127991 0.000000
v 93.031509 99.131287 0.000000
v 93.036621 99.132690 0.787750
v 95.525284 100.211166 0.787750
v 93.036621 99.132690 0.000000
v 93.051575 99.135483 0.000000
v 93.057953 99.136673 0.787750
v 93.057953 99.136673 0.000000
v 93.075836 99.138947 0.000000
v 93.083466 99.139923 0.787750
v 93.083466 99.139923 0.000000
v 93.104141 99.141724 0.000000
v 93.112976 99.142487 0.787750
v 93.112976 99.142487 0.000000
v 93.136368 99.143814 0.000000
v 93.146362 99.144379 0.787750
v 93.146362 99.144379 0.000000
v 93.172348 99.145233 0.000000
v 93.183456 99.145599 0.787750
v 93.183456 99.145599 0.000000
v 93.242798 99.145981 0.000000
v 93.268158 99.146133 0.787750
v 93.268158 99.146133 0.000000
v 93.336655 99.144806 0.000000
v 93.365921 99.144241 0.787750
v 93.365921 99.144241 0.000000
v 93.442703 99.141327 0.000000
v 93.475525 99.140076 0.787750
v 93.475525 99.140076 0.000000
v 93.559753 99.135651 0.000000
v 93.595764 99.133759 0.787750
v 93.595764 99.133759 0.000000
v 93.686615 99.127930 0.000000
v 93.725433 99.125443 0.787750
v 93.725433 99.125443 0.000000
v 93.822067 99.118317 0.000000
v 93.863373 99.115265 0.787750
v 93.863373 99.115265 0.000000
v 93.964920 99.106934 0.000000
v 94.008331 99.103378 0.787750
v 94.008331 99.103378 0.000000
v 94.113983 99.093948 0.000000
v 94.159149 99.089920 0.787750
v 94.159149 99.089920 0.000000
v 94.268051 99.079498 0.000000
v 94.314590 99.075027 0.787750
v 94.314590 99.075027 0.000000
v 94.425903 99.063705 0.000000
v 94.473480 99.058853 0.787750
v 94.473480 99.058853 0.000000
v 94.699982 99.033890 0.000000
v 94.796783 99.023224 0.787750
v 94.796783 99.023224 0.000000
v 95.022827 98.995850 0.000000
v 95.119446 98.984146 0.787750
v 95.119446 98.984146 0.000000
v 95.230194 98.969803 0.000000
v 95.277542 98.963684 0.787750
v 95.277542 98.963684 0.000000
v 95.385651 98.949036 0.000000
v 95.431870 98.942780 0.787750
v 95.431870 98.942780 0.000000
v 95.536514 98.927933 0.000000
v 95.581238 98.921600 0.787750
v 95.581238 98.921600 0.000000
v 95.681564 98.906647 0.000000
v 95.724442 98.900269 0.787750
v 95.694397 100.194016 0.787750
v 95.724442 98.900269 0.000000
v 95.819611 98.885315 0.000000
v 95.860291 98.878922 0.787750
v 95.856750 100.178406 0.787750
v 95.860291 98.878922 0.000000
v 95.949448 98.864075 0.000000
v 95.987564 98.857727 0.787750
v 96.011322 100.164368 0.787750
v 95.987564 98.857727 0.000000
v 96.069901 98.843079 0.000000
v 96.105087 98.836807 0.787750
v 96.157089 100.151947 0.787750
v 96.105087 98.836807 0.000000
v 96.179733 98.822464 0.000000
v 96.211639 98.816330 0.787750
v 96.211639 98.816330 0.000000
v 96.277771 98.802368 0.000000
v 96.306030 98.796402 0.787750
v 96.293030 100.141174 0.787750
v 96.306030 98.796402 0.000000
v 96.362793 98.782944 0.000000
v 96.387070 98.777191 0.787750
v 96.418137 100.132095 0.787750
v 96.387070 98.777191 0.000000
v 96.411667 98.770676 0.000000
v 96.422195 98.767899 0.787750
v 96.531387 100.124756 0.787750
v 96.422195 98.767899 0.000000
v 96.444153 98.761551 0.000000
v 96.453537 98.758835 0.787750
v 96.453537 98.758835 0.000000
v 96.472717 98.752655 0.000000
v 96.480927 98.750015 0.787750
v 96.631760 100.119186 0.787750
v 96.480927 98.750015 0.000000
v 96.497253 98.744019 0.000000
v 96.504227 98.741470 0.787750
v 96.504227 98.741470 0.000000
v 96.517593 98.735672 0.000000
v 96.523300 98.733200 0.787750
v 96.676804 100.117081 0.787750
v 96.523300 98.733200 0.000000
v 96.533569 98.727631 0.000000
v 96.537964 98.725235 0.787750
v 96.755951 100.114227 0.787750
v 96.537964 98.725235 0.000000
v 96.545074 98.719879 0.000000
v 96.548096 98.717590 0.787750
v 96.845444 100.113495 0.787750
v 96.548096 98.717590 0.000000
v 96.551422 98.713898 0.000000
v 96.551422 98.713898 0.787750
v 96.896820 100.117081 0.787750
v 96.553543 98.710297 0.787750
v 96.904877 100.119263 0.787750
v 96.552902 98.711380 0.000000
v 96.554428 98.707016 0.787750
v 96.554428 98.707016 0.000000
v 96.536621 98.646729 0.000000
v 96.550430 98.682297 0.000000
v 96.247269 98.171371 0.000000
v 96.467102 98.516388 0.000000
v 94.824890 96.271118 0.000000
v 95.528503 97.184204 0.000000
v 92.275177 96.077454 0.000000
v 94.430344 95.889694 0.000000
v 90.939117 96.340073 0.000000
v 91.207657 96.230499 0.000000
v 92.133163 98.020279 0.000000
v 91.237045 96.788406 0.000000
v 92.792572 98.876236 0.000000
v 92.504044 98.509613 0.000000
v 92.976440 99.092621 0.000000
v 92.904388 99.011047 0.000000
v 92.993973 99.111053 0.000000
v 92.982117 99.098755 0.000000
v 92.999039 99.116318 0.000000
v 92.982117 99.098755 0.787750
v 92.963181 99.078278 0.787750
v 92.919586 99.028961 0.787750
v 92.963181 99.078278 0.000000
v 92.950119 99.063507 0.000000
v 92.919586 99.028961 0.000000
v 92.868835 98.969147 0.787750
v 92.868835 98.969147 0.000000
v 92.811523 98.899689 0.787750
v 92.748230 98.821350 0.787750
v 92.851669 98.948349 0.000000
v 92.811523 98.899689 0.000000
v 92.748230 98.821350 0.000000
v 92.727676 98.795486 0.000000
v 92.679565 98.734970 0.787750
v 92.679565 98.734970 0.000000
v 92.606079 98.641342 0.787750
v 92.528397 98.541260 0.787750
v 92.657562 98.706940 0.000000
v 92.606079 98.641342 0.000000
v 92.582825 98.611374 0.000000
v 92.528397 98.541260 0.000000
v 92.447083 98.435562 0.787750
v 92.447083 98.435562 0.000000
v 92.362717 98.325027 0.787750
v 92.421814 98.402466 0.000000
v 92.362717 98.325027 0.000000
v 92.336731 98.290726 0.000000
v 92.249359 98.175217 0.000000
v 92.187241 98.092712 0.000000
v 92.275909 98.210480 0.000000
v 92.275909 98.210480 0.787750
v 92.187241 98.092712 0.787750
v 92.006638 97.850800 0.787750
v 92.006638 97.850800 0.000000
v 91.952438 97.777420 0.000000
v 91.825623 97.605713 0.787750
v 91.825623 97.605713 0.000000
v 90.760391 98.333801 0.787750
v 91.648895 97.363953 0.787750
v 90.660080 98.198685 0.787750
v 91.772705 97.533325 0.000000
v 91.648895 97.363953 0.000000
v 91.538895 97.212067 0.000000
v 91.623352 97.328720 0.000000
v 91.379608 96.990021 0.000000
v 91.305954 96.886261 0.000000
v 91.457458 97.098892 0.000000
v 91.402084 97.021606 0.000000
v 91.481125 97.131927 0.000000
v 91.481125 97.131927 0.787750
v 91.563599 97.246323 0.787750
v 90.563141 98.069168 0.787750
v 91.563599 97.246323 0.000000
v 90.660080 98.198685 0.000000
v 90.563141 98.069168 0.000000
v 90.470047 97.945862 0.787750
v 90.497910 97.982773 0.000000
v 90.407883 97.864243 0.000000
v 90.470047 97.945862 0.000000
v 90.322556 97.752945 0.000000
v 90.381317 97.829361 0.000000
v 90.297440 97.720276 0.000000
v 90.297440 97.720276 0.787750
v 90.218933 97.619232 0.787750
v 90.218933 97.619232 0.000000
v 90.146301 97.526840 0.787750
v 90.168045 97.554504 0.000000
v 90.099884 97.468597 0.000000
v 90.146301 97.526840 0.000000
v 90.038437 97.392380 0.000000
v 90.080048 97.443710 0.000000
v 90.020660 97.370438 0.000000
v 90.020660 97.370438 0.787750
v 89.968658 97.307632 0.787750
v 89.968658 97.307632 0.000000
v 89.924545 97.255920 0.787750
v 89.937744 97.271408 0.000000
v 89.911270 97.240860 0.000000
v 89.924545 97.255920 0.000000
v 89.893829 97.221451 0.000000
v 89.905594 97.234421 0.000000
v 89.888809 97.215912 0.000000
v 89.888809 97.215912 0.787750
v 89.874237 97.200485 0.787750
v 89.874237 97.200485 0.000000
v 89.861969 97.188202 0.787750
v 89.865646 97.191879 0.000000
v 89.855011 97.181870 0.000000
v 89.861969 97.188202 0.000000
v 89.846771 97.175140 0.000000
v 89.852036 97.179153 0.000000
v 89.844513 97.173416 0.000000
v 89.844513 97.173416 0.787750
v 89.841675 97.171814 0.787750
v 89.837784 97.171570 0.787750
v 90.926086 96.306534 0.787750
v 89.839462 97.171051 0.000000
v 89.836960 97.172150 0.000000
v 89.832962 97.177689 0.000000
v 89.834152 97.176041 0.000000
v 89.827484 97.186920 0.000000
v 89.829117 97.184158 0.000000
v 89.822647 97.195908 0.000000
v 89.827484 97.186920 0.787750
v 89.820572 97.199738 0.787750
v 89.814758 97.211166 0.000000
v 89.812271 97.216049 0.000000
v 89.812271 97.216049 0.787750
v 89.805496 97.229858 0.000000
v 89.802612 97.235764 0.787750
v 89.802612 97.235764 0.000000
v 89.791626 97.258774 0.787750
v 89.832962 97.177689 0.787750
v 90.928268 96.303772 0.787750
v 90.925934 96.307098 0.000000
v 90.931671 96.300934 0.787750
v 90.931671 96.300934 0.000000
v 90.942047 96.294968 0.787750
v 90.942047 96.294968 0.000000
v 90.957062 96.288635 0.787750
v 90.957062 96.288635 0.000000
v 90.976532 96.281967 0.787750
v 90.976532 96.281967 0.000000
v 91.000336 96.274963 0.787750
v 91.028320 96.267654 0.787750
v 91.000336 96.274963 0.000000
v 91.008713 96.272781 0.000000
v 90.983658 96.279861 0.000000
v 91.037888 96.265381 0.000000
v 91.028320 96.267654 0.000000
v 91.108002 96.249756 0.000000
v 91.148621 96.241562 0.000000
v 91.071045 96.257706 0.000000
v 91.096161 96.252197 0.000000
v 91.060303 96.260056 0.000000
v 91.060303 96.260056 0.787750
v 91.096161 96.252197 0.787750
v 91.135712 96.244064 0.787750
v 91.135712 96.244064 0.000000
v 91.178833 96.235703 0.000000
v 91.178833 96.235703 0.787750
v 91.275116 96.218323 0.000000
v 91.275116 96.218323 0.787750
v 91.307648 96.212891 0.000000
v 91.419647 96.194580 0.000000
v 91.383774 96.200180 0.000000
v 91.674789 96.156357 0.000000
v 91.542435 96.175690 0.000000
v 91.963226 96.116959 0.000000
v 92.116882 96.097153 0.000000
v 91.815460 96.136734 0.000000
v 91.917679 96.122894 0.000000
v 91.771774 96.142654 0.000000
v 91.771774 96.142654 0.787750
v 91.633331 96.162216 0.787750
v 91.633331 96.162216 0.000000
v 91.503601 96.181442 0.787750
v 91.503601 96.181442 0.000000
v 91.383774 96.200180 0.787750
v 91.917679 96.122894 0.787750
v 92.069824 96.103058 0.787750
v 92.069824 96.103058 0.000000
v 92.226990 96.083313 0.000000
v 92.226990 96.083313 0.787750
v 92.387939 96.063766 0.000000
v 92.387939 96.063766 0.787750
v 92.486252 96.052414 0.000000
v 92.814713 96.015259 0.000000
v 92.716278 96.025864 0.000000
v 93.253754 95.969421 0.000000
v 93.093369 95.985535 0.000000
v 93.843536 95.917099 0.000000
v 93.561462 95.940552 0.000000
v 94.279373 95.891052 0.000000
v 94.362259 95.889221 0.000000
v 94.090195 95.900146 0.000000
v 94.197159 95.894455 0.000000
v 93.971909 95.907745 0.000000
v 94.057068 95.902039 0.000000
v 93.935516 95.910187 0.000000
v 93.935516 95.910187 0.787750
v 93.804230 95.920059 0.787750
v 93.804230 95.920059 0.000000
v 93.664459 95.931519 0.787750
v 93.706314 95.928085 0.000000
v 93.664459 95.931519 0.000000
v 93.517426 95.944412 0.787750
v 93.517426 95.944412 0.000000
v 93.364365 95.958633 0.787750
v 93.410187 95.954376 0.000000
v 93.364365 95.958633 0.000000
v 93.206482 95.974030 0.787750
v 93.206482 95.974030 0.000000
v 93.045029 95.990448 0.787750
v 93.045029 95.990448 0.000000
v 92.716278 96.025864 0.787750
v 93.545837 94.660034 0.787750
v 93.768692 94.641006 0.787750
v 94.057068 95.902039 0.787750
v 94.167679 95.895737 0.000000
v 94.167679 95.895737 0.787750
v 94.266129 95.891449 0.000000
v 94.266129 95.891449 0.787750
v 94.310394 95.890106 0.000000
v 94.310394 95.890106 0.787750
v 94.322601 95.889862 0.000000
v 94.351151 95.889297 0.000000
v 94.351151 95.889297 0.787750
v 94.388260 95.889069 0.787750
v 94.388260 95.889069 0.000000
v 94.398239 95.889175 0.000000
v 94.421555 95.889420 0.000000
v 94.421555 95.889420 0.787750
v 94.450897 95.890366 0.787750
v 94.450897 95.890366 0.000000
v 94.458435 95.890839 0.000000
v 94.482376 95.892609 0.000000
v 94.476105 95.891937 0.000000
v 94.517136 95.898071 0.000000
v 94.501984 95.895004 0.000000
v 94.548004 95.921432 0.000000
v 94.534180 95.906265 0.000000
v 94.610184 95.997437 0.000000
v 94.702652 96.114395 0.000000
v 94.571411 95.949417 0.000000
v 94.586563 95.968018 0.000000
v 94.558548 95.933868 0.000000
v 94.567078 95.944122 0.000000
v 94.554901 95.929474 0.000000
v 94.554901 95.929474 0.787750
v 94.545059 95.917984 0.787750
v 94.545059 95.917984 0.000000
v 94.537643 95.909729 0.787750
v 94.539871 95.912201 0.000000
v 94.537643 95.909729 0.000000
v 94.533844 95.900803 0.787750
v 94.532715 95.904785 0.000000
v 94.529709 95.899017 0.787750
v 94.530609 95.903244 0.000000
v 94.525497 95.900558 0.000000
v 94.525497 95.900558 0.787750
v 94.513565 95.897018 0.787750
v 94.513565 95.897018 0.000000
v 94.497040 95.894150 0.787750
v 94.497040 95.894150 0.000000
v 94.476105 95.891937 0.787750
v 94.767212 94.587326 0.787750
v 95.187256 94.784119 0.787750
v 95.496170 95.125809 0.787750
v 95.824905 95.516708 0.787750
v 94.567078 95.944122 0.787750
v 94.581558 95.961823 0.787750
v 94.598267 95.982498 0.787750
v 94.581558 95.961823 0.000000
v 94.598267 95.982498 0.000000
v 94.638092 96.032410 0.000000
v 94.638092 96.032410 0.787750
v 94.652435 96.050598 0.000000
v 94.686020 96.093170 0.000000
v 94.686020 96.093170 0.787750
v 94.741562 96.164078 0.787750
v 94.804184 96.244431 0.787750
v 94.741562 96.164078 0.000000
v 94.760315 96.188126 0.000000
v 94.804184 96.244431 0.000000
v 94.873352 96.333542 0.000000
v 94.873352 96.333542 0.787750
v 94.895889 96.362640 0.000000
v 94.972763 96.462021 0.000000
v 94.948578 96.430710 0.000000
v 95.142075 96.681549 0.000000
v 95.054993 96.568558 0.000000
v 95.328720 96.924133 0.000000
v 95.427231 97.052322 0.000000
v 95.233490 96.800308 0.000000
v 95.299484 96.886093 0.000000
v 95.205292 96.763641 0.000000
v 95.205292 96.763641 0.787750
v 95.115067 96.646454 0.787750
v 95.115067 96.646454 0.000000
v 95.029327 96.535248 0.787750
v 95.029327 96.535248 0.000000
v 94.948578 96.430710 0.787750
v 95.299484 96.886093 0.787750
v 95.397110 97.013123 0.787750
v 95.497681 97.144043 0.787750
v 95.397110 97.013123 0.000000
v 95.497681 97.144043 0.000000
v 95.600647 97.278152 0.000000
v 95.600647 97.278152 0.787750
v 95.631302 97.318420 0.000000
v 95.732635 97.452148 0.000000
v 95.703033 97.412628 0.000000
v 95.923828 97.710754 0.000000
v 95.830307 97.583176 0.000000
v 96.096634 97.952499 0.000000
v 96.174957 98.065170 0.000000
v 96.012772 97.834106 0.000000
v 96.072647 97.918213 0.000000
v 95.987167 97.798172 0.000000
v 95.987167 97.798172 0.787750
v 95.896759 97.673386 0.787750
v 95.896759 97.673386 0.000000
v 95.801895 97.544632 0.787750
v 95.801895 97.544632 0.000000
v 95.703033 97.412628 0.787750
v 96.944504 96.952957 0.787750
v 96.072647 97.918213 0.787750
v 96.152725 98.032745 0.787750
v 96.152725 98.032745 0.000000
v 96.226944 98.141052 0.000000
v 96.226944 98.141052 0.787750
v 96.294830 98.242340 0.000000
v 96.294830 98.242340 0.787750
v 96.313110 98.270355 0.000000
v 96.372009 98.361343 0.000000
v 96.355896 98.335892 0.000000
v 96.423492 98.443604 0.000000
v 96.455765 98.496689 0.000000
v 96.409698 98.420914 0.000000
v 96.409698 98.420914 0.787750
v 96.355896 98.335892 0.787750
v 96.455765 98.496689 0.787750
v 96.493607 98.562454 0.787750
v 96.493607 98.562454 0.000000
v 96.498306 98.571106 0.000000
v 96.513351 98.599167 0.000000
v 96.509308 98.591339 0.000000
v 96.526138 98.624405 0.000000
v 96.533966 98.640671 0.000000
v 96.522781 98.617447 0.000000
v 96.522781 98.617447 0.787750
v 96.509308 98.591339 0.787750
v 96.533966 98.640671 0.787750
v 96.542801 98.660919 0.787750
v 96.542801 98.660919 0.000000
v 96.544739 98.666061 0.000000
v 96.549240 98.678101 0.000000
v 96.549240 98.678101 0.787750
v 96.553223 98.692123 0.787750
v 96.554672 98.702881 0.787750
v 96.553223 98.692123 0.000000
v 96.553650 98.695343 0.000000
v 96.554672 98.702881 0.000000
v 96.909042 100.121201 0.787750
v 96.912109 100.125458 0.787750
v 96.912109 100.125458 0.000000
v 96.913544 100.129547 0.787750
v 96.914978 100.140732 0.787750
v 96.913544 100.129547 0.000000
v 96.913971 100.132904 0.000000
v 96.914841 100.145248 0.000000
v 96.914978 100.140732 0.000000
v 96.887939 100.115906 0.000000
v 96.904877 100.119263 0.000000
v 96.845444 100.113495 0.000000
v 96.866974 100.114197 0.000000
v 96.718246 100.115417 0.000000
v 96.789810 100.113510 0.000000
v 96.425674 101.460510 0.000000
v 96.838364 100.431915 0.000000
v 96.197800 100.148727 0.000000
v 96.452057 100.129898 0.000000
v 95.575928 100.206024 0.000000
v 95.903046 100.174210 0.000000
v 95.224579 100.243881 0.000000
v 95.402771 100.224228 0.000000
v 94.987488 100.271423 0.000000
v 95.170807 100.249908 0.000000
v 93.734024 100.403763 0.000000
v 96.355759 101.619812 0.000000
v 96.305267 101.733521 0.000000
v 96.377335 101.571213 0.000000
v 96.377335 101.571213 0.787750
v 96.446350 101.413193 0.787750
v 96.446350 101.413193 0.000000
v 96.511932 101.260315 0.787750
v 96.492294 101.306091 0.000000
v 96.555283 101.157394 0.000000
v 96.511932 101.260315 0.000000
v 96.669022 100.880463 0.000000
v 96.614304 101.015244 0.000000
v 96.764252 100.636414 0.000000
v 96.719116 100.753922 0.000000
v 96.804123 100.528809 0.000000
v 96.777328 100.602066 0.000000
v 96.815567 100.497498 0.000000
v 96.815567 100.497498 0.787750
v 96.848099 100.403885 0.787750
v 96.848099 100.403885 0.000000
v 96.874603 100.322083 0.787750
v 96.866669 100.346573 0.000000
v 96.882217 100.296707 0.000000
v 96.874603 100.322083 0.000000
v 96.900024 100.232178 0.000000
v 96.891953 100.262772 0.000000
v 96.910995 100.181412 0.000000
v 96.906387 100.205032 0.000000
v 96.913834 100.161453 0.000000
v 96.912231 100.174667 0.000000
v 96.914520 100.155807 0.000000
v 96.914520 100.155807 0.787750
v 96.912231 100.174667 0.787750
v 96.908127 100.197205 0.787750
v 96.908127 100.197205 0.000000
v 96.902283 100.223328 0.000000
v 96.902283 100.223328 0.787750
v 96.894714 100.252899 0.000000
v 96.894714 100.252899 0.787750
v 96.885468 100.285858 0.000000
v 96.885468 100.285858 0.787750
v 96.777328 100.602066 0.787750
v 96.733688 100.716782 0.787750
v 96.685013 100.840805 0.787750
v 96.733688 100.716782 0.000000
v 96.685013 100.840805 0.000000
v 96.631607 100.973282 0.000000
v 96.631607 100.973282 0.787750
v 96.573807 101.113403 0.000000
v 96.573807 101.113403 0.787750
v 94.987488 100.271423 0.787750
v 95.042374 100.264969 0.000000
v 95.170807 100.249908 0.787750
v 95.350403 100.229797 0.787750
v 95.350403 100.229797 0.000000
v 95.525284 100.211166 0.000000
v 95.694397 100.194016 0.000000
v 95.743011 100.189346 0.000000
v 95.856750 100.178406 0.000000
v 96.011322 100.164368 0.000000
v 96.054977 100.160645 0.000000
v 96.157089 100.151947 0.000000
v 96.293030 100.141174 0.000000
v 96.330490 100.138458 0.000000
v 96.418137 100.132095 0.000000
v 96.531387 100.124756 0.000000
v 96.561447 100.123093 0.000000
v 96.645248 100.118546 0.000000
v 96.676804 100.117081 0.000000
v 96.631760 100.119186 0.000000
v 96.689209 100.116577 0.000000
v 96.718246 100.115417 0.787750
v 96.729538 100.115067 0.000000
v 96.755951 100.114227 0.000000
v 96.766083 100.114014 0.000000
v 96.789810 100.113510 0.787750
v 96.798752 100.113434 0.000000
v 96.819687 100.113266 0.787750
v 96.819687 100.113266 0.000000
v 96.851898 100.113693 0.000000
v 96.827393 100.113327 0.000000
v 96.866974 100.114197 0.787750
v 96.872116 100.114563 0.000000
v 96.884140 100.115387 0.787750
v 96.884140 100.115387 0.000000
v 96.896820 100.117081 0.000000
v 96.899231 100.117737 0.000000
v 96.908157 100.120575 0.000000
v 96.910187 100.122360 0.000000
v 94.980682 94.603424 0.787750
v 90.962891 96.286636 0.000000
v 90.926056 96.310272 0.000000
v 90.932343 96.326752 0.000000
v 90.928787 96.318970 0.000000
v 90.933868 96.330093 0.000000
v 90.933868 96.330093 0.787750
v 90.941360 96.344345 0.787750
v 90.941360 96.344345 0.000000
v 90.948227 96.356461 0.000000
v 90.951172 96.361633 0.787750
v 89.905594 97.234421 0.787750
v 90.951172 96.361633 0.000000
v 90.959610 96.375793 0.000000
v 90.963226 96.381851 0.787750
v 90.963226 96.381851 0.000000
v 90.984634 96.416046 0.000000
v 90.993790 96.430664 0.787750
v 90.993790 96.430664 0.000000
v 91.020889 96.472244 0.000000
v 91.032471 96.490005 0.787750
v 91.032471 96.490005 0.000000
v 91.064835 96.538376 0.000000
v 91.078674 96.559052 0.787750
v 90.080048 97.443710 0.787750
v 91.078674 96.559052 0.000000
v 91.115906 96.613663 0.000000
v 91.131821 96.636993 0.787750
v 91.131821 96.636993 0.000000
v 91.173508 96.697266 0.000000
v 91.191330 96.723022 0.787750
v 91.191330 96.723022 0.000000
v 91.256592 96.816345 0.787750
v 91.256592 96.816345 0.000000
v 91.327042 96.916138 0.787750
v 91.327042 96.916138 0.000000
v 91.402084 97.021606 0.787750
v 90.381317 97.829361 0.787750
v 90.928787 96.318970 0.787750
v 89.852036 97.179153 0.787750
v 90.926163 96.311081 0.787750
v 90.927994 96.316605 0.000000
v 90.929291 96.302933 0.000000
v 90.934784 96.299149 0.000000
v 90.946548 96.293076 0.000000
v 90.760391 98.333801 0.000000
v 136.465668 84.801208 78.440697
v 142.657227 110.508026 76.814659
v 158.114014 86.943375 78.761398
v 158.072754 86.230865 66.983734
v 152.497253 108.645065 76.960457
v 158.274841 101.339783 65.724548
v 142.383118 104.348175 65.600601
v 142.181000 84.658478 66.859818
v 145.276001 88.750015 18.533234
v 158.730652 85.668823 18.549767
v 163.953796 97.665680 10.840744
v 164.867126 96.989731 5.362030
v 151.758545 104.500229 10.824203
v 154.570160 112.239365 11.694679
v 144.454071 85.689926 9.940887
v 150.150024 104.127975 5.344757
v 157.683228 82.997284 9.955353
v 156.737183 82.009628 0.000000
v 165.270630 96.807098 0.000000
v 168.180908 104.396805 6.505585
v 168.804596 104.092285 0.000000
v 166.765442 105.404816 11.711212
v 171.131165 112.578522 10.024399
v 158.935913 119.413086 10.007858
v 158.743042 121.850784 4.579819
v 153.463776 111.535034 6.488297
v 157.162354 123.121017 0.000000
v 152.817841 110.926834 0.000000
v 149.283875 103.641647 0.000000
v 144.859222 84.084641 0.000000
v 174.548157 115.831909 0.000000
v 173.460144 114.712540 4.597092
v 168.895874 94.818375 159.710251
v 165.844971 107.926407 159.077911
v 170.153534 104.113266 133.915070
v 157.029236 105.964798 156.125778
v 164.067200 103.339081 132.124359
v 164.891113 95.996094 131.508499
v 172.080566 96.859512 133.143326
v 173.940033 94.335068 126.237320
v 173.324890 109.441330 126.958771
v 166.199738 107.829056 125.544998
v 166.719513 111.021744 120.972656
v 165.853760 92.536972 124.959297
v 169.190125 93.091629 115.567535
v 176.970703 94.889740 116.600922
v 174.929504 110.292999 116.954834
v 174.939362 107.720398 107.758110
v 171.881165 112.331940 123.566879
v 174.142548 113.040802 116.534882
v 167.733124 115.719757 113.386780
v 171.100464 116.751053 114.024971
v 169.752777 114.521149 110.115471
v 168.980927 111.730606 113.940643
v 173.120117 115.552444 110.753639
v 168.110016 108.680725 115.785667
v 172.911865 96.533386 106.209854
v 172.500214 106.653427 106.812119
v 175.838684 97.723328 106.918503
v 175.575653 100.002991 104.778015
v 175.099792 105.292236 105.222244
v 173.809296 104.727722 104.721718
v 174.027100 99.373398 104.403069
v 83.576248 93.631561 168.193451
v 86.538147 106.098114 166.940460
v 81.104156 94.818390 159.710251
v 84.155060 107.926422 159.077927
v 91.498688 93.714111 157.313232
v 77.919479 96.859543 133.143326
v 94.334641 104.230087 164.211807
v 92.970749 105.964813 156.125793
v 85.108994 95.996124 131.508499
v 85.932846 103.339111 132.124344
v 79.846497 104.113281 133.915039
v 83.800262 107.829086 125.544968
v 76.675095 109.441345 126.958771
v 76.059982 94.335098 126.237297
v 75.070526 110.293030 116.954819
v 84.146286 92.537003 124.959274
v 73.029297 94.889771 116.600891
v 80.809921 93.091675 115.567513
v 81.889969 108.680756 115.785660
v 77.088135 96.533432 106.209831
v 81.019089 111.730637 113.940651
v 75.857468 113.040833 116.534882
v 83.280457 111.021774 120.972656
v 80.247284 114.521179 110.115471
v 78.118835 112.331970 123.566879
v 82.266922 115.719788 113.386780
v 78.899582 116.751083 114.024971
v 77.499802 106.653473 106.812103
v 75.060638 107.720444 107.758110
v 76.190704 104.727768 104.721710
v 74.161316 97.723373 106.918503
v 74.900208 105.292282 105.222229
v 74.424393 100.003021 104.778023
v 75.972900 99.373444 104.403061
v 76.879913 115.552475 110.753647
v 137.436279 93.890442 259.602295
v 136.987366 106.243073 265.386688
v 134.341064 106.243073 266.263489
v 137.436279 107.223785 259.602295
v 134.341064 111.621094 266.263489
v 130.875488 93.890442 261.776123
v 138.313171 97.542160 266.398895
v 134.498047 97.542160 267.662964
v 134.341064 106.243073 266.263489
v 136.987366 111.621094 265.386688
v 137.436279 107.223785 259.602295
v 136.987366 106.243073 265.386688
v 130.875488 107.223785 261.776123
v 136.987366 111.621094 265.386688
v 134.341064 111.621094 266.263489
v 130.875488 93.890442 261.776123
v 137.436279 107.223785 259.602295
v 133.818878 119.768646 264.238159
v 130.875488 107.223785 261.776123
v 136.056915 119.768646 263.496613
v 133.331299 123.251007 262.585083
v 133.818878 119.768646 264.238159
v 136.056915 119.768646 263.496613
v 133.331299 123.251007 262.585083
v 129.446091 117.432312 256.930176
v 135.024841 122.252823 262.206543
v 134.410767 114.506134 255.820435
v 135.024841 122.252823 262.206543
v 130.875488 107.223785 261.776123
v 130.592178 106.433655 266.620209
v 130.875488 93.890442 261.776123
v 130.592178 111.372147 266.620209
v 130.592178 106.433655 266.620209
v 128.415985 111.372147 267.341278
v 130.592178 111.372147 266.620209
v 128.415985 106.433655 267.341278
v 129.446091 117.432312 256.930176
v 128.934265 120.925827 264.520142
v 130.875488 107.223785 261.776123
v 128.518555 123.894897 263.110779
v 128.934265 120.925827 264.520142
v 127.225449 124.657043 263.399811
v 128.518555 123.894897 263.110779
v 127.225449 120.925827 265.086334
v 135.820801 94.040527 264.492950
v 134.498047 97.542160 267.662964
v 138.313171 97.542160 266.398895
v 133.320557 92.880356 265.524994
v 118.294266 114.139130 213.246689
v 108.277618 117.783752 233.805756
v 125.000015 130.137848 234.309937
v 116.043564 107.223785 211.600464
v 125.000015 123.104126 242.899811
v 125.000000 119.031342 211.994476
v 131.705750 114.139130 213.246689
v 125.000000 111.814423 212.676697
v 125.000000 113.092224 202.056137
v 133.956451 107.223785 211.600464
v 114.057129 109.394958 201.953598
v 125.000000 120.836426 190.615677
v 118.201752 96.013138 213.771973
v 105.252136 107.223785 233.805695
v 110.804977 90.698334 205.403778
v 92.708420 110.343292 198.125549
v 125.000000 93.890442 214.515747
v 121.249161 91.055557 215.634460
v 125.000000 88.575653 203.987503
v 113.125412 81.615265 193.137482
v 139.190979 90.698334 205.401596
v 136.874603 81.615265 193.137451
v 131.798279 96.013138 213.771973
v 135.942871 109.394958 201.953598
v 128.750854 91.055557 215.634460
v 132.226166 95.762238 213.434418
v 126.772079 89.507339 215.395126
v 129.057602 90.652802 215.312469
v 125.000000 87.570145 214.942612
v 126.933243 88.986557 215.144485
v 123.227936 89.507339 215.395126
v 123.066772 88.986557 215.144485
v 120.942413 90.652802 215.312469
v 109.170593 83.386749 233.650345
v 117.773849 95.762238 213.434418
v 104.738113 93.632172 233.635178
v 105.252136 93.890442 233.805710
v 105.000015 107.223785 247.112335
v 105.000015 93.890457 247.112335
v 113.124741 116.745712 247.961746
v 136.875305 116.745697 247.961761
v 141.722382 117.783752 233.805725
v 144.747864 107.223801 233.805710
v 145.000000 107.223785 247.112350
v 137.683411 107.290375 260.144958
v 144.747864 93.890457 233.805710
v 145.000000 93.890457 247.112335
v 145.294556 107.223785 247.635056
v 145.525360 93.702911 247.333282
v 145.261902 93.632172 233.635178
v 137.847839 107.344711 260.021820
v 137.927612 93.717819 259.900269
v 137.435425 106.159286 265.776794
v 141.086365 84.147614 247.016983
v 140.829407 83.386749 233.650345
v 133.458832 87.430542 256.594330
v 136.164673 93.643875 264.783447
v 132.581573 82.297012 246.986557
v 132.451935 81.535034 234.224564
v 129.095032 85.389648 258.356384
v 133.187805 92.545151 266.004608
v 125.000000 80.721939 246.960510
v 125.000000 79.964539 234.720154
v 125.000015 83.575577 260.002869
v 129.060989 92.675369 267.293518
v 120.904984 85.389648 258.356384
v 120.939026 92.675369 267.293518
v 117.418442 82.297012 246.986557
v 116.541199 87.430542 256.594330
v 117.548065 81.535034 234.224564
v 108.913666 84.147614 247.016983
v 104.474640 93.702911 247.333282
v 112.072418 93.717819 259.900269
v 104.705460 107.223785 247.635040
v 112.152191 107.344727 260.021820
v 104.781555 107.390732 247.645630
v 112.316589 107.290375 260.144958
v 114.577805 122.701401 262.176849
v 113.439499 119.880722 263.802917
v 120.342514 117.939423 256.689026
v 116.836029 123.813232 262.711334
v 129.657516 117.939407 256.689026
v 125.000015 120.594604 257.666077
v 135.422211 122.701385 262.176849
v 133.164001 123.813217 262.711334
v 136.560547 119.880722 263.802917
v 133.671326 119.852341 264.813660
v 130.959259 107.186050 262.369049
v 130.871201 107.549561 262.279938
v 125.000015 107.196640 264.322266
v 137.325989 112.096390 265.525970
v 134.143433 112.093063 266.576843
v 134.197083 106.158646 266.839813
v 131.023987 94.016983 262.343506
v 138.791016 97.845200 266.598389
v 134.405945 97.922623 268.117676
v 131.287781 93.541245 266.335785
v 132.173767 97.809616 267.936707
v 128.955154 97.847534 269.047089
v 125.000015 93.863815 264.322266
v 128.297028 106.364456 267.925293
v 131.047791 106.363907 267.004364
v 128.226715 111.855682 267.641937
v 125.000015 107.442642 264.281555
v 130.930191 111.852448 266.743011
v 121.773300 111.855682 267.641937
v 119.069839 111.852448 266.743011
v 121.702988 106.364456 267.925293
v 118.952240 106.363907 267.004364
v 118.976028 94.016983 262.343506
v 117.826263 97.809616 267.936707
v 119.128830 107.549561 262.279938
v 115.856567 112.093079 266.576843
v 119.040771 107.186050 262.369049
v 122.998489 121.030731 265.633026
v 112.674011 112.096405 265.525970
v 112.564590 106.159286 265.776794
v 115.802933 106.158646 266.839813
v 111.208984 97.845200 266.598389
v 113.835342 93.643875 264.783447
v 115.594101 97.922623 268.117676
v 118.712250 93.541245 266.335785
v 116.812210 92.545151 266.004608
v 121.044876 97.847534 269.047089
v 116.328705 119.852356 264.813660
v 120.611847 121.020798 264.900879
v 121.064148 124.323761 263.154480
v 122.944427 125.212799 263.549103
v 127.055588 125.212799 263.549103
v 127.001526 121.030716 265.633026
v 128.935883 124.323746 263.154480
v 129.388168 121.020798 264.900879
v 145.218445 107.390717 247.645645
v 137.215515 119.507706 191.678711
v 145.497986 106.711853 192.581970
v 125.000000 115.482147 167.144775
v 137.780670 115.157028 167.962738
v 112.784500 119.507706 191.678741
v 112.219345 115.157028 167.962738
v 125.000000 108.331100 131.379303
v 104.502045 106.711868 192.581970
v 105.405319 108.342010 171.096512
v 113.101471 107.951340 134.446732
v 101.913300 88.344498 195.393311
v 92.900085 93.280106 165.427826
v 105.574203 88.500961 173.125946
v 105.194260 105.389206 140.966919
v 88.641891 90.899445 200.424194
v 112.738266 84.831223 170.725021
v 105.385605 89.253983 142.762268
v 125.000000 86.591263 190.853027
v 125.000000 84.012131 168.919495
v 121.774063 83.242203 140.223297
v 137.261749 84.831207 170.725021
v 128.225952 83.242203 140.223297
v 144.425812 88.500961 173.125931
v 144.614410 89.253967 142.762268
v 148.086731 88.344482 195.393311
v 144.594696 108.342010 171.096512
v 161.358521 90.899445 200.423965
v 166.423767 93.631561 168.193451
v 157.291626 110.343292 198.125534
v 163.461884 106.098099 166.940460
v 155.665405 104.230072 164.211807
v 157.099945 93.280090 165.427826
v 158.501312 93.714096 157.313232
v 136.898560 107.951340 134.446732
v 144.805756 105.389206 140.966919
v 125.000015 111.431137 117.737854
v 137.381256 110.896133 117.149040
v 112.618759 110.896133 117.149055
v 120.553543 112.644867 112.132523
v 99.218521 107.286575 123.448517
v 99.488083 85.891022 125.680962
v 98.280701 108.427460 112.705620
v 118.467957 79.862152 125.815353
v 98.595657 87.246658 114.465622
v 125.000000 84.201035 140.046585
v 125.000000 83.524750 125.412743
v 121.781387 85.297760 115.463821
v 131.532043 79.862152 125.815353
v 128.218628 85.297760 115.463821
v 150.511932 85.891022 125.680939
v 151.404358 87.246658 114.465599
v 150.781494 107.286575 123.448486
v 151.719299 108.427460 112.705605
v 129.446472 112.644852 112.132500
v 125.000015 110.255829 106.077003
v 125.000015 84.468430 112.089066
v 113.534348 84.801208 78.440712
v 91.886002 86.943390 78.761414
v 107.342804 110.508026 76.814682
v 107.819016 84.658478 66.859825
v 97.502777 108.645065 76.960480
v 107.616898 104.348175 65.600616
v 91.725174 101.339783 65.724556
v 91.927292 86.230865 66.983749
v 86.046219 97.665680 10.840744
v 91.269363 85.668823 18.549767
v 104.724030 88.750015 18.533234
v 92.316803 82.997284 9.955353
v 98.241486 104.500229 10.824203
v 105.545944 85.689926 9.940887
v 95.429855 112.239365 11.694679
v 96.536224 111.535049 6.488297
v 83.234589 105.404816 11.711212
v 91.064087 119.413086 10.007858
v 85.132889 96.989731 5.362030
v 81.819122 104.396805 6.505585
v 78.868835 112.578537 10.024399
v 84.729370 96.807098 0.000000
v 81.195419 104.092285 0.000000
v 76.539871 114.712555 4.597092
v 87.988785 98.200546 0.000000
v 93.262817 82.009628 0.000000
v 87.041519 100.348282 0.000000
v 87.841125 98.535339 0.000000
v 86.105301 103.761078 0.000000
v 85.343781 105.708008 0.000000
v 87.125580 100.491898 0.000000
v 87.041519 100.348282 0.787750
v 87.322235 100.827881 0.000000
v 87.346436 100.865646 0.000000
v 87.329483 100.839188 0.000000
v 87.354584 100.878113 0.000000
v 87.346436 100.865646 0.787750
v 87.373642 100.907242 0.000000
v 87.403763 100.952530 0.000000
v 87.382660 100.920807 0.000000
v 87.436691 101.001373 0.000000
v 87.413620 100.967148 0.000000
v 90.380142 105.425797 0.000000
v 87.078705 104.176865 0.000000
v 87.472321 101.053604 0.000000
v 87.447357 101.017014 0.000000
v 87.510559 101.109131 0.000000
v 87.483780 101.070236 0.000000
v 87.522751 101.126678 0.000000
v 87.510559 101.109131 0.787750
v 87.551285 101.167770 0.000000
v 87.564209 101.186218 0.000000
v 87.551285 101.167770 0.787750
v 87.594406 101.229401 0.000000
v 87.622253 101.268829 0.000000
v 87.594406 101.229401 0.787750
v 87.687393 101.361069 0.000000
v 87.788666 101.503021 0.000000
v 87.717712 101.403564 0.000000
v 87.897385 101.654114 0.000000
v 87.821228 101.548264 0.000000
v 88.012726 101.813248 0.000000
v 87.931931 101.701767 0.000000
v 88.133820 101.979309 0.000000
v 88.048981 101.862976 0.000000
v 88.171555 102.030762 0.000000
v 88.133820 101.979309 0.787750
v 88.259842 102.151154 0.000000
v 88.389954 102.327682 0.000000
v 88.298798 102.204010 0.000000
v 88.429871 102.381592 0.000000
v 88.389954 102.327682 0.787750
v 88.523285 102.507751 0.000000
v 89.072235 103.241196 0.000000
v 88.687668 102.727371 0.000000
v 89.113235 103.295410 0.000000
v 89.072235 103.241196 0.787750
v 89.209152 103.422241 0.000000
v 89.344254 103.600113 0.000000
v 89.249603 103.475494 0.000000
v 89.383911 103.652084 0.000000
v 89.344254 103.600113 0.787750
v 89.476700 103.773697 0.000000
v 89.515320 103.824051 0.000000
v 89.476700 103.773697 0.787750
v 89.605667 103.941879 0.000000
v 89.642975 103.990280 0.000000
v 89.605667 103.941879 0.787750
v 89.730286 104.103531 0.000000
v 89.766052 104.149643 0.000000
v 89.730286 104.103531 0.787750
v 89.849716 104.257523 0.000000
v 89.883682 104.301010 0.000000
v 89.849716 104.257523 0.787750
v 89.963135 104.402756 0.000000
v 89.995041 104.443283 0.000000
v 89.963135 104.402756 0.787750
v 90.069702 104.538101 0.000000
v 90.120132 104.601715 0.000000
v 90.084808 104.557144 0.000000
v 90.168549 104.662430 0.000000
v 90.134628 104.619888 0.000000
v 90.214813 104.720123 0.000000
v 90.182404 104.679703 0.000000
v 90.258850 104.774628 0.000000
v 90.227997 104.736435 0.000000
v 90.300537 104.825836 0.000000
v 90.271332 104.789963 0.000000
v 90.312271 104.840134 0.000000
v 90.300537 104.825836 0.787750
v 90.339767 104.873581 0.000000
v 90.376434 104.917740 0.000000
v 90.350739 104.886795 0.000000
v 90.386627 104.929840 0.000000
v 90.376434 104.917740 0.787750
v 90.410446 104.958160 0.000000
v 90.441681 104.994705 0.000000
v 90.419800 104.969101 0.000000
v 90.470062 105.027252 0.000000
v 90.450180 105.004456 0.000000
v 90.495453 105.055634 0.000000
v 90.477661 105.035751 0.000000
v 90.502121 105.062836 0.000000
v 90.495453 105.055634 0.787750
v 90.517746 105.079727 0.000000
v 90.536865 105.099380 0.000000
v 90.523468 105.085602 0.000000
v 90.552689 105.114456 0.000000
v 90.541611 105.103897 0.000000
v 90.556412 105.117569 0.000000
v 90.552689 105.114456 0.787750
v 90.565109 105.124832 0.000000
v 90.574020 105.130356 0.000000
v 90.567780 105.126480 0.000000
v 93.060303 106.739655 0.000000
v 90.387680 105.430984 0.000000
v 90.585297 105.133240 0.000000
v 90.577393 105.131210 0.000000
v 93.123001 106.770721 0.000000
v 93.060303 106.739655 0.787750
v 90.590668 105.133820 0.000000
v 90.585297 105.133240 0.787750
v 93.149796 106.783997 0.000000
v 93.149796 106.783997 0.787750
v 90.603256 105.135193 0.000000
v 93.235214 106.828445 0.000000
v 93.209641 106.815125 0.000000
v 90.610580 105.135513 0.000000
v 90.603256 105.135193 0.787750
v 93.292252 106.859680 0.000000
v 93.235214 106.828445 0.787750
v 90.627716 105.136246 0.000000
v 93.316635 106.873032 0.000000
v 93.316635 106.873032 0.787750
v 90.636917 105.136307 0.000000
v 90.627716 105.136246 0.787750
v 93.370895 106.904434 0.000000
v 90.658463 105.136444 0.000000
v 93.394089 106.917847 0.000000
v 93.394089 106.917847 0.787750
v 90.695282 105.135773 0.000000
v 90.669495 105.136246 0.000000
v 93.467636 106.962936 0.000000
v 93.445618 106.949432 0.000000
v 90.708069 105.135330 0.000000
v 90.695282 105.135773 0.787750
v 93.516464 106.994751 0.000000
v 93.467636 106.962936 0.787750
v 90.737976 105.134293 0.000000
v 93.537338 107.008347 0.000000
v 93.537338 107.008347 0.787750
v 90.786331 105.132004 0.000000
v 90.752457 105.133606 0.000000
v 90.840149 105.128952 0.000000
v 90.802444 105.131088 0.000000
v 90.857819 105.127808 0.000000
v 90.840149 105.128952 0.787750
v 93.603241 107.054153 0.000000
v 93.583496 107.040436 0.000000
v 90.899185 105.125137 0.000000
v 90.918381 105.123779 0.000000
v 90.899185 105.125137 0.787750
v 90.963272 105.120605 0.000000
v 91.032181 105.115372 0.000000
v 90.983902 105.119034 0.000000
v 91.054199 105.113602 0.000000
v 91.032181 105.115372 0.787750
v 93.646774 107.086548 0.000000
v 93.603241 107.054153 0.787750
v 91.105713 105.109451 0.000000
v 93.665375 107.100388 0.000000
v 93.665375 107.100388 0.787750
v 91.183655 105.102890 0.000000
v 91.129059 105.107498 0.000000
v 93.706314 107.133148 0.000000
v 91.208252 105.100739 0.000000
v 91.183655 105.102890 0.787750
v 93.723816 107.147141 0.000000
v 93.723816 107.147141 0.787750
v 91.265793 105.095703 0.000000
v 91.291580 105.093369 0.000000
v 91.265793 105.095703 0.787750
v 91.351929 105.087906 0.000000
v 93.778595 107.194443 0.000000
v 93.762192 107.180283 0.000000
v 91.378845 105.085403 0.000000
v 91.351929 105.087906 0.787750
v 91.441849 105.079529 0.000000
v 91.632202 105.061142 0.000000
v 91.498840 105.074020 0.000000
v 93.829788 107.242386 0.000000
v 93.814453 107.228027 0.000000
v 91.692978 105.055038 0.000000
v 91.632202 105.061142 0.787750
v 93.877426 107.290985 0.000000
v 93.863159 107.276428 0.000000
v 91.835190 105.040741 0.000000
v 91.899246 105.034088 0.000000
v 91.835190 105.040741 0.787750
v 92.049133 105.018524 0.000000
v 93.921570 107.340317 0.000000
v 93.908340 107.325546 0.000000
v 92.115982 105.011383 0.000000
v 92.049133 105.018524 0.787750
v 93.950073 107.375443 0.000000
v 93.921570 107.340317 0.787750
v 92.272400 104.994659 0.000000
v 93.962250 107.390457 0.000000
v 93.962250 107.390457 0.787750
v 92.503281 104.969391 0.000000
v 92.341522 104.987091 0.000000
v 93.999557 107.441437 0.000000
v 93.988388 107.426178 0.000000
v 92.574203 104.961441 0.000000
v 92.503281 104.969391 0.787750
v 94.064148 107.546204 0.000000
v 94.044815 107.514832 0.000000
v 92.740128 104.942871 0.000000
v 93.225052 104.886932 0.000000
v 92.885330 104.926117 0.000000
v 93.371399 104.869400 0.000000
v 93.225052 104.886932 0.787750
v 94.100327 107.622452 0.000000
v 94.064148 107.546204 0.787750
v 93.713806 104.828415 0.000000
v 94.115784 107.655045 0.000000
v 94.115784 107.655045 0.787750
v 93.786163 104.819504 0.000000
v 93.713806 104.828415 0.787750
v 94.143158 107.734512 0.000000
v 93.955444 104.798676 0.000000
v 94.154846 107.768463 0.000000
v 94.154846 107.768463 0.787750
v 94.193054 104.768890 0.000000
v 94.026596 104.789764 0.000000
v 94.173706 107.851456 0.000000
v 94.262482 104.760010 0.000000
v 94.193054 104.768890 0.787750
v 94.181763 107.886917 0.000000
v 94.181763 107.886917 0.787750
v 94.424942 104.739243 0.000000
v 94.192383 107.973740 0.000000
v 94.492172 104.730469 0.000000
v 94.424942 104.739243 0.787750
v 94.196915 108.010849 0.000000
v 94.196915 108.010849 0.787750
v 94.649460 104.709946 0.000000
v 94.200729 108.140747 0.000000
v 94.199585 108.101852 0.000000
v 94.713974 104.701324 0.000000
v 94.649460 104.709946 0.787750
v 94.195740 108.236252 0.000000
v 94.200729 108.140747 0.787750
v 94.864929 104.681168 0.000000
v 94.193604 108.277069 0.000000
v 94.193604 108.277069 0.787750
v 94.926239 104.672775 0.000000
v 94.864929 104.681168 0.787750
v 94.178970 108.405685 0.000000
v 94.183350 108.367172 0.000000
v 95.069687 104.653122 0.000000
v 94.159637 108.528885 0.000000
v 94.165421 108.492004 0.000000
v 95.262054 104.626007 0.000000
v 95.127274 104.645004 0.000000
v 94.142838 108.611389 0.000000
v 94.159637 108.528885 0.787750
v 95.289307 104.622070 0.000000
v 95.262054 104.626007 0.787750
v 94.135651 108.646652 0.000000
v 94.135651 108.646652 0.787750
v 95.353073 104.612869 0.000000
v 94.107056 108.758942 0.000000
v 94.115616 108.725311 0.000000
v 95.440369 104.600021 0.000000
v 95.379211 104.609024 0.000000
v 94.083832 108.833755 0.000000
v 94.107056 108.758942 0.787750
v 95.465332 104.596283 0.000000
v 95.440369 104.600021 0.787750
v 94.073898 108.865738 0.000000
v 94.073898 108.865738 0.787750
v 95.523727 104.587509 0.000000
v 95.602966 104.575363 0.000000
v 95.547455 104.583878 0.000000
v 95.625381 104.571823 0.000000
v 95.602966 104.575363 0.787750
v 95.677841 104.563583 0.000000
v 94.036240 108.967026 0.000000
v 94.047516 108.936691 0.000000
v 95.698914 104.560181 0.000000
v 95.677841 104.563583 0.787750
v 95.748169 104.552200 0.000000
v 95.813736 104.541260 0.000000
v 95.767807 104.548935 0.000000
v 95.831879 104.538116 0.000000
v 95.813736 104.541260 0.787750
v 95.874329 104.530777 0.000000
v 95.929749 104.520752 0.000000
v 95.890930 104.527771 0.000000
v 95.979767 104.511246 0.000000
v 95.944717 104.517914 0.000000
v 95.993073 104.508560 0.000000
v 95.979767 104.511246 0.787750
v 96.024200 104.502258 0.000000
v 93.994125 109.062775 0.000000
v 94.006729 109.034103 0.000000
v 96.062820 104.493820 0.000000
v 96.035767 104.499725 0.000000
v 96.095428 104.485962 0.000000
v 96.072571 104.491470 0.000000
v 96.121796 104.478699 0.000000
v 96.103317 104.483795 0.000000
v 96.182434 104.455780 0.000000
v 96.139954 104.471848 0.000000
v 96.199661 104.446884 0.000000
v 96.182434 104.455780 0.787750
v 96.239975 104.426056 0.000000
v 96.295898 104.386780 0.000000
v 96.256714 104.414291 0.000000
v 96.312607 104.371353 0.000000
v 96.295898 104.386780 0.787750
v 96.351685 104.335236 0.000000
v 96.360168 104.325882 0.000000
v 96.351685 104.335236 0.787750
v 96.380005 104.304001 0.000000
v 96.380005 104.304001 0.787750
v 96.388641 104.293427 0.000000
v 96.408844 104.268677 0.000000
v 96.408844 104.268677 0.787750
v 96.417679 104.256760 0.000000
v 96.438385 104.228897 0.000000
v 96.438385 104.228897 0.787750
v 96.468826 104.184357 0.000000
v 96.447495 104.215561 0.000000
v 96.500351 104.134674 0.000000
v 96.478271 104.169479 0.000000
v 96.533142 104.079544 0.000000
v 96.510162 104.118164 0.000000
v 96.567383 104.018600 0.000000
v 96.543396 104.061295 0.000000
v 96.578140 103.998505 0.000000
v 96.567383 104.018600 0.787750
v 96.603271 103.951508 0.000000
v 96.603271 103.951508 0.787750
v 96.614563 103.929474 0.000000
v 96.640976 103.877914 0.000000
v 96.640976 103.877914 0.787750
v 100.716125 103.641647 0.000000
v 93.961533 109.125961 0.000000
v 96.680695 103.797501 0.000000
v 96.652878 103.853836 0.000000
v 96.722610 103.709900 0.000000
v 96.693253 103.771271 0.000000
v 96.766907 103.614792 0.000000
v 96.735886 103.681427 0.000000
v 96.780945 103.583954 0.000000
v 96.766907 103.614792 0.787750
v 96.813782 103.511810 0.000000
v 96.813782 103.511810 0.787750
v 96.863388 103.400635 0.000000
v 96.915955 103.280914 0.000000
v 96.828629 103.478516 0.000000
v 96.863388 103.400635 0.787750
v 95.570984 103.326218 0.787750
v 96.915955 103.280914 0.787750
v 96.722610 103.709900 0.787750
v 96.680695 103.797501 0.787750
v 96.533142 104.079544 0.787750
v 96.500351 104.134674 0.787750
v 96.468826 104.184357 0.787750
v 96.239975 104.426056 0.787750
v 96.095428 104.485962 0.787750
v 96.121536 104.477859 0.787750
v 96.062820 104.493820 0.787750
v 96.024200 104.502258 0.787750
v 95.929749 104.520752 0.787750
v 95.874329 104.530777 0.787750
v 95.748169 104.552200 0.787750
v 95.523727 104.587509 0.787750
v 95.353073 104.612869 0.787750
v 95.069687 104.653122 0.787750
v 91.723236 103.660934 0.787750
v 94.418869 103.426453 0.000000
v 93.955444 104.798676 0.787750
v 92.740128 104.942871 0.787750
v 92.272400 104.994659 0.787750
v 91.441849 105.079529 0.787750
v 91.105713 105.109451 0.787750
v 90.963272 105.120605 0.787750
v 90.339767 104.873581 0.787750
v 90.410446 104.958160 0.787750
v 90.786331 105.132004 0.787750
v 90.441681 104.994705 0.787750
v 90.737976 105.134293 0.787750
v 90.470062 105.027252 0.787750
v 90.658463 105.136444 0.787750
v 90.517746 105.079727 0.787750
v 90.536865 105.099380 0.787750
v 90.565674 105.124084 0.787750
v 90.574768 105.128906 0.787750
v 90.258850 104.774628 0.787750
v 90.214813 104.720123 0.787750
v 90.168549 104.662430 0.787750
v 90.120132 104.601715 0.787750
v 90.543396 103.138992 0.787750
v 90.069702 104.538101 0.787750
v 89.209152 103.422241 0.787750
v 89.662415 101.917404 0.787750
v 88.523285 102.507751 0.787750
v 89.480499 101.670959 0.787750
v 89.306229 101.430298 0.787750
v 88.259842 102.151154 0.787750
v 89.428314 101.598907 0.000000
v 89.306229 101.430298 0.000000
v 89.480499 101.670959 0.000000
v 89.607941 101.843613 0.000000
v 89.662415 101.917404 0.000000
v 90.279617 102.773209 0.000000
v 89.047043 101.062485 0.000000
v 90.543396 103.138992 0.000000
v 91.453461 100.831467 0.000000
v 91.842438 99.845215 0.787750
v 92.464005 102.053024 0.787750
v 91.841476 99.847626 0.000000
v 89.108093 98.832611 0.000000
v 91.842438 99.845215 0.000000
v 90.863541 98.473907 0.787750
v 91.156647 98.884521 0.000000
v 90.791275 98.375763 0.000000
v 90.863541 98.473907 0.000000
v 90.592163 98.107956 0.000000
v 90.690125 98.239151 0.000000
v 89.369934 98.223801 0.000000
v 89.248169 98.508499 0.000000
v 89.984222 97.326447 0.000000
v 90.242447 97.649490 0.000000
v 89.744385 97.361664 0.000000
v 89.584503 97.725128 0.000000
v 89.842529 97.172287 0.000000
v 89.878601 97.205109 0.000000
v 89.794907 97.251877 0.000000
v 89.820572 97.199738 0.000000
v 89.773560 97.297684 0.000000
v 89.791626 97.258774 0.000000
v 89.765839 97.314316 0.000000
v 89.765839 97.314316 0.787750
v 89.735229 97.381912 0.787750
v 88.182877 97.760483 0.787750
v 89.735229 97.381912 0.000000
v 89.710602 97.437180 0.000000
v 89.700073 97.460800 0.787750
v 89.700073 97.460800 0.000000
v 89.672485 97.523438 0.000000
v 89.660690 97.550201 0.787750
v 89.660690 97.550201 0.000000
v 89.630356 97.619675 0.000000
v 89.617386 97.649368 0.787750
v 89.617386 97.649368 0.000000
v 89.570450 97.757507 0.787750
v 89.570450 97.757507 0.000000
v 89.535233 97.839035 0.000000
v 89.520187 97.873886 0.787750
v 89.520187 97.873886 0.000000
v 89.482849 97.960632 0.000000
v 89.466888 97.997711 0.787750
v 89.466888 97.997711 0.000000
v 89.427643 98.089142 0.000000
v 89.410873 98.128220 0.787750
v 89.410873 98.128220 0.000000
v 89.352432 98.264648 0.787750
v 89.352432 98.264648 0.000000
v 89.309998 98.363846 0.000000
v 89.291870 98.406235 0.787750
v 89.291870 98.406235 0.000000
v 89.229492 98.552216 0.787750
v 89.229492 98.552216 0.000000
v 89.184723 98.657013 0.000000
v 89.165588 98.701797 0.787750
v 89.165588 98.701797 0.000000
v 89.083527 98.888519 0.787750
v 89.083527 98.888519 0.000000
v 89.031036 99.011078 0.000000
v 89.008606 99.063461 0.787750
v 89.008606 99.063461 0.000000
v 88.961075 99.177979 0.000000
v 88.940765 99.226929 0.787750
v 88.940765 99.226929 0.000000
v 88.898117 99.333618 0.000000
v 88.879883 99.379227 0.787750
v 88.879883 99.379227 0.000000
v 88.842026 99.478302 0.000000
v 88.825851 99.520645 0.787750
v 88.825851 99.520645 0.000000
v 88.792740 99.612305 0.000000
v 88.778580 99.651489 0.787750
v 88.778580 99.651489 0.000000
v 88.750122 99.735947 0.000000
v 88.737961 99.772049 0.787750
v 88.737961 99.772049 0.000000
v 88.714111 99.849533 0.000000
v 88.703903 99.882645 0.787750
v 88.703903 99.882645 0.000000
v 88.684555 99.953339 0.000000
v 88.676300 99.983551 0.787750
v 88.676300 99.983551 0.000000
v 88.661407 100.047684 0.000000
v 88.655029 100.075089 0.787750
v 88.655029 100.075089 0.000000
v 88.644516 100.132858 0.000000
v 88.640030 100.157547 0.787750
v 88.640030 100.157547 0.000000
v 88.633820 100.209152 0.000000
v 88.631165 100.231216 0.787750
v 87.322235 100.827881 0.787750
v 88.631165 100.231216 0.000000
v 88.629196 100.276886 0.000000
v 88.628357 100.296402 0.787750
v 88.628357 100.296402 0.000000
v 88.630539 100.336334 0.000000
v 88.631485 100.353409 0.787750
v 87.373642 100.907242 0.787750
v 88.631485 100.353409 0.000000
v 88.637772 100.387817 0.000000
v 88.640457 100.402527 0.787750
v 87.436691 101.001373 0.787750
v 88.640457 100.402527 0.000000
v 88.650772 100.431641 0.000000
v 88.655167 100.444077 0.787750
v 88.655167 100.444077 0.000000
v 88.668411 100.472839 0.000000
v 88.659973 100.455093 0.000000
v 88.662033 100.459793 0.787750
v 88.662033 100.459793 0.000000
v 88.671127 100.478409 0.787750
v 88.671127 100.478409 0.000000
v 88.688416 100.510315 0.000000
v 88.695801 100.523956 0.787750
v 87.687393 101.361069 0.787750
v 88.695801 100.523956 0.000000
v 88.718811 100.563171 0.000000
v 88.728653 100.579941 0.787750
v 88.728653 100.579941 0.000000
v 88.757019 100.625961 0.000000
v 88.769150 100.645630 0.787750
v 88.769150 100.645630 0.000000
v 88.802536 100.697922 0.000000
v 88.816803 100.720261 0.787750
v 87.788666 101.503021 0.787750
v 88.816803 100.720261 0.000000
v 88.854813 100.778305 0.000000
v 88.871063 100.803101 0.787750
v 87.897385 101.654114 0.787750
v 88.871063 100.803101 0.000000
v 88.913330 100.866348 0.000000
v 88.931412 100.893387 0.787750
v 88.931412 100.893387 0.000000
v 88.977585 100.961334 0.000000
v 88.997314 100.990372 0.787750
v 88.012726 101.813248 0.787750
v 88.997314 100.990372 0.000000
v 89.068283 101.093307 0.787750
v 89.068283 101.093307 0.000000
v 89.121170 101.169067 0.000000
v 89.143768 101.201447 0.787750
v 89.143768 101.201447 0.000000
v 89.199463 101.280319 0.000000
v 89.223251 101.314026 0.787750
v 89.223251 101.314026 0.000000
v 89.281387 101.395493 0.000000
v 87.472321 101.053604 0.787750
v 87.403763 100.952530 0.787750
v 88.182877 97.760483 0.000000
v 89.345932 95.163971 0.787750
v 89.345932 95.163971 0.000000
v 88.997681 95.941437 0.000000
v 92.007965 94.826340 0.000000
v 91.210876 94.927429 0.000000
v 92.198975 94.802887 0.000000
v 92.007965 94.826340 0.787750
v 92.280609 94.792862 0.000000
v 92.280609 94.792862 0.787750
v 92.468445 94.770935 0.000000
v 92.548737 94.761566 0.000000
v 92.548737 94.761566 0.787750
v 92.732361 94.741241 0.000000
v 92.810852 94.732544 0.000000
v 92.810852 94.732544 0.787750
v 92.989182 94.713882 0.000000
v 93.065414 94.705887 0.000000
v 93.065414 94.705887 0.787750
v 93.237396 94.688934 0.000000
v 93.310913 94.681686 0.000000
v 93.310913 94.681686 0.787750
v 93.545837 94.660034 0.000000
v 93.475494 94.666519 0.000000
v 93.768692 94.641006 0.000000
v 93.701965 94.646713 0.000000
v 93.875122 94.632523 0.000000
v 93.843246 94.635071 0.000000
v 93.947159 94.627060 0.000000
v 93.875122 94.632523 0.787750
v 93.977951 94.624725 0.000000
v 93.977951 94.624725 0.787750
v 94.076996 94.617615 0.000000
v 94.047333 94.619751 0.000000
v 94.143600 94.613159 0.000000
v 94.076996 94.617615 0.787750
v 94.172073 94.611237 0.000000
v 94.172073 94.611237 0.787750
v 94.235779 94.607285 0.000000
v 94.263000 94.605591 0.000000
v 94.263000 94.605591 0.787750
v 94.323669 94.602142 0.000000
v 94.349594 94.600677 0.000000
v 94.349594 94.600677 0.787750
v 94.407074 94.597748 0.000000
v 94.431641 94.596512 0.000000
v 94.431641 94.596512 0.787750
v 94.508957 94.593109 0.000000
v 94.485809 94.594116 0.000000
v 94.559677 94.591263 0.000000
v 94.508957 94.593109 0.787750
v 94.581360 94.590469 0.000000
v 94.581360 94.590469 0.787750
v 94.628510 94.589172 0.000000
v 94.648666 94.588623 0.000000
v 94.648666 94.588623 0.787750
v 94.692108 94.587891 0.000000
v 94.710678 94.587570 0.000000
v 94.710678 94.587570 0.787750
v 94.767212 94.587326 0.000000
v 94.750290 94.587402 0.000000
v 94.818069 94.587891 0.000000
v 94.802841 94.587723 0.000000
v 94.849594 94.588882 0.000000
v 94.818069 94.587891 0.787750
v 94.863068 94.589294 0.000000
v 94.863068 94.589294 0.787750
v 94.890350 94.590866 0.000000
v 94.902023 94.591537 0.000000
v 94.902023 94.591537 0.787750
v 94.934723 94.594635 0.000000
v 94.924927 94.593704 0.000000
v 94.953140 94.597412 0.000000
v 94.934723 94.594635 0.787750
v 94.961014 94.598587 0.000000
v 94.961014 94.598587 0.787750
v 94.980682 94.603424 0.000000
v 94.974792 94.601974 0.000000
v 94.998474 94.613007 0.000000
v 94.993134 94.610138 0.000000
v 95.013824 94.623703 0.000000
v 94.998474 94.613007 0.787750
v 95.020386 94.628265 0.000000
v 95.020386 94.628265 0.787750
v 95.038544 94.642807 0.000000
v 95.046295 94.649033 0.000000
v 95.046295 94.649033 0.787750
v 95.067154 94.667328 0.000000
v 95.076065 94.675156 0.000000
v 95.076065 94.675156 0.787750
v 95.109573 94.706482 0.000000
v 95.099548 94.697098 0.000000
v 95.135574 94.731964 0.000000
v 95.109573 94.706482 0.787750
v 95.146683 94.742859 0.000000
v 95.146683 94.742859 0.787750
v 95.187256 94.784119 0.000000
v 95.175110 94.771759 0.000000
v 95.231171 94.830124 0.000000
v 95.218018 94.816360 0.000000
v 95.264175 94.865570 0.000000
v 95.231171 94.830124 0.787750
v 95.278275 94.880722 0.000000
v 95.278275 94.880722 0.787750
v 95.328476 94.935730 0.000000
v 95.313446 94.919266 0.000000
v 95.365692 94.977280 0.000000
v 95.328476 94.935730 0.787750
v 95.381607 94.995026 0.000000
v 95.381607 94.995026 0.787750
v 95.420807 95.039459 0.000000
v 95.437546 95.058441 0.000000
v 95.437546 95.058441 0.787750
v 95.496170 95.125809 0.000000
v 95.478622 95.105637 0.000000
v 95.557343 95.196991 0.000000
v 95.539032 95.175674 0.000000
v 95.601898 95.249420 0.000000
v 95.557343 95.196991 0.787750
v 95.620941 95.271835 0.000000
v 95.620941 95.271835 0.787750
v 95.686813 95.350174 0.000000
v 95.667084 95.326706 0.000000
v 95.734482 95.407394 0.000000
v 95.686813 95.350174 0.787750
v 95.754852 95.431839 0.000000
v 95.754852 95.431839 0.787750
v 95.824905 95.516708 0.000000
v 95.803925 95.491302 0.000000
v 95.970551 95.695404 0.000000
v 95.926941 95.641891 0.000000
v 96.077164 95.828217 0.000000
v 95.970551 95.695404 0.787750
v 96.122726 95.884979 0.000000
v 96.122726 95.884979 0.787750
v 96.233154 96.024567 0.000000
v 96.280350 96.084213 0.000000
v 96.280350 96.084213 0.787750
v 96.442398 96.291870 0.000000
v 96.393875 96.229691 0.000000
v 96.558273 96.442383 0.000000
v 96.442398 96.291870 0.787750
v 96.607803 96.506714 0.000000
v 96.607803 96.506714 0.787750
v 96.725311 96.661377 0.000000
v 96.775528 96.727478 0.000000
v 96.775528 96.727478 0.787750
v 96.944504 96.952957 0.000000
v 96.893906 96.885452 0.000000
v 98.604126 99.172562 0.000000
v 98.107193 98.507950 0.000000
v 97.866913 100.986954 0.000000
v 105.140808 84.084625 0.000000
v 99.850006 104.127975 5.344757
v 97.182159 110.926834 0.000000
v 92.837646 123.121017 0.000000
v 75.451874 115.831909 0.000000
v 91.256989 121.850784 4.579819
v 85.290878 105.843155 0.000000
v 84.929718 106.765869 0.000000
v 84.929718 106.765869 0.787750
v 85.202301 106.871536 0.000000
v 85.840057 107.118759 0.000000
v 86.034164 107.190857 0.000000
v 85.898178 107.140350 0.000000
v 86.093277 107.210587 0.000000
v 86.034164 107.190857 0.787750
v 86.231552 107.256760 0.000000
v 86.426743 107.314987 0.000000
v 86.290009 107.274200 0.000000
v 86.521805 107.340759 0.000000
v 86.455215 107.322708 0.000000
v 86.549500 107.347733 0.000000
v 86.521805 107.340759 0.787750
v 86.614273 107.364044 0.000000
v 86.640976 107.370209 0.000000
v 86.614273 107.364044 0.787750
v 86.703445 107.384659 0.000000
v 86.728958 107.389969 0.000000
v 86.703445 107.384659 0.787750
v 86.788651 107.402405 0.000000
v 86.812759 107.406815 0.000000
v 86.788651 107.402405 0.787750
v 86.869202 107.417130 0.000000
v 86.891708 107.420578 0.000000
v 86.869202 107.417130 0.787750
v 86.944397 107.428619 0.000000
v 87.013596 107.436691 0.000000
v 86.965118 107.431030 0.000000
v 87.076065 107.441162 0.000000
v 87.032303 107.438034 0.000000
v 87.131165 107.441849 0.000000
v 87.092560 107.441376 0.000000
v 87.178177 107.438553 0.000000
v 87.145233 107.440857 0.000000
v 87.193375 107.436859 0.000000
v 87.178177 107.438553 0.787750
v 87.228943 107.432922 0.000000
v 87.244278 107.430115 0.000000
v 87.228943 107.432922 0.787750
v 87.280182 107.423553 0.000000
v 87.383652 107.394150 0.000000
v 87.311172 107.414749 0.000000
v 87.487701 107.351334 0.000000
v 87.414810 107.381332 0.000000
v 87.591400 107.296112 0.000000
v 87.518753 107.334793 0.000000
v 87.693848 107.229523 0.000000
v 87.622070 107.276169 0.000000
v 88.464844 108.139435 0.000000
v 88.497253 108.181839 0.000000
v 88.450989 108.121307 0.000000
v 88.450989 108.121307 0.787750
v 88.421143 108.079620 0.000000
v 88.408401 108.061813 0.787750
v 88.408401 108.061813 0.000000
v 87.794144 107.152542 0.000000
v 87.723877 107.206467 0.000000
v 88.381134 108.020889 0.000000
v 88.369476 108.003403 0.787750
v 88.369476 108.003403 0.000000
v 88.334229 107.946198 0.000000
v 88.344788 107.963333 0.000000
v 87.823257 107.126694 0.000000
v 87.794144 107.152542 0.787750
v 88.302597 107.890244 0.000000
v 88.312073 107.906998 0.000000
v 88.282974 107.851990 0.000000
v 88.274582 107.835648 0.787750
v 88.274582 107.835648 0.000000
v 87.891373 107.066193 0.000000
v 88.250183 107.782455 0.000000
v 88.257492 107.798386 0.000000
v 88.229370 107.730774 0.000000
v 88.235596 107.746246 0.000000
v 88.212112 107.680649 0.000000
v 88.217285 107.695663 0.000000
v 88.198410 107.632202 0.000000
v 88.202515 107.646713 0.000000
v 88.191284 107.599472 0.000000
v 88.188248 107.585480 0.787750
v 88.188248 107.585480 0.000000
v 88.183578 107.554016 0.000000
v 88.181595 107.540558 0.787750
v 88.181595 107.540558 0.000000
v 88.178436 107.497543 0.000000
v 88.179382 107.510422 0.000000
v 88.178680 107.468781 0.000000
v 88.178772 107.456482 0.787750
v 88.178772 107.456482 0.000000
v 88.181442 107.429169 0.000000
v 88.182571 107.417480 0.787750
v 88.182571 107.417480 0.000000
v 88.187653 107.391647 0.000000
v 88.189819 107.380600 0.787750
v 88.189819 107.380600 0.000000
v 88.200500 107.345932 0.000000
v 88.197296 107.356308 0.000000
v 88.214600 107.313522 0.000000
v 88.210373 107.323227 0.000000
v 88.226852 107.292496 0.000000
v 88.232086 107.283493 0.787750
v 88.232086 107.283493 0.000000
v 88.252960 107.255905 0.000000
v 88.246704 107.264160 0.000000
v 88.269943 107.238327 0.000000
v 88.277191 107.230820 0.787750
v 88.277191 107.230820 0.000000
v 88.304779 107.208328 0.000000
v 88.296524 107.215073 0.000000
v 88.335693 107.188522 0.000000
v 88.326431 107.194458 0.000000
v 88.369919 107.171463 0.000000
v 88.359665 107.176575 0.000000
v 88.384781 107.165833 0.000000
v 88.407440 107.157242 0.787750
v 87.968521 106.987869 0.000000
v 87.984650 106.971497 0.000000
v 87.919312 107.037842 0.000000
v 87.891373 107.066193 0.787750
v 86.521683 106.470886 0.787750
v 86.546219 106.480591 0.787750
v 87.693848 107.229523 0.787750
v 87.591400 107.296112 0.787750
v 87.487701 107.351334 0.787750
v 87.383652 107.394150 0.787750
v 87.280182 107.423553 0.787750
v 87.131165 107.441849 0.787750
v 87.076065 107.441162 0.787750
v 87.013596 107.436691 0.787750
v 86.944397 107.428619 0.787750
v 86.426743 107.314987 0.787750
v 86.231552 107.256760 0.787750
v 86.499252 106.459274 0.787750
v 86.479279 106.444931 0.787750
v 86.461792 106.427887 0.787750
v 86.493271 106.454987 0.000000
v 86.479279 106.444931 0.000000
v 86.499252 106.459274 0.000000
v 86.514954 106.467407 0.000000
v 86.521683 106.470886 0.000000
v 86.539124 106.477112 0.000000
v 86.546570 106.479767 0.000000
v 86.565750 106.484070 0.000000
v 86.573944 106.485901 0.787750
v 86.573944 106.485901 0.000000
v 86.594849 106.488266 0.000000
v 86.603790 106.489288 0.787750
v 86.603790 106.489288 0.000000
v 86.626419 106.489716 0.000000
v 86.636093 106.489899 0.787750
v 86.636093 106.489899 0.000000
v 86.660461 106.488388 0.000000
v 86.670883 106.487732 0.787750
v 86.670883 106.487732 0.000000
v 86.696976 106.484283 0.000000
v 86.708145 106.482803 0.787750
v 86.708145 106.482803 0.000000
v 86.735977 106.477371 0.000000
v 86.747864 106.475067 0.787750
v 86.747864 106.475067 0.000000
v 86.761200 106.471725 0.000000
v 86.790070 106.464523 0.787750
v 86.777435 106.467682 0.000000
v 86.790070 106.464523 0.000000
v 86.414932 106.323547 0.000000
v 86.416473 106.332672 0.000000
v 86.410507 106.292252 0.000000
v 86.411316 106.302185 0.000000
v 86.867798 106.439850 0.000000
v 86.821381 106.455170 0.000000
v 86.417404 106.140625 0.000000
v 86.409027 106.221710 0.000000
v 86.549210 105.712280 0.000000
v 86.463654 105.947098 0.000000
v 86.943756 105.079895 0.000000
v 86.763000 105.273605 0.000000
v 87.308441 105.544174 0.000000
v 87.269806 106.106750 0.000000
v 87.143112 105.177368 0.000000
v 87.220535 105.319168 0.000000
v 87.065292 105.093872 0.000000
v 87.104370 105.128281 0.000000
v 87.025650 105.074265 0.000000
v 87.045547 105.082214 0.000000
v 86.985214 105.069565 0.000000
v 87.005539 105.070053 0.000000
v 86.964630 105.072845 0.000000
v 86.979111 105.069763 0.000000
v 86.958435 105.074158 0.000000
v 86.958435 105.074158 0.787750
v 86.937485 105.082336 0.787750
v 86.937485 105.082336 0.000000
v 86.916199 105.094299 0.787750
v 86.922562 105.090714 0.000000
v 86.901031 105.105347 0.000000
v 86.916199 105.094299 0.000000
v 86.856827 105.146042 0.000000
v 86.879120 105.123779 0.000000
v 86.810883 105.202087 0.000000
v 86.834076 105.172134 0.000000
v 86.787201 105.235901 0.000000
v 86.803894 105.211395 0.000000
v 86.780060 105.246384 0.000000
v 86.780060 105.246384 0.787750
v 86.755692 105.285248 0.787750
v 85.520752 105.255875 0.787750
v 86.755692 105.285248 0.000000
v 86.738235 105.315201 0.000000
v 86.730774 105.328003 0.787750
v 86.730774 105.328003 0.000000
v 86.712921 105.360703 0.000000
v 86.705276 105.374680 0.787750
v 86.705276 105.374680 0.000000
v 86.686981 105.410126 0.000000
v 86.679169 105.425278 0.787750
v 86.679169 105.425278 0.000000
v 86.660416 105.463486 0.000000
v 86.652405 105.479813 0.787750
v 86.652405 105.479813 0.000000
v 86.633179 105.520798 0.000000
v 86.624969 105.538315 0.787750
v 86.624969 105.538315 0.000000
v 86.605270 105.582077 0.000000
v 86.596848 105.600769 0.787750
v 86.596848 105.600769 0.000000
v 86.576630 105.647324 0.000000
v 86.567978 105.667221 0.787750
v 86.567978 105.667221 0.000000
v 86.541199 105.731537 0.787750
v 86.541199 105.731537 0.000000
v 86.524139 105.774826 0.000000
v 86.516861 105.793320 0.787750
v 86.516861 105.793320 0.000000
v 86.501526 105.834808 0.000000
v 86.494980 105.852539 0.787750
v 86.494980 105.852539 0.000000
v 86.481369 105.892227 0.000000
v 86.475540 105.909195 0.787750
v 86.475540 105.909195 0.000000
v 86.458572 105.963287 0.787750
v 86.458572 105.963287 0.000000
v 86.448410 105.999359 0.000000
v 86.444061 106.014786 0.787750
v 86.444061 106.014786 0.000000
v 86.435608 106.049057 0.000000
v 86.432007 106.063690 0.787750
v 86.432007 106.063690 0.000000
v 86.425278 106.096146 0.000000
v 86.422409 106.110001 0.787750
v 86.422409 106.110001 0.000000
v 86.415268 106.153702 0.787750
v 86.415268 106.153702 0.000000
v 86.411987 106.182480 0.000000
v 86.410583 106.194778 0.787750
v 86.410583 106.194778 0.000000
v 86.408371 106.233215 0.787750
v 86.408371 106.233215 0.000000
v 86.408539 106.258301 0.000000
v 86.408615 106.269028 0.787750
v 86.408615 106.269028 0.000000
v 86.411316 106.302185 0.787750
v 85.840057 107.118759 0.787750
v 86.416473 106.332672 0.787750
v 86.421829 106.352173 0.000000
v 86.424103 106.360504 0.787750
v 86.424103 106.360504 0.000000
v 86.431183 106.378128 0.000000
v 86.434204 106.385651 0.787750
v 86.434204 106.385651 0.000000
v 86.443008 106.401398 0.000000
v 86.457291 106.421967 0.000000
v 86.446762 106.408112 0.787750
v 86.446762 106.408112 0.000000
v 86.461792 106.427887 0.000000
v 86.474045 106.439835 0.000000
v 85.520752 105.255875 0.000000
v 86.105301 103.761078 0.787750
v 85.930267 104.208649 0.000000
v 86.787231 104.052353 0.000000
v 87.078705 104.176865 0.787750
v 87.151184 104.208603 0.000000
v 87.182175 104.222168 0.787750
v 86.979111 105.069763 0.787750
v 87.182175 104.222168 0.000000
v 87.251801 104.254257 0.000000
v 87.281570 104.267975 0.000000
v 87.281570 104.267975 0.787750
v 86.999512 105.069122 0.787750
v 87.348358 104.300430 0.000000
v 87.376907 104.314301 0.787750
v 87.019669 105.072220 0.787750
v 87.376907 104.314301 0.000000
v 87.440887 104.347153 0.000000
v 87.468231 104.361191 0.787750
v 87.039627 105.079056 0.787750
v 87.468231 104.361191 0.000000
v 87.529388 104.394455 0.000000
v 87.555527 104.408676 0.000000
v 87.555527 104.408676 0.787750
v 87.079041 105.103867 0.787750
v 87.613907 104.442383 0.000000
v 87.638855 104.456787 0.787750
v 87.098541 105.121811 0.787750
v 87.638855 104.456787 0.000000
v 87.694443 104.490952 0.000000
v 87.718201 104.505554 0.787750
v 87.117966 105.143433 0.787750
v 87.718201 104.505554 0.000000
v 87.771042 104.540207 0.000000
v 87.793625 104.555023 0.000000
v 87.793625 104.555023 0.787750
v 87.137329 105.168716 0.787750
v 87.843719 104.590179 0.000000
v 87.865128 104.605209 0.000000
v 87.865128 104.605209 0.787750
v 87.175964 105.230209 0.787750
v 87.912491 104.640884 0.000000
v 90.375031 105.424149 0.000000
v 87.932724 104.656143 0.787750
v 87.195312 105.266388 0.787750
v 87.932724 104.656143 0.000000
v 87.977371 104.692383 0.000000
v 87.996460 104.707870 0.000000
v 87.996460 104.707870 0.787750
v 87.214706 105.306183 0.787750
v 88.038406 104.744690 0.000000
v 88.056335 104.760422 0.787750
v 88.056335 104.760422 0.000000
v 88.095612 104.797836 0.000000
v 88.112381 104.813828 0.787750
v 88.112381 104.813828 0.000000
v 88.148987 104.851868 0.000000
v 88.164627 104.868118 0.787750
v 88.164627 104.868118 0.000000
v 88.198578 104.906799 0.000000
v 88.213089 104.923325 0.000000
v 88.213089 104.923325 0.787750
v 88.244400 104.962677 0.000000
v 88.257782 104.979492 0.787750
v 87.234177 105.349564 0.787750
v 88.257782 104.979492 0.000000
v 88.286469 105.019531 0.000000
v 88.298737 105.036636 0.000000
v 88.298737 105.036636 0.787750
v 88.324829 105.077393 0.000000
v 88.335983 105.094803 0.000000
v 88.335983 105.094803 0.787750
v 88.359482 105.136292 0.000000
v 88.369522 105.154022 0.000000
v 88.369522 105.154022 0.787750
v 87.323334 105.596634 0.787750
v 88.390442 105.196259 0.000000
v 88.399399 105.214310 0.000000
v 88.399399 105.214310 0.787750
v 88.417755 105.257324 0.000000
v 88.425613 105.275726 0.000000
v 88.425613 105.275726 0.787750
v 88.441437 105.319550 0.000000
v 89.843628 105.353790 0.000000
v 88.448212 105.338272 0.787750
v 87.337448 105.671265 0.787750
v 88.448212 105.338272 0.000000
v 89.762405 105.359390 0.000000
v 88.461502 105.382935 0.000000
v 89.677017 105.371872 0.000000
v 88.467194 105.402008 0.787750
v 88.467194 105.402008 0.000000
v 89.650620 105.377502 0.000000
v 88.477982 105.447510 0.000000
v 89.588837 105.390656 0.000000
v 88.482590 105.466965 0.787750
v 88.482590 105.466965 0.000000
v 89.562012 105.397980 0.000000
v 88.490891 105.513336 0.000000
v 88.494431 105.533157 0.000000
v 88.494431 105.533157 0.787750
v 88.500244 105.580429 0.000000
v 88.502731 105.600632 0.000000
v 88.502731 105.600632 0.787750
v 87.344543 105.745178 0.787750
v 88.506088 105.648819 0.000000
v 88.507523 105.669403 0.000000
v 88.507523 105.669403 0.787750
v 88.508423 105.718536 0.000000
v 88.508804 105.739532 0.000000
v 88.508804 105.739532 0.787750
v 88.507278 105.789627 0.000000
v 89.321411 105.478775 0.000000
v 88.506622 105.811035 0.787750
v 87.344742 105.817947 0.787750
v 88.506622 105.811035 0.000000
v 89.235916 105.516785 0.000000
v 88.502686 105.862106 0.000000
v 88.500992 105.883942 0.000000
v 88.500992 105.883942 0.787750
v 88.494644 105.936020 0.000000
v 89.078751 105.602158 0.000000
v 88.491943 105.958282 0.787750
v 88.491943 105.958282 0.000000
v 89.009842 105.648346 0.000000
v 88.483200 106.011398 0.000000
v 88.479477 106.034103 0.000000
v 88.479477 106.034103 0.787750
v 87.338211 105.889130 0.787750
v 88.459183 106.121841 0.000000
v 88.933975 105.710648 0.000000
v 88.450500 106.159332 0.787750
v 88.450500 106.159332 0.000000
v 88.898300 105.744751 0.000000
v 88.422363 106.246872 0.000000
v 88.410339 106.284271 0.000000
v 88.410339 106.284271 0.787750
v 87.325043 105.958267 0.787750
v 88.374969 106.370911 0.000000
v 88.359863 106.407928 0.000000
v 88.359863 106.407928 0.787750
v 88.317917 106.492950 0.000000
v 88.858444 105.793777 0.000000
v 88.299988 106.529282 0.787750
v 87.305420 106.024933 0.787750
v 88.299988 106.529282 0.000000
v 88.850250 105.808395 0.000000
v 88.252106 106.611984 0.000000
v 88.831055 105.842575 0.000000
v 88.231628 106.647324 0.787750
v 87.279434 106.088669 0.787750
v 88.231628 106.647324 0.000000
v 88.827835 105.852066 0.000000
v 88.178421 106.727005 0.000000
v 88.155685 106.761047 0.000000
v 88.155685 106.761047 0.787750
v 87.247269 106.149063 0.787750
v 88.097794 106.836990 0.000000
v 88.073059 106.869446 0.000000
v 88.073059 106.869446 0.787750
v 88.011124 106.940933 0.000000
v 88.407440 107.157242 0.000000
v 87.984650 106.971497 0.787750
v 87.209015 106.205643 0.787750
v 87.164841 106.257965 0.787750
v 87.114868 106.305618 0.787750
v 87.059250 106.348129 0.787750
v 87.149887 106.272232 0.000000
v 87.114868 106.305618 0.000000
v 87.164841 106.257965 0.000000
v 87.195786 106.221313 0.000000
v 87.209015 106.205643 0.000000
v 87.235809 106.166000 0.000000
v 87.247269 106.149063 0.000000
v 87.098221 106.318344 0.000000
v 86.978165 106.394333 0.000000
v 86.916687 106.421692 0.000000
v 87.040939 106.359192 0.000000
v 86.998093 106.385071 0.000000
v 87.059250 106.348129 0.000000
v 86.998093 106.385071 0.787750
v 86.931549 106.416000 0.787750
v 86.881912 106.434998 0.787750
v 86.834747 106.451172 0.787750
v 86.881912 106.434998 0.000000
v 86.931549 106.416000 0.000000
v 86.834747 106.451172 0.000000
v 87.279434 106.088669 0.000000
v 87.297638 106.044022 0.000000
v 87.319168 105.978226 0.000000
v 87.305420 106.024933 0.000000
v 87.342789 105.839264 0.000000
v 87.334259 105.909821 0.000000
v 87.339569 105.693390 0.000000
v 87.344604 105.766968 0.000000
v 87.327560 105.618988 0.000000
v 87.337448 105.671265 0.000000
v 87.323334 105.596634 0.000000
v 87.302063 105.521744 0.787750
v 87.302063 105.521744 0.000000
v 87.273499 105.447037 0.787750
v 87.282059 105.469406 0.000000
v 87.259674 105.411636 0.000000
v 87.273499 105.447037 0.000000
v 87.240051 105.363617 0.000000
v 87.253769 105.396515 0.000000
v 87.234177 105.349564 0.000000
v 87.214706 105.306183 0.000000
v 87.201111 105.278305 0.000000
v 87.181747 105.241043 0.000000
v 87.195312 105.266388 0.000000
v 87.162430 105.207397 0.000000
v 87.175964 105.230209 0.000000
v 87.156647 105.197647 0.000000
v 87.156647 105.197647 0.787750
v 87.137329 105.168716 0.000000
v 87.123764 105.151001 0.000000
v 87.117966 105.143433 0.000000
v 87.098541 105.121811 0.000000
v 87.084885 105.109238 0.000000
v 87.079041 105.103867 0.000000
v 87.059402 105.089615 0.787750
v 87.059402 105.089615 0.000000
v 87.039627 105.079056 0.000000
v 87.019669 105.072220 0.000000
v 86.999512 105.069122 0.000000
v 86.894547 105.110062 0.787750
v 86.872528 105.129639 0.787750
v 86.894547 105.110062 0.000000
v 86.872528 105.129639 0.000000
v 86.850098 105.153046 0.787750
v 86.850098 105.153046 0.000000
v 86.827240 105.180298 0.787750
v 86.827240 105.180298 0.000000
v 86.803894 105.211395 0.787750
v 87.253769 105.396515 0.787750
v 87.344543 105.745178 0.000000
v 87.344742 105.817947 0.000000
v 87.338211 105.889130 0.000000
v 87.325043 105.958267 0.000000
v 88.396210 107.161499 0.000000
v 88.436020 107.149307 0.000000
v 88.448242 107.145920 0.000000
v 88.448242 107.145920 0.787750
v 88.479111 107.140076 0.000000
v 88.492310 107.137589 0.000000
v 88.492310 107.137589 0.787750
v 88.525452 107.133896 0.000000
v 88.539612 107.132324 0.787750
v 88.539612 107.132324 0.000000
v 88.575012 107.130829 0.000000
v 88.590149 107.130203 0.787750
v 88.590149 107.130203 0.000000
v 88.826065 105.861984 0.000000
v 88.627792 107.130966 0.000000
v 88.643890 107.131302 0.000000
v 88.643890 107.131302 0.787750
v 88.683777 107.134384 0.000000
v 88.700836 107.135696 0.000000
v 88.700836 107.135696 0.787750
v 88.742950 107.141144 0.000000
v 88.760956 107.143478 0.787750
v 88.760956 107.143478 0.000000
v 88.801880 107.150330 0.000000
v 88.819382 107.153259 0.787750
v 89.309326 107.624130 0.787750
v 88.819382 107.153259 0.000000
v 88.857742 107.161407 0.000000
v 88.874146 107.164886 0.000000
v 88.874146 107.164886 0.787750
v 88.909988 107.174347 0.000000
v 88.925323 107.178406 0.000000
v 88.925323 107.178406 0.787750
v 89.298889 107.588303 0.787750
v 88.958679 107.189224 0.000000
v 88.972946 107.193848 0.000000
v 88.972946 107.193848 0.787750
v 89.003876 107.206070 0.000000
v 89.017090 107.211288 0.000000
v 89.017090 107.211288 0.787750
v 89.045624 107.224930 0.000000
v 89.057816 107.230774 0.000000
v 89.057816 107.230774 0.787750
v 89.289154 107.548935 0.787750
v 89.083984 107.245880 0.000000
v 89.095169 107.252335 0.000000
v 89.095169 107.252335 0.787750
v 89.119003 107.268951 0.000000
v 89.129196 107.276047 0.000000
v 89.129196 107.276047 0.787750
v 89.150772 107.294189 0.000000
v 88.826721 105.883041 0.000000
v 89.159988 107.301956 0.787750
v 89.159988 107.301956 0.000000
v 89.179306 107.321671 0.000000
v 88.828506 105.889786 0.000000
v 89.187576 107.330093 0.787750
v 89.279541 107.506271 0.787750
v 89.187576 107.330093 0.000000
v 88.832703 105.905563 0.000000
v 89.204697 107.351425 0.000000
v 88.843689 105.929352 0.000000
v 89.212021 107.360535 0.787750
v 89.267090 107.466141 0.787750
v 89.212021 107.360535 0.000000
v 89.630600 107.485321 0.000000
v 89.226990 107.383514 0.000000
v 89.233383 107.393326 0.000000
v 89.233383 107.393326 0.787750
v 89.246231 107.417969 0.000000
v 89.251709 107.428513 0.000000
v 89.250885 107.428925 0.787750
v 89.262482 107.454865 0.000000
v 89.267090 107.466141 0.000000
v 89.275818 107.494247 0.000000
v 89.279541 107.506271 0.000000
v 89.286270 107.536163 0.000000
v 89.290131 107.552887 0.000000
v 89.289154 107.548935 0.000000
v 89.295975 107.576508 0.000000
v 89.298889 107.588303 0.000000
v 89.597275 107.684189 0.000000
v 89.600922 107.676285 0.000000
v 89.588669 107.700546 0.000000
v 89.592758 107.693985 0.000000
v 89.317154 107.646744 0.000000
v 89.306213 107.613403 0.000000
v 89.368668 107.744553 0.000000
v 89.341293 107.702805 0.000000
v 89.515533 107.766632 0.000000
v 89.558060 107.738403 0.000000
v 89.439545 107.785843 0.000000
v 89.399536 107.771927 0.000000
v 89.493576 107.776688 0.000000
v 89.472702 107.783066 0.000000
v 89.499924 107.774460 0.000000
v 89.499924 107.774460 0.787750
v 89.522217 107.763290 0.787750
v 90.484421 108.484207 0.787750
v 89.522217 107.763290 0.000000
v 89.538620 107.752869 0.000000
v 89.545639 107.748428 0.787750
v 89.545639 107.748428 0.000000
v 89.563354 107.734116 0.787750
v 89.563354 107.734116 0.000000
v 89.574371 107.721344 0.000000
v 89.579071 107.715881 0.787750
v 89.579071 107.715881 0.000000
v 89.592758 107.693985 0.787750
v 89.604416 107.668716 0.787750
v 90.618607 107.567139 0.787750
v 89.604416 107.668716 0.000000
v 89.621552 107.609192 0.787750
v 89.616425 107.627014 0.000000
v 89.627716 107.560425 0.000000
v 89.621552 107.609192 0.000000
v 89.630356 107.539566 0.000000
v 89.630356 107.539566 0.787750
v 89.630707 107.462128 0.787750
v 89.630707 107.462128 0.000000
v 89.622467 107.379120 0.787750
v 89.624924 107.403976 0.000000
v 89.610580 107.318649 0.000000
v 89.622467 107.379120 0.000000
v 89.555038 107.137482 0.000000
v 89.587448 107.231628 0.000000
v 88.903381 106.006760 0.000000
v 88.911682 106.014908 0.000000
v 88.886536 105.988098 0.000000
v 88.879349 105.980133 0.787750
v 88.879349 105.980133 0.000000
v 88.865326 105.962021 0.000000
v 88.859344 105.954285 0.787750
v 88.859344 105.954285 0.000000
v 88.848373 105.936813 0.000000
v 88.843689 105.929352 0.787750
v 88.832703 105.905563 0.787750
v 88.831055 105.842575 0.787750
v 88.835999 105.912689 0.000000
v 88.826721 105.883041 0.787750
v 88.826767 105.862061 0.787750
v 88.826263 105.868286 0.000000
v 88.827835 105.852066 0.787750
v 88.827301 105.855042 0.000000
v 88.830093 105.845413 0.000000
v 88.858444 105.793777 0.787750
v 88.898300 105.744751 0.787750
v 88.886368 105.759430 0.000000
v 88.949234 105.696075 0.787750
v 88.949234 105.696075 0.000000
v 88.991699 105.662628 0.000000
v 89.009842 105.648346 0.787750
v 89.058121 105.615982 0.000000
v 89.078751 105.602158 0.787750
v 89.131866 105.571289 0.000000
v 89.154572 105.558105 0.000000
v 89.154572 105.558105 0.787750
v 89.211563 105.529144 0.000000
v 89.235916 105.516785 0.787750
v 90.065125 106.373718 0.787750
v 89.295807 105.490158 0.000000
v 89.321411 105.478775 0.787750
v 89.383224 105.454895 0.000000
v 89.409637 105.444702 0.787750
v 89.409637 105.444702 0.000000
v 89.472427 105.423981 0.000000
v 89.499252 105.415115 0.787750
v 89.499252 105.415115 0.000000
v 89.588837 105.390656 0.787750
v 89.677017 105.371872 0.787750
v 89.736847 105.363129 0.000000
v 89.762405 105.359390 0.787750
v 89.819305 105.355453 0.000000
v 89.843628 105.353790 0.787750
v 89.896622 105.355087 0.000000
v 89.919266 105.355652 0.000000
v 89.919266 105.355652 0.787750
v 89.967392 105.362625 0.000000
v 89.987961 105.365601 0.787750
v 89.987961 105.365601 0.000000
v 90.038376 105.377167 0.000000
v 90.107712 105.391815 0.000000
v 90.059906 105.382095 0.787750
v 90.059906 105.382095 0.000000
v 90.128143 105.395966 0.787750
v 90.128143 105.395966 0.000000
v 90.172302 105.403824 0.000000
v 90.191177 105.407196 0.787750
v 90.191177 105.407196 0.000000
v 90.230667 105.413208 0.000000
v 90.247543 105.415771 0.787750
v 90.247543 105.415771 0.000000
v 90.281311 105.419937 0.000000
v 90.295746 105.421722 0.787750
v 90.295746 105.421722 0.000000
v 90.322784 105.424042 0.000000
v 90.334351 105.425034 0.787750
v 90.437546 105.469711 0.787750
v 90.334351 105.425034 0.000000
v 90.353607 105.425507 0.000000
v 90.361847 105.425720 0.787750
v 90.402603 105.442154 0.787750
v 90.361847 105.425720 0.000000
v 90.368225 105.425262 0.000000
v 90.370972 105.425064 0.787750
v 90.390274 105.432831 0.787750
v 90.370972 105.425064 0.000000
v 90.376755 105.423767 0.787750
v 90.381592 105.426666 0.787750
v 90.390274 105.432831 0.000000
v 90.398911 105.439362 0.000000
v 90.402603 105.442154 0.000000
v 90.413696 105.450790 0.000000
v 90.418427 105.454483 0.000000
v 90.418427 105.454483 0.787750
v 90.431824 105.465149 0.000000
v 90.437546 105.469711 0.000000
v 90.453125 105.482300 0.000000
v 90.459793 105.487686 0.000000
v 90.459793 105.487686 0.787750
v 90.477417 105.502106 0.000000
v 90.484955 105.508270 0.787750
v 90.484955 105.508270 0.000000
v 90.504532 105.524460 0.000000
v 90.512894 105.531372 0.000000
v 90.512894 105.531372 0.787750
v 90.557297 105.568604 0.000000
v 90.576279 105.584503 0.000000
v 90.576279 105.584503 0.787750
v 90.081146 106.381989 0.787750
v 90.626892 105.627625 0.000000
v 92.868958 106.651016 0.000000
v 90.648514 105.646057 0.787750
v 90.095673 106.392319 0.787750
v 90.648514 105.646057 0.000000
v 92.838425 106.637711 0.000000
v 90.704300 105.694351 0.000000
v 90.728134 105.714996 0.000000
v 90.728134 105.714996 0.787750
v 90.119415 106.418961 0.787750
v 90.788086 105.767715 0.000000
v 90.813705 105.790253 0.000000
v 90.813705 105.790253 0.787750
v 90.128250 106.435226 0.787750
v 90.869629 105.846191 0.000000
v 91.884857 106.229797 0.000000
v 90.893524 105.870117 0.787750
v 90.139282 106.470047 0.787750
v 90.893524 105.870117 0.000000
v 90.941940 105.929794 0.000000
v 90.962631 105.955307 0.787750
v 90.962631 105.955307 0.000000
v 91.003525 106.017975 0.000000
v 91.020996 106.044769 0.000000
v 91.020996 106.044769 0.787750
v 90.139816 106.487320 0.787750
v 91.054382 106.109680 0.000000
v 91.068649 106.137436 0.787750
v 91.068649 106.137436 0.000000
v 91.094513 106.203873 0.000000
v 91.105560 106.232269 0.000000
v 91.105560 106.232269 0.787750
v 90.136566 106.505081 0.787750
v 91.123917 106.299500 0.000000
v 91.131760 106.328232 0.787750
v 91.131760 106.328232 0.000000
v 91.142609 106.395477 0.000000
v 91.147232 106.424225 0.000000
v 91.147232 106.424225 0.787750
v 90.804443 107.117126 0.787750
v 91.150574 106.490799 0.000000
v 91.151993 106.519241 0.000000
v 91.151993 106.519241 0.787750
v 91.147827 106.584366 0.000000
v 91.146042 106.612198 0.000000
v 91.146042 106.612198 0.787750
v 90.846237 107.093811 0.787750
v 91.134354 106.675156 0.000000
v 91.129364 106.702057 0.787750
v 90.885361 107.067993 0.787750
v 91.129364 106.702057 0.000000
v 91.123322 108.176743 0.000000
v 91.110184 106.762115 0.000000
v 91.101990 106.787766 0.000000
v 91.101990 106.787766 0.787750
v 91.075287 106.844162 0.000000
v 91.063889 106.868271 0.000000
v 91.063889 106.868271 0.787750
v 91.029694 106.920273 0.000000
v 91.015091 106.942505 0.000000
v 91.015091 106.942505 0.787750
v 90.955566 107.009430 0.787750
v 90.973389 106.989395 0.000000
v 90.704468 107.943710 0.000000
v 90.955566 107.009430 0.000000
v 90.699982 107.879150 0.000000
v 90.906372 107.050461 0.000000
v 90.885361 107.067993 0.000000
v 90.682404 107.782654 0.000000
v 90.603683 107.503357 0.000000
v 90.694717 107.850250 0.000000
v 90.682404 107.782654 0.787750
v 90.699982 107.879150 0.787750
v 90.706390 107.971313 0.787750
v 90.706390 107.971313 0.000000
v 90.703430 108.032745 0.000000
v 90.702164 108.059006 0.000000
v 90.702164 108.059006 0.787750
v 90.631226 108.294006 0.787750
v 90.692139 108.117218 0.000000
v 90.687866 108.142105 0.787750
v 90.687866 108.142105 0.000000
v 90.664032 108.220490 0.787750
v 90.685623 108.149475 0.000000
v 90.671173 108.197006 0.000000
v 91.069717 108.313690 0.000000
v 90.709259 109.234604 0.000000
v 90.709259 109.234604 0.787750
v 91.300308 107.724594 0.787750
v 90.986404 109.342209 0.000000
v 91.634811 109.593979 0.000000
v 89.332718 108.706482 0.000000
v 89.363220 108.712921 0.000000
v 89.261597 108.686523 0.000000
v 89.231186 108.677994 0.787750
v 89.231186 108.677994 0.000000
v 89.130554 108.642349 0.000000
v 89.160690 108.653030 0.000000
v 91.772537 109.643707 0.000000
v 89.061066 108.612274 0.000000
v 89.031372 108.599426 0.787750
v 89.031372 108.599426 0.000000
v 88.963272 108.564163 0.000000
v 88.934174 108.549103 0.787750
v 88.934174 108.549103 0.000000
v 88.867859 108.508560 0.000000
v 88.839508 108.491226 0.787750
v 88.839508 108.491226 0.000000
v 88.775360 108.445328 0.000000
v 88.747940 108.425705 0.787750
v 88.747940 108.425705 0.000000
v 88.686340 108.374329 0.000000
v 88.660004 108.352371 0.787750
v 88.660004 108.352371 0.000000
v 88.601349 108.295456 0.000000
v 88.576263 108.271133 0.787750
v 88.576263 108.271133 0.000000
v 88.520920 108.208572 0.000000
v 88.497253 108.181839 0.787750
v 89.834579 108.746140 0.787750
v 89.736816 108.751480 0.787750
v 89.929962 108.734406 0.787750
v 89.929962 108.734406 0.000000
v 90.022400 108.716400 0.787750
v 90.022400 108.716400 0.000000
v 88.334229 107.946198 0.787750
v 90.111328 108.692291 0.787750
v 88.302597 107.890244 0.787750
v 90.196228 108.662155 0.787750
v 88.250183 107.782455 0.787750
v 90.276535 108.626160 0.787750
v 88.229370 107.730774 0.787750
v 88.212112 107.680649 0.787750
v 88.198410 107.632202 0.787750
v 90.351700 108.584427 0.787750
v 90.421173 108.537064 0.787750
v 90.421173 108.537064 0.000000
v 90.484421 108.484207 0.000000
v 88.178436 107.497543 0.787750
v 89.404373 107.775146 0.787750
v 89.421463 107.782318 0.787750
v 89.388214 107.764359 0.787750
v 89.372971 107.749954 0.787750
v 89.388214 107.764359 0.000000
v 89.404373 107.775146 0.000000
v 89.416351 107.780167 0.000000
v 89.421463 107.782318 0.000000
v 89.434128 107.784790 0.000000
v 89.439545 107.785843 0.787750
v 89.452896 107.785751 0.000000
v 89.458618 107.785721 0.000000
v 89.458618 107.785721 0.787750
v 89.478729 107.781921 0.787750
v 89.478729 107.781921 0.000000
v 89.383652 107.760040 0.000000
v 89.372971 107.749954 0.000000
v 89.358612 107.731934 0.787750
v 89.358612 107.731934 0.000000
v 89.345093 107.710342 0.787750
v 89.332397 107.685165 0.787750
v 89.354568 107.725464 0.000000
v 89.345093 107.710342 0.000000
v 89.332397 107.685165 0.000000
v 89.328842 107.676559 0.000000
v 89.320496 107.656418 0.787750
v 89.320496 107.656418 0.000000
v 89.309326 107.624130 0.000000
v 88.200500 107.345932 0.787750
v 88.214600 107.313522 0.787750
v 90.501328 108.466782 0.000000
v 90.440109 108.521240 0.000000
v 90.372498 108.570236 0.000000
v 90.351700 108.584427 0.000000
v 90.299042 108.613663 0.000000
v 90.276535 108.626160 0.000000
v 90.196228 108.662155 0.000000
v 90.220276 108.651382 0.000000
v 90.111328 108.692291 0.000000
v 90.136749 108.683258 0.000000
v 90.049026 108.709183 0.000000
v 89.957642 108.729004 0.000000
v 89.834579 108.746140 0.000000
v 89.863144 108.742615 0.000000
v 89.736816 108.751480 0.000000
v 89.766083 108.749878 0.000000
v 89.637192 108.750320 0.000000
v 89.667023 108.750671 0.000000
v 89.536270 108.742523 0.000000
v 89.566483 108.744858 0.000000
v 89.434601 108.727951 0.000000
v 89.465042 108.732315 0.000000
v 89.332718 108.706482 0.787750
v 89.434601 108.727951 0.787750
v 89.130554 108.642349 0.787750
v 89.536270 108.742523 0.787750
v 89.637192 108.750320 0.787750
v 90.540863 108.426010 0.000000
v 90.589996 108.362564 0.000000
v 90.540863 108.426010 0.787750
v 90.555573 108.407013 0.000000
v 90.589996 108.362564 0.787750
v 90.602341 108.342041 0.000000
v 90.631226 108.294006 0.000000
v 90.641052 108.271988 0.000000
v 90.664032 108.220490 0.000000
v 91.812790 109.656769 0.000000
v 91.676056 109.608871 0.000000
v 91.634811 109.593979 0.787750
v 92.158997 108.764664 0.787750
v 92.167740 108.797394 0.787750
v 92.156052 108.726334 0.787750
v 92.158890 108.681824 0.787750
v 92.158112 108.753189 0.000000
v 92.156052 108.726334 0.000000
v 92.158997 108.764664 0.000000
v 92.163422 108.781265 0.000000
v 92.165115 108.787598 0.000000
v 92.167740 108.797394 0.000000
v 92.447220 108.902573 0.000000
v 92.468369 108.895920 0.000000
v 92.433167 108.905609 0.000000
v 92.443573 108.903732 0.000000
v 92.196533 108.841293 0.000000
v 92.177933 108.816772 0.000000
v 92.287109 108.892334 0.000000
v 92.365021 108.909897 0.000000
v 92.220917 108.861679 0.000000
v 92.202621 108.848221 0.000000
v 92.251114 108.878510 0.000000
v 92.228745 108.867432 0.000000
v 92.260681 108.883255 0.000000
v 92.260681 108.883255 0.787750
v 92.298416 108.896210 0.787750
v 92.038208 109.724915 0.787750
v 92.298416 108.896210 0.000000
v 92.328903 108.903702 0.000000
v 92.341949 108.906891 0.787750
v 92.341949 108.906891 0.000000
v 92.374878 108.911179 0.787750
v 92.166061 109.756454 0.787750
v 92.374878 108.911179 0.000000
v 92.398651 108.910370 0.000000
v 92.408813 108.910019 0.787750
v 93.422440 109.671921 0.787750
v 92.408813 108.910019 0.000000
v 92.443573 108.903732 0.787750
v 92.478973 108.892578 0.787750
v 92.478973 108.892578 0.000000
v 92.504089 108.881561 0.000000
v 92.514832 108.876862 0.787750
v 92.514832 108.876862 0.000000
v 92.540161 108.862839 0.000000
v 92.550980 108.856857 0.787750
v 92.550980 108.856857 0.000000
v 92.576385 108.840042 0.000000
v 92.587234 108.832855 0.787750
v 92.587234 108.832855 0.000000
v 92.612595 108.813431 0.000000
v 92.623428 108.805130 0.787750
v 92.623428 108.805130 0.000000
v 92.673477 108.759308 0.000000
v 92.694870 108.739716 0.787750
v 92.694870 108.739716 0.000000
v 92.743225 108.685883 0.000000
v 92.763885 108.662872 0.787750
v 92.763885 108.662872 0.000000
v 92.829056 108.576920 0.787750
v 92.809540 108.602661 0.000000
v 92.871017 108.511902 0.000000
v 92.829056 108.576920 0.000000
v 93.039978 108.119476 0.000000
v 92.973740 108.317001 0.000000
v 92.161484 108.666489 0.000000
v 92.562943 107.691086 0.000000
v 92.377090 108.067749 0.000000
v 93.012955 107.779602 0.000000
v 93.058594 107.924500 0.000000
v 92.845016 107.577560 0.000000
v 92.927734 107.663971 0.000000
v 92.693634 107.546112 0.000000
v 92.777420 107.537521 0.000000
v 92.626526 107.603302 0.000000
v 92.663147 107.567352 0.000000
v 92.588501 107.652710 0.000000
v 92.615463 107.615265 0.000000
v 92.576965 107.668716 0.000000
v 92.576965 107.668716 0.787750
v 92.556946 107.700638 0.787750
v 92.556946 107.700638 0.000000
v 92.542496 107.725464 0.000000
v 92.536316 107.736069 0.787750
v 92.536316 107.736069 0.000000
v 92.521393 107.763397 0.000000
v 92.515030 107.775070 0.787750
v 92.515030 107.775070 0.000000
v 92.499573 107.804901 0.000000
v 92.492981 107.817657 0.787750
v 92.492981 107.817657 0.000000
v 92.476959 107.850052 0.000000
v 92.470108 107.863892 0.787750
v 92.470108 107.863892 0.000000
v 92.453461 107.898865 0.000000
v 92.446350 107.913803 0.787750
v 92.446350 107.913803 0.000000
v 92.429047 107.951385 0.000000
v 92.421646 107.967453 0.787750
v 92.421646 107.967453 0.000000
v 92.403610 108.007675 0.000000
v 92.395905 108.024872 0.787750
v 92.395905 108.024872 0.000000
v 92.369049 108.086090 0.787750
v 92.369049 108.086090 0.000000
v 92.349426 108.131683 0.000000
v 92.341034 108.151169 0.787750
v 92.341034 108.151169 0.000000
v 92.310638 108.223434 0.000000
v 92.297638 108.254318 0.787750
v 92.297638 108.254318 0.000000
v 92.271301 108.319565 0.000000
v 92.260040 108.347443 0.787750
v 92.260040 108.347443 0.000000
v 92.237747 108.406036 0.000000
v 92.228226 108.431076 0.787750
v 92.228226 108.431076 0.000000
v 92.209991 108.483414 0.000000
v 92.202209 108.505783 0.787750
v 92.202209 108.505783 0.000000
v 92.188034 108.552246 0.000000
v 92.181976 108.572098 0.787750
v 92.181976 108.572098 0.000000
v 92.171860 108.613083 0.000000
v 92.167542 108.630600 0.787750
v 92.167542 108.630600 0.000000
v 92.158890 108.681824 0.000000
v 92.156906 108.712997 0.000000
v 92.615463 107.615265 0.787750
v 92.766998 106.606613 0.787750
v 91.884857 106.229797 0.787750
v 92.652405 107.575348 0.787750
v 92.688324 107.548660 0.787750
v 92.706070 107.540161 0.787750
v 92.688324 107.548660 0.000000
v 92.652405 107.575348 0.000000
v 92.706070 107.540161 0.000000
v 92.711380 107.538574 0.000000
v 92.741547 107.532654 0.000000
v 92.723801 107.534836 0.000000
v 92.759399 107.533569 0.000000
v 92.764786 107.534744 0.000000
v 92.746887 107.532928 0.000000
v 92.741547 107.532654 0.787750
v 92.723801 107.534836 0.787750
v 92.868958 106.651016 0.787750
v 92.729111 107.534180 0.000000
v 92.766998 106.606613 0.000000
v 92.937439 106.682068 0.000000
v 92.966721 106.695343 0.000000
v 92.966721 106.695343 0.787750
v 93.032288 106.726379 0.000000
v 92.759399 107.533569 0.787750
v 92.777420 107.537521 0.787750
v 92.782883 107.539612 0.000000
v 92.795685 107.544495 0.000000
v 92.806931 107.551315 0.000000
v 92.795685 107.544495 0.787750
v 92.833237 107.567276 0.000000
v 92.833237 107.567276 0.787750
v 92.872589 107.601593 0.787750
v 92.872589 107.601593 0.000000
v 92.885101 107.615219 0.000000
v 92.914352 107.647095 0.000000
v 92.914352 107.647095 0.787750
v 92.959045 107.703461 0.787750
v 92.959045 107.703461 0.000000
v 92.973495 107.723480 0.000000
v 93.007278 107.770325 0.000000
v 93.007278 107.770325 0.787750
v 93.026245 107.801285 0.787750
v 93.778595 107.194443 0.787750
v 93.026245 107.801285 0.000000
v 93.030624 107.811508 0.000000
v 93.044006 107.846481 0.000000
v 93.040878 107.835403 0.000000
v 93.053268 107.884247 0.000000
v 93.057800 107.911972 0.000000
v 93.051331 107.872391 0.000000
v 93.051331 107.872391 0.787750
v 93.040878 107.835403 0.787750
v 93.829788 107.242386 0.787750
v 93.877426 107.290985 0.787750
v 93.999557 107.441437 0.787750
v 93.057800 107.911972 0.787750
v 93.060455 107.953842 0.000000
v 93.060455 107.953842 0.787750
v 93.060165 107.966980 0.000000
v 93.058151 108.011368 0.000000
v 93.059479 107.997711 0.000000
v 93.052734 108.057404 0.000000
v 93.047318 108.090363 0.000000
v 93.055038 108.043320 0.000000
v 93.055038 108.043320 0.787750
v 93.059479 107.997711 0.787750
v 93.047318 108.090363 0.787750
v 93.022766 108.187607 0.000000
v 93.022766 108.187607 0.787750
v 93.012131 108.217422 0.000000
v 92.987244 108.287186 0.000000
v 92.987244 108.287186 0.787750
v 94.178970 108.405685 0.787750
v 92.942169 108.386780 0.787750
v 92.942169 108.386780 0.000000
v 92.926239 108.415924 0.000000
v 92.888962 108.484131 0.000000
v 92.888962 108.484131 0.787750
v 94.036240 108.967026 0.787750
v 93.994125 109.062775 0.787750
v 93.947601 109.152969 0.787750
v 93.947601 109.152969 0.000000
v 93.911942 109.212250 0.000000
v 93.896698 109.237595 0.000000
v 93.896698 109.237595 0.787750
v 93.858032 109.292953 0.000000
v 93.841507 109.316620 0.000000
v 93.841507 109.316620 0.787750
v 93.799835 109.368042 0.000000
v 93.782028 109.390015 0.787750
v 93.782028 109.390015 0.000000
v 93.737411 109.437485 0.000000
v 93.726227 109.449371 0.000000
v 93.718353 109.457764 0.787750
v 93.718353 109.457764 0.000000
v 93.650497 109.519852 0.787750
v 93.650497 109.519852 0.000000
v 93.670807 109.501266 0.000000
v 93.578537 109.576263 0.000000
v 93.600082 109.559372 0.000000
v 93.525269 109.611771 0.000000
v 93.502502 109.626953 0.787750
v 93.502502 109.626953 0.000000
v 93.446411 109.658447 0.000000
v 93.422440 109.671921 0.000000
v 93.363571 109.699387 0.000000
v 93.338425 109.711121 0.787750
v 93.338425 109.711121 0.000000
v 93.250473 109.744553 0.000000
v 93.276810 109.734543 0.000000
v 93.186142 109.763916 0.000000
v 93.158646 109.772202 0.787750
v 93.158646 109.772202 0.000000
v 93.063004 109.794022 0.000000
v 93.091644 109.787476 0.000000
v 92.963593 109.809998 0.000000
v 92.993362 109.805206 0.000000
v 92.891327 109.817078 0.000000
v 92.860443 109.820114 0.787750
v 92.860443 109.820114 0.000000
v 92.753616 109.824341 0.000000
v 92.785614 109.823074 0.000000
v 92.676239 109.823166 0.000000
v 92.643173 109.822662 0.787750
v 92.643173 109.822662 0.000000
v 92.529144 109.815063 0.000000
v 92.563293 109.817337 0.000000
v 92.446777 109.805557 0.000000
v 92.411575 109.801498 0.787750
v 92.411575 109.801498 0.000000
v 92.326782 109.787827 0.000000
v 92.290543 109.781982 0.787750
v 92.290543 109.781982 0.000000
v 92.166061 109.756454 0.000000
v 92.203339 109.764099 0.000000
v 92.038208 109.724915 0.000000
v 92.076492 109.734360 0.000000
v 91.946289 109.698593 0.000000
v 91.907013 109.687332 0.787750
v 91.907013 109.687332 0.000000
v 91.772537 109.643707 0.787750
v 92.202621 108.848221 0.787750
v 92.228745 108.867432 0.787750
v 92.182281 108.825058 0.787750
v 92.182281 108.825058 0.000000
v 92.529144 109.815063 0.787750
v 92.753616 109.824341 0.787750
v 92.963593 109.809998 0.787750
v 93.063004 109.794022 0.787750
v 93.250473 109.744553 0.787750
v 93.578537 109.576263 0.787750
v 92.502853 106.493790 0.000000
v 91.709824 106.677383 0.000000
v 91.300308 107.724594 0.000000
v 90.653107 107.681946 0.787750
v 90.673630 107.752502 0.000000
v 90.634247 107.621964 0.787750
v 90.647461 107.663986 0.000000
v 90.629562 107.605545 0.000000
v 90.618607 107.567139 0.000000
v 90.634247 107.621964 0.000000
v 90.653107 107.681946 0.000000
v 90.614929 107.552139 0.000000
v 90.606323 107.517059 0.000000
v 90.606323 107.517059 0.787750
v 90.597504 107.471329 0.787750
v 90.592270 107.429550 0.787750
v 90.595932 107.458817 0.000000
v 90.590714 107.391327 0.787750
v 90.591797 107.418106 0.000000
v 90.592987 107.356262 0.787750
v 90.591400 107.380829 0.000000
v 90.599197 107.323959 0.787750
v 90.594849 107.346588 0.000000
v 90.021576 106.631271 0.787750
v 90.609451 107.294022 0.787750
v 89.964005 106.663727 0.787750
v 90.004333 106.640991 0.000000
v 89.605515 107.292816 0.787750
v 89.897888 106.692535 0.787750
v 89.824539 106.716553 0.787750
v 89.944214 106.672348 0.000000
v 89.897888 106.692535 0.000000
v 89.964005 106.663727 0.000000
v 89.875931 106.699722 0.000000
v 89.758698 106.730072 0.000000
v 89.804825 106.720596 0.000000
v 89.701004 106.743134 0.000000
v 89.741425 106.733978 0.000000
v 90.130203 106.440674 0.000000
v 90.134506 106.510498 0.000000
v 89.651154 106.756332 0.000000
v 89.686066 106.747086 0.000000
v 89.608841 106.770264 0.000000
v 89.638474 106.760498 0.000000
v 89.573761 106.785477 0.000000
v 89.598328 106.774811 0.000000
v 89.565338 106.790604 0.000000
v 89.573761 106.785477 0.787750
v 89.545639 106.802597 0.000000
v 89.545639 106.802597 0.787750
v 89.764572 106.433365 0.000000
v 89.773758 106.433151 0.000000
v 89.539200 106.808456 0.000000
v 89.740921 106.431717 0.000000
v 89.730804 106.431000 0.787750
v 89.524155 106.822174 0.000000
v 89.524155 106.822174 0.787750
v 89.730804 106.431000 0.000000
v 89.508987 106.844788 0.000000
v 89.519608 106.828934 0.000000
v 89.694260 106.425735 0.000000
v 89.705200 106.427322 0.000000
v 89.638123 106.412766 0.000000
v 89.614136 106.407211 0.787750
v 89.614136 106.407211 0.000000
v 89.506256 106.852646 0.000000
v 89.508987 106.844788 0.787750
v 89.526794 106.379181 0.000000
v 89.552948 106.387573 0.000000
v 89.499878 106.871048 0.000000
v 89.434830 106.343033 0.000000
v 89.462372 106.353851 0.000000
v 89.498871 106.880173 0.000000
v 89.499878 106.871048 0.787750
v 89.368988 106.312988 0.000000
v 89.340851 106.300156 0.787750
v 89.496490 106.901520 0.000000
v 89.340851 106.300156 0.000000
v 89.498550 106.936783 0.000000
v 89.497116 106.912079 0.000000
v 89.247406 106.251968 0.000000
v 89.275391 106.266403 0.000000
v 89.505722 106.977432 0.000000
v 89.500702 106.948959 0.000000
v 89.184158 106.215469 0.000000
v 89.157135 106.199860 0.787750
v 89.517746 107.024048 0.000000
v 89.509323 106.991394 0.000000
v 89.157135 106.199860 0.000000
v 89.522690 107.039963 0.000000
v 89.517746 107.024048 0.787750
v 89.097900 106.161591 0.000000
v 89.072601 106.145233 0.787750
v 89.534271 107.077194 0.000000
v 89.072601 106.145233 0.000000
v 89.540497 107.095245 0.000000
v 89.534271 107.077194 0.787750
v 88.996384 106.089462 0.000000
v 89.019211 106.106171 0.000000
v 88.931107 106.033966 0.000000
v 88.950653 106.050583 0.000000
v 88.903381 106.006760 0.787750
v 88.931107 106.033966 0.787750
v 88.996384 106.089462 0.787750
v 89.247406 106.251968 0.787750
v 89.948380 106.368744 0.787750
v 89.434830 106.343033 0.787750
v 89.526794 106.379181 0.787750
v 89.906372 106.384872 0.787750
v 89.694260 106.425735 0.787750
v 89.948380 106.368744 0.000000
v 89.960815 106.366623 0.000000
v 89.918945 106.380035 0.000000
v 89.906372 106.384872 0.000000
v 89.865433 106.410309 0.000000
v 89.851822 106.417999 0.000000
v 89.846008 106.421295 0.787750
v 89.846008 106.421295 0.000000
v 90.085495 106.385086 0.000000
v 89.829544 106.426468 0.000000
v 89.822495 106.428680 0.787750
v 89.822495 106.428680 0.000000
v 89.795242 106.432648 0.000000
v 89.803406 106.431458 0.000000
v 89.764572 106.433365 0.787750
v 89.795242 106.432648 0.787750
v 89.865433 106.410309 0.787750
v 89.877701 106.402695 0.000000
v 90.111771 106.408936 0.000000
v 90.040054 106.366501 0.000000
v 90.069916 106.376190 0.000000
v 90.001709 106.362198 0.000000
v 90.029343 106.363419 0.000000
v 89.989899 106.361679 0.000000
v 89.989899 106.361679 0.787750
v 90.029343 106.363419 0.787750
v 90.065125 106.373718 0.000000
v 90.081146 106.381989 0.000000
v 90.095673 106.392319 0.000000
v 90.099518 106.396011 0.000000
v 90.108490 106.404648 0.000000
v 90.108490 106.404648 0.787750
v 90.119415 106.418961 0.000000
v 90.122055 106.423843 0.000000
v 90.128250 106.435226 0.000000
v 90.134766 106.453415 0.000000
v 90.134766 106.453415 0.787750
v 90.136124 106.458389 0.000000
v 90.139435 106.475220 0.000000
v 90.139282 106.470047 0.000000
v 90.138840 106.492645 0.000000
v 90.136566 106.505081 0.000000
v 90.139816 106.487320 0.000000
v 90.129700 106.523178 0.000000
v 90.129700 106.523178 0.787750
v 90.122528 106.534164 0.000000
v 90.094818 106.570770 0.000000
v 90.105743 106.559875 0.000000
v 90.054977 106.606750 0.000000
v 90.021576 106.631271 0.000000
v 90.069244 106.596283 0.000000
v 90.069244 106.596283 0.787750
v 90.105743 106.559875 0.787750
v 90.642563 107.239624 0.787750
v 90.665665 107.214386 0.787750
v 90.693298 107.189911 0.787750
v 90.725555 107.165802 0.787750
v 90.693298 107.189911 0.000000
v 90.702957 107.182693 0.000000
v 90.673950 107.207047 0.000000
v 90.665665 107.214386 0.000000
v 90.649490 107.232071 0.000000
v 90.846237 107.093811 0.000000
v 90.736633 107.158585 0.000000
v 90.857956 107.086075 0.000000
v 90.613770 107.285645 0.000000
v 90.592270 107.429550 0.000000
v 90.597504 107.471329 0.000000
v 90.592987 107.356262 0.000000
v 90.590714 107.391327 0.000000
v 90.629471 107.258133 0.000000
v 90.602264 107.314987 0.000000
v 90.609451 107.294022 0.000000
v 90.599197 107.323959 0.000000
v 90.623871 107.266037 0.787750
v 90.623871 107.266037 0.000000
v 90.642563 107.239624 0.000000
v 90.816956 107.110153 0.000000
v 90.804443 107.117126 0.000000
v 90.775101 107.134338 0.000000
v 90.762558 107.141678 0.787750
v 90.762558 107.141678 0.000000
v 90.725555 107.165802 0.000000
v 89.555038 107.137482 0.787750
v 89.562439 107.157837 0.000000
v 89.758698 106.730072 0.787750
v 89.701004 106.743134 0.787750
v 89.824539 106.716553 0.000000
v 89.651154 106.756332 0.787750
v 89.505722 106.977432 0.787750
v 89.608841 106.770264 0.787750
v 89.498550 106.936783 0.787750
v 89.496490 106.901520 0.787750
v 89.579742 107.205475 0.787750
v 89.579742 107.205475 0.000000
v 89.605515 107.292816 0.000000
v 88.369919 107.171463 0.787750
v 88.335693 107.188522 0.787750
v 88.304779 107.208328 0.787750
v 88.252960 107.255905 0.787750
v 98.604126 99.172562 0.787750
v 97.551819 101.762436 0.000000
v 97.551819 101.762436 0.787750
v 97.464462 101.974457 0.000000
v 97.490616 101.910965 0.000000
v 97.406494 102.114853 0.000000
v 97.464462 101.974457 0.787750
v 97.381714 102.174850 0.000000
v 97.381714 102.174850 0.787750
v 97.367188 102.209930 0.000000
v 97.303391 102.363968 0.787750
v 97.326843 102.307343 0.000000
v 97.303391 102.363968 0.000000
v 97.229309 102.542145 0.000000
v 97.251495 102.488800 0.000000
v 97.180237 102.659546 0.000000
v 97.229309 102.542145 0.787750
v 97.159271 102.709732 0.000000
v 97.159271 102.709732 0.787750
v 97.112915 102.819946 0.000000
v 97.093109 102.867050 0.000000
v 97.093109 102.867050 0.787750
v 97.049332 102.970322 0.000000
v 97.030624 103.014465 0.000000
v 97.030624 103.014465 0.787750
v 96.971634 103.152298 0.000000
v 96.989288 103.111023 0.000000
v 96.932617 103.242401 0.000000
v 96.971634 103.152298 0.787750
v 96.879135 103.364792 0.000000
v 96.305267 101.733521 0.787750
v 95.570984 103.326218 0.000000
v 96.085403 102.210419 0.000000
v 96.296631 101.752258 0.000000
v 92.683868 101.576126 0.000000
v 93.259552 100.453857 0.000000
v 91.945038 103.179489 0.000000
v 92.464005 102.053024 0.000000
v 91.723236 103.660934 0.000000
v 93.198273 100.460327 0.787750
v 93.198273 100.460327 0.000000
v 93.007004 99.122543 0.787750
v 93.019577 99.127991 0.787750
v 93.002441 99.119522 0.787750
v 92.999039 99.116318 0.787750
v 93.005646 99.121643 0.000000
v 93.001419 99.118561 0.000000
v 93.015808 99.126358 0.000000
v 93.019577 99.127991 0.000000
v 93.031509 99.131287 0.000000
v 93.036621 99.132690 0.787750
v 95.525284 100.211166 0.787750
v 93.036621 99.132690 0.000000
v 93.051575 99.135483 0.000000
v 93.057953 99.136673 0.787750
v 93.057953 99.136673 0.000000
v 93.075836 99.138947 0.000000
v 93.083466 99.139923 0.787750
v 93.083466 99.139923 0.000000
v 93.104141 99.141724 0.000000
v 93.112976 99.142487 0.787750
v 93.112976 99.142487 0.000000
v 93.136368 99.143814 0.000000
v 93.146362 99.144379 0.787750
v 93.146362 99.144379 0.000000
v 93.172348 99.145233 0.000000
v 93.183456 99.145599 0.787750
v 93.183456 99.145599 0.000000
v 93.242798 99.145981 0.000000
v 93.268158 99.146133 0.787750
v 93.268158 99.146133 0.000000
v 93.336655 99.144806 0.000000
v 93.365921 99.144241 0.787750
v 93.365921 99.144241 0.000000
v 93.442703 99.141327 0.000000
v 93.475525 99.140076 0.787750
v 93.475525 99.140076 0.000000
v 93.559753 99.135651 0.000000
v 93.595764 99.133759 0.787750
v 93.595764 99.133759 0.000000
v 93.686615 99.127930 0.000000
v 93.725433 99.125443 0.787750
v 93.725433 99.125443 0.000000
v 93.822067 99.118317 0.000000
v 93.863373 99.115265 0.787750
v 93.863373 99.115265 0.000000
v 93.964920 99.106934 0.000000
v 94.008331 99.103378 0.787750
v 94.008331 99.103378 0.000000
v 94.113983 99.093948 0.000000
v 94.159149 99.089920 0.787750
v 94.159149 99.089920 0.000000
v 94.268051 99.079498 0.000000
v 94.314590 99.075027 0.787750
v 94.314590 99.075027 0.000000
v 94.425903 99.063705 0.000000
v 94.473480 99.058853 0.787750
v 94.473480 99.058853 0.000000
v 94.699982 99.033890 0.000000
v 94.796783 99.023224 0.787750
v 94.796783 99.023224 0.000000
v 95.022827 98.995850 0.000000
v 95.119446 98.984146 0.787750
v 95.119446 98.984146 0.000000
v 95.230194 98.969803 0.000000
v 95.277542 98.963684 0.787750
v 95.277542 98.963684 0.000000
v 95.385651 98.949036 0.000000
v 95.431870 98.942780 0.787750
v 95.431870 98.942780 0.000000
v 95.536514 98.927933 0.000000
v 95.581238 98.921600 0.787750
v 95.581238 98.921600 0.000000
v 95.681564 98.906647 0.000000
v 95.724442 98.900269 0.787750
v 95.694397 100.194016 0.787750
v 95.724442 98.900269 0.000000
v 95.819611 98.885315 0.000000
v 95.860291 98.878922 0.787750
v 95.856750 100.178406 0.787750
v 95.860291 98.878922 0.000000
v 95.949448 98.864075 0.000000
v 95.987564 98.857727 0.787750
v 96.011322 100.164368 0.787750
v 95.987564 98.857727 0.000000
v 96.069901 98.843079 0.000000
v 96.105087 98.836807 0.787750
v 96.157089 100.151947 0.787750
v 96.105087 98.836807 0.000000
v 96.179733 98.822464 0.000000
v 96.211639 98.816330 0.787750
v 96.211639 98.816330 0.000000
v 96.277771 98.802368 0.000000
v 96.306030 98.796402 0.787750
v 96.293030 100.141174 0.787750
v 96.306030 98.796402 0.000000
v 96.362793 98.782944 0.000000
v 96.387070 98.777191 0.787750
v 96.418137 100.132095 0.787750
v 96.387070 98.777191 0.000000
v 96.411667 98.770676 0.000000
v 96.422195 98.767899 0.787750
v 96.531387 100.124756 0.787750
v 96.422195 98.767899 0.000000
v 96.444153 98.761551 0.000000
v 96.453537 98.758835 0.787750
v 96.453537 98.758835 0.000000
v 96.472717 98.752655 0.000000
v 96.480927 98.750015 0.787750
v 96.631760 100.119186 0.787750
v 96.480927 98.750015 0.000000
v 96.497253 98.744019 0.000000
v 96.504227 98.741470 0.787750
v 96.504227 98.741470 0.000000
v 96.517593 98.735672 0.000000
v 96.523300 98.733200 0.787750
v 96.676804 100.117081 0.787750
v 96.523300 98.733200 0.000000
v 96.533569 98.727631 0.000000
v 96.537964 98.725235 0.787750
v 96.755951 100.114227 0.787750
v 96.537964 98.725235 0.000000
v 96.545074 98.719879 0.000000
v 96.548096 98.717590 0.787750
v 96.845444 100.113495 0.787750
v 96.548096 98.717590 0.000000
v 96.551422 98.713898 0.000000
v 96.551422 98.713898 0.787750
v 96.896820 100.117081 0.787750
v 96.553543 98.710297 0.787750
v 96.904877 100.119263 0.787750
v 96.552902 98.711380 0.000000
v 96.554428 98.707016 0.787750
v 96.554428 98.707016 0.000000
v 96.536621 98.646729 0.000000
v 96.550430 98.682297 0.000000
v 96.247269 98.171371 0.000000
v 96.467102 98.516388 0.000000
v 94.824890 96.271118 0.000000
v 95.528503 97.184204 0.000000
v 92.275177 96.077454 0.000000
v 94.430344 95.889694 0.000000
v 90.939117 96.340073 0.000000
v 91.207657 96.230499 0.000000
v 92.133163 98.020279 0.000000
v 91.237045 96.788406 0.000000
v 92.792572 98.876236 0.000000
v 92.504044 98.509613 0.000000
v 92.976440 99.092621 0.000000
v 92.904388 99.011047 0.000000
v 92.993973 99.111053 0.000000
v 92.982117 99.098755 0.000000
v 92.999039 99.116318 0.000000
v 92.982117 99.098755 0.787750
v 92.963181 99.078278 0.787750
v 92.919586 99.028961 0.787750
v 92.963181 99.078278 0.000000
v 92.950119 99.063507 0.000000
v 92.919586 99.028961 0.000000
v 92.868835 98.969147 0.787750
v 92.868835 98.969147 0.000000
v 92.811523 98.899689 0.787750
v 92.748230 98.821350 0.787750
v 92.851669 98.948349 0.000000
v 92.811523 98.899689 0.000000
v 92.748230 98.821350 0.000000
v 92.727676 98.795486 0.000000
v 92.679565 98.734970 0.787750
v 92.679565 98.734970 0.000000
v 92.606079 98.641342 0.787750
v 92.528397 98.541260 0.787750
v 92.657562 98.706940 0.000000
v 92.606079 98.641342 0.000000
v 92.582825 98.611374 0.000000
v 92.528397 98.541260 0.000000
v 92.447083 98.435562 0.787750
v 92.447083 98.435562 0.000000
v 92.362717 98.325027 0.787750
v 92.421814 98.402466 0.000000
v 92.362717 98.325027 0.000000
v 92.336731 98.290726 0.000000
v 92.249359 98.175217 0.000000
v 92.187241 98.092712 0.000000
v 92.275909 98.210480 0.000000
v 92.275909 98.210480 0.787750
v 92.187241 98.092712 0.787750
v 92.006638 97.850800 0.787750
v 92.006638 97.850800 0.000000
v 91.952438 97.777420 0.000000
v 91.825623 97.605713 0.787750
v 91.825623 97.605713 0.000000
v 90.760391 98.333801 0.787750
v 91.648895 97.363953 0.787750
v 90.660080 98.198685 0.787750
v 91.772705 97.533325 0.000000
v 91.648895 97.363953 0.000000
v 91.538895 97.212067 0.000000
v 91.623352 97.328720 0.000000
v 91.379608 96.990021 0.000000
v 91.305954 96.886261 0.000000
v 91.457458 97.098892 0.000000
v 91.402084 97.021606 0.000000
v 91.481125 97.131927 0.000000
v 91.481125 97.131927 0.787750
v 91.563599 97.246323 0.787750
v 90.563141 98.069168 0.787750
v 91.563599 97.246323 0.000000
v 90.660080 98.198685 0.000000
v 90.563141 98.069168 0.000000
v 90.470047 97.945862 0.787750
v 90.497910 97.982773 0.000000
v 90.407883 97.864243 0.000000
v 90.470047 97.945862 0.000000
v 90.322556 97.752945 0.000000
v 90.381317 97.829361 0.000000
v 90.297440 97.720276 0.000000
v 90.297440 97.720276 0.787750
v 90.218933 97.619232 0.787750
v 90.218933 97.619232 0.000000
v 90.146301 97.526840 0.787750
v 90.168045 97.554504 0.000000
v 90.099884 97.468597 0.000000
v 90.146301 97.526840 0.000000
v 90.038437 97.392380 0.000000
v 90.080048 97.443710 0.000000
v 90.020660 97.370438 0.000000
v 90.020660 97.370438 0.787750
v 89.968658 97.307632 0.787750
v 89.968658 97.307632 0.000000
v 89.924545 97.255920 0.787750
v 89.937744 97.271408 0.000000
v 89.911270 97.240860 0.000000
v 89.924545 97.255920 0.000000
v 89.893829 97.221451 0.000000
v 89.905594 97.234421 0.000000
v 89.888809 97.215912 0.000000
v 89.888809 97.215912 0.787750
v 89.874237 97.200485 0.787750
v 89.874237 97.200485 0.000000
v 89.861969 97.188202 0.787750
v 89.865646 97.191879 0.000000
v 89.855011 97.181870 0.000000
v 89.861969 97.188202 0.000000
v 89.846771 97.175140 0.000000
v 89.852036 97.179153 0.000000
v 89.844513 97.173416 0.000000
v 89.844513 97.173416 0.787750
v 89.841675 97.171814 0.787750
v 89.837784 97.171570 0.787750
v 90.926086 96.306534 0.787750
v 89.839462 97.171051 0.000000
v 89.836960 97.172150 0.000000
v 89.832962 97.177689 0.000000
v 89.834152 97.176041 0.000000
v 89.827484 97.186920 0.000000
v 89.829117 97.184158 0.000000
v 89.822647 97.195908 0.000000
v 89.827484 97.186920 0.787750
v 89.820572 97.199738 0.787750
v 89.814758 97.211166 0.000000
v 89.812271 97.216049 0.000000
v 89.812271 97.216049 0.787750
v 89.805496 97.229858 0.000000
v 89.802612 97.235764 0.787750
v 89.802612 97.235764 0.000000
v 89.791626 97.258774 0.787750
v 89.832962 97.177689 0.787750
v 90.928268 96.303772 0.787750
v 90.925934 96.307098 0.000000
v 90.931671 96.300934 0.787750
v 90.931671 96.300934 0.000000
v 90.942047 96.294968 0.787750
v 90.942047 96.294968 0.000000
v 90.957062 96.288635 0.787750
v 90.957062 96.288635 0.000000
v 90.976532 96.281967 0.787750
v 90.976532 96.281967 0.000000
v 91.000336 96.274963 0.787750
v 91.028320 96.267654 0.787750
v 91.000336 96.274963 0.000000
v 91.008713 96.272781 0.000000
v 90.983658 96.279861 0.000000
v 91.037888 96.265381 0.000000
v 91.028320 96.267654 0.000000
v 91.108002 96.249756 0.000000
v 91.148621 96.241562 0.000000
v 91.071045 96.257706 0.000000
v 91.096161 96.252197 0.000000
v 91.060303 96.260056 0.000000
v 91.060303 96.260056 0.787750
v 91.096161 96.252197 0.787750
v 91.135712 96.244064 0.787750
v 91.135712 96.244064 0.000000
v 91.178833 96.235703 0.000000
v 91.178833 96.235703 0.787750
v 91.275116 96.218323 0.000000
v 91.275116 96.218323 0.787750
v 91.307648 96.212891 0.000000
v 91.419647 96.194580 0.000000
v 91.383774 96.200180 0.000000
v 91.674789 96.156357 0.000000
v 91.542435 96.175690 0.000000
v 91.963226 96.116959 0.000000
v 92.116882 96.097153 0.000000
v 91.815460 96.136734 0.000000
v 91.917679 96.122894 0.000000
v 91.771774 96.142654 0.000000
v 91.771774 96.142654 0.787750
v 91.633331 96.162216 0.787750
v 91.633331 96.162216 0.000000
v 91.503601 96.181442 0.787750
v 91.503601 96.181442 0.000000
v 91.383774 96.200180 0.787750
v 91.917679 96.122894 0.787750
v 92.069824 96.103058 0.787750
v 92.069824 96.103058 0.000000
v 92.226990 96.083313 0.000000
v 92.226990 96.083313 0.787750
v 92.387939 96.063766 0.000000
v 92.387939 96.063766 0.787750
v 92.486252 96.052414 0.000000
v 92.814713 96.015259 0.000000
v 92.716278 96.025864 0.000000
v 93.253754 95.969421 0.000000
v 93.093369 95.985535 0.000000
v 93.843536 95.917099 0.000000
v 93.561462 95.940552 0.000000
v 94.279373 95.891052 0.000000
v 94.362259 95.889221 0.000000
v 94.090195 95.900146 0.000000
v 94.197159 95.894455 0.000000
v 93.971909 95.907745 0.000000
v 94.057068 95.902039 0.000000
v 93.935516 95.910187 0.000000
v 93.935516 95.910187 0.787750
v 93.804230 95.920059 0.787750
v 93.804230 95.920059 0.000000
v 93.664459 95.931519 0.787750
v 93.706314 95.928085 0.000000
v 93.664459 95.931519 0.000000
v 93.517426 95.944412 0.787750
v 93.517426 95.944412 0.000000
v 93.364365 95.958633 0.787750
v 93.410187 95.954376 0.000000
v 93.364365 95.958633 0.000000
v 93.206482 95.974030 0.787750
v 93.206482 95.974030 0.000000
v 93.045029 95.990448 0.787750
v 93.045029 95.990448 0.000000
v 92.716278 96.025864 0.787750
v 93.545837 94.660034 0.787750
v 93.768692 94.641006 0.787750
v 94.057068 95.902039 0.787750
v 94.167679 95.895737 0.000000
v 94.167679 95.895737 0.787750
v 94.266129 95.891449 0.000000
v 94.266129 95.891449 0.787750
v 94.310394 95.890106 0.000000
v 94.310394 95.890106 0.787750
v 94.322601 95.889862 0.000000
v 94.351151 95.889297 0.000000
v 94.351151 95.889297 0.787750
v 94.388260 95.889069 0.787750
v 94.388260 95.889069 0.000000
v 94.398239 95.889175 0.000000
v 94.421555 95.889420 0.000000
v 94.421555 95.889420 0.787750
v 94.450897 95.890366 0.787750
v 94.450897 95.890366 0.000000
v 94.458435 95.890839 0.000000
v 94.482376 95.892609 0.000000
v 94.476105 95.891937 0.000000
v 94.517136 95.898071 0.000000
v 94.501984 95.895004 0.000000
v 94.548004 95.921432 0.000000
v 94.534180 95.906265 0.000000
v 94.610184 95.997437 0.000000
v 94.702652 96.114395 0.000000
v 94.571411 95.949417 0.000000
v 94.586563 95.968018 0.000000
v 94.558548 95.933868 0.000000
v 94.567078 95.944122 0.000000
v 94.554901 95.929474 0.000000
v 94.554901 95.929474 0.787750
v 94.545059 95.917984 0.787750
v 94.545059 95.917984 0.000000
v 94.537643 95.909729 0.787750
v 94.539871 95.912201 0.000000
v 94.537643 95.909729 0.000000
v 94.533844 95.900803 0.787750
v 94.532715 95.904785 0.000000
v 94.529709 95.899017 0.787750
v 94.530609 95.903244 0.000000
v 94.525497 95.900558 0.000000
v 94.525497 95.900558 0.787750
v 94.513565 95.897018 0.787750
v 94.513565 95.897018 0.000000
v 94.497040 95.894150 0.787750
v 94.497040 95.894150 0.000000
v 94.476105 95.891937 0.787750
v 94.767212 94.587326 0.787750
v 95.187256 94.784119 0.787750
v 95.496170 95.125809 0.787750
v 95.824905 95.516708 0.787750
v 94.567078 95.944122 0.787750
v 94.581558 95.961823 0.787750
v 94.598267 95.982498 0.787750
v 94.581558 95.961823 0.000000
v 94.598267 95.982498 0.000000
v 94.638092 96.032410 0.000000
v 94.638092 96.032410 0.787750
v 94.652435 96.050598 0.000000
v 94.686020 96.093170 0.000000
v 94.686020 96.093170 0.787750
v 94.741562 96.164078 0.787750
v 94.804184 96.244431 0.787750
v 94.741562 96.164078 0.000000
v 94.760315 96.188126 0.000000
v 94.804184 96.244431 0.000000
v 94.873352 96.333542 0.000000
v 94.873352 96.333542 0.787750
v 94.895889 96.362640 0.000000
v 94.972763 96.462021 0.000000
v 94.948578 96.430710 0.000000
v 95.142075 96.681549 0.000000
v 95.054993 96.568558 0.000000
v 95.328720 96.924133 0.000000
v 95.427231 97.052322 0.000000
v 95.233490 96.800308 0.000000
v 95.299484 96.886093 0.000000
v 95.205292 96.763641 0.000000
v 95.205292 96.763641 0.787750
v 95.115067 96.646454 0.787750
v 95.115067 96.646454 0.000000
v 95.029327 96.535248 0.787750
v 95.029327 96.535248 0.000000
v 94.948578 96.430710 0.787750
v 95.299484 96.886093 0.787750
v 95.397110 97.013123 0.787750
v 95.497681 97.144043 0.787750
v 95.397110 97.013123 0.000000
v 95.497681 97.144043 0.000000
v 95.600647 97.278152 0.000000
v 95.600647 97.278152 0.787750
v 95.631302 97.318420 0.000000
v 95.732635 97.452148 0.000000
v 95.703033 97.412628 0.000000
v 95.923828 97.710754 0.000000
v 95.830307 97.583176 0.000000
v 96.096634 97.952499 0.000000
v 96.174957 98.065170 0.000000
v 96.012772 97.834106 0.000000
v 96.072647 97.918213 0.000000
v 95.987167 97.798172 0.000000
v 95.987167 97.798172 0.787750
v 95.896759 97.673386 0.787750
v 95.896759 97.673386 0.000000
v 95.801895 97.544632 0.787750
v 95.801895 97.544632 0.000000
v 95.703033 97.412628 0.787750
v 96.944504 96.952957 0.787750
v 96.072647 97.918213 0.787750
v 96.152725 98.032745 0.787750
v 96.152725 98.032745 0.000000
v 96.226944 98.141052 0.000000
v 96.226944 98.141052 0.787750
v 96.294830 98.242340 0.000000
v 96.294830 98.242340 0.787750
v 96.313110 98.270355 0.000000
v 96.372009 98.361343 0.000000
v 96.355896 98.335892 0.000000
v 96.423492 98.443604 0.000000
v 96.455765 98.496689 0.000000
v 96.409698 98.420914 0.000000
v 96.409698 98.420914 0.787750
v 96.355896 98.335892 0.787750
v 96.455765 98.496689 0.787750
v 96.493607 98.562454 0.787750
v 96.493607 98.562454 0.000000
v 96.498306 98.571106 0.000000
v 96.513351 98.599167 0.000000
v 96.509308 98.591339 0.000000
v 96.526138 98.624405 0.000000
v 96.533966 98.640671 0.000000
v 96.522781 98.617447 0.000000
v 96.522781 98.617447 0.787750
v 96.509308 98.591339 0.787750
v 96.533966 98.640671 0.787750
v 96.542801 98.660919 0.787750
v 96.542801 98.660919 0.000000
v 96.544739 98.666061 0.000000
v 96.549240 98.678101 0.000000
v 96.549240 98.678101 0.787750
v 96.553223 98.692123 0.787750
v 96.554672 98.702881 0.787750
v 96.553223 98.692123 0.000000
v 96.553650 98.695343 0.000000
v 96.554672 98.702881 0.000000
v 96.909042 100.121201 0.787750
v 96.912109 100.125458 0.787750
v 96.912109 100.125458 0.000000
v 96.913544 100.129547 0.787750
v 96.914978 100.140732 0.787750
v 96.913544 100.129547 0.000000
v 96.913971 100.132904 0.000000
v 96.914841 100.145248 0.000000
v 96.914978 100.140732 0.000000
v 96.887939 100.115906 0.000000
v 96.904877 100.119263 0.000000
v 96.845444 100.113495 0.000000
v 96.866974 100.114197 0.000000
v 96.718246 100.115417 0.000000
v 96.789810 100.113510 0.000000
v 96.425674 101.460510 0.000000
v 96.838364 100.431915 0.000000
v 96.197800 100.148727 0.000000
v 96.452057 100.129898 0.000000
v 95.575928 100.206024 0.000000
v 95.903046 100.174210 0.000000
v 95.224579 100.243881 0.000000
v 95.402771 100.224228 0.000000
v 94.987488 100.271423 0.000000
v 95.170807 100.249908 0.000000
v 93.734024 100.403763 0.000000
v 96.355759 101.619812 0.000000
v 96.305267 101.733521 0.000000
v 96.377335 101.571213 0.000000
v 96.377335 101.571213 0.787750
v 96.446350 101.413193 0.787750
v 96.446350 101.413193 0.000000
v 96.511932 101.260315 0.787750
v 96.492294 101.306091 0.000000
v 96.555283 101.157394 0.000000
v 96.511932 101.260315 0.000000
v 96.669022 100.880463 0.000000
v 96.614304 101.015244 0.000000
v 96.764252 100.636414 0.000000
v 96.719116 100.753922 0.000000
v 96.804123 100.528809 0.000000
v 96.777328 100.602066 0.000000
v 96.815567 100.497498 0.000000
v 96.815567 100.497498 0.787750
v 96.848099 100.403885 0.787750
v 96.848099 100.403885 0.000000
v 96.874603 100.322083 0.787750
v 96.866669 100.346573 0.000000
v 96.882217 100.296707 0.000000
v 96.874603 100.322083 0.000000
v 96.900024 100.232178 0.000000
v 96.891953 100.262772 0.000000
v 96.910995 100.181412 0.000000
v 96.906387 100.205032 0.000000
v 96.913834 100.161453 0.000000
v 96.912231 100.174667 0.000000
v 96.914520 100.155807 0.000000
v 96.914520 100.155807 0.787750
v 96.912231 100.174667 0.787750
v 96.908127 100.197205 0.787750
v 96.908127 100.197205 0.000000
v 96.902283 100.223328 0.000000
v 96.902283 100.223328 0.787750
v 96.894714 100.252899 0.000000
v 96.894714 100.252899 0.787750
v 96.885468 100.285858 0.000000
v 96.885468 100.285858 0.787750
v 96.777328 100.602066 0.787750
v 96.733688 100.716782 0.787750
v 96.685013 100.840805 0.787750
v 96.733688 100.716782 0.000000
v 96.685013 100.840805 0.000000
v 96.631607 100.973282 0.000000
v 96.631607 100.973282 0.787750
v 96.573807 101.113403 0.000000
v 96.573807 101.113403 0.787750
v 94.987488 100.271423 0.787750
v 95.042374 100.264969 0.000000
v 95.170807 100.249908 0.787750
v 95.350403 100.229797 0.787750
v 95.350403 100.229797 0.000000
v 95.525284 100.211166 0.000000
v 95.694397 100.194016 0.000000
v 95.743011 100.189346 0.000000
v 95.856750 100.178406 0.000000
v 96.011322 100.164368 0.000000
v 96.054977 100.160645 0.000000
v 96.157089 100.151947 0.000000
v 96.293030 100.141174 0.000000
v 96.330490 100.138458 0.000000
v 96.418137 100.132095 0.000000
v 96.531387 100.124756 0.000000
v 96.561447 100.123093 0.000000
v 96.645248 100.118546 0.000000
v 96.676804 100.117081 0.000000
v 96.631760 100.119186 0.000000
v 96.689209 100.116577 0.000000
v 96.718246 100.115417 0.787750
v 96.729538 100.115067 0.000000
v 96.755951 100.114227 0.000000
v 96.766083 100.114014 0.000000
v 96.789810 100.113510 0.787750
v 96.798752 100.113434 0.000000
v 96.819687 100.113266 0.787750
v 96.819687 100.113266 0.000000
v 96.851898 100.113693 0.000000
v 96.827393 100.113327 0.000000
v 96.866974 100.114197 0.787750
v 96.872116 100.114563 0.000000
v 96.884140 100.115387 0.787750
v 96.884140 100.115387 0.000000
v 96.896820 100.117081 0.000000
v 96.899231 100.117737 0.000000
v 96.908157 100.120575 0.000000
v 96.910187 100.122360 0.000000
v 94.980682 94.603424 0.787750
v 90.962891 96.286636 0.000000
v 90.926056 96.310272 0.000000
v 90.932343 96.326752 0.000000
v 90.928787 96.318970 0.000000
v 90.933868 96.330093 0.000000
v 90.933868 96.330093 0.787750
v 90.941360 96.344345 0.787750
v 90.941360 96.344345 0.000000
v 90.948227 96.356461 0.000000
v 90.951172 96.361633 0.787750
v 89.905594 97.234421 0.787750
v 90.951172 96.361633 0.000000
v 90.959610 96.375793 0.000000
v 90.963226 96.381851 0.787750
v 90.963226 96.381851 0.000000
v 90.984634 96.416046 0.000000
v 90.993790 96.430664 0.787750
v 90.993790 96.430664 0.000000
v 91.020889 96.472244 0.000000
v 91.032471 96.490005 0.787750
v 91.032471 96.490005 0.000000
v 91.064835 96.538376 0.000000
v 91.078674 96.559052 0.787750
v 90.080048 97.443710 0.787750
v 91.078674 96.559052 0.000000
v 91.115906 96.613663 0.000000
v 91.131821 96.636993 0.787750
v 91.131821 96.636993 0.000000
v 91.173508 96.697266 0.000000
v 91.191330 96.723022 0.787750
v 91.191330 96.723022 0.000000
v 91.256592 96.816345 0.787750
v 91.256592 96.816345 0.000000
v 91.327042 96.916138 0.787750
v 91.327042 96.916138 0.000000
v 91.402084 97.021606 0.787750
v 90.381317 97.829361 0.787750
v 90.928787 96.318970 0.787750
v 89.852036 97.179153 0.787750
v 90.926163 96.311081 0.787750
v 90.927994 96.316605 0.000000
v 90.929291 96.302933 0.000000
v 90.934784 96.299149 0.000000
v 90.946548 96.293076 0.000000
v 90.760391 98.333801 0.000000
v 136.465668 84.801208 78.440697
v 142.657227 110.508026 76.814659
v 158.114014 86.943375 78.761398
v 158.072754 86.230865 66.983734
v 152.497253 108.645065 76.960457
v 158.274841 101.339783 65.724548
v 142.383118 104.348175 65.600601
v 142.181000 84.658478 66.859818
v 145.276001 88.750015 18.533234
v 158.730652 85.668823 18.549767
v 163.953796 97.665680 10.840744
v 164.867126 96.989731 5.362030
v 151.758545 104.500229 10.824203
v 154.570160 112.239365 11.694679
v 144.454071 85.689926 9.940887
v 150.150024 104.127975 5.344757
v 157.683228 82.997284 9.955353
v 156.737183 82.009628 0.000000
v 165.270630 96.807098 0.000000
v 168.180908 104.396805 6.505585
v 168.804596 104.092285 0.000000
v 166.765442 105.404816 11.711212
v 171.131165 112.578522 10.024399
v 158.935913 119.413086 10.007858
v 158.743042 121.850784 4.579819
v 153.463776 111.535034 6.488297
v 157.162354 123.121017 0.000000
v 152.817841 110.926834 0.000000
v 149.283875 103.641647 0.000000
v 144.859222 84.084641 0.000000
v 174.548157 115.831909 0.000000
v 173.460144 114.712540 4.597092
v 168.895874 94.818375 159.710251
v 165.844971 107.926407 159.077911
v 170.153534 104.113266 133.915070
v 157.029236 105.964798 156.125778
v 164.067200 103.339081 132.124359
v 164.891113 95.996094 131.508499
v 172.080566 96.859512 133.143326
v 173.940033 94.335068 126.237320
v 173.324890 109.441330 126.958771
v 166.199738 107.829056 125.544998
v 166.719513 111.021744 120.972656
v 165.853760 92.536972 124.959297
v 169.190125 93.091629 115.567535
v 176.970703 94.889740 116.600922
v 174.929504 110.292999 116.954834
v 174.939362 107.720398 107.758110
v 171.881165 112.331940 123.566879
v 174.142548 113.040802 116.534882
v 167.733124 115.719757 113.386780
v 171.100464 116.751053 114.024971
v 169.752777 114.521149 110.115471
v 168.980927 111.730606 113.940643
v 173.120117 115.552444 110.753639
v 168.110016 108.680725 115.785667
v 172.911865 96.533386 106.209854
v 172.500214 106.653427 106.812119
v 175.838684 97.723328 106.918503
v 175.575653 100.002991 104.778015
v 175.099792 105.292236 105.222244
v 173.809296 104.727722 104.721718
v 174.027100 99.373398 104.403069
v 83.576248 93.631561 168.193451
v 86.538147 106.098114 166.940460
v 81.104156 94.818390 159.710251
v 84.155060 107.926422 159.077927
v 91.498688 93.714111 157.313232
v 77.919479 96.859543 133.143326
v 94.334641 104.230087 164.211807
v 92.970749 105.964813 156.125793
v 85.108994 95.996124 131.508499
v 85.932846 103.339111 132.124344
v 79.846497 104.113281 133.915039
v 83.800262 107.829086 125.544968
v 76.675095 109.441345 126.958771
v 76.059982 94.335098 126.237297
v 75.070526 110.293030 116.954819
v 84.146286 92.537003 124.959274
v 73.029297 94.889771 116.600891
v 80.809921 93.091675 115.567513
v 81.889969 108.680756 115.785660
v 77.088135 96.533432 106.209831
v 81.019089 111.730637 113.940651
v 75.857468 113.040833 116.534882
v 83.280457 111.021774 120.972656
v 80.247284 114.521179 110.115471
v 78.118835 112.331970 123.566879
v 82.266922 115.719788 113.386780
v 78.899582 116.751083 114.024971
v 77.499802 106.653473 106.812103
v 75.060638 107.720444 107.758110
v 76.190704 104.727768 104.721710
v 74.161316 97.723373 106.918503
v 74.900208 105.292282 105.222229
v 74.424393 100.003021 104.778023
v 75.972900 99.373444 104.403061
v 76.879913 115.552475 110.753647
f 1 2 3
f 4 2 1
f 2 5 3
f 1 3 6
f 7 6 3
f 1 6 8
f 7 8 6
f 1 8 4
f 4 8 9
f 10 9 8
f 4 9 11
f 11 9 12
f 13 4 11
f 13 14 4
f 13 11 15
f 15 11 16
f 17 13 15
f 18 13 17
f 17 15 19
f 19 15 20
f 17 19 21
f 19 22 21
f 17 21 23
f 23 21 24
f 17 23 25
f 26 25 23
f 17 25 27
f 28 27 25
f 17 27 29
f 27 30 29
f 17 29 31
f 29 32 31
f 31 18 17
f 32 18 31
f 32 33 18
f 32 34 33
f 33 13 18
f 33 35 13
f 33 36 35
f 35 37 13
f 35 36 37
f 13 37 14
f 37 38 14
f 37 39 38
f 14 38 40
f 41 40 38
f 14 40 2
f 2 40 5
f 4 14 2
f 41 5 40
f 42 5 41
f 42 3 5
f 43 42 41
f 10 42 43
f 43 41 44
f 45 44 41
f 46 43 44
f 23 43 46
f 46 44 47
f 48 47 44
f 49 46 47
f 49 50 46
f 48 49 47
f 49 48 51
f 48 45 51
f 49 51 52
f 51 53 52
f 54 49 52
f 55 49 54
f 54 52 56
f 52 57 56
f 58 54 56
f 59 54 58
f 58 56 60
f 56 61 60
f 62 58 60
f 63 58 62
f 62 60 64
f 60 65 64
f 62 64 66
f 66 64 67
f 62 66 68
f 68 66 69
f 63 62 68
f 63 68 70
f 70 68 71
f 29 63 70
f 29 59 63
f 29 70 32
f 32 70 34
f 70 71 34
f 34 71 72
f 71 73 72
f 34 72 36
f 36 72 39
f 33 34 36
f 72 38 39
f 36 39 37
f 72 74 38
f 72 75 74
f 74 76 38
f 74 77 76
f 38 76 77
f 38 77 78
f 77 79 78
f 38 78 80
f 78 81 80
f 41 38 80
f 80 82 41
f 80 83 82
f 82 84 41
f 82 85 84
f 84 45 41
f 84 86 45
f 85 86 84
f 45 86 87
f 85 87 86
f 45 87 88
f 88 87 85
f 88 51 45
f 88 89 51
f 90 89 88
f 89 91 51
f 89 92 91
f 51 91 53
f 92 53 91
f 92 93 53
f 94 93 92
f 52 53 93
f 52 93 94
f 94 95 52
f 94 96 95
f 52 95 57
f 96 57 95
f 96 61 57
f 60 61 96
f 56 57 61
f 60 96 94
f 94 97 60
f 94 98 97
f 60 97 65
f 99 65 97
f 64 65 99
f 99 97 98
f 100 99 98
f 64 99 100
f 100 98 94
f 94 101 100
f 94 102 101
f 100 101 103
f 103 101 102
f 100 103 104
f 104 103 105
f 100 104 106
f 104 107 106
f 100 106 108
f 106 109 108
f 110 100 108
f 100 110 111
f 110 108 109
f 112 110 109
f 110 112 113
f 112 109 107
f 106 107 109
f 104 112 107
f 90 112 104
f 90 114 112
f 90 104 89
f 104 105 89
f 89 105 102
f 103 102 105
f 89 102 94
f 94 92 89
f 114 90 115
f 114 75 112
f 114 77 75
f 112 75 116
f 75 117 116
f 112 116 113
f 113 116 117
f 113 117 118
f 73 118 117
f 110 113 118
f 73 110 118
f 110 73 119
f 73 120 119
f 110 119 121
f 121 119 120
f 66 110 121
f 110 66 122
f 66 121 123
f 121 120 123
f 69 66 123
f 69 123 120
f 73 69 120
f 71 69 73
f 68 69 71
f 66 67 122
f 110 122 111
f 124 111 122
f 100 111 124
f 124 122 67
f 64 124 67
f 64 100 124
f 75 73 117
f 72 73 75
f 77 114 125
f 74 75 77
f 114 81 125
f 77 125 79
f 81 79 125
f 81 78 79
f 114 80 81
f 80 114 126
f 114 115 126
f 80 126 127
f 128 127 126
f 83 80 127
f 83 127 128
f 90 83 128
f 90 129 83
f 90 128 115
f 128 126 115
f 90 130 129
f 83 129 131
f 129 132 131
f 83 131 82
f 82 131 132
f 82 132 88
f 88 132 130
f 88 85 82
f 129 130 132
f 88 130 90
f 29 30 59
f 63 59 58
f 30 55 59
f 30 28 55
f 59 55 54
f 28 30 27
f 28 50 55
f 28 26 50
f 55 50 49
f 26 28 25
f 50 26 23
f 50 23 46
f 48 133 45
f 133 48 44
f 45 133 44
f 23 10 43
f 23 24 10
f 10 24 9
f 24 12 9
f 24 134 12
f 24 135 134
f 134 136 12
f 134 137 136
f 138 12 136
f 11 12 138
f 138 136 139
f 139 136 140
f 141 138 139
f 11 138 141
f 141 139 142
f 142 139 143
f 144 141 142
f 141 144 145
f 144 142 146
f 146 142 147
f 20 144 146
f 20 148 144
f 20 146 149
f 149 146 150
f 151 20 149
f 19 20 151
f 151 149 152
f 152 149 153
f 151 152 154
f 152 155 154
f 151 154 22
f 22 154 156
f 19 151 22
f 154 157 156
f 22 156 158
f 158 156 159
f 22 158 160
f 158 161 160
f 22 160 21
f 21 160 162
f 160 163 162
f 21 162 24
f 24 162 135
f 162 164 135
f 162 163 164
f 135 164 165
f 164 166 165
f 135 165 158
f 158 165 161
f 158 159 135
f 135 159 137
f 159 167 137
f 135 137 134
f 159 168 167
f 137 167 140
f 167 169 140
f 137 140 136
f 167 170 169
f 143 140 169
f 139 140 143
f 143 169 171
f 171 169 172
f 147 143 171
f 142 143 147
f 147 171 173
f 173 171 172
f 150 147 173
f 146 147 150
f 150 173 174
f 174 173 175
f 153 150 174
f 149 150 153
f 153 174 176
f 176 174 177
f 178 153 176
f 152 153 178
f 178 176 179
f 179 176 180
f 178 179 181
f 179 182 181
f 178 181 155
f 155 181 183
f 152 178 155
f 181 184 183
f 155 183 157
f 157 183 185
f 154 155 157
f 183 186 185
f 157 185 168
f 168 185 170
f 156 157 168
f 156 168 159
f 185 187 170
f 168 170 167
f 185 186 187
f 170 187 169
f 187 188 169
f 187 189 188
f 169 188 172
f 172 188 189
f 172 189 180
f 179 180 189
f 172 180 190
f 180 191 190
f 172 190 192
f 192 190 193
f 175 172 192
f 173 172 175
f 175 192 194
f 194 192 195
f 177 175 194
f 174 175 177
f 177 194 191
f 191 194 196
f 180 177 191
f 176 177 180
f 194 195 196
f 191 196 197
f 197 196 198
f 190 191 197
f 190 197 193
f 193 197 199
f 197 198 199
f 193 199 200
f 200 199 201
f 195 193 200
f 192 193 195
f 195 200 202
f 202 200 203
f 196 195 202
f 196 202 198
f 198 202 204
f 202 205 204
f 198 204 206
f 206 204 207
f 208 198 206
f 199 198 208
f 208 206 209
f 209 206 210
f 211 208 209
f 201 208 211
f 211 209 212
f 212 209 213
f 214 211 212
f 215 211 214
f 216 214 212
f 216 217 214
f 216 212 218
f 212 219 218
f 220 216 218
f 220 221 216
f 222 220 218
f 222 221 220
f 223 222 218
f 223 224 222
f 225 223 218
f 225 226 223
f 227 225 218
f 227 226 225
f 228 227 218
f 228 229 227
f 230 228 218
f 230 231 228
f 230 218 232
f 218 233 232
f 234 230 232
f 234 235 230
f 236 234 232
f 236 237 234
f 238 236 232
f 238 239 236
f 240 238 232
f 240 239 238
f 241 240 232
f 241 242 240
f 243 241 232
f 243 242 241
f 244 243 232
f 244 245 243
f 246 244 232
f 246 245 244
f 247 246 232
f 247 248 246
f 249 247 232
f 249 250 247
f 251 249 232
f 251 252 249
f 253 251 232
f 253 254 251
f 255 253 232
f 255 256 253
f 257 255 232
f 257 256 255
f 258 257 232
f 258 259 257
f 260 258 232
f 260 261 258
f 262 260 232
f 262 261 260
f 263 262 232
f 263 264 262
f 265 263 232
f 265 266 263
f 267 265 232
f 267 266 265
f 268 267 232
f 268 269 267
f 270 268 232
f 270 271 268
f 272 270 232
f 272 271 270
f 273 272 232
f 273 274 272
f 275 273 232
f 275 274 273
f 276 275 232
f 276 277 275
f 278 276 232
f 278 277 276
f 279 278 232
f 279 280 278
f 281 279 232
f 281 280 279
f 282 281 232
f 282 283 281
f 284 282 232
f 284 283 282
f 285 284 232
f 285 286 284
f 287 285 232
f 287 286 285
f 288 287 232
f 288 289 287
f 290 288 232
f 290 291 288
f 292 290 232
f 292 293 290
f 294 292 232
f 294 295 292
f 296 294 232
f 296 297 294
f 298 296 232
f 298 299 296
f 300 298 232
f 300 299 298
f 301 300 232
f 301 302 300
f 303 301 232
f 303 304 301
f 305 303 232
f 305 304 303
f 306 305 232
f 306 307 305
f 308 306 232
f 308 309 306
f 310 308 232
f 310 311 308
f 312 310 232
f 312 313 310
f 314 312 232
f 314 313 312
f 315 314 232
f 315 316 314
f 317 315 232
f 317 318 315
f 319 317 232
f 319 320 317
f 321 319 232
f 321 320 319
f 322 321 232
f 322 323 321
f 322 232 324
f 232 325 324
f 326 322 324
f 326 327 322
f 326 324 328
f 328 324 329
f 330 326 328
f 330 331 326
f 330 328 332
f 332 328 333
f 334 330 332
f 334 331 330
f 334 332 335
f 332 336 335
f 337 334 335
f 337 338 334
f 337 335 339
f 339 335 340
f 341 337 339
f 341 338 337
f 341 339 342
f 342 339 343
f 344 341 342
f 344 345 341
f 344 342 346
f 346 342 343
f 347 344 346
f 347 345 344
f 347 346 348
f 348 346 349
f 350 347 348
f 350 351 347
f 350 348 352
f 348 353 352
f 354 350 352
f 354 355 350
f 354 352 356
f 356 352 357
f 358 354 356
f 358 355 354
f 358 356 359
f 359 356 360
f 361 358 359
f 361 362 358
f 363 361 359
f 363 364 361
f 365 363 359
f 365 366 363
f 365 359 367
f 359 368 367
f 369 365 367
f 369 366 365
f 370 369 367
f 370 371 369
f 372 370 367
f 372 371 370
f 373 372 367
f 373 374 372
f 375 373 367
f 375 376 373
f 375 367 377
f 377 367 378
f 379 375 377
f 379 376 375
f 379 377 380
f 380 377 381
f 382 379 380
f 382 383 379
f 382 380 384
f 384 380 381
f 385 382 384
f 385 386 382
f 385 384 387
f 387 384 388
f 389 385 387
f 389 386 385
f 390 389 387
f 390 391 389
f 392 390 387
f 392 391 390
f 392 387 393
f 387 394 393
f 395 392 393
f 395 396 392
f 397 395 393
f 397 396 395
f 398 397 393
f 398 399 397
f 398 393 400
f 393 401 400
f 402 398 400
f 402 403 398
f 402 400 404
f 400 405 404
f 406 402 404
f 406 403 402
f 407 406 404
f 407 408 406
f 409 407 404
f 409 408 407
f 409 404 410
f 404 411 410
f 412 409 410
f 412 413 409
f 412 410 414
f 414 410 415
f 416 412 414
f 416 413 412
f 416 414 417
f 417 414 418
f 419 416 417
f 419 420 416
f 419 417 421
f 417 422 421
f 423 419 421
f 423 424 419
f 423 421 425
f 421 426 425
f 427 423 425
f 427 424 423
f 428 427 425
f 428 429 427
f 430 428 425
f 430 431 428
f 430 425 432
f 432 425 433
f 434 430 432
f 434 431 430
f 434 432 435
f 435 432 436
f 437 434 435
f 437 438 434
f 437 435 439
f 439 435 436
f 440 437 439
f 440 438 437
f 440 439 441
f 441 439 442
f 443 440 441
f 443 444 440
f 443 441 445
f 445 441 442
f 446 443 445
f 446 447 443
f 446 445 448
f 448 445 449
f 450 446 448
f 450 447 446
f 450 448 451
f 451 448 449
f 452 450 451
f 452 453 450
f 452 451 454
f 454 451 455
f 456 452 454
f 456 453 452
f 456 454 457
f 454 458 457
f 459 456 457
f 459 460 456
f 459 457 461
f 461 457 462
f 463 459 461
f 463 460 459
f 463 461 464
f 464 461 465
f 466 463 464
f 466 467 463
f 466 464 468
f 464 469 468
f 470 466 468
f 470 467 466
f 470 468 471
f 468 472 471
f 473 470 471
f 473 474 470
f 473 471 475
f 475 471 476
f 477 473 475
f 477 478 473
f 477 475 479
f 479 475 480
f 481 477 479
f 481 478 477
f 481 479 482
f 479 483 482
f 484 481 482
f 484 485 481
f 484 482 486
f 486 482 487
f 488 484 486
f 488 489 484
f 488 486 490
f 490 486 491
f 492 488 490
f 492 489 488
f 493 492 490
f 493 494 492
f 495 493 490
f 495 496 493
f 497 495 490
f 497 496 495
f 497 490 498
f 490 499 498
f 500 497 498
f 500 501 497
f 502 500 498
f 502 501 500
f 503 502 498
f 503 504 502
f 505 503 498
f 505 506 503
f 507 505 498
f 507 506 505
f 508 507 498
f 508 509 507
f 510 508 498
f 510 511 508
f 512 510 498
f 512 513 510
f 514 512 498
f 514 513 512
f 514 498 515
f 498 516 515
f 517 514 515
f 517 518 514
f 519 517 515
f 519 520 517
f 521 519 515
f 521 522 519
f 523 521 515
f 523 524 521
f 525 523 515
f 525 526 523
f 527 525 515
f 527 526 525
f 528 527 515
f 528 529 527
f 530 528 515
f 530 531 528
f 532 530 515
f 532 531 530
f 533 532 515
f 532 533 534
f 535 533 515
f 533 535 536
f 537 535 515
f 535 537 536
f 538 537 515
f 537 538 539
f 540 538 515
f 538 540 539
f 541 540 515
f 540 541 542
f 543 541 515
f 543 544 541
f 545 543 515
f 545 546 543
f 547 545 515
f 547 548 545
f 549 547 515
f 549 550 547
f 551 549 515
f 549 551 552
f 553 551 515
f 551 553 554
f 555 553 515
f 553 555 554
f 556 555 515
f 555 556 557
f 556 515 558
f 515 559 558
f 560 556 558
f 560 561 556
f 562 560 558
f 562 563 560
f 564 562 558
f 564 565 562
f 566 564 558
f 564 566 567
f 568 566 558
f 566 568 569
f 558 570 568
f 558 571 570
f 570 572 568
f 572 570 573
f 568 572 569
f 572 573 569
f 569 573 574
f 573 575 574
f 567 569 574
f 566 569 567
f 576 567 574
f 565 567 576
f 577 576 574
f 576 577 563
f 557 577 574
f 561 577 557
f 554 557 574
f 555 557 554
f 552 554 574
f 551 554 552
f 578 552 574
f 550 552 578
f 579 578 574
f 548 578 579
f 580 579 574
f 546 579 580
f 542 580 574
f 544 580 542
f 539 542 574
f 540 542 539
f 536 539 574
f 537 539 536
f 534 536 574
f 533 536 534
f 531 534 574
f 532 534 531
f 581 531 574
f 528 531 581
f 526 581 574
f 527 581 526
f 582 526 574
f 582 583 526
f 574 584 582
f 584 574 585
f 519 582 584
f 522 582 519
f 519 584 520
f 520 584 517
f 517 584 585
f 517 585 518
f 518 585 514
f 514 585 513
f 585 574 513
f 574 586 513
f 586 574 587
f 510 513 586
f 510 586 511
f 511 586 508
f 508 586 587
f 508 587 509
f 509 587 507
f 507 587 506
f 587 574 506
f 574 588 506
f 588 574 501
f 503 506 588
f 503 588 504
f 504 588 502
f 502 588 501
f 501 574 496
f 574 589 496
f 497 501 496
f 589 574 489
f 493 496 589
f 493 589 494
f 494 589 492
f 492 589 489
f 489 574 590
f 574 478 590
f 484 489 590
f 484 590 485
f 485 590 481
f 481 590 478
f 478 574 591
f 591 574 467
f 473 478 591
f 473 591 474
f 474 591 470
f 470 591 467
f 574 460 467
f 460 574 453
f 463 467 460
f 453 574 447
f 456 460 453
f 574 592 447
f 450 453 447
f 593 592 574
f 592 594 447
f 594 592 438
f 443 447 594
f 443 594 444
f 444 594 440
f 440 594 438
f 438 592 431
f 592 595 431
f 434 438 431
f 595 592 424
f 428 431 595
f 428 595 429
f 429 595 427
f 427 595 424
f 424 592 596
f 592 413 596
f 419 424 596
f 419 596 420
f 420 596 416
f 416 596 413
f 413 592 408
f 408 592 403
f 409 413 408
f 592 597 403
f 406 408 403
f 597 592 396
f 398 403 597
f 398 597 399
f 399 597 397
f 397 597 396
f 396 592 391
f 592 386 391
f 392 396 391
f 386 592 598
f 389 391 386
f 598 592 376
f 382 386 598
f 382 598 383
f 383 598 379
f 379 598 376
f 592 599 376
f 599 592 299
f 373 376 599
f 373 599 374
f 374 599 372
f 372 599 371
f 371 599 600
f 600 599 299
f 304 371 600
f 366 371 304
f 301 304 600
f 301 600 302
f 302 600 300
f 300 600 299
f 369 371 366
f 601 366 304
f 602 366 601
f 305 601 304
f 307 601 305
f 306 601 307
f 306 603 601
f 309 603 306
f 603 602 601
f 604 602 603
f 361 602 604
f 605 604 603
f 355 604 605
f 308 605 603
f 311 605 308
f 308 603 309
f 310 605 311
f 310 313 605
f 313 355 605
f 606 355 313
f 350 355 606
f 607 606 313
f 345 606 607
f 314 607 313
f 316 607 314
f 315 607 316
f 315 608 607
f 318 608 315
f 608 345 607
f 338 345 608
f 341 345 338
f 320 338 608
f 338 320 609
f 317 320 608
f 317 608 318
f 321 609 320
f 338 609 610
f 322 610 609
f 610 331 338
f 326 331 610
f 334 338 331
f 326 610 327
f 327 610 322
f 322 609 323
f 323 609 321
f 347 606 345
f 351 606 347
f 350 606 351
f 358 604 355
f 362 604 358
f 361 604 362
f 364 602 361
f 363 602 364
f 363 366 602
f 299 592 611
f 592 612 611
f 296 299 611
f 296 611 297
f 297 611 294
f 294 611 612
f 294 612 295
f 295 612 292
f 292 612 613
f 612 592 613
f 292 613 293
f 293 613 290
f 290 613 614
f 615 614 613
f 290 614 291
f 291 614 288
f 288 614 616
f 614 615 616
f 288 616 289
f 289 616 287
f 287 616 286
f 616 615 286
f 615 283 286
f 283 615 280
f 284 286 283
f 280 615 277
f 281 283 280
f 615 274 277
f 278 280 277
f 274 615 271
f 275 277 274
f 271 615 617
f 272 274 271
f 615 618 617
f 268 271 617
f 268 617 269
f 269 617 267
f 267 617 266
f 617 618 266
f 266 618 619
f 618 620 619
f 263 266 619
f 263 619 264
f 264 619 262
f 262 619 261
f 261 619 620
f 621 261 620
f 622 261 621
f 623 621 620
f 623 624 621
f 625 623 620
f 623 625 626
f 626 625 620
f 626 620 618
f 627 626 618
f 623 626 627
f 628 627 618
f 629 627 628
f 628 618 615
f 630 628 615
f 628 630 631
f 630 615 632
f 632 615 633
f 630 632 631
f 634 631 632
f 631 634 635
f 634 632 636
f 636 632 637
f 634 636 638
f 636 637 638
f 634 638 639
f 638 640 639
f 634 639 641
f 639 642 641
f 643 634 641
f 643 644 634
f 643 641 645
f 641 646 645
f 647 643 645
f 647 648 643
f 645 649 647
f 645 650 649
f 649 651 647
f 649 652 651
f 651 653 647
f 651 654 653
f 653 655 647
f 655 653 656
f 647 655 656
f 647 656 657
f 656 658 657
f 659 647 657
f 647 659 660
f 660 659 657
f 660 657 661
f 657 658 661
f 662 660 661
f 660 662 663
f 663 662 661
f 663 661 664
f 658 664 661
f 665 663 664
f 663 665 666
f 666 665 664
f 666 664 667
f 664 658 667
f 668 666 667
f 666 668 648
f 648 668 667
f 648 667 669
f 667 658 669
f 670 648 669
f 648 670 671
f 671 670 669
f 671 669 672
f 658 672 669
f 673 671 672
f 671 673 674
f 674 673 672
f 674 672 675
f 672 658 675
f 676 674 675
f 674 676 677
f 677 676 675
f 677 675 678
f 675 658 678
f 679 677 678
f 677 679 643
f 643 679 678
f 643 678 680
f 658 680 678
f 681 643 680
f 643 681 682
f 682 681 680
f 682 680 683
f 680 658 683
f 684 682 683
f 682 684 644
f 644 684 683
f 644 683 685
f 683 658 685
f 686 644 685
f 644 686 687
f 687 686 685
f 687 685 688
f 658 688 685
f 689 687 688
f 687 689 634
f 688 635 689
f 688 690 635
f 634 689 635
f 688 658 690
f 691 635 690
f 635 691 692
f 692 691 690
f 692 690 693
f 690 658 693
f 694 692 693
f 692 694 695
f 695 694 693
f 695 693 696
f 658 696 693
f 697 695 696
f 695 697 698
f 698 697 696
f 698 696 699
f 696 658 699
f 700 698 699
f 698 700 701
f 701 700 699
f 701 699 702
f 699 658 702
f 703 701 702
f 701 703 704
f 704 703 702
f 704 702 705
f 221 705 702
f 706 704 705
f 704 706 707
f 707 706 705
f 707 705 708
f 705 221 708
f 709 707 708
f 707 709 710
f 710 709 708
f 710 708 711
f 708 221 711
f 712 710 711
f 710 712 713
f 713 712 711
f 713 711 714
f 221 714 711
f 715 713 714
f 713 715 716
f 716 715 714
f 716 714 717
f 714 221 717
f 718 716 717
f 716 718 719
f 719 718 717
f 719 717 720
f 717 221 720
f 721 719 720
f 719 721 722
f 722 721 720
f 722 720 723
f 720 724 723
f 725 722 723
f 722 725 726
f 726 725 723
f 726 723 727
f 723 724 727
f 728 726 727
f 726 728 729
f 729 728 727
f 729 727 730
f 727 731 730
f 732 729 730
f 729 732 733
f 733 732 730
f 733 730 734
f 730 735 734
f 736 733 734
f 733 736 737
f 737 736 734
f 737 734 738
f 734 242 738
f 739 737 738
f 737 739 740
f 741 739 738
f 739 741 740
f 741 738 742
f 738 245 742
f 743 741 742
f 741 743 740
f 740 743 742
f 740 742 744
f 742 245 744
f 745 740 744
f 740 745 746
f 746 745 744
f 746 744 747
f 748 747 744
f 749 746 747
f 746 749 750
f 750 749 747
f 750 747 751
f 747 748 751
f 752 750 751
f 750 752 753
f 753 752 751
f 753 751 754
f 751 748 754
f 755 753 754
f 753 755 756
f 756 755 754
f 756 754 757
f 754 758 757
f 759 756 757
f 756 759 760
f 760 759 757
f 760 757 761
f 757 762 761
f 763 760 761
f 760 763 764
f 764 763 761
f 764 761 765
f 761 762 765
f 766 764 765
f 764 766 767
f 767 766 765
f 767 765 768
f 765 769 768
f 770 767 768
f 767 770 629
f 629 770 768
f 629 768 771
f 768 769 771
f 772 629 771
f 629 772 773
f 773 772 771
f 773 771 774
f 771 256 774
f 775 773 774
f 773 775 776
f 776 775 774
f 776 774 777
f 774 622 777
f 778 776 777
f 776 778 779
f 779 778 777
f 779 777 621
f 777 622 621
f 624 779 621
f 779 624 623
f 776 779 623
f 629 776 623
f 629 773 776
f 629 623 627
f 256 622 774
f 257 622 256
f 259 622 257
f 258 622 259
f 258 261 622
f 769 256 771
f 253 256 769
f 253 769 254
f 254 769 251
f 251 769 762
f 762 769 765
f 251 762 252
f 252 762 249
f 249 762 758
f 758 762 757
f 249 758 250
f 250 758 247
f 247 758 748
f 748 758 754
f 247 748 248
f 248 748 246
f 246 748 245
f 245 748 744
f 764 767 629
f 756 764 629
f 756 760 764
f 740 756 629
f 740 750 756
f 733 740 629
f 733 737 740
f 726 733 629
f 726 729 733
f 713 726 629
f 713 719 726
f 629 635 713
f 629 628 635
f 635 701 713
f 635 695 701
f 701 707 713
f 701 704 707
f 707 710 713
f 635 692 695
f 695 698 701
f 628 631 635
f 713 716 719
f 719 722 726
f 740 746 750
f 750 753 756
f 242 245 738
f 243 245 242
f 239 242 734
f 240 242 239
f 780 239 734
f 236 239 780
f 735 780 734
f 234 780 735
f 237 780 234
f 234 735 235
f 235 735 230
f 230 735 781
f 781 735 730
f 230 781 231
f 231 781 228
f 228 781 731
f 731 781 730
f 228 731 229
f 229 731 227
f 227 731 226
f 226 731 727
f 724 226 727
f 223 226 724
f 223 724 224
f 224 724 222
f 222 724 221
f 221 724 720
f 236 780 237
f 658 221 702
f 216 221 658
f 216 658 217
f 214 217 658
f 214 658 782
f 782 658 783
f 215 214 782
f 215 782 784
f 782 785 784
f 215 784 786
f 784 787 786
f 215 786 788
f 788 786 789
f 215 788 790
f 790 788 791
f 215 790 792
f 792 790 791
f 215 792 793
f 793 792 794
f 215 793 795
f 795 793 794
f 215 795 796
f 796 795 797
f 215 796 798
f 798 796 797
f 215 798 799
f 799 798 800
f 215 799 801
f 801 799 800
f 215 801 802
f 802 801 803
f 215 802 804
f 802 805 804
f 215 804 806
f 804 807 806
f 215 806 808
f 806 809 808
f 215 808 810
f 810 808 811
f 215 810 812
f 812 810 813
f 215 812 814
f 812 815 814
f 215 814 816
f 816 814 817
f 215 816 818
f 818 816 819
f 215 818 820
f 820 818 819
f 215 820 821
f 821 820 822
f 215 821 823
f 823 821 822
f 215 823 824
f 824 823 825
f 215 824 826
f 826 824 825
f 215 826 827
f 827 826 828
f 215 827 829
f 827 830 829
f 215 829 831
f 831 829 832
f 215 831 833
f 833 831 834
f 215 833 835
f 835 833 834
f 215 835 836
f 836 835 837
f 215 836 838
f 838 836 837
f 215 838 839
f 839 838 840
f 215 839 841
f 839 842 841
f 215 841 843
f 841 844 843
f 215 843 845
f 845 843 846
f 215 845 847
f 847 845 848
f 215 847 849
f 849 847 848
f 215 849 850
f 850 849 851
f 215 850 852
f 850 853 852
f 215 852 854
f 854 852 855
f 215 854 856
f 856 854 857
f 215 856 858
f 856 859 858
f 215 858 860
f 858 861 860
f 860 862 215
f 862 860 863
f 862 864 215
f 864 862 865
f 864 866 215
f 866 864 865
f 866 867 215
f 867 866 868
f 867 869 215
f 869 867 868
f 869 870 215
f 870 869 871
f 870 872 215
f 870 873 872
f 872 874 215
f 874 872 875
f 874 876 215
f 876 874 877
f 876 878 215
f 876 879 878
f 878 880 215
f 878 881 880
f 880 882 215
f 882 880 883
f 882 884 215
f 884 882 885
f 884 886 215
f 884 887 886
f 886 888 215
f 888 886 889
f 888 890 215
f 890 888 891
f 890 892 215
f 892 890 891
f 892 893 215
f 893 892 894
f 893 895 215
f 893 896 895
f 895 897 215
f 895 898 897
f 897 899 215
f 899 897 900
f 899 901 215
f 901 899 902
f 901 903 215
f 901 904 903
f 903 905 215
f 905 903 906
f 905 907 215
f 907 905 908
f 907 909 215
f 907 910 909
f 909 911 215
f 909 912 911
f 911 913 215
f 913 911 914
f 913 915 215
f 915 913 916
f 915 917 215
f 917 915 916
f 917 918 215
f 918 917 919
f 918 920 215
f 918 921 920
f 920 922 215
f 922 920 923
f 922 924 215
f 924 922 925
f 924 926 215
f 926 924 925
f 926 927 215
f 927 926 928
f 927 929 215
f 927 930 929
f 929 931 215
f 929 932 931
f 931 558 215
f 931 933 558
f 558 934 215
f 935 934 558
f 203 215 934
f 203 201 215
f 935 203 934
f 202 203 935
f 202 935 205
f 935 936 205
f 935 558 936
f 205 936 937
f 938 937 936
f 205 937 939
f 213 939 937
f 204 205 939
f 204 939 207
f 210 207 939
f 206 207 210
f 210 939 213
f 209 210 213
f 213 937 938
f 212 213 938
f 940 212 938
f 212 940 219
f 941 940 938
f 940 941 942
f 943 941 938
f 943 942 941
f 944 943 938
f 944 942 943
f 945 944 938
f 945 946 944
f 947 945 938
f 947 948 945
f 949 947 938
f 949 948 947
f 950 949 938
f 950 951 949
f 952 950 938
f 952 953 950
f 954 952 938
f 954 955 952
f 956 954 938
f 956 955 954
f 957 956 938
f 957 958 956
f 959 957 938
f 959 958 957
f 960 959 938
f 960 961 959
f 962 960 938
f 962 961 960
f 963 962 938
f 963 964 962
f 965 963 938
f 965 964 963
f 966 965 938
f 966 967 965
f 968 966 938
f 968 967 966
f 969 968 938
f 969 970 968
f 971 969 938
f 971 972 969
f 973 971 938
f 973 974 971
f 975 973 938
f 975 976 973
f 977 975 938
f 977 978 975
f 979 977 938
f 979 978 977
f 980 979 938
f 980 981 979
f 982 980 938
f 982 981 980
f 983 982 938
f 983 984 982
f 985 983 938
f 985 986 983
f 987 985 938
f 987 988 985
f 989 987 938
f 989 990 987
f 989 938 991
f 938 992 991
f 989 991 993
f 991 994 993
f 989 993 995
f 993 996 995
f 989 995 997
f 995 996 997
f 998 989 997
f 998 999 989
f 998 997 1000
f 997 1001 1000
f 998 1000 1002
f 1000 1001 1002
f 998 1002 1003
f 1002 1004 1003
f 1005 998 1003
f 1005 1006 998
f 1005 1003 1007
f 1003 1008 1007
f 1005 1007 1009
f 1007 1010 1009
f 1005 1009 1011
f 1009 1010 1011
f 1012 1005 1011
f 1012 1006 1005
f 1012 1011 1013
f 1011 1014 1013
f 1012 1013 1015
f 1013 1016 1015
f 1012 1015 1017
f 1015 1018 1017
f 1012 1017 1019
f 1017 1020 1019
f 1012 1019 1021
f 1019 1022 1021
f 1012 1021 1023
f 1021 1022 1023
f 1012 1023 1024
f 1023 1025 1024
f 1012 1024 1026
f 1024 1025 1026
f 1012 1026 1027
f 1026 1028 1027
f 1012 1027 1029
f 1027 1030 1029
f 1012 1029 1031
f 1029 1030 1031
f 1012 1031 1032
f 1031 1033 1032
f 1032 1034 1012
f 1032 1033 1034
f 1034 1035 1012
f 1034 1036 1035
f 1035 1037 1012
f 1035 1036 1037
f 1037 1038 1012
f 1037 1039 1038
f 1038 1040 1012
f 1038 1041 1040
f 1040 1042 1012
f 1040 1043 1042
f 1042 1044 1012
f 1042 1043 1044
f 1044 1045 1012
f 1044 1046 1045
f 1045 1047 1012
f 1045 1048 1047
f 1047 1049 1012
f 1047 1048 1049
f 1049 1050 1012
f 1049 1051 1050
f 1050 1052 1012
f 1050 1053 1052
f 1052 1054 1012
f 1052 1055 1054
f 1054 1056 1012
f 1057 1056 1054
f 1056 1058 1012
f 1059 1058 1056
f 1058 1060 1012
f 1061 1060 1058
f 1012 1060 1061
f 1012 1061 1006
f 1061 1062 1006
f 1061 1063 1062
f 1062 1064 1006
f 1064 1062 1065
f 998 1006 1064
f 998 1064 999
f 999 1064 989
f 989 1064 1065
f 989 1065 990
f 990 1065 987
f 987 1065 1066
f 1065 1062 1066
f 987 1066 988
f 988 1066 985
f 985 1066 1067
f 1062 1067 1066
f 985 1067 986
f 986 1067 983
f 983 1067 1068
f 1067 1062 1068
f 983 1068 984
f 984 1068 982
f 982 1068 981
f 1068 1062 981
f 1062 978 981
f 978 1062 1069
f 979 981 978
f 1069 1062 1070
f 975 978 1069
f 975 1069 976
f 976 1069 973
f 973 1069 1070
f 973 1070 974
f 974 1070 971
f 971 1070 1071
f 1062 1071 1070
f 971 1071 972
f 972 1071 969
f 969 1071 1072
f 1071 1062 1072
f 969 1072 970
f 970 1072 968
f 968 1072 967
f 1072 1062 967
f 1062 964 967
f 964 1062 961
f 965 967 964
f 961 1062 958
f 962 964 961
f 1062 955 958
f 959 961 958
f 955 1062 1073
f 956 958 955
f 1073 1062 1074
f 952 955 1073
f 952 1073 953
f 953 1073 950
f 950 1073 1074
f 950 1074 951
f 951 1074 949
f 949 1074 948
f 948 1074 1075
f 1062 1075 1074
f 1076 948 1075
f 1077 948 1076
f 1078 1076 1075
f 1078 1079 1076
f 1080 1078 1075
f 1078 1080 1081
f 1081 1080 1075
f 1081 1075 1062
f 1082 1081 1062
f 1081 1082 1083
f 1083 1082 1062
f 1083 1062 1063
f 1084 1083 1063
f 1083 1084 1085
f 1085 1084 1063
f 1085 1063 1086
f 1063 1061 1086
f 1087 1085 1086
f 1085 1087 1088
f 1088 1087 1086
f 1088 1086 1089
f 1061 1089 1086
f 1090 1088 1089
f 1088 1090 1091
f 1091 1090 1089
f 1091 1089 1092
f 1089 1061 1092
f 1093 1091 1092
f 1091 1093 1094
f 1094 1093 1092
f 1094 1092 1095
f 1092 1061 1095
f 1096 1094 1095
f 1094 1096 1097
f 1097 1096 1095
f 1097 1095 1098
f 1061 1098 1095
f 1099 1097 1098
f 1097 1099 1100
f 1100 1099 1098
f 1100 1098 1101
f 1098 1061 1101
f 1102 1100 1101
f 1100 1102 1103
f 1102 1101 1104
f 1101 1061 1104
f 1104 1103 1102
f 1104 1105 1103
f 1106 1105 1104
f 1107 1103 1105
f 1103 1107 1108
f 1109 1107 1105
f 1109 1110 1107
f 1109 1105 1111
f 1105 1112 1111
f 1113 1109 1111
f 1113 1114 1109
f 1115 1113 1111
f 1115 1116 1113
f 1117 1115 1111
f 1117 1118 1115
f 1117 1111 1119
f 1111 1120 1119
f 1119 1121 1117
f 1119 1122 1121
f 1121 1123 1117
f 1121 1124 1123
f 1123 1125 1117
f 1123 1126 1125
f 1125 1127 1117
f 1125 1128 1127
f 1127 1129 1117
f 1127 1130 1129
f 1129 1131 1117
f 1129 1132 1131
f 1131 1133 1117
f 1131 1132 1133
f 1117 1133 1134
f 1134 1133 1135
f 1117 1134 1136
f 1134 1135 1136
f 1117 1136 1137
f 1136 1138 1137
f 1117 1137 1139
f 1137 1140 1139
f 1117 1139 1118
f 1139 1141 1118
f 1139 1142 1141
f 1141 1143 1118
f 1141 1144 1143
f 1143 1145 1118
f 1145 1143 1146
f 1118 1145 1146
f 1118 1146 1147
f 1148 1147 1146
f 1149 1118 1147
f 1118 1149 1150
f 1150 1149 1147
f 1150 1147 1151
f 1147 1148 1151
f 1152 1150 1151
f 1150 1152 1153
f 1153 1152 1151
f 1153 1151 1154
f 1151 1148 1154
f 1155 1153 1154
f 1153 1155 1156
f 1156 1155 1154
f 1156 1154 1157
f 1148 1157 1154
f 1158 1156 1157
f 1156 1158 1159
f 1159 1158 1157
f 1159 1157 1160
f 1157 1148 1160
f 1161 1159 1160
f 1159 1161 1162
f 1162 1161 1160
f 1162 1160 1163
f 1160 1148 1163
f 1164 1162 1163
f 1162 1164 1165
f 1165 1164 1163
f 1165 1163 1166
f 1148 1166 1163
f 1167 1165 1166
f 1165 1167 1168
f 1168 1167 1166
f 1168 1166 1169
f 1166 1148 1169
f 1170 1168 1169
f 1168 1170 1115
f 1115 1170 1169
f 1115 1169 1171
f 1169 1148 1171
f 1172 1115 1171
f 1115 1172 1173
f 1173 1172 1171
f 1173 1171 1174
f 1148 1174 1171
f 1175 1173 1174
f 1173 1175 1176
f 1176 1175 1174
f 1176 1174 1177
f 1174 1148 1177
f 1178 1176 1177
f 1176 1178 1179
f 1179 1178 1177
f 1179 1177 1180
f 1177 1148 1180
f 1181 1179 1180
f 1179 1181 1116
f 1116 1181 1180
f 1116 1180 1182
f 1148 1182 1180
f 1183 1116 1182
f 1116 1183 1184
f 1184 1183 1182
f 1184 1182 1185
f 1182 1148 1185
f 1186 1184 1185
f 1184 1186 1187
f 1187 1186 1185
f 1187 1185 1188
f 1185 1148 1188
f 1189 1187 1188
f 1187 1189 1190
f 1190 1189 1188
f 1190 1188 1191
f 1148 1191 1188
f 1192 1190 1191
f 1190 1192 1113
f 1113 1192 1191
f 1113 1191 1193
f 1191 1148 1193
f 1194 1113 1193
f 1113 1194 1195
f 1195 1194 1193
f 1195 1193 1196
f 1193 1148 1196
f 1197 1195 1196
f 1195 1197 1114
f 1114 1197 1196
f 1114 1196 1198
f 1196 942 1198
f 1199 1114 1198
f 1114 1199 1200
f 1200 1199 1198
f 1200 1198 1201
f 1198 942 1201
f 1202 1200 1201
f 1200 1202 1109
f 1109 1202 1201
f 1109 1201 1203
f 1204 1203 1201
f 1110 1109 1203
f 1107 1110 1203
f 1107 1203 1205
f 1203 1204 1205
f 1107 1205 1108
f 1206 1108 1205
f 1103 1108 1206
f 1206 1205 1207
f 1205 1204 1207
f 1208 1206 1207
f 1206 1208 1209
f 1209 1208 1207
f 1209 1207 1210
f 1204 1210 1207
f 1211 1209 1210
f 1206 1209 1211
f 1212 1211 1210
f 1211 1212 1213
f 1212 1210 1214
f 1210 1204 1214
f 1215 1212 1214
f 1212 1215 1213
f 1213 1215 1214
f 1213 1214 1077
f 1214 1204 1077
f 1216 1213 1077
f 1213 1216 1079
f 1217 1216 1077
f 1216 1217 1079
f 1217 1077 1076
f 1079 1217 1076
f 1213 1079 1085
f 1079 1081 1085
f 1085 1206 1213
f 1085 1097 1206
f 1206 1211 1213
f 1085 1091 1097
f 1097 1103 1206
f 1097 1100 1103
f 1085 1088 1091
f 1091 1094 1097
f 1079 1078 1081
f 1081 1083 1085
f 1204 948 1077
f 945 948 1204
f 945 1204 946
f 946 1204 944
f 944 1204 942
f 942 1204 1201
f 1114 1200 1109
f 1148 942 1196
f 942 1148 219
f 219 1148 1218
f 942 219 940
f 1218 1148 1219
f 219 1218 1220
f 1218 1219 1220
f 219 1220 218
f 1220 1219 218
f 1219 1221 218
f 1219 1222 1221
f 218 1221 233
f 233 1221 1222
f 1223 233 1222
f 233 1223 232
f 1223 1222 1224
f 1224 1222 1225
f 1226 1223 1224
f 1223 1226 232
f 1227 1226 1224
f 1226 1227 1228
f 1227 1224 1229
f 1229 1224 1230
f 1228 1227 1229
f 1231 1228 1229
f 1228 1231 232
f 1231 1229 1232
f 1232 1229 1233
f 1234 1231 1232
f 1231 1234 232
f 1235 1234 1232
f 1234 1235 232
f 1235 1232 1236
f 1236 1232 1237
f 1238 1235 1236
f 1235 1238 232
f 1239 1238 1236
f 1238 1239 1240
f 1239 1236 1241
f 1241 1236 1242
f 1240 1239 1241
f 1243 1240 1241
f 1240 1243 232
f 1243 1241 1244
f 1244 1241 1245
f 1246 1243 1244
f 1243 1246 232
f 1247 1246 1244
f 1246 1247 232
f 1247 1244 1248
f 1248 1244 1249
f 1250 1247 1248
f 1247 1250 232
f 1251 1250 1248
f 1250 1251 1252
f 1251 1248 1253
f 1253 1248 1254
f 1252 1251 1253
f 1255 1252 1253
f 1252 1255 1256
f 1255 1253 1257
f 1257 1253 1258
f 1256 1255 1257
f 1259 1256 1257
f 1256 1259 1260
f 1259 1257 1261
f 1261 1257 1262
f 1263 1259 1261
f 1259 1263 1260
f 1264 1263 1261
f 1263 1264 1265
f 1264 1261 1266
f 1266 1261 1267
f 1265 1264 1266
f 1268 1265 1266
f 1265 1268 1260
f 1268 1266 1269
f 1269 1266 1267
f 1270 1268 1269
f 1268 1270 1260
f 1271 1270 1269
f 1270 1271 1260
f 1271 1269 1272
f 1272 1269 1267
f 1273 1271 1272
f 1271 1273 1260
f 1274 1273 1272
f 1273 1274 1260
f 1274 1272 1275
f 1275 1272 1267
f 1276 1274 1275
f 1274 1276 1260
f 1277 1276 1275
f 1276 1277 1278
f 1277 1275 1279
f 1279 1275 1267
f 1278 1277 1279
f 1280 1278 1279
f 1278 1280 1260
f 1280 1279 1281
f 1281 1279 1282
f 1283 1280 1281
f 1280 1283 1260
f 1284 1283 1281
f 1283 1284 1285
f 1284 1281 1286
f 1286 1281 1282
f 1285 1284 1286
f 1287 1285 1286
f 1285 1287 1288
f 1287 1286 1289
f 1289 1286 1282
f 1288 1287 1289
f 1290 1288 1289
f 1288 1290 1291
f 1290 1289 1292
f 1292 1289 1293
f 1291 1290 1292
f 1294 1291 1292
f 1291 1294 1295
f 1294 1292 1296
f 1296 1292 1293
f 1295 1294 1296
f 1297 1295 1296
f 1295 1297 1298
f 1297 1296 1299
f 1299 1296 1293
f 1298 1297 1299
f 1300 1298 1299
f 1298 1300 1301
f 1300 1299 1302
f 1302 1299 1303
f 1304 1300 1302
f 1300 1304 1305
f 1306 1304 1302
f 1304 1306 1307
f 1306 1302 1308
f 1308 1302 1303
f 1309 1306 1308
f 1306 1309 1310
f 1311 1309 1308
f 1309 1311 1312
f 1311 1308 1313
f 1313 1308 1303
f 1314 1311 1313
f 1311 1314 1315
f 1316 1314 1313
f 1314 1316 1317
f 1316 1313 1318
f 1318 1313 1303
f 1317 1316 1318
f 1319 1317 1318
f 1317 1319 1320
f 1319 1318 1321
f 1321 1318 1322
f 1320 1319 1321
f 1323 1320 1321
f 1320 1323 1324
f 1323 1321 1325
f 1325 1321 1322
f 1324 1323 1325
f 1326 1324 1325
f 1324 1326 1327
f 1326 1325 1328
f 1328 1325 1322
f 1327 1326 1328
f 1329 1327 1328
f 1327 1329 1330
f 1329 1328 1331
f 1331 1328 1332
f 1333 1329 1331
f 1329 1333 1334
f 1335 1333 1331
f 1333 1335 1336
f 1335 1331 1337
f 1337 1331 1332
f 1336 1335 1337
f 1338 1336 1337
f 1336 1338 1339
f 1338 1337 1340
f 1340 1337 1332
f 1341 1338 1340
f 1338 1341 1342
f 1343 1341 1340
f 1341 1343 1344
f 1343 1340 1345
f 1345 1340 1346
f 1344 1343 1345
f 1347 1344 1345
f 1344 1347 1348
f 1347 1345 1349
f 1349 1345 1346
f 1350 1347 1349
f 1347 1350 1351
f 1352 1350 1349
f 1350 1352 1353
f 1352 1349 1354
f 1354 1349 1355
f 1353 1352 1354
f 1356 1353 1354
f 1353 1356 1357
f 1356 1354 1358
f 1358 1354 1355
f 1357 1356 1358
f 1359 1357 1358
f 1357 1359 1360
f 1359 1358 1361
f 1361 1358 1362
f 1363 1359 1361
f 1359 1363 1364
f 1365 1363 1361
f 1363 1365 1366
f 1365 1361 1367
f 1367 1361 1368
f 1369 1365 1367
f 1365 1369 1370
f 1371 1369 1367
f 1369 1371 1372
f 1371 1367 1373
f 1373 1367 1374
f 1372 1371 1373
f 1375 1372 1373
f 1372 1375 1376
f 1375 1373 1377
f 1377 1373 1374
f 1376 1375 1377
f 1378 1376 1377
f 1376 1378 1379
f 1378 1377 1380
f 1380 1377 1381
f 1059 1378 1380
f 1378 1059 1056
f 1059 1380 1061
f 1061 1380 1382
f 1061 1058 1059
f 1382 1380 1381
f 1383 1061 1382
f 1384 1061 1383
f 1385 1383 1382
f 1385 1386 1383
f 1387 1385 1382
f 1385 1387 1388
f 1387 1382 1381
f 1387 1381 1388
f 1388 1381 1389
f 1389 1381 1374
f 1388 1389 1390
f 1389 1374 1390
f 1388 1390 1120
f 1390 1391 1120
f 1392 1388 1120
f 1392 1385 1388
f 1111 1392 1120
f 1111 1393 1392
f 1111 1394 1393
f 1393 1395 1392
f 1393 1396 1395
f 1395 1397 1392
f 1397 1395 1384
f 1392 1397 1384
f 1392 1384 1383
f 1386 1392 1383
f 1392 1386 1385
f 1395 1398 1384
f 1395 1396 1398
f 1061 1384 1398
f 1061 1398 1399
f 1393 1399 1398
f 1400 1061 1399
f 1401 1061 1400
f 1394 1400 1399
f 1394 1402 1400
f 1403 1394 1399
f 1394 1403 1393
f 1393 1403 1399
f 1111 1402 1394
f 1402 1111 1400
f 1111 1401 1400
f 1111 1404 1401
f 1112 1404 1111
f 1404 1112 1401
f 1112 1104 1401
f 1112 1106 1104
f 1061 1401 1104
f 1105 1106 1112
f 1396 1393 1398
f 1390 1374 1391
f 1391 1368 1120
f 1391 1374 1368
f 1120 1368 1405
f 1405 1368 1362
f 1120 1405 1406
f 1405 1362 1406
f 1120 1406 1407
f 1406 1408 1407
f 1120 1407 1409
f 1407 1410 1409
f 1120 1409 1119
f 1409 1411 1119
f 1409 1412 1411
f 1411 1413 1119
f 1411 1414 1413
f 1413 1415 1119
f 1413 1293 1415
f 1415 1416 1119
f 1415 1293 1416
f 1119 1416 1417
f 1417 1416 1418
f 1119 1417 1419
f 1417 1418 1419
f 1119 1419 1420
f 1419 1421 1420
f 1119 1420 1122
f 1420 1422 1122
f 1420 1423 1422
f 1422 1424 1122
f 1422 1282 1424
f 1424 1267 1122
f 1424 1282 1267
f 1122 1267 1425
f 1425 1267 1262
f 1122 1425 1426
f 1425 1262 1426
f 1122 1426 1427
f 1426 1428 1427
f 1122 1427 1121
f 1427 1429 1121
f 1427 1430 1429
f 1429 1431 1121
f 1429 1432 1431
f 1431 1254 1121
f 1431 1432 1254
f 1121 1254 1433
f 1433 1254 1249
f 1121 1433 1434
f 1433 1249 1434
f 1121 1434 1124
f 1434 1435 1124
f 1434 1249 1435
f 1435 1245 1124
f 1435 1249 1245
f 1124 1245 1436
f 1436 1245 1242
f 1124 1436 1437
f 1436 1242 1437
f 1124 1437 1123
f 1437 1438 1123
f 1437 1242 1438
f 1438 1439 1123
f 1438 1242 1439
f 1123 1439 1440
f 1440 1439 1237
f 1123 1440 1126
f 1440 1237 1126
f 1126 1237 1441
f 1441 1237 1233
f 1126 1441 1125
f 1441 1233 1125
f 1125 1233 1442
f 1442 1233 1230
f 1125 1442 1128
f 1442 1230 1128
f 1128 1230 1443
f 1443 1230 1225
f 1128 1443 1127
f 1443 1225 1127
f 1127 1225 1130
f 1130 1225 1132
f 1225 1222 1132
f 1130 1132 1129
f 1132 1222 1133
f 1222 1135 1133
f 1135 1222 1444
f 1444 1222 1445
f 1138 1135 1444
f 1136 1135 1138
f 1138 1444 1137
f 1137 1444 1446
f 1446 1444 1445
f 1137 1446 1140
f 1446 1445 1140
f 1140 1445 1447
f 1139 1447 1445
f 1140 1447 1139
f 1139 1445 1448
f 1445 1219 1448
f 1449 1139 1448
f 1139 1449 1142
f 1142 1449 1448
f 1142 1448 1450
f 1448 1219 1450
f 1451 1142 1450
f 1142 1451 1141
f 1141 1451 1450
f 1141 1450 1452
f 1450 1148 1452
f 1144 1141 1452
f 1143 1144 1452
f 1143 1452 1146
f 1452 1148 1146
f 1219 1148 1450
f 1222 1219 1445
f 1230 1224 1225
f 1233 1229 1230
f 1237 1232 1233
f 1439 1236 1237
f 1242 1236 1439
f 1245 1241 1242
f 1249 1244 1245
f 1254 1248 1249
f 1432 1253 1254
f 1258 1253 1432
f 1430 1258 1432
f 1427 1258 1430
f 1430 1432 1429
f 1428 1258 1427
f 1428 1262 1258
f 1426 1262 1428
f 1262 1257 1258
f 1267 1261 1262
f 1282 1279 1267
f 1423 1282 1422
f 1423 1453 1282
f 1420 1453 1423
f 1453 1289 1282
f 1418 1289 1453
f 1289 1418 1416
f 1421 1418 1453
f 1419 1418 1421
f 1421 1453 1420
f 1293 1289 1416
f 1414 1293 1413
f 1414 1303 1293
f 1411 1303 1414
f 1303 1299 1293
f 1454 1303 1411
f 1454 1322 1303
f 1412 1454 1411
f 1412 1322 1454
f 1455 1322 1412
f 1455 1332 1322
f 1409 1455 1412
f 1409 1332 1455
f 1456 1332 1409
f 1456 1346 1332
f 1410 1456 1409
f 1410 1346 1456
f 1457 1346 1410
f 1457 1355 1346
f 1407 1457 1410
f 1407 1355 1457
f 1408 1355 1407
f 1408 1362 1355
f 1406 1362 1408
f 1362 1358 1355
f 1355 1349 1346
f 1346 1340 1332
f 1332 1328 1322
f 1322 1318 1303
f 1368 1361 1362
f 1374 1367 1368
f 1381 1377 1374
f 1378 1056 1379
f 1056 1458 1379
f 1057 1458 1056
f 1379 1458 1057
f 1459 1379 1057
f 1379 1459 1460
f 1459 1057 1461
f 1043 1461 1057
f 1460 1459 1461
f 1462 1460 1461
f 1460 1462 1463
f 1462 1461 1464
f 1461 1043 1464
f 1463 1462 1464
f 1465 1463 1464
f 1463 1465 1370
f 1465 1464 1466
f 1464 1043 1466
f 1467 1465 1466
f 1465 1467 1370
f 1468 1467 1466
f 1467 1468 1370
f 1468 1466 1469
f 1043 1469 1466
f 1470 1468 1469
f 1468 1470 1471
f 1472 1470 1469
f 1470 1472 1473
f 1472 1469 1474
f 1469 1043 1474
f 1473 1472 1474
f 1475 1473 1474
f 1473 1475 1476
f 1475 1474 1477
f 1474 1043 1477
f 1476 1475 1477
f 1478 1476 1477
f 1476 1478 1471
f 1478 1477 1479
f 1043 1479 1477
f 1480 1478 1479
f 1478 1480 1471
f 1481 1480 1479
f 1480 1481 1471
f 1481 1479 1482
f 1482 1479 1483
f 1484 1481 1482
f 1481 1484 1471
f 1485 1484 1482
f 1484 1485 1486
f 1485 1482 1487
f 1487 1482 1483
f 1486 1485 1487
f 1488 1486 1487
f 1486 1488 1489
f 1488 1487 1490
f 1490 1487 1491
f 1489 1488 1490
f 1492 1489 1490
f 1489 1492 1493
f 1492 1490 1494
f 1494 1490 1491
f 1493 1492 1494
f 1495 1493 1494
f 1493 1495 1496
f 1495 1494 1497
f 1497 1494 1491
f 1496 1495 1497
f 1498 1496 1497
f 1496 1498 1499
f 1498 1497 1500
f 1500 1497 1501
f 1499 1498 1500
f 1502 1499 1500
f 1499 1502 1503
f 1502 1500 1504
f 1504 1500 1501
f 1503 1502 1504
f 1505 1503 1504
f 1503 1505 1506
f 1505 1504 1507
f 1507 1504 1501
f 1506 1505 1507
f 1508 1506 1507
f 1506 1508 1509
f 1508 1507 1510
f 1510 1507 1501
f 1511 1508 1510
f 1508 1511 1509
f 1512 1511 1510
f 1511 1512 1513
f 1512 1510 1514
f 1514 1510 1515
f 1516 1512 1514
f 1512 1516 1517
f 1518 1516 1514
f 1516 1518 1519
f 1518 1514 1520
f 1520 1514 1521
f 1522 1518 1520
f 1518 1522 1523
f 1524 1522 1520
f 1522 1524 1525
f 1524 1520 1526
f 1526 1520 1521
f 1525 1524 1526
f 1527 1525 1526
f 1525 1527 1528
f 1527 1526 1529
f 1526 1521 1529
f 1528 1527 1529
f 1530 1528 1529
f 1528 1530 1523
f 1530 1529 1521
f 1531 1530 1521
f 1530 1531 1523
f 1532 1531 1521
f 1531 1532 1533
f 1532 1521 1515
f 1521 1514 1515
f 1533 1532 1515
f 1534 1533 1515
f 1533 1534 1535
f 1534 1515 1501
f 1515 1510 1501
f 1536 1534 1501
f 1534 1536 1535
f 1536 1501 1491
f 1501 1497 1491
f 1491 1535 1536
f 1491 1537 1535
f 1538 1537 1491
f 1539 1535 1537
f 1535 1539 1540
f 1541 1539 1537
f 1541 1542 1539
f 1541 1537 1543
f 1537 1544 1543
f 1541 1543 1545
f 1543 1546 1545
f 1547 1541 1545
f 1547 1548 1541
f 1545 1549 1547
f 1545 1550 1549
f 1549 1551 1547
f 1549 1552 1551
f 1551 1553 1547
f 1553 1551 1554
f 1547 1553 1554
f 1547 1554 1555
f 1554 1556 1555
f 1557 1547 1555
f 1547 1557 1558
f 1558 1557 1555
f 1558 1555 1559
f 1556 1559 1555
f 1560 1558 1559
f 1558 1560 1548
f 1548 1560 1559
f 1548 1559 1561
f 1559 1556 1561
f 1562 1548 1561
f 1548 1562 1563
f 1562 1561 1564
f 1561 1556 1564
f 1562 1564 1563
f 1563 1564 1565
f 1565 1564 1566
f 1563 1565 1541
f 1565 1566 1541
f 1548 1563 1541
f 1541 1566 1542
f 1539 1542 1566
f 1566 1540 1539
f 1566 1567 1540
f 1566 1568 1567
f 1540 1567 1569
f 1569 1567 1570
f 1540 1569 1571
f 1569 1570 1571
f 1535 1540 1571
f 1535 1571 1523
f 1571 1572 1523
f 1533 1535 1523
f 1531 1533 1523
f 1571 1573 1572
f 1572 1574 1523
f 1572 1575 1574
f 1574 1576 1523
f 1574 1575 1576
f 1523 1576 1577
f 1577 1576 1578
f 1523 1577 1579
f 1577 1578 1579
f 1523 1579 1580
f 1579 1581 1580
f 1523 1580 1582
f 1580 1583 1582
f 1523 1582 1584
f 1582 1585 1584
f 1523 1584 1586
f 1584 1587 1586
f 1523 1586 1588
f 1586 1587 1588
f 1523 1588 1589
f 1588 1590 1589
f 1523 1589 1591
f 1589 1590 1591
f 1523 1591 1592
f 1591 1593 1592
f 1523 1592 1519
f 1592 1593 1519
f 1518 1523 1519
f 1519 1593 1594
f 1593 1595 1594
f 1519 1594 1596
f 1596 1594 1517
f 1519 1596 1517
f 1516 1519 1517
f 1517 1594 1597
f 1594 1595 1597
f 1517 1597 1513
f 1513 1597 1509
f 1512 1517 1513
f 1509 1597 1598
f 1511 1513 1509
f 1595 1598 1597
f 1509 1598 1599
f 1599 1598 1471
f 1509 1599 1471
f 1484 1509 1471
f 1484 1486 1509
f 1486 1489 1509
f 1489 1493 1509
f 1493 1496 1509
f 1496 1499 1509
f 1499 1503 1509
f 1503 1506 1509
f 1471 1598 1600
f 1595 1600 1598
f 1471 1600 1601
f 1601 1600 1370
f 1471 1601 1370
f 1468 1471 1370
f 1370 1600 1595
f 1370 1595 1602
f 1602 1595 1366
f 1370 1602 1366
f 1365 1370 1366
f 1366 1595 1603
f 1603 1595 1604
f 1366 1603 1364
f 1364 1603 1360
f 1363 1366 1364
f 1360 1603 1604
f 1359 1364 1360
f 1360 1604 1605
f 1605 1604 1351
f 1360 1605 1351
f 1350 1360 1351
f 1350 1353 1360
f 1353 1357 1360
f 1348 1351 1604
f 1347 1351 1348
f 1348 1604 1606
f 1604 1595 1606
f 1607 1348 1606
f 1344 1348 1607
f 1608 1607 1606
f 1607 1608 1342
f 1608 1606 1609
f 1595 1609 1606
f 1342 1608 1609
f 1610 1342 1609
f 1342 1610 1339
f 1610 1609 1611
f 1609 1595 1611
f 1339 1610 1611
f 1612 1339 1611
f 1339 1612 1613
f 1612 1611 1614
f 1611 1595 1614
f 1613 1612 1614
f 1615 1613 1614
f 1613 1615 1334
f 1615 1614 1616
f 1614 1617 1616
f 1334 1615 1616
f 1618 1334 1616
f 1334 1618 1330
f 1618 1616 1619
f 1616 1617 1619
f 1330 1618 1619
f 1620 1330 1619
f 1327 1330 1620
f 1620 1619 1621
f 1617 1621 1619
f 1622 1620 1621
f 1324 1620 1622
f 1623 1622 1621
f 1320 1622 1623
f 1623 1621 1624
f 1621 1617 1624
f 1625 1623 1624
f 1317 1623 1625
f 1315 1625 1624
f 1314 1625 1315
f 1315 1624 1626
f 1624 1617 1626
f 1312 1315 1626
f 1311 1315 1312
f 1310 1312 1626
f 1309 1312 1310
f 1310 1626 1627
f 1617 1627 1626
f 1307 1310 1627
f 1306 1310 1307
f 1628 1307 1627
f 1307 1628 1305
f 1628 1627 1629
f 1627 1617 1629
f 1305 1628 1629
f 1630 1305 1629
f 1305 1630 1301
f 1630 1629 1631
f 1629 1617 1631
f 1301 1630 1631
f 1632 1301 1631
f 1301 1632 1633
f 1632 1631 1634
f 1617 1634 1631
f 1633 1632 1634
f 1635 1633 1634
f 1288 1633 1635
f 1635 1634 1636
f 1634 1617 1636
f 1637 1635 1636
f 1285 1635 1637
f 1638 1637 1636
f 1637 1638 1639
f 1638 1636 1640
f 1636 1617 1640
f 1641 1638 1640
f 1638 1641 1639
f 1639 1641 1640
f 1639 1640 1642
f 1617 1642 1640
f 1643 1639 1642
f 1639 1643 1644
f 1644 1643 1642
f 1644 1642 1645
f 1642 1617 1645
f 1646 1644 1645
f 1644 1646 1647
f 1647 1646 1645
f 1647 1645 1648
f 1645 1617 1648
f 1649 1647 1648
f 1647 1649 1650
f 1650 1649 1648
f 1650 1648 1651
f 1617 1651 1648
f 1652 1650 1651
f 1650 1652 1653
f 1653 1652 1651
f 1653 1651 1654
f 1651 1655 1654
f 1656 1653 1654
f 1653 1656 1657
f 1657 1656 1654
f 1657 1654 1658
f 1654 1659 1658
f 1660 1657 1658
f 1657 1660 1661
f 1661 1660 1658
f 1661 1658 1662
f 1658 1663 1662
f 1664 1661 1662
f 1661 1664 1260
f 1260 1664 1662
f 1260 1662 1665
f 1666 1665 1662
f 232 1260 1665
f 1252 1260 232
f 232 1665 1666
f 325 232 1666
f 325 1666 1663
f 1663 1666 1662
f 1667 325 1663
f 325 1667 324
f 1668 1667 1663
f 1667 1668 1669
f 1668 1663 1659
f 1659 1663 1658
f 1669 1668 1659
f 1670 1669 1659
f 1669 1670 1671
f 1670 1659 1672
f 1672 1659 1654
f 1671 1670 1672
f 1673 1671 1672
f 1671 1673 324
f 1673 1672 1655
f 1655 1672 1654
f 1674 1673 1655
f 1673 1674 324
f 1675 1674 1655
f 1674 1675 1676
f 1675 1655 1677
f 1677 1655 1651
f 1676 1675 1677
f 1678 1676 1677
f 1676 1678 324
f 1678 1677 1679
f 1679 1677 1617
f 1680 1678 1679
f 1678 1680 324
f 1681 1680 1679
f 1680 1681 1682
f 1681 1679 1683
f 1683 1679 1617
f 1682 1681 1683
f 1684 1682 1683
f 1682 1684 1685
f 1684 1683 1686
f 1686 1683 1687
f 1685 1684 1686
f 1688 1685 1686
f 1685 1688 1689
f 1688 1686 1690
f 1690 1686 1691
f 1692 1688 1690
f 1688 1692 1693
f 1694 1692 1690
f 1692 1694 1695
f 1694 1690 1696
f 1696 1690 1697
f 1695 1694 1696
f 1698 1695 1696
f 1695 1698 1699
f 1698 1696 1700
f 1700 1696 1701
f 1699 1698 1700
f 1702 1699 1700
f 1699 1702 1703
f 1702 1700 1704
f 1700 1705 1704
f 1706 1702 1704
f 1702 1706 1703
f 1707 1706 1704
f 1706 1707 1703
f 1707 1704 1708
f 1704 1705 1708
f 1709 1707 1708
f 1707 1709 1703
f 1710 1709 1708
f 1709 1710 1711
f 1710 1708 1712
f 1708 1713 1712
f 1711 1710 1712
f 1714 1711 1712
f 1711 1714 1703
f 1714 1712 1715
f 1712 1713 1715
f 1716 1714 1715
f 1714 1716 1703
f 1717 1716 1715
f 1716 1717 1718
f 1717 1715 1719
f 1715 1720 1719
f 1718 1717 1719
f 1721 1718 1719
f 1718 1721 1703
f 1721 1719 1722
f 1720 1722 1719
f 1723 1721 1722
f 1721 1723 1703
f 1724 1723 1722
f 1723 1724 1725
f 1724 1722 1726
f 1726 1722 1727
f 1725 1724 1726
f 1728 1725 1726
f 1725 1728 1729
f 1728 1726 1730
f 1730 1726 1727
f 1729 1728 1730
f 1731 1729 1730
f 1729 1731 1732
f 1731 1730 1733
f 1733 1730 1734
f 1732 1731 1733
f 1735 1732 1733
f 1732 1735 1703
f 1735 1733 1736
f 1736 1733 1737
f 1738 1735 1736
f 1735 1738 1739
f 1740 1738 1736
f 1738 1740 1741
f 1740 1736 1742
f 1742 1736 1737
f 1741 1740 1742
f 1743 1741 1742
f 1741 1743 1744
f 1743 1742 1745
f 1745 1742 1737
f 1744 1743 1745
f 1746 1744 1745
f 1744 1746 1747
f 1746 1745 1748
f 1748 1745 1749
f 1747 1746 1748
f 1750 1747 1748
f 1747 1750 1751
f 1750 1748 1749
f 1752 1750 1749
f 1750 1752 1753
f 1752 1749 1737
f 1749 1745 1737
f 1752 1737 1754
f 1754 1737 1755
f 1752 1754 1755
f 1752 1755 1756
f 1755 1757 1756
f 1752 1756 1753
f 1756 1758 1753
f 1758 1756 1759
f 1753 1758 1760
f 1758 1759 1760
f 1751 1753 1760
f 1750 1753 1751
f 1751 1760 1761
f 1761 1760 1556
f 1762 1751 1761
f 1747 1751 1762
f 1763 1762 1761
f 1762 1763 1764
f 1763 1761 1765
f 1765 1761 1766
f 1764 1763 1765
f 1767 1764 1765
f 1741 1764 1767
f 1767 1765 1768
f 1768 1765 1766
f 1769 1767 1768
f 1738 1767 1769
f 1769 1768 1770
f 1770 1768 1766
f 1770 1771 1769
f 1770 1772 1771
f 1769 1771 1773
f 1774 1773 1771
f 1738 1769 1773
f 1738 1773 1739
f 1775 1739 1773
f 1775 1776 1739
f 1773 1774 1775
f 1777 1775 1774
f 1778 1775 1777
f 1778 1777 1774
f 1778 1774 1779
f 1774 1780 1779
f 1778 1779 1781
f 1779 1782 1781
f 1778 1781 1783
f 1781 1782 1783
f 1778 1783 1784
f 1783 1785 1784
f 938 1778 1784
f 938 1786 1778
f 938 1784 1787
f 1784 1788 1787
f 938 1787 1789
f 1787 1788 1789
f 938 1789 1790
f 1789 1791 1790
f 938 1790 1792
f 1790 1791 1792
f 938 1792 1793
f 1792 1794 1793
f 938 1793 1795
f 1793 1794 1795
f 938 1795 1796
f 1795 1797 1796
f 938 1796 1798
f 1796 1797 1798
f 938 1798 1799
f 1798 1800 1799
f 938 1799 1801
f 1799 1800 1801
f 938 1801 1802
f 1801 1803 1802
f 938 1802 1804
f 1802 1803 1804
f 938 1804 992
f 1804 1805 992
f 1804 1806 1805
f 1805 1806 992
f 992 1806 994
f 1806 1807 994
f 992 994 991
f 1808 1807 1806
f 1807 1809 994
f 1810 1809 1807
f 994 1809 996
f 1809 1811 996
f 993 994 996
f 1812 1811 1809
f 996 1811 1001
f 1001 1811 1813
f 997 996 1001
f 1811 1814 1813
f 1002 1001 1813
f 1002 1813 1004
f 1004 1813 1003
f 1003 1813 1815
f 1813 1814 1815
f 1003 1815 1008
f 1008 1815 1007
f 1007 1815 1010
f 1815 1816 1010
f 1814 1816 1815
f 1010 1816 1817
f 1816 1818 1817
f 1011 1010 1817
f 1011 1817 1014
f 1014 1817 1013
f 1013 1817 1819
f 1817 1818 1819
f 1013 1819 1016
f 1016 1819 1015
f 1015 1819 1820
f 1819 1818 1820
f 1015 1820 1018
f 1018 1820 1017
f 1017 1820 1821
f 1820 1822 1821
f 1017 1821 1020
f 1020 1821 1019
f 1019 1821 1022
f 1821 1822 1022
f 1822 1823 1022
f 1824 1823 1822
f 1022 1823 1025
f 1823 1556 1025
f 1023 1022 1025
f 1825 1556 1823
f 1556 1826 1025
f 1826 1556 1030
f 1026 1025 1826
f 1026 1826 1028
f 1028 1826 1027
f 1027 1826 1030
f 1030 1556 1827
f 1556 1828 1827
f 1043 1030 1827
f 1043 1033 1030
f 1829 1043 1827
f 1830 1043 1829
f 1550 1829 1827
f 1550 1831 1829
f 1832 1550 1827
f 1550 1832 1833
f 1833 1832 1827
f 1833 1827 1828
f 1834 1833 1828
f 1833 1834 1549
f 1835 1834 1828
f 1834 1835 1549
f 1835 1828 1836
f 1828 1556 1836
f 1549 1835 1836
f 1837 1549 1836
f 1549 1837 1838
f 1837 1836 1839
f 1836 1556 1839
f 1838 1837 1839
f 1552 1838 1839
f 1549 1838 1552
f 1552 1839 1840
f 1556 1840 1839
f 1841 1552 1840
f 1552 1841 1551
f 1551 1841 1840
f 1551 1840 1554
f 1840 1556 1554
f 1550 1833 1549
f 1842 1831 1550
f 1831 1842 1829
f 1842 1830 1829
f 1842 1843 1830
f 1545 1843 1842
f 1843 1545 1830
f 1545 1844 1830
f 1545 1845 1844
f 1043 1830 1844
f 1846 1043 1844
f 1847 1043 1846
f 1848 1846 1844
f 1848 1849 1846
f 1845 1848 1844
f 1848 1845 1545
f 1546 1848 1545
f 1546 1849 1848
f 1849 1546 1846
f 1546 1847 1846
f 1546 1850 1847
f 1851 1850 1546
f 1850 1851 1847
f 1851 1852 1847
f 1851 1853 1852
f 1043 1847 1852
f 1483 1043 1852
f 1479 1043 1483
f 1543 1483 1852
f 1543 1854 1483
f 1853 1543 1852
f 1543 1853 1851
f 1543 1851 1546
f 1544 1854 1543
f 1854 1544 1483
f 1544 1491 1483
f 1544 1538 1491
f 1491 1487 1483
f 1537 1538 1544
f 1545 1842 1550
f 1033 1043 1036
f 1031 1030 1033
f 1036 1043 1855
f 1034 1033 1036
f 1043 1856 1855
f 1037 1036 1855
f 1037 1855 1039
f 1039 1855 1038
f 1038 1855 1856
f 1038 1856 1041
f 1041 1856 1040
f 1040 1856 1043
f 1825 1857 1556
f 1825 1823 1858
f 1858 1823 1824
f 1825 1858 1824
f 1774 1825 1824
f 1774 1857 1825
f 1774 1824 1859
f 1824 1822 1859
f 1774 1859 1860
f 1859 1822 1860
f 1774 1860 1861
f 1860 1818 1861
f 1774 1861 1862
f 1861 1818 1862
f 1774 1862 1863
f 1862 1864 1863
f 1774 1863 1865
f 1863 1866 1865
f 1774 1865 1867
f 1865 1811 1867
f 1774 1867 1812
f 1867 1811 1812
f 1774 1812 1868
f 1812 1809 1868
f 1774 1868 1810
f 1868 1809 1810
f 1774 1810 1869
f 1810 1870 1869
f 1774 1869 1871
f 1869 1872 1871
f 1774 1871 1873
f 1871 1874 1873
f 1774 1873 1875
f 1873 1876 1875
f 1774 1875 1877
f 1875 1878 1877
f 1774 1877 1780
f 1877 1879 1780
f 1877 1880 1879
f 1780 1879 1779
f 1779 1879 1782
f 1782 1879 1791
f 1791 1879 1794
f 1788 1782 1791
f 1881 1782 1788
f 1789 1788 1791
f 1783 1782 1881
f 1784 1881 1788
f 1785 1881 1784
f 1783 1881 1785
f 1879 1880 1794
f 1792 1791 1794
f 1794 1880 1797
f 1880 1882 1797
f 1795 1794 1797
f 1875 1882 1880
f 1797 1882 1800
f 1882 1883 1800
f 1798 1797 1800
f 1873 1883 1882
f 1800 1883 1803
f 1883 1808 1803
f 1801 1800 1803
f 1871 1808 1883
f 1803 1808 1806
f 1804 1803 1806
f 1872 1808 1871
f 1871 1883 1874
f 1874 1883 1873
f 1869 1808 1872
f 1869 1807 1808
f 1870 1807 1869
f 1810 1807 1870
f 1873 1882 1876
f 1876 1882 1875
f 1875 1880 1878
f 1878 1880 1877
f 1865 1814 1811
f 1866 1814 1865
f 1863 1814 1866
f 1863 1816 1814
f 1864 1816 1863
f 1862 1816 1864
f 1862 1818 1816
f 1860 1822 1818
f 1818 1822 1820
f 1774 1884 1857
f 1774 1885 1884
f 1857 1884 1886
f 1884 1887 1886
f 1857 1886 1556
f 1886 1761 1556
f 1888 1761 1886
f 1761 1888 1766
f 1887 1888 1886
f 1887 1885 1888
f 1885 1887 1884
f 1885 1889 1888
f 1890 1889 1885
f 1889 1766 1888
f 1889 1890 1766
f 1890 1891 1766
f 1892 1891 1890
f 1891 1770 1766
f 1891 1892 1770
f 1892 1772 1770
f 1771 1772 1892
f 1774 1771 1892
f 1774 1892 1890
f 1774 1890 1885
f 938 1893 1786
f 1786 1894 1778
f 1786 1895 1894
f 1894 1895 1778
f 1778 1895 1775
f 1775 1895 1896
f 1895 1897 1896
f 1898 1775 1896
f 1899 1775 1898
f 1900 1898 1896
f 1900 1901 1898
f 1902 1900 1896
f 1900 1902 1903
f 1902 1896 1897
f 1897 1903 1902
f 1897 1904 1903
f 1905 1904 1897
f 1906 1903 1904
f 1903 1906 1907
f 1908 1906 1904
f 1908 1909 1906
f 1908 1904 1910
f 1904 1911 1910
f 1912 1908 1910
f 1912 1913 1908
f 1910 1914 1912
f 1910 1915 1914
f 1914 1916 1912
f 1914 1917 1916
f 1916 1918 1912
f 1918 1916 1919
f 1912 1918 1919
f 1912 1919 1920
f 1921 1920 1919
f 1922 1912 1920
f 1912 1922 1923
f 1923 1922 1920
f 1923 1920 1924
f 1924 1920 1921
f 1925 1923 1924
f 1923 1925 1913
f 1913 1925 1924
f 1913 1924 1926
f 1926 1924 1927
f 1928 1913 1926
f 1913 1928 1929
f 1929 1928 1926
f 1929 1926 1930
f 1931 1930 1926
f 1932 1929 1930
f 1929 1932 1908
f 1908 1932 1930
f 1908 1930 1933
f 1930 1931 1933
f 1909 1908 1933
f 1909 1933 1934
f 1933 1931 1934
f 1934 1906 1909
f 1934 1907 1906
f 1935 1907 1934
f 1907 1935 1936
f 1936 1935 1934
f 1936 1934 1937
f 1931 1937 1934
f 1938 1936 1937
f 1936 1938 1939
f 1939 1938 1937
f 1939 1937 1940
f 1937 1931 1940
f 1941 1939 1940
f 1939 1941 1942
f 1942 1941 1940
f 1942 1940 1943
f 1940 1931 1943
f 1944 1942 1943
f 1942 1944 1945
f 1945 1944 1943
f 1945 1943 1946
f 1931 1946 1943
f 1947 1945 1946
f 1945 1947 1948
f 1948 1947 1946
f 1948 1946 1949
f 1946 1931 1949
f 1950 1948 1949
f 1948 1950 1951
f 1950 1949 1952
f 1949 1931 1952
f 1950 1952 1951
f 1951 1952 1953
f 1953 1952 1954
f 1951 1953 1955
f 1953 1954 1955
f 1951 1955 1956
f 1955 1957 1956
f 1945 1951 1956
f 1945 1948 1951
f 1945 1956 1958
f 1956 1959 1958
f 1960 1945 1958
f 1960 1907 1945
f 1961 1960 1958
f 1961 1962 1960
f 1958 1963 1961
f 1958 1964 1963
f 1963 1965 1961
f 1963 1966 1965
f 1965 1967 1961
f 1965 1968 1967
f 1967 1969 1961
f 1967 1970 1969
f 1969 1971 1961
f 1969 1972 1971
f 1971 1973 1961
f 1973 1971 1974
f 1961 1973 1974
f 1961 1974 1975
f 1974 1776 1975
f 1976 1961 1975
f 1961 1976 1977
f 1977 1976 1975
f 1977 1975 1978
f 1975 1776 1978
f 1979 1977 1978
f 1977 1979 1980
f 1980 1979 1978
f 1980 1978 1981
f 1776 1981 1978
f 1982 1980 1981
f 1980 1982 1983
f 1983 1982 1981
f 1983 1981 1984
f 1981 1776 1984
f 1985 1983 1984
f 1983 1985 1986
f 1986 1985 1984
f 1986 1984 1987
f 1984 1776 1987
f 1988 1986 1987
f 1986 1988 1989
f 1989 1988 1987
f 1989 1987 1990
f 1776 1990 1987
f 1991 1989 1990
f 1989 1991 1992
f 1992 1991 1990
f 1992 1990 1993
f 1990 1776 1993
f 1994 1992 1993
f 1992 1994 1995
f 1995 1994 1993
f 1995 1993 1996
f 1993 1776 1996
f 1997 1995 1996
f 1995 1997 1962
f 1962 1997 1996
f 1962 1996 1998
f 1776 1998 1996
f 1999 1962 1998
f 1962 1999 2000
f 2000 1999 1998
f 2000 1998 2001
f 1998 1776 2001
f 2002 2000 2001
f 2000 2002 2003
f 2003 2002 2001
f 2003 2001 2004
f 2001 1776 2004
f 2005 2003 2004
f 2003 2005 2006
f 2006 2005 2004
f 2006 2004 2007
f 1776 2007 2004
f 2008 2006 2007
f 2006 2008 2009
f 2009 2008 2007
f 2009 2007 2010
f 2007 1776 2010
f 2011 2009 2010
f 2009 2011 2012
f 2012 2011 2010
f 2012 2010 2013
f 2010 1776 2013
f 2014 2012 2013
f 2012 2014 2015
f 2015 2014 2013
f 2015 2013 2016
f 1776 2016 2013
f 2017 2015 2016
f 2015 2017 2018
f 2018 2017 2016
f 2018 2016 2019
f 2016 1776 2019
f 2020 2018 2019
f 2018 2020 1960
f 1960 2020 2019
f 1960 2019 1899
f 2019 1776 1899
f 2021 1960 1899
f 1960 2021 2022
f 2022 2021 1899
f 2022 1899 1898
f 1901 2022 1898
f 2022 1901 1900
f 1960 2022 1900
f 1960 1900 1907
f 1900 1903 1907
f 1776 1775 1899
f 2015 2018 1960
f 2009 2015 1960
f 2009 2012 2015
f 1962 2009 1960
f 1962 2003 2009
f 1962 2000 2003
f 2003 2006 2009
f 1992 1995 1962
f 1986 1992 1962
f 1986 1989 1992
f 1961 1986 1962
f 1961 1980 1986
f 1961 1977 1980
f 1980 1983 1986
f 1776 1974 2023
f 1971 2023 1974
f 2024 1776 2023
f 2025 1776 2024
f 2024 2023 2026
f 1969 2026 2023
f 2027 2024 2026
f 2028 2024 2027
f 2029 2027 2026
f 1967 2027 2029
f 2029 2026 1970
f 1970 2026 2030
f 1967 2029 1970
f 1969 2030 2026
f 1970 2030 1969
f 2031 2027 1967
f 2031 2028 2027
f 2032 2031 1967
f 2032 2028 2031
f 2033 2032 1967
f 2033 2034 2032
f 1968 2033 1967
f 1968 2035 2033
f 1968 2036 2035
f 2035 2037 2033
f 2035 2038 2037
f 2037 2038 2033
f 2033 2038 2039
f 2038 2040 2039
f 2033 2039 2041
f 2041 2039 2034
f 2033 2041 2034
f 2034 2039 2028
f 2024 2028 2039
f 2034 2028 2032
f 2040 2024 2039
f 1693 2024 2040
f 1693 2042 2024
f 1689 1693 2040
f 1688 1693 1689
f 2043 1689 2040
f 1689 2043 2044
f 2043 2040 2045
f 2045 2040 2038
f 2044 2043 2045
f 2046 2044 2045
f 2044 2046 324
f 2046 2045 329
f 329 2045 2047
f 324 2046 329
f 2047 2045 2038
f 2048 329 2047
f 333 329 2048
f 1968 2048 2047
f 2049 2048 1968
f 1968 2047 2036
f 2036 2047 2035
f 2035 2047 2038
f 2050 2048 2049
f 2050 2049 1968
f 2051 2050 1968
f 2051 2052 2050
f 1965 2051 1968
f 1965 2053 2051
f 1965 2054 2053
f 2053 2052 2051
f 2053 2054 2052
f 2054 340 2052
f 343 340 2054
f 340 333 2052
f 336 333 340
f 2052 333 2048
f 2050 2052 2048
f 336 332 333
f 335 336 340
f 339 340 343
f 2055 343 2054
f 349 343 2055
f 2056 2055 2054
f 2057 2055 2056
f 2056 2054 1965
f 2057 2056 1965
f 1966 2057 1965
f 1966 2058 2057
f 1966 2059 2058
f 2058 2055 2057
f 2058 2059 2055
f 2059 349 2055
f 357 349 2059
f 353 349 357
f 360 357 2059
f 356 357 360
f 2060 360 2059
f 378 360 2060
f 2061 2060 2059
f 2062 2060 2061
f 2061 2059 1966
f 2062 2061 1966
f 1963 2062 1966
f 1963 2063 2062
f 1963 2064 2063
f 2063 2060 2062
f 2063 2064 2060
f 2064 378 2060
f 381 378 2064
f 377 378 381
f 388 381 2064
f 384 381 388
f 2065 388 2064
f 2066 388 2065
f 2067 2065 2064
f 2068 2065 2067
f 2067 2064 1963
f 2068 2067 1963
f 2069 2068 1963
f 2069 2070 2068
f 1964 2069 1963
f 1964 2071 2069
f 1964 2072 2071
f 2071 2073 2069
f 2071 2074 2073
f 2073 2075 2069
f 2073 2074 2075
f 2069 2075 2070
f 2070 2075 2065
f 2075 2076 2065
f 2070 2065 2068
f 2077 2076 2075
f 2076 2066 2065
f 401 2066 2076
f 401 393 2066
f 400 401 2076
f 405 400 2076
f 405 2076 2077
f 404 405 2077
f 411 404 2077
f 411 2077 415
f 415 2077 2075
f 410 411 415
f 2074 415 2075
f 418 415 2074
f 414 415 418
f 2078 418 2074
f 422 418 2078
f 2079 2078 2074
f 433 2078 2079
f 2072 2079 2074
f 1964 2079 2072
f 2072 2074 2071
f 2080 2079 1964
f 2080 2081 2079
f 2082 2080 1964
f 2082 2081 2080
f 2083 2082 1964
f 2083 2084 2082
f 1958 2083 1964
f 1958 2085 2083
f 1958 2086 2085
f 2085 2087 2083
f 2085 2088 2087
f 2087 2089 2083
f 2087 2088 2089
f 2083 2089 2084
f 2084 2089 2081
f 2089 442 2081
f 2084 2081 2082
f 449 442 2089
f 442 436 2081
f 439 436 442
f 2081 436 2079
f 436 433 2079
f 432 433 436
f 445 442 449
f 455 449 2089
f 451 449 455
f 2088 455 2089
f 462 455 2088
f 458 455 462
f 2090 462 2088
f 465 462 2090
f 2086 2090 2088
f 1958 2090 2086
f 2086 2088 2085
f 2091 2090 1958
f 2091 2092 2090
f 2093 2091 1958
f 2093 2092 2091
f 1959 2093 1958
f 1959 2094 2093
f 1959 2095 2094
f 2094 2092 2093
f 2094 2095 2092
f 2095 476 2092
f 480 476 2095
f 476 2096 2092
f 472 2096 476
f 2096 465 2092
f 469 465 2096
f 2092 465 2090
f 469 464 465
f 468 469 2096
f 472 468 2096
f 471 472 476
f 475 476 480
f 487 480 2095
f 483 480 487
f 2097 487 2095
f 491 487 2097
f 2098 2097 2095
f 2099 2097 2098
f 2098 2095 1959
f 2099 2098 1959
f 1956 2099 1959
f 1956 2100 2099
f 1956 2101 2100
f 2100 2097 2099
f 2100 2101 2097
f 2101 2102 2097
f 2103 2102 2101
f 2102 491 2097
f 499 491 2102
f 499 490 491
f 498 499 2102
f 516 498 2102
f 516 2102 2103
f 515 516 2103
f 559 515 2103
f 559 2103 2104
f 2104 2103 2101
f 2105 559 2104
f 559 2105 558
f 2106 2105 2104
f 2105 2106 2107
f 2106 2104 2108
f 2108 2104 2101
f 2107 2106 2108
f 2109 2107 2108
f 2107 2109 2110
f 2109 2108 2111
f 2111 2108 1954
f 2110 2109 2111
f 2112 2110 2111
f 2110 2112 558
f 2112 2111 2113
f 2113 2111 1954
f 2114 2112 2113
f 2112 2114 558
f 2115 2114 2113
f 2114 2115 2116
f 2115 2113 2117
f 2117 2113 1954
f 2115 2117 2118
f 2118 2117 2119
f 2115 2118 2116
f 936 2116 2118
f 2116 936 558
f 936 2118 2120
f 2118 2121 2120
f 936 2120 2122
f 2120 2123 2122
f 936 2122 2124
f 2122 2125 2124
f 936 2124 2126
f 2124 2125 2126
f 936 2126 2127
f 2126 1931 2127
f 936 2127 2128
f 2127 1931 2128
f 936 2128 2129
f 2128 2130 2129
f 936 2129 2131
f 2129 2130 2131
f 936 2131 2132
f 2131 2133 2132
f 936 2132 2134
f 2132 2135 2134
f 938 936 2134
f 938 2134 2136
f 2134 2135 2136
f 938 2136 2137
f 2136 2138 2137
f 938 2137 2139
f 2137 2140 2139
f 938 2139 2141
f 2139 2142 2141
f 938 2141 2143
f 2141 2142 2143
f 938 2143 2144
f 2143 2145 2144
f 938 2144 2146
f 2144 2147 2146
f 938 2146 2148
f 2146 2147 2148
f 938 2148 2149
f 2148 2150 2149
f 938 2149 2151
f 2149 2152 2151
f 938 2151 2153
f 2151 2152 2153
f 938 2153 2154
f 2153 2155 2154
f 938 2154 2156
f 2154 2155 2156
f 938 2156 2157
f 2156 2158 2157
f 938 2157 2159
f 2157 2160 2159
f 938 2159 2161
f 2159 2162 2161
f 938 2161 2163
f 2161 2162 2163
f 938 2163 1893
f 2163 2164 1893
f 2163 2162 2164
f 1893 2164 1786
f 1786 2164 1895
f 1895 2164 2165
f 2165 2164 2166
f 2167 1895 2165
f 1897 1895 2167
f 1910 2167 2165
f 1910 2168 2167
f 1915 1910 2165
f 1914 1915 2165
f 1914 2165 2166
f 1917 1914 2166
f 1916 1917 2166
f 1916 2166 1919
f 2166 2162 1919
f 2164 2162 2166
f 2162 1921 1919
f 2159 1921 2162
f 2160 1921 2159
f 2157 1921 2160
f 2157 1927 1921
f 2158 1927 2157
f 1927 1924 1921
f 2156 1927 2158
f 2156 2155 1927
f 2155 1926 1927
f 2152 1926 2155
f 2152 2169 1926
f 2153 2152 2155
f 2149 2169 2152
f 2169 2147 1926
f 2148 2147 2169
f 2147 2170 1926
f 2144 2170 2147
f 2170 2142 1926
f 2143 2142 2170
f 2142 2171 1926
f 2139 2171 2142
f 2171 2172 1926
f 2137 2172 2171
f 2172 2135 1926
f 2136 2135 2172
f 2135 2173 1926
f 2132 2173 2135
f 2173 2130 1926
f 2131 2130 2173
f 2130 1931 1926
f 2128 1931 2130
f 2131 2173 2133
f 2133 2173 2132
f 2136 2172 2138
f 2138 2172 2137
f 2137 2171 2140
f 2140 2171 2139
f 2143 2170 2145
f 2145 2170 2144
f 2148 2169 2150
f 2150 2169 2149
f 1911 2168 1910
f 2168 1911 2167
f 1911 1897 2167
f 1911 1905 1897
f 1904 1905 1911
f 2126 2125 1931
f 1931 2125 1952
f 2125 2174 1952
f 2122 2174 2125
f 2174 2119 1952
f 2120 2119 2174
f 1952 2119 1954
f 2119 2117 1954
f 2121 2119 2120
f 2120 2174 2123
f 2123 2174 2122
f 2118 2119 2121
f 2114 2116 558
f 2107 2110 558
f 2105 2107 558
f 1954 2108 2101
f 1957 1954 2101
f 1955 1954 1957
f 1957 2101 1956
f 486 487 491
f 483 479 480
f 482 483 487
f 461 462 465
f 458 454 455
f 457 458 462
f 426 2078 433
f 426 421 2078
f 425 426 433
f 421 422 2078
f 422 417 418
f 393 394 2066
f 394 388 2066
f 394 387 388
f 368 360 378
f 368 359 360
f 367 368 378
f 353 348 349
f 352 353 357
f 346 343 349
f 328 329 333
f 1682 2044 324
f 1682 1685 2044
f 1680 1682 324
f 1685 1689 2044
f 1692 2042 1693
f 2042 2175 2024
f 1703 2175 2042
f 2175 2025 2024
f 2175 1703 2025
f 2176 2025 1703
f 2177 2025 2176
f 1739 2176 1703
f 1739 2177 2176
f 1735 1739 1703
f 1739 1776 2177
f 2177 1776 2025
f 1695 1703 2042
f 1695 1699 1703
f 1692 1695 2042
f 1972 1969 2023
f 1971 1972 2023
f 1907 1939 1945
f 1907 1936 1939
f 1939 1942 1945
f 1913 1929 1908
f 1912 1923 1913
f 1738 1741 1767
f 1741 1744 1764
f 1744 1762 1764
f 1744 1747 1762
f 1760 1759 1556
f 1759 2178 1556
f 2179 2178 1759
f 1556 2178 1566
f 2178 2180 1566
f 1556 1566 1564
f 2181 2180 2178
f 2180 1568 1566
f 2182 1568 2180
f 2182 2183 1568
f 2184 2182 2180
f 2182 2184 2181
f 2181 2184 2180
f 2182 2181 2185
f 2185 2181 2178
f 1757 2182 2185
f 1757 2186 2182
f 1757 2185 1756
f 2185 2179 1756
f 2179 2185 2178
f 1756 2179 1759
f 1757 2187 2186
f 2186 2183 2182
f 2183 2186 1568
f 2186 2188 1568
f 2186 2187 2188
f 1568 2188 1567
f 2188 2189 1567
f 1757 2189 2188
f 1567 2189 1570
f 2189 2190 1570
f 2191 2190 2189
f 2190 2192 1570
f 2193 2192 2190
f 1570 2192 1575
f 2192 2194 1575
f 1573 1570 1575
f 1571 1570 1573
f 1573 1575 1572
f 2195 2194 2192
f 1575 2194 1576
f 2194 2196 1576
f 2197 2196 2194
f 1576 2196 1578
f 1578 2196 2198
f 2196 2199 2198
f 1578 2198 2200
f 2201 2200 2198
f 2202 1578 2200
f 1581 1578 2202
f 2203 2202 2200
f 2204 2202 2203
f 2205 2203 2200
f 2205 2206 2203
f 2207 2205 2200
f 2205 2207 2201
f 2201 2207 2200
f 2208 2205 2201
f 2208 2206 2205
f 2209 2208 2201
f 2209 2210 2208
f 2211 2209 2201
f 2211 2212 2209
f 2211 2201 2213
f 2201 2214 2213
f 2215 2211 2213
f 2215 2216 2211
f 2217 2215 2213
f 2217 2218 2215
f 2219 2217 2213
f 2219 2220 2217
f 2221 2219 2213
f 2219 2221 2222
f 2223 2221 2213
f 2221 2223 2224
f 2223 2213 2225
f 2213 2226 2225
f 2227 2223 2225
f 2223 2227 2224
f 2227 2225 2228
f 2225 2229 2228
f 2230 2227 2228
f 2227 2230 2231
f 2230 2228 2232
f 2228 2229 2232
f 2233 2230 2232
f 2233 2234 2230
f 2233 2232 2235
f 2232 2236 2235
f 2233 2235 2237
f 2235 2238 2237
f 2233 2237 2239
f 2237 2238 2239
f 2240 2233 2239
f 2240 2241 2233
f 2240 2239 2242
f 2239 2243 2242
f 2244 2240 2242
f 2244 2241 2240
f 2244 2242 2245
f 2242 2246 2245
f 2247 2244 2245
f 2247 2248 2244
f 2247 2245 2249
f 2245 2250 2249
f 2251 2247 2249
f 2251 2248 2247
f 2251 2249 2252
f 2249 2250 2252
f 2253 2251 2252
f 2253 2254 2251
f 2253 2252 2255
f 2252 2256 2255
f 2257 2253 2255
f 2257 2258 2253
f 2257 2255 2259
f 2255 2260 2259
f 2261 2257 2259
f 2261 2262 2257
f 2261 2259 2263
f 2259 2260 2263
f 2264 2261 2263
f 2264 2265 2261
f 2264 2263 2266
f 2263 2267 2266
f 2268 2264 2266
f 2268 2265 2264
f 2268 2266 2269
f 2266 2267 2269
f 2270 2268 2269
f 2270 2271 2268
f 2270 2269 2272
f 2269 2273 2272
f 1582 2270 2272
f 1582 2271 2270
f 1582 2272 2274
f 2272 2275 2274
f 1582 2274 1585
f 2274 2276 1585
f 2274 2277 2276
f 1585 2276 1584
f 1584 2276 1587
f 2276 1595 1587
f 1595 2276 2277
f 1587 1595 1590
f 1595 1593 1590
f 1588 1587 1590
f 1591 1590 1593
f 2278 1595 2277
f 2267 1595 2278
f 2272 2278 2277
f 2273 2278 2272
f 2272 2277 2275
f 2275 2277 2274
f 2269 2278 2273
f 2269 2267 2278
f 1595 2267 2260
f 2263 2260 2267
f 2279 1595 2260
f 2280 1595 2279
f 2255 2279 2260
f 2256 2279 2255
f 2252 2279 2256
f 2252 2250 2279
f 2250 2280 2279
f 2281 2280 2250
f 2280 2281 2282
f 2245 2281 2250
f 2246 2281 2245
f 2242 2281 2246
f 2242 2282 2281
f 2243 2282 2242
f 2239 2282 2243
f 2239 2238 2282
f 2238 2283 2282
f 2284 2283 2238
f 2283 2280 2282
f 2285 2280 2283
f 2286 2280 2285
f 2285 2283 2287
f 2287 2283 2288
f 2286 2285 2287
f 2286 2287 2289
f 2287 2288 2289
f 2286 2289 2290
f 2289 2291 2290
f 2286 2290 2292
f 2290 2291 2292
f 2213 2286 2292
f 2213 2293 2286
f 2213 2292 2294
f 2292 2295 2294
f 2213 2294 2296
f 2294 2295 2296
f 2213 2296 2297
f 2296 2298 2297
f 2213 2297 2226
f 2297 2299 2226
f 2297 2300 2299
f 2226 2299 2225
f 2225 2299 2229
f 2299 2283 2229
f 2300 2283 2299
f 2283 2284 2229
f 2232 2229 2284
f 2232 2284 2236
f 2236 2284 2235
f 2235 2284 2238
f 2301 2283 2300
f 2288 2283 2301
f 2295 2301 2300
f 2291 2301 2295
f 2296 2295 2300
f 2296 2300 2298
f 2298 2300 2297
f 2289 2301 2291
f 2292 2291 2295
f 2302 2301 2289
f 2288 2301 2302
f 2288 2302 2289
f 2213 2303 2293
f 2293 2304 2286
f 2293 2305 2304
f 2304 2306 2286
f 2304 2307 2306
f 2306 2308 2286
f 2306 2309 2308
f 2308 2280 2286
f 2308 2309 2280
f 1595 2280 2309
f 2310 1595 2309
f 1617 1595 2310
f 2307 2310 2309
f 2304 2310 2307
f 2307 2309 2306
f 2311 2310 2304
f 2311 1617 2310
f 2305 2311 2304
f 2305 1617 2311
f 2312 1617 2305
f 2312 1687 1617
f 2293 2312 2305
f 2293 1687 2312
f 2313 1687 2293
f 2313 1691 1687
f 2314 2313 2293
f 2314 1691 2313
f 2303 2314 2293
f 2303 2315 2314
f 2303 2316 2315
f 2315 1691 2314
f 2315 2316 1691
f 2316 1690 1691
f 1697 1690 2316
f 2317 1697 2316
f 2318 1697 2317
f 2317 2316 2303
f 2318 2317 2303
f 2213 2318 2303
f 2213 2319 2318
f 2213 1701 2319
f 2319 1697 2318
f 2319 1701 1697
f 1701 1696 1697
f 2320 1701 2213
f 2320 2321 1701
f 2322 2320 2213
f 2322 2321 2320
f 2323 2322 2213
f 2323 2324 2322
f 2214 2323 2213
f 2214 2325 2323
f 2214 2326 2325
f 2325 2327 2323
f 2325 1713 2327
f 2327 1705 2323
f 2327 1713 1705
f 2323 1705 2324
f 2324 1705 2321
f 1705 1700 2321
f 2324 2321 2322
f 2321 1700 1701
f 1705 1713 1708
f 2326 1713 2325
f 2326 1720 1713
f 2214 1720 2326
f 1713 1720 1715
f 2328 1720 2214
f 2328 2329 1720
f 2330 2328 2214
f 2330 2329 2328
f 2331 2330 2214
f 2331 2332 2330
f 2201 2331 2214
f 2201 2333 2331
f 2201 2334 2333
f 2333 2335 2331
f 2335 2333 2336
f 2331 2335 2336
f 2331 2336 2337
f 2336 2338 2337
f 2332 2331 2337
f 2332 2337 2329
f 2329 2337 2339
f 2332 2329 2330
f 2338 2339 2337
f 2340 2329 2339
f 2341 2329 2340
f 2342 2340 2339
f 2343 2340 2342
f 2342 2339 2344
f 2344 2339 2345
f 2343 2342 2344
f 2343 2344 2346
f 2344 2345 2346
f 2347 2343 2346
f 2347 2348 2343
f 1755 2347 2346
f 1755 2349 2347
f 1755 2346 1757
f 2346 2197 1757
f 2346 2350 2197
f 2197 2193 1757
f 2197 2195 2193
f 2193 2191 1757
f 2193 2351 2191
f 2191 2352 1757
f 2352 2191 2189
f 1757 2352 2189
f 2351 2193 2190
f 2191 2351 2190
f 2197 2353 2195
f 2195 2354 2193
f 2354 2195 2192
f 2193 2354 2192
f 2353 2197 2194
f 2195 2353 2194
f 2346 2355 2350
f 2350 2356 2197
f 2350 2357 2356
f 2356 2358 2197
f 2358 2356 2196
f 2197 2358 2196
f 2356 2199 2196
f 2356 2357 2199
f 2357 2350 2199
f 2350 2359 2199
f 2350 2360 2359
f 2199 2359 2336
f 2359 2338 2336
f 2198 2199 2336
f 2333 2198 2336
f 2333 2334 2198
f 2334 2201 2198
f 2355 2338 2359
f 2355 2361 2338
f 2360 2355 2359
f 2355 2360 2350
f 2346 2361 2355
f 2361 2346 2338
f 2346 2339 2338
f 2346 2345 2339
f 1755 1734 2349
f 2349 1734 2347
f 2347 1734 1727
f 1734 1730 1727
f 2347 1727 2362
f 2362 1727 2363
f 2347 2362 2363
f 2347 2363 2364
f 2363 2365 2364
f 2347 2364 2348
f 2364 2366 2348
f 2364 2365 2366
f 2366 2341 2348
f 2366 2365 2341
f 2348 2341 2367
f 2367 2341 2340
f 2348 2367 2343
f 2367 2340 2343
f 2365 1720 2341
f 1722 1720 2365
f 1720 2329 2341
f 1727 1722 2365
f 2363 1727 2365
f 1755 1737 1734
f 1737 1733 1734
f 1691 1686 1687
f 1687 1683 1617
f 1595 1617 1614
f 1582 2368 2271
f 2369 2368 1582
f 2271 2368 2370
f 2204 2370 2368
f 2371 2271 2370
f 2265 2271 2371
f 2212 2371 2370
f 2212 2211 2371
f 2209 2212 2370
f 2210 2209 2370
f 2210 2370 2204
f 2372 2210 2204
f 2210 2372 2208
f 2208 2372 2204
f 2208 2204 2203
f 2206 2208 2203
f 2211 2216 2371
f 2216 2373 2371
f 2216 2215 2373
f 2373 2265 2371
f 2374 2265 2373
f 2261 2265 2374
f 2375 2374 2373
f 2376 2374 2375
f 2218 2375 2373
f 2218 2217 2375
f 2215 2218 2373
f 2217 2220 2375
f 2220 2222 2375
f 2220 2219 2222
f 2222 2376 2375
f 2377 2376 2222
f 2253 2376 2377
f 2224 2377 2222
f 2248 2377 2224
f 2221 2224 2222
f 2251 2377 2248
f 2231 2248 2224
f 2241 2248 2231
f 2227 2231 2224
f 2244 2248 2241
f 2233 2241 2231
f 2233 2231 2234
f 2234 2231 2230
f 2254 2377 2251
f 2253 2377 2254
f 2258 2376 2253
f 2257 2376 2258
f 2257 2374 2376
f 2262 2374 2257
f 2261 2374 2262
f 2268 2271 2265
f 2378 2204 2368
f 2202 2204 2378
f 2379 2378 2368
f 1583 2378 2379
f 2379 2368 2369
f 2379 2369 1582
f 1583 2379 1582
f 2380 2378 1583
f 2380 2202 2378
f 1580 2380 1583
f 1580 2202 2380
f 1581 2202 1580
f 1579 1578 1581
f 2187 1757 2188
f 1729 1732 1703
f 1725 1729 1703
f 1723 1725 1703
f 1716 1718 1703
f 1709 1711 1703
f 1617 1677 1651
f 1674 1676 324
f 1669 1671 324
f 1667 1669 324
f 1252 1256 1260
f 1250 1252 232
f 1653 1661 1260
f 1653 1657 1661
f 1637 1653 1260
f 1637 1639 1653
f 1283 1637 1260
f 1283 1285 1637
f 1639 1647 1653
f 1639 1644 1647
f 1647 1650 1653
f 1285 1288 1635
f 1288 1291 1633
f 1291 1295 1633
f 1295 1298 1633
f 1298 1301 1633
f 1300 1305 1301
f 1304 1307 1305
f 1314 1317 1625
f 1317 1320 1623
f 1320 1324 1622
f 1324 1327 1620
f 1329 1334 1330
f 1333 1613 1334
f 1333 1336 1613
f 1336 1339 1613
f 1338 1342 1339
f 1341 1607 1342
f 1341 1344 1607
f 1547 1558 1548
f 1525 1528 1523
f 1522 1525 1523
f 1473 1476 1471
f 1470 1473 1471
f 1460 1463 1370
f 1379 1460 1370
f 1369 1379 1370
f 1369 1372 1379
f 1372 1376 1379
f 2381 1043 1057
f 2382 1043 2381
f 1054 2381 1057
f 1054 1055 2381
f 1055 2382 2381
f 1055 1052 2382
f 1052 1053 2382
f 1053 2383 2382
f 1053 1050 2383
f 1043 2382 2383
f 1048 1043 2383
f 2384 1043 1048
f 1051 1048 2383
f 1051 1049 1048
f 1050 1051 2383
f 1044 1043 2384
f 1045 2384 1048
f 1046 2384 1045
f 1044 2384 1046
f 1276 1278 1260
f 1263 1265 1260
f 1238 1240 232
f 1226 1228 232
f 1113 1195 1114
f 1187 1190 1113
f 1116 1187 1113
f 1116 1184 1187
f 1176 1179 1116
f 1115 1176 1116
f 1115 1173 1176
f 1165 1168 1115
f 1159 1165 1115
f 1159 1162 1165
f 1118 1159 1115
f 1118 1153 1159
f 1118 1150 1153
f 1153 1156 1159
f 200 201 203
f 201 211 215
f 933 931 2385
f 933 2386 558
f 2386 933 2387
f 2386 2388 558
f 2386 2389 2388
f 2388 2390 558
f 2390 2388 2391
f 2390 2392 558
f 2392 2390 2393
f 2392 2394 558
f 2395 2394 2392
f 558 2394 2396
f 2395 2396 2394
f 558 2396 2397
f 2397 2396 2395
f 558 2397 2398
f 2397 2399 2398
f 558 2398 2400
f 2400 2398 2401
f 558 2400 2402
f 2402 2400 2403
f 558 2402 2404
f 2404 2402 2403
f 558 2404 2405
f 2405 2404 2406
f 558 2405 2407
f 2407 2405 2406
f 558 2407 2408
f 2408 2407 2409
f 558 2408 2410
f 2408 2411 2410
f 558 2410 2412
f 2412 2410 2413
f 558 2412 571
f 571 2412 575
f 2412 2413 575
f 2414 571 575
f 571 2414 570
f 2414 575 573
f 570 2414 573
f 575 2413 574
f 2413 2409 574
f 2411 2409 2413
f 574 2409 2415
f 2409 2406 2415
f 2416 574 2415
f 2416 593 574
f 2416 2415 2417
f 2418 2417 2415
f 593 2416 2417
f 2417 2419 593
f 2417 2420 2419
f 2419 2421 593
f 2419 2422 2421
f 2421 2423 593
f 2423 2421 592
f 593 2423 592
f 2421 633 592
f 2421 2422 633
f 592 633 615
f 613 592 615
f 2422 2419 633
f 2419 2424 633
f 2419 2425 2424
f 2424 632 633
f 632 2424 2426
f 2426 2424 2427
f 2428 632 2426
f 2429 632 2428
f 2430 2428 2426
f 2430 2431 2428
f 2432 2430 2426
f 2431 2430 2432
f 2432 2426 2427
f 2433 2432 2427
f 2432 2433 2434
f 2434 2433 2427
f 2434 2427 2435
f 2436 2435 2427
f 2437 2434 2435
f 2434 2437 2438
f 2438 2437 2435
f 2438 2435 2439
f 2435 2436 2439
f 2440 2438 2439
f 2438 2440 2441
f 2441 2440 2439
f 2441 2439 2442
f 2439 2436 2442
f 2443 2441 2442
f 2441 2443 2444
f 2444 2443 2442
f 2444 2442 2445
f 2436 2445 2442
f 2446 2444 2445
f 2444 2446 2447
f 2447 2446 2445
f 2447 2445 2448
f 2445 2436 2448
f 2449 2447 2448
f 2447 2449 2450
f 2450 2449 2448
f 2450 2448 2451
f 2448 2436 2451
f 2452 2450 2451
f 2450 2452 2453
f 2453 2452 2451
f 2453 2451 2454
f 2436 2454 2451
f 2455 2453 2454
f 2453 2455 2456
f 2456 2455 2454
f 2456 2454 2457
f 2454 2436 2457
f 2458 2456 2457
f 2456 2458 2459
f 2459 2458 2457
f 2459 2457 2460
f 2457 2436 2460
f 2461 2459 2460
f 2459 2461 2462
f 2462 2461 2460
f 2462 2460 2463
f 2436 2463 2460
f 2464 2462 2463
f 2462 2464 2465
f 2465 2464 2463
f 2465 2463 2466
f 2463 2436 2466
f 2467 2465 2466
f 2465 2467 2468
f 2468 2467 2466
f 2468 2466 2469
f 2466 2436 2469
f 2470 2468 2469
f 2468 2470 2471
f 2471 2470 2469
f 2471 2469 2472
f 2436 2472 2469
f 2473 2471 2472
f 2471 2473 2474
f 2474 2473 2472
f 2474 2472 2475
f 2472 2436 2475
f 2476 2474 2475
f 2474 2476 2477
f 2477 2476 2475
f 2477 2475 2478
f 2475 2436 2478
f 2479 2477 2478
f 2477 2479 2480
f 2480 2479 2478
f 2480 2478 2481
f 2436 2481 2478
f 2482 2480 2481
f 2480 2482 2483
f 2483 2482 2481
f 2483 2481 2484
f 2481 2436 2484
f 2485 2483 2484
f 2483 2485 2486
f 2486 2485 2484
f 2486 2484 2487
f 2484 2436 2487
f 2488 2486 2487
f 2486 2488 2489
f 2489 2488 2487
f 2489 2487 2490
f 2436 2490 2487
f 2491 2489 2490
f 2489 2491 2492
f 2492 2491 2490
f 2492 2490 2493
f 2490 2436 2493
f 2494 2492 2493
f 2492 2494 2495
f 2495 2494 2493
f 2495 2493 2496
f 2493 2436 2496
f 2497 2495 2496
f 2495 2497 2498
f 2498 2497 2496
f 2498 2496 2499
f 2496 2500 2499
f 2501 2498 2499
f 2498 2501 2502
f 2502 2501 2499
f 2502 2499 2503
f 2499 2504 2503
f 2505 2502 2503
f 2502 2505 2506
f 2506 2505 2503
f 2506 2503 2507
f 2503 2508 2507
f 2509 2506 2507
f 2506 2509 2510
f 2510 2509 2507
f 2510 2507 2511
f 2507 2512 2511
f 2513 2510 2511
f 2510 2513 2514
f 2514 2513 2511
f 2514 2511 2515
f 2511 2512 2515
f 2516 2514 2515
f 2514 2516 2517
f 2517 2516 2515
f 2517 2515 2518
f 2515 2519 2518
f 2520 2517 2518
f 2517 2520 2521
f 2521 2520 2518
f 2521 2518 2522
f 2518 2523 2522
f 2524 2521 2522
f 2521 2524 2525
f 2525 2524 2522
f 2525 2522 2526
f 2522 2527 2526
f 2528 2525 2526
f 2525 2528 2529
f 2529 2528 2526
f 2529 2526 2530
f 2526 2527 2530
f 2531 2529 2530
f 2529 2531 2532
f 2532 2531 2530
f 2532 2530 2533
f 2530 2534 2533
f 2535 2532 2533
f 2532 2535 2536
f 2536 2535 2533
f 2536 2533 2537
f 2533 2534 2537
f 2538 2536 2537
f 2536 2538 2539
f 2539 2538 2537
f 2539 2537 2540
f 2537 2541 2540
f 2542 2539 2540
f 2539 2542 2543
f 2543 2542 2540
f 2543 2540 2544
f 2540 2545 2544
f 2546 2543 2544
f 2543 2546 2547
f 2547 2546 2544
f 2547 2544 2548
f 2544 2549 2548
f 2550 2547 2548
f 2547 2550 2551
f 2550 2548 2552
f 2548 2553 2552
f 2550 2552 2551
f 2551 2552 2554
f 2554 2552 2555
f 2551 2554 2556
f 2556 2554 2557
f 2551 2556 2558
f 2556 2557 2558
f 2547 2551 2558
f 2539 2547 2558
f 2539 2543 2547
f 2539 2558 2559
f 2558 2560 2559
f 2539 2559 2561
f 2559 2562 2561
f 2539 2561 2563
f 2561 2564 2563
f 2434 2539 2563
f 2434 2483 2539
f 2434 2563 2565
f 2563 2566 2565
f 2565 2567 2434
f 2565 2568 2567
f 2567 2569 2434
f 2567 2570 2569
f 2569 2571 2434
f 2569 2572 2571
f 2571 2573 2434
f 2571 2574 2573
f 2573 2431 2434
f 2573 2575 2431
f 2431 2432 2434
f 2573 2576 2575
f 2575 2577 2431
f 2577 2575 2429
f 2431 2577 2429
f 2431 2429 2428
f 2575 2578 2429
f 2575 2576 2578
f 632 2429 2578
f 2579 632 2578
f 2580 632 2579
f 2573 2579 2578
f 2573 2581 2579
f 2576 2573 2578
f 2582 2581 2573
f 2581 2582 2579
f 2582 2580 2579
f 2582 2583 2580
f 2574 2583 2582
f 2583 2574 2580
f 2574 2584 2580
f 2574 2585 2584
f 632 2580 2584
f 2586 632 2584
f 2587 632 2586
f 2588 2586 2584
f 2588 2589 2586
f 2585 2588 2584
f 2588 2585 2574
f 2571 2588 2574
f 2571 2589 2588
f 2589 2571 2586
f 2571 2587 2586
f 2571 2590 2587
f 2591 2590 2571
f 2590 2591 2587
f 2591 2592 2587
f 2591 2593 2592
f 632 2587 2592
f 2594 632 2592
f 2595 632 2594
f 2596 2594 2592
f 2596 2597 2594
f 2593 2596 2592
f 2596 2593 2591
f 2596 2591 2571
f 2572 2596 2571
f 2572 2598 2596
f 2572 2599 2598
f 2598 2597 2596
f 2597 2598 2594
f 2598 2595 2594
f 2598 2599 2595
f 2599 2572 2595
f 2572 2600 2595
f 2572 2601 2600
f 632 2595 2600
f 2602 632 2600
f 637 632 2602
f 2603 2602 2600
f 2603 2604 2602
f 2601 2603 2600
f 2603 2601 2572
f 2605 2603 2572
f 2605 2604 2603
f 2569 2605 2572
f 2569 2606 2605
f 2569 2607 2606
f 2606 2608 2605
f 2608 2606 2609
f 2605 2608 2609
f 2605 2609 2602
f 2609 637 2602
f 2604 2605 2602
f 2610 637 2609
f 637 2610 2611
f 2606 2610 2609
f 2606 2607 2610
f 2607 2569 2610
f 2569 2611 2610
f 2569 2612 2611
f 2613 2612 2569
f 2612 2613 2611
f 2613 2614 2611
f 2613 2615 2614
f 2614 637 2611
f 2616 637 2614
f 640 637 2616
f 2617 2616 2614
f 2618 2616 2617
f 2619 2617 2614
f 2619 2620 2617
f 2615 2619 2614
f 2619 2615 2613
f 2619 2613 2569
f 2621 2619 2569
f 2621 2622 2619
f 2570 2621 2569
f 2570 2623 2621
f 2570 2624 2623
f 2623 2625 2621
f 2623 2626 2625
f 2625 2627 2621
f 2627 2625 2628
f 2621 2627 2628
f 2621 2628 2629
f 2628 2630 2629
f 2631 2621 2629
f 2621 2631 2622
f 2622 2631 2629
f 2622 2629 2617
f 2629 2618 2617
f 2620 2622 2617
f 2622 2620 2619
f 2630 2618 2629
f 2632 2618 2630
f 642 2618 2632
f 2632 2630 641
f 641 2630 2633
f 642 2632 641
f 2633 2630 2634
f 641 2633 2635
f 2633 2634 2635
f 641 2635 2636
f 2635 2637 2636
f 641 2636 646
f 2636 2638 646
f 2636 2639 2638
f 2638 2640 646
f 2638 2641 2640
f 2640 2642 646
f 2640 2641 2642
f 646 2642 2643
f 2643 2642 2644
f 646 2643 2645
f 2643 2644 2645
f 646 2645 2646
f 2645 2647 2646
f 646 2646 645
f 2646 2648 645
f 2646 2649 2648
f 2648 2650 645
f 2648 2651 2650
f 2650 2652 645
f 2650 2651 2652
f 645 2652 2653
f 2653 2652 2654
f 645 2653 2655
f 2653 2654 2655
f 645 2655 2656
f 2655 2657 2656
f 645 2656 650
f 2656 2658 650
f 2656 2659 2658
f 2658 2660 650
f 2658 2661 2660
f 2660 2662 650
f 2660 2661 2662
f 650 2662 2663
f 2663 2662 2664
f 650 2663 2665
f 2663 2664 2665
f 650 2665 2666
f 2665 2667 2666
f 650 2666 649
f 2666 2668 649
f 2666 2669 2668
f 2668 2670 649
f 2668 2671 2670
f 2670 2672 649
f 2670 2671 2672
f 649 2672 2673
f 2672 2674 2673
f 649 2673 2675
f 2675 2673 2676
f 649 2675 2676
f 649 2676 2677
f 2676 2678 2677
f 649 2677 652
f 2677 2679 652
f 2677 2680 2679
f 2679 2681 652
f 2681 2679 2682
f 652 2681 2683
f 2681 2682 2683
f 2684 652 2683
f 652 2684 2685
f 2684 2683 2686
f 658 2686 2683
f 2685 2684 2686
f 2687 2685 2686
f 652 2685 2687
f 2687 2686 2688
f 2686 658 2688
f 2689 2687 2688
f 2687 2689 651
f 651 2689 2688
f 651 2688 2690
f 2688 658 2690
f 654 651 2690
f 653 654 2690
f 653 2690 656
f 658 656 2690
f 652 2687 651
f 2682 658 2683
f 2691 658 2682
f 658 2691 783
f 2680 2691 2682
f 2680 2677 2691
f 2679 2680 2682
f 2677 2678 2691
f 2678 2673 2691
f 2678 2676 2673
f 2691 2673 783
f 2673 2674 783
f 2674 2692 783
f 2693 2692 2674
f 2692 2694 783
f 2695 2694 2692
f 2694 2696 783
f 2697 2696 2694
f 2696 2698 783
f 2699 2698 2696
f 2698 2700 783
f 2701 2700 2698
f 2700 789 783
f 2702 789 2700
f 787 783 789
f 787 784 783
f 786 787 789
f 785 783 784
f 782 783 785
f 2703 789 2702
f 2704 2702 2700
f 2705 2702 2704
f 2704 2700 2706
f 2706 2700 2701
f 2705 2704 2706
f 2707 2705 2706
f 2707 2708 2705
f 2707 2706 2567
f 2706 2697 2567
f 2568 2707 2567
f 2568 2709 2707
f 2568 2710 2709
f 2709 2711 2707
f 2709 2712 2711
f 2711 2713 2707
f 2711 2714 2713
f 2713 2703 2707
f 2713 2714 2703
f 2707 2703 2708
f 2708 2703 2702
f 2708 2702 2705
f 2714 789 2703
f 2715 789 2714
f 2716 789 2715
f 2712 2715 2714
f 2709 2715 2712
f 2712 2714 2711
f 2717 2715 2709
f 2717 2716 2715
f 2710 2717 2709
f 2710 2716 2717
f 2718 2716 2710
f 2718 2719 2716
f 2568 2718 2710
f 2568 2719 2718
f 2720 2719 2568
f 2720 2721 2719
f 2722 2720 2568
f 2722 2721 2720
f 2723 2722 2568
f 2723 2724 2722
f 2725 2723 2568
f 2725 2726 2723
f 2565 2725 2568
f 2565 2727 2725
f 2565 2728 2727
f 2727 2729 2725
f 2727 2730 2729
f 2729 2731 2725
f 2729 2732 2731
f 2731 2733 2725
f 2731 2732 2733
f 2725 2733 2734
f 2734 2733 2735
f 2725 2734 2726
f 2734 2735 2726
f 2726 2735 2736
f 2736 2735 2737
f 2726 2736 2723
f 2736 2737 2723
f 2723 2737 2724
f 2724 2737 2721
f 2737 789 2721
f 2724 2721 2722
f 2735 789 2737
f 2721 789 2719
f 2719 789 2716
f 2733 789 2735
f 2732 789 2733
f 2738 789 2732
f 2738 2739 789
f 2730 2738 2732
f 2727 2738 2730
f 2730 2732 2729
f 2740 2738 2727
f 2740 2739 2738
f 2728 2740 2727
f 2728 2739 2740
f 2741 2739 2728
f 2741 2742 2739
f 2565 2741 2728
f 2565 2742 2741
f 2743 2742 2565
f 2743 2744 2742
f 2745 2743 2565
f 2745 2744 2743
f 2746 2745 2565
f 2746 2747 2745
f 2748 2746 2565
f 2748 2749 2746
f 2750 2748 2565
f 2750 2751 2748
f 2566 2750 2565
f 2566 2752 2750
f 2566 2753 2752
f 2752 2754 2750
f 2752 2755 2754
f 2754 2756 2750
f 2754 2757 2756
f 2756 2758 2750
f 2756 2759 2758
f 2758 2760 2750
f 2758 2759 2760
f 2750 2760 2761
f 2761 2760 2762
f 2750 2761 2763
f 2761 2762 2763
f 2750 2763 2751
f 2763 2764 2751
f 2763 2762 2764
f 2764 2765 2751
f 2764 2762 2765
f 2751 2765 2766
f 2766 2765 2767
f 2751 2766 2768
f 2766 2767 2768
f 2751 2768 2748
f 2768 2769 2748
f 2768 2767 2769
f 2769 2770 2748
f 2769 2767 2770
f 2748 2770 2771
f 2771 2770 2772
f 2748 2771 2749
f 2771 2772 2749
f 2749 2772 2773
f 2773 2772 2774
f 2749 2773 2746
f 2773 2774 2746
f 2746 2774 2747
f 2747 2774 2744
f 2744 2774 794
f 2747 2744 2745
f 2774 797 794
f 2744 794 791
f 792 791 794
f 2742 2744 791
f 2742 791 789
f 788 789 791
f 2739 2742 789
f 2774 2772 797
f 795 794 797
f 2772 800 797
f 2772 2770 800
f 798 797 800
f 2770 803 800
f 2770 2767 803
f 801 800 803
f 2775 803 2767
f 805 803 2775
f 2765 2775 2767
f 2762 2775 2765
f 2776 2775 2762
f 807 2775 2776
f 2760 2776 2762
f 811 2776 2760
f 809 2776 811
f 2759 811 2760
f 813 811 2759
f 810 811 813
f 2777 813 2759
f 817 813 2777
f 2757 2777 2759
f 2754 2777 2757
f 2757 2759 2756
f 2778 2777 2754
f 2778 2779 2777
f 2755 2778 2754
f 2755 2779 2778
f 2780 2779 2755
f 2780 2781 2779
f 2752 2780 2755
f 2752 2781 2780
f 2782 2781 2752
f 2782 2783 2781
f 2784 2782 2752
f 2784 2783 2782
f 2753 2784 2752
f 2753 2785 2784
f 2753 2786 2785
f 2785 2783 2784
f 2785 2786 2783
f 2786 825 2783
f 828 825 2786
f 2783 825 2781
f 825 822 2781
f 823 822 825
f 2781 822 2779
f 822 819 2779
f 820 819 822
f 2779 819 2777
f 819 817 2777
f 816 817 819
f 826 825 828
f 2787 828 2786
f 832 828 2787
f 2788 2787 2786
f 2789 2787 2788
f 2788 2786 2753
f 2789 2788 2753
f 2566 2789 2753
f 2566 2790 2789
f 2566 2791 2790
f 2790 2787 2789
f 2790 2791 2787
f 2791 832 2787
f 2792 832 2791
f 834 832 2792
f 2793 2792 2791
f 2794 2792 2793
f 2793 2791 2566
f 2794 2793 2566
f 2795 2794 2566
f 2795 2796 2794
f 2797 2795 2566
f 2797 2798 2795
f 2799 2797 2566
f 2799 2800 2797
f 2563 2799 2566
f 2563 2801 2799
f 2563 2802 2801
f 2801 2803 2799
f 2801 2804 2803
f 2803 2805 2799
f 2803 2806 2805
f 2805 2807 2799
f 2805 2808 2807
f 2807 2809 2799
f 2807 2808 2809
f 2799 2809 2810
f 2810 2809 2811
f 2799 2810 2812
f 2810 2811 2812
f 2799 2812 2800
f 2812 2813 2800
f 2812 2811 2813
f 2813 2814 2800
f 2813 2811 2814
f 2800 2814 2815
f 2815 2814 2816
f 2800 2815 2817
f 2815 2816 2817
f 2800 2817 2797
f 2817 2818 2797
f 2817 2819 2818
f 2818 2820 2797
f 2818 2819 2820
f 2797 2820 2821
f 2821 2820 2822
f 2797 2821 2798
f 2821 2822 2798
f 2798 2822 2823
f 2823 2822 2824
f 2798 2823 2795
f 2823 2824 2795
f 2795 2824 2796
f 2796 2824 2792
f 2824 834 2792
f 2796 2792 2794
f 837 834 2824
f 835 834 837
f 2822 837 2824
f 840 837 2822
f 838 837 840
f 2820 840 2822
f 2825 840 2820
f 842 840 2825
f 877 2825 2820
f 846 2825 877
f 877 2820 2819
f 2826 877 2819
f 879 877 2826
f 883 2826 2819
f 881 2826 883
f 885 883 2819
f 882 883 885
f 889 885 2819
f 887 885 889
f 891 889 2819
f 888 889 891
f 894 891 2819
f 892 891 894
f 2827 894 2819
f 896 894 2827
f 900 2827 2819
f 898 2827 900
f 902 900 2819
f 899 900 902
f 906 902 2819
f 904 902 906
f 906 2819 2816
f 2817 2816 2819
f 908 906 2816
f 905 906 908
f 2828 908 2816
f 910 908 2828
f 914 2828 2816
f 912 2828 914
f 914 2816 2814
f 916 914 2814
f 913 914 916
f 919 916 2814
f 917 916 919
f 923 919 2814
f 921 919 923
f 925 923 2814
f 922 923 925
f 925 2814 2811
f 2809 925 2811
f 2808 925 2809
f 925 2808 2829
f 2806 2829 2808
f 2830 925 2829
f 2831 925 2830
f 2832 2830 2829
f 2804 2830 2832
f 2832 2829 2803
f 2803 2829 2806
f 2804 2832 2803
f 2833 2830 2804
f 2833 2831 2830
f 2801 2833 2804
f 2801 2831 2833
f 2834 2831 2801
f 2834 2835 2831
f 2836 2834 2801
f 2836 2835 2834
f 2802 2836 2801
f 2802 2837 2836
f 2802 2838 2837
f 2837 2835 2836
f 2837 2838 2835
f 2838 925 2835
f 2839 925 2838
f 925 2831 2835
f 925 2839 2840
f 2841 2839 2838
f 2842 2839 2841
f 2841 2838 2802
f 2842 2841 2802
f 2563 2842 2802
f 2563 2843 2842
f 2563 2840 2843
f 2843 2839 2842
f 2843 2840 2839
f 2844 2840 2563
f 2844 2845 2840
f 2846 2844 2563
f 2846 2845 2844
f 2847 2846 2563
f 2847 2848 2846
f 2849 2847 2563
f 2849 2850 2847
f 2564 2849 2563
f 2564 2851 2849
f 2564 2852 2851
f 2851 2853 2849
f 2851 2854 2853
f 2853 2855 2849
f 2853 2856 2855
f 2855 2857 2849
f 2855 2856 2857
f 2849 2857 2858
f 2858 2857 2859
f 2849 2858 2850
f 2858 2859 2850
f 2850 2859 2860
f 2860 2859 2861
f 2850 2860 2847
f 2860 2861 2847
f 2847 2861 2848
f 2848 2861 2845
f 2861 925 2845
f 2848 2845 2846
f 925 2861 2859
f 2845 925 2840
f 2857 925 2859
f 2856 925 2857
f 925 2856 2862
f 2854 2862 2856
f 2863 925 2862
f 2864 925 2863
f 2865 2863 2862
f 2852 2863 2865
f 2865 2862 2851
f 2851 2862 2854
f 2852 2865 2851
f 2866 2863 2852
f 2866 2864 2863
f 2564 2866 2852
f 2564 2864 2866
f 2867 2864 2564
f 2867 2868 2864
f 2869 2867 2564
f 2869 2868 2867
f 2870 2869 2564
f 2870 2871 2869
f 2872 2870 2564
f 2872 2873 2870
f 2561 2872 2564
f 2561 2874 2872
f 2561 2875 2874
f 2874 2876 2872
f 2874 2877 2876
f 2876 2878 2872
f 2876 2879 2878
f 2878 2880 2872
f 2878 2879 2880
f 2872 2880 2881
f 2881 2880 2882
f 2872 2881 2873
f 2881 2882 2873
f 2873 2882 2883
f 2883 2882 2884
f 2873 2883 2870
f 2883 2884 2870
f 2870 2884 2871
f 2871 2884 2868
f 2884 925 2868
f 2871 2868 2869
f 928 925 2884
f 925 2864 2868
f 926 925 928
f 2882 928 2884
f 2880 928 2882
f 2885 928 2880
f 930 928 2885
f 2879 2885 2880
f 2886 2885 2879
f 2885 2886 2887
f 2877 2886 2879
f 2874 2886 2877
f 2877 2879 2876
f 2888 2886 2874
f 2888 2887 2886
f 2875 2888 2874
f 2875 2887 2888
f 2889 2887 2875
f 2889 2890 2887
f 2561 2889 2875
f 2561 2890 2889
f 2891 2890 2561
f 2891 2892 2890
f 2893 2891 2561
f 2893 2892 2891
f 2894 2893 2561
f 2894 2895 2893
f 2562 2894 2561
f 2562 2896 2894
f 2562 2897 2896
f 2896 2898 2894
f 2896 2899 2898
f 2898 2900 2894
f 2898 2899 2900
f 2894 2900 2895
f 2895 2900 2892
f 2885 2892 2900
f 2895 2892 2893
f 2892 2885 2890
f 2899 2885 2900
f 2901 2885 2899
f 2885 2901 2902
f 2897 2901 2899
f 2562 2901 2897
f 2897 2899 2896
f 2903 2901 2562
f 2903 2902 2901
f 2904 2903 2562
f 2904 2902 2903
f 2905 2904 2562
f 2905 2906 2904
f 2559 2905 2562
f 2559 2907 2905
f 2559 2908 2907
f 2907 2909 2905
f 2907 2910 2909
f 2909 2911 2905
f 2909 2910 2911
f 2905 2911 2906
f 2906 2911 2902
f 2911 2885 2902
f 2906 2902 2904
f 2910 2885 2911
f 2885 2910 2912
f 2908 2912 2910
f 2913 2885 2912
f 2385 2885 2913
f 2914 2913 2912
f 2915 2913 2914
f 2914 2912 2559
f 2559 2912 2908
f 2915 2914 2559
f 2560 2915 2559
f 2560 2916 2915
f 2560 2917 2916
f 2916 2913 2915
f 2916 2917 2913
f 2917 2385 2913
f 2918 2385 2917
f 2385 2918 2919
f 2920 2918 2917
f 2921 2918 2920
f 2920 2917 2560
f 2921 2920 2560
f 2558 2921 2560
f 2558 2922 2921
f 2558 2919 2922
f 2922 2918 2921
f 2922 2919 2918
f 2558 2557 2919
f 2557 2385 2919
f 2554 2385 2557
f 2385 2554 2923
f 2923 2554 2555
f 2385 2923 2924
f 2925 2924 2923
f 2926 2385 2924
f 2385 2926 2927
f 2928 2926 2924
f 2929 2926 2928
f 2928 2924 2925
f 2929 2928 2925
f 2930 2929 2925
f 2930 2931 2929
f 2930 2925 2932
f 2925 2933 2932
f 2930 2932 2934
f 2932 2935 2934
f 2930 2934 2936
f 2934 2937 2936
f 2938 2930 2936
f 2938 2939 2930
f 2936 2940 2938
f 2936 2941 2940
f 2940 2942 2938
f 2940 2943 2942
f 2942 2944 2938
f 2942 2945 2944
f 2944 2946 2938
f 2944 2947 2946
f 2946 2418 2938
f 2946 2948 2418
f 2418 2949 2938
f 2418 2950 2949
f 2949 2951 2938
f 2949 2952 2951
f 2951 2953 2938
f 2951 2952 2953
f 2938 2953 2954
f 2954 2953 2955
f 2938 2954 2956
f 2954 2955 2956
f 2938 2956 2957
f 2956 2958 2957
f 2938 2957 2959
f 2957 2960 2959
f 2938 2959 2939
f 2959 2961 2939
f 2959 2962 2961
f 2961 2963 2939
f 2961 2964 2963
f 2963 2965 2939
f 2963 2966 2965
f 2965 2967 2939
f 2965 2966 2967
f 2939 2967 2968
f 2968 2967 2969
f 2939 2968 2970
f 2968 2969 2970
f 2939 2970 2971
f 2970 2972 2971
f 2939 2971 2973
f 2971 2974 2973
f 2939 2973 2930
f 2973 2975 2930
f 2973 2976 2975
f 2975 2977 2930
f 2975 2978 2977
f 2977 2979 2930
f 2977 2980 2979
f 2979 2927 2930
f 2979 2980 2927
f 2930 2927 2931
f 2931 2927 2926
f 2931 2926 2929
f 2980 2385 2927
f 2981 2385 2980
f 2385 2981 2982
f 2978 2981 2980
f 2975 2981 2978
f 2978 2980 2977
f 2983 2981 2975
f 2983 2982 2981
f 2976 2983 2975
f 2976 2982 2983
f 2984 2982 2976
f 2984 2985 2982
f 2973 2984 2976
f 2973 2985 2984
f 2986 2985 2973
f 2986 2987 2985
f 2974 2986 2973
f 2974 2987 2986
f 2988 2987 2974
f 2988 2989 2987
f 2971 2988 2974
f 2971 2989 2988
f 2972 2989 2971
f 2972 2969 2989
f 2970 2969 2972
f 2387 2989 2969
f 2989 2387 2987
f 2967 2387 2969
f 2966 2387 2967
f 2387 2966 2990
f 2964 2990 2966
f 2991 2387 2990
f 2992 2387 2991
f 2993 2991 2990
f 2962 2991 2993
f 2993 2990 2961
f 2961 2990 2964
f 2962 2993 2961
f 2994 2991 2962
f 2994 2992 2991
f 2959 2994 2962
f 2959 2992 2994
f 2995 2992 2959
f 2995 2996 2992
f 2960 2995 2959
f 2960 2996 2995
f 2997 2996 2960
f 2997 2998 2996
f 2957 2997 2960
f 2957 2998 2997
f 2958 2998 2957
f 2958 2955 2998
f 2956 2955 2958
f 2955 2387 2998
f 2387 2955 2953
f 2998 2387 2996
f 2387 2992 2996
f 2391 2387 2953
f 2389 2387 2391
f 2952 2391 2953
f 2393 2391 2952
f 2390 2391 2393
f 2415 2393 2952
f 2395 2393 2415
f 2950 2415 2952
f 2418 2415 2950
f 2950 2952 2949
f 2392 2393 2395
f 2401 2395 2415
f 2399 2395 2401
f 2403 2401 2415
f 2400 2401 2403
f 2406 2403 2415
f 2404 2403 2406
f 2399 2397 2395
f 2398 2399 2401
f 2389 2386 2387
f 2388 2389 2391
f 2964 2966 2963
f 2987 2387 2985
f 2387 2385 2985
f 933 2385 2387
f 2985 2385 2982
f 2946 2424 2948
f 2948 2420 2418
f 2420 2948 2424
f 2417 2418 2420
f 2420 2424 2425
f 2420 2425 2419
f 2946 2999 2424
f 3000 2999 2946
f 2424 2999 2427
f 2999 3001 2427
f 2947 3001 2999
f 3001 3002 2427
f 3003 3002 3001
f 3002 2436 2427
f 3004 2436 3002
f 2942 2436 3004
f 3004 3002 2945
f 2945 3002 3003
f 2942 3004 2945
f 2945 3003 2944
f 3003 3001 2944
f 2944 3001 2947
f 3005 2436 2942
f 3005 2500 2436
f 3006 3005 2942
f 3006 2500 3005
f 2943 3006 2942
f 2943 3007 3006
f 2943 2504 3007
f 3007 2500 3006
f 3007 2504 2500
f 2500 2504 2499
f 3008 2504 2943
f 3008 2508 2504
f 3009 3008 2943
f 3009 2508 3008
f 2940 3009 2943
f 2940 3010 3009
f 2940 2512 3010
f 3010 2508 3009
f 3010 2512 2508
f 2508 2512 2507
f 3011 2512 2940
f 3011 2519 2512
f 3012 3011 2940
f 3012 2519 3011
f 2941 3012 2940
f 2941 3013 3012
f 2941 2523 3013
f 3013 2519 3012
f 3013 2523 2519
f 2519 2523 2518
f 3014 2523 2941
f 3014 2527 2523
f 3015 3014 2941
f 3015 2527 3014
f 2936 3015 2941
f 2936 3016 3015
f 2936 3017 3016
f 3016 3018 3015
f 3016 2534 3018
f 3018 2527 3015
f 3018 2534 2527
f 2527 2534 2530
f 3017 2534 3016
f 3017 2541 2534
f 3019 2541 3017
f 2534 2541 2537
f 2936 2541 3019
f 2936 3019 3017
f 2936 3020 2541
f 3021 3020 2936
f 2541 3020 2540
f 3020 2545 2540
f 3022 2545 3020
f 3023 2545 3022
f 3022 3020 3021
f 3022 3021 2936
f 2937 3022 2936
f 2937 3023 3022
f 2937 2545 3023
f 2937 3024 2545
f 3025 3024 2937
f 2545 3024 2544
f 3024 3026 2544
f 3027 3026 3024
f 3026 2549 2544
f 2934 2549 3026
f 3028 2549 2934
f 2934 3026 3029
f 3029 3026 3027
f 2934 3029 3027
f 2934 3027 2937
f 3027 3025 2937
f 3027 3024 3025
f 2935 2549 3028
f 2935 3028 2934
f 2935 3030 2549
f 3031 3030 2935
f 2549 3030 2548
f 3030 3032 2548
f 3033 3032 3030
f 3032 2553 2548
f 3034 2553 3032
f 3035 2553 3034
f 3034 3032 2932
f 2932 3032 3033
f 2933 3034 2932
f 2933 3035 3034
f 2933 2553 3035
f 2933 2555 2553
f 3036 2555 2933
f 2553 2555 2552
f 3036 2923 2555
f 3037 3036 2933
f 3037 2923 3036
f 2925 3037 2933
f 2925 2923 3037
f 2932 3033 3031
f 3033 3030 3031
f 2932 3031 2935
f 2523 2527 2522
f 2512 2519 2515
f 2504 2508 2503
f 2436 2500 2496
f 2947 2999 3000
f 2947 3000 2946
f 932 2885 2385
f 932 929 2885
f 931 932 2385
f 929 930 2885
f 2908 2910 2907
f 2890 2885 2887
f 930 927 928
f 2854 2856 2853
f 2806 2808 2805
f 921 918 919
f 920 921 923
f 912 909 2828
f 911 912 914
f 909 910 2828
f 910 907 908
f 904 901 902
f 903 904 906
f 898 895 2827
f 897 898 900
f 895 896 2827
f 896 893 894
f 887 884 885
f 886 887 889
f 881 878 2826
f 880 881 883
f 878 879 2826
f 879 876 877
f 844 2825 846
f 875 846 877
f 848 846 875
f 874 875 877
f 845 846 848
f 871 848 875
f 851 848 871
f 873 871 875
f 873 870 871
f 872 873 875
f 849 848 851
f 868 851 871
f 855 851 868
f 869 868 871
f 853 851 855
f 865 855 868
f 857 855 865
f 866 865 868
f 854 855 857
f 863 857 865
f 3038 857 863
f 862 863 865
f 859 857 3038
f 861 3038 863
f 861 858 3038
f 860 861 863
f 858 859 3038
f 859 856 857
f 853 850 851
f 852 853 855
f 844 841 2825
f 843 844 846
f 841 842 2825
f 842 839 840
f 831 832 834
f 830 828 832
f 830 827 828
f 829 830 832
f 815 813 817
f 815 812 813
f 814 815 817
f 809 806 2776
f 808 809 811
f 806 807 2776
f 807 804 2775
f 804 805 2775
f 805 802 803
f 2706 3039 2697
f 2697 3040 2567
f 2697 2695 3040
f 3040 3041 2567
f 3040 3042 3041
f 3041 3043 2567
f 3043 3041 3044
f 2567 3043 3044
f 2567 3044 3045
f 2661 3045 3044
f 3046 2567 3045
f 2567 3046 3047
f 3047 3046 3045
f 3047 3045 3048
f 3049 3048 3045
f 3050 3047 3048
f 3047 3050 3051
f 3051 3050 3048
f 3051 3048 3052
f 2654 3052 3048
f 3053 3051 3052
f 3051 3053 3054
f 3054 3053 3052
f 3054 3052 3055
f 2652 3055 3052
f 3056 3054 3055
f 3054 3056 3057
f 3057 3056 3055
f 3057 3055 3058
f 2651 3058 3055
f 3059 3057 3058
f 3057 3059 3060
f 3060 3059 3058
f 3060 3058 3061
f 3062 3061 3058
f 3063 3060 3061
f 3060 3063 3064
f 3064 3063 3061
f 3064 3061 3065
f 3062 3065 3061
f 3066 3064 3065
f 3064 3066 3067
f 3067 3066 3065
f 3067 3065 3068
f 2644 3068 3065
f 3069 3067 3068
f 3067 3069 2570
f 2570 3069 3068
f 2570 3068 3070
f 2642 3070 3068
f 3071 2570 3070
f 2570 3071 2624
f 2624 3071 3070
f 2624 3070 3072
f 2641 3072 3070
f 3073 2624 3072
f 2624 3073 2623
f 2623 3073 3072
f 2623 3072 3074
f 3075 3074 3072
f 2626 2623 3074
f 2625 2626 3074
f 2625 3074 2628
f 3074 2634 2628
f 3075 2634 3074
f 2634 2630 2628
f 2637 2634 3075
f 2635 2634 2637
f 2637 3075 2636
f 2636 3075 2639
f 2639 3075 2641
f 3075 3072 2641
f 2639 2641 2638
f 2641 3070 2642
f 2642 3068 2644
f 3064 3067 2570
f 3057 3064 2570
f 3057 3060 3064
f 2567 3057 2570
f 2567 3051 3057
f 2567 3047 3051
f 3051 3054 3057
f 2644 3065 3062
f 2647 2644 3062
f 2645 2644 2647
f 2647 3062 2646
f 2646 3062 2649
f 2649 3062 2651
f 3062 3058 2651
f 2649 2651 2648
f 2651 3055 2652
f 2652 3052 2654
f 2654 3048 3049
f 2657 2654 3049
f 2655 2654 2657
f 2657 3049 2656
f 2656 3049 2659
f 2659 3049 2661
f 3049 3045 2661
f 2659 2661 2658
f 2661 3044 2662
f 2662 3044 3076
f 3041 3076 3044
f 2662 3076 2664
f 2664 3076 3077
f 3077 3076 3078
f 2667 2664 3077
f 2665 2664 2667
f 2667 3077 2666
f 2666 3077 2669
f 2669 3077 2671
f 3077 3078 2671
f 2669 2671 2668
f 2671 3078 2672
f 2672 3078 2674
f 3040 2674 3078
f 3040 2693 2674
f 3079 3040 3078
f 3040 3079 3042
f 3079 3078 3076
f 3042 3079 3076
f 3041 3042 3076
f 3080 2693 3040
f 2693 3080 2692
f 2695 3080 3040
f 2695 2692 3080
f 2697 3081 2695
f 2697 2694 3081
f 3081 2694 2695
f 2706 2701 3039
f 3039 2699 2697
f 3039 2698 2699
f 2699 3082 2697
f 2699 2696 3082
f 3082 2696 2697
f 2701 2698 3039
f 3083 2618 642
f 3083 2616 2618
f 639 3083 642
f 639 2616 3083
f 640 2616 639
f 638 637 640
f 2574 2582 2573
f 2434 2459 2483
f 2483 2510 2539
f 2483 2495 2510
f 2510 2525 2539
f 2510 2517 2525
f 2525 2532 2539
f 2525 2529 2532
f 2532 2536 2539
f 2510 2514 2517
f 2517 2521 2525
f 2483 2489 2495
f 2495 2502 2510
f 2495 2498 2502
f 2502 2506 2510
f 2483 2486 2489
f 2489 2492 2495
f 2434 2447 2459
f 2459 2471 2483
f 2459 2465 2471
f 2471 2477 2483
f 2471 2474 2477
f 2477 2480 2483
f 2459 2462 2465
f 2465 2468 2471
f 2434 2441 2447
f 2447 2453 2459
f 2447 2450 2453
f 2453 2456 2459
f 2434 2438 2441
f 2441 2444 2447
f 2407 2406 2409
f 2411 2408 2409
f 2410 2411 2413
f 644 687 634
f 643 682 644
f 674 677 643
f 648 674 643
f 648 671 674
f 663 666 648
f 647 663 648
f 647 660 663
f 521 582 522
f 521 583 582
f 524 583 521
f 523 583 524
f 523 526 583
f 529 581 527
f 528 581 529
f 544 543 580
f 541 544 542
f 543 546 580
f 546 545 579
f 545 548 579
f 548 547 578
f 547 550 578
f 550 549 552
f 561 560 577
f 556 561 557
f 560 563 577
f 576 563 562
f 562 565 576
f 565 564 567
f 199 208 201
f 179 189 182
f 187 182 189
f 187 3084 182
f 187 3085 3084
f 182 3084 3086
f 3084 3087 3086
f 182 3086 184
f 184 3086 3088
f 181 182 184
f 3086 3089 3088
f 184 3088 186
f 186 3088 3085
f 183 184 186
f 3088 3090 3085
f 186 3085 187
f 3088 3089 3090
f 3085 3090 3091
f 3090 3092 3091
f 3085 3091 3084
f 3084 3091 3087
f 3091 3093 3087
f 3091 3092 3093
f 3087 3093 3094
f 3093 3095 3094
f 3087 3094 3089
f 3089 3094 3096
f 3086 3087 3089
f 3094 3097 3096
f 3089 3096 3090
f 3090 3096 3092
f 3096 3098 3092
f 3096 3099 3098
f 3092 3098 3100
f 3098 3101 3100
f 3092 3100 3093
f 3093 3100 3095
f 3100 3102 3095
f 3100 3101 3102
f 3102 3103 3095
f 3102 3104 3103
f 3095 3103 3105
f 3103 3106 3105
f 3095 3105 3094
f 3094 3105 3097
f 3105 3107 3097
f 3105 3106 3107
f 3097 3107 3108
f 3106 3108 3107
f 3097 3108 3109
f 3109 3108 3110
f 3096 3097 3109
f 3096 3109 3099
f 3099 3109 3111
f 3109 3110 3111
f 3099 3111 3112
f 3112 3111 3104
f 3099 3112 3113
f 3112 3101 3113
f 3099 3113 3098
f 3098 3113 3101
f 3112 3102 3101
f 3112 3104 3102
f 3111 3114 3104
f 3111 3110 3114
f 3104 3114 3115
f 3115 3114 3110
f 3104 3115 3103
f 3103 3115 3106
f 3106 3115 3108
f 3115 3110 3108
f 165 3116 161
f 165 166 3116
f 161 3116 3117
f 3116 3118 3117
f 161 3117 163
f 163 3117 3119
f 160 161 163
f 3117 3120 3119
f 163 3119 164
f 164 3119 166
f 3119 3121 166
f 3119 3120 3121
f 166 3121 3122
f 3121 3123 3122
f 166 3122 3116
f 3116 3122 3118
f 3122 3124 3118
f 3122 3123 3124
f 3118 3124 3125
f 3124 3126 3125
f 3118 3125 3120
f 3120 3125 3127
f 3117 3118 3120
f 3125 3128 3127
f 3120 3127 3121
f 3121 3127 3123
f 3127 3129 3123
f 3127 3128 3129
f 3123 3129 3130
f 3129 3131 3130
f 3123 3130 3124
f 3130 3132 3124
f 3130 3133 3132
f 3124 3132 3126
f 3132 3134 3126
f 3132 3135 3134
f 3126 3134 3136
f 3135 3136 3134
f 3126 3136 3137
f 3137 3136 3138
f 3125 3126 3137
f 3125 3137 3139
f 3139 3137 3133
f 3125 3139 3128
f 3139 3140 3128
f 3139 3141 3140
f 3128 3140 3142
f 3140 3143 3142
f 3128 3142 3129
f 3129 3142 3131
f 3142 3144 3131
f 3142 3143 3144
f 3131 3144 3145
f 3143 3145 3144
f 3131 3145 3141
f 3141 3145 3146
f 3130 3131 3141
f 3130 3141 3139
f 3139 3133 3130
f 3143 3146 3145
f 3141 3146 3140
f 3140 3146 3143
f 3137 3138 3133
f 3133 3138 3135
f 3135 3138 3136
f 3133 3135 3132
f 20 15 148
f 144 148 3147
f 148 3148 3147
f 144 3147 145
f 145 3147 3149
f 3147 3150 3149
f 145 3149 3151
f 3151 3149 3152
f 3153 145 3151
f 141 145 3153
f 3153 3151 3154
f 3154 3151 3155
f 3148 3153 3154
f 16 3153 3148
f 3148 3154 3150
f 3150 3154 3156
f 3147 3148 3150
f 3154 3155 3156
f 3150 3156 3157
f 3157 3156 3158
f 3149 3150 3157
f 3149 3157 3152
f 3152 3157 3159
f 3157 3158 3159
f 3152 3159 3160
f 3160 3159 3161
f 3155 3152 3160
f 3151 3152 3155
f 3155 3160 3162
f 3162 3160 3163
f 3156 3155 3162
f 3156 3162 3158
f 3158 3162 3164
f 3162 3163 3164
f 3158 3164 3165
f 3165 3164 3166
f 3158 3165 3167
f 3165 3168 3167
f 3158 3167 3169
f 3169 3167 3170
f 3159 3158 3169
f 3159 3169 3171
f 3171 3169 3172
f 3161 3159 3171
f 3161 3171 3168
f 3168 3171 3173
f 3165 3161 3168
f 3161 3165 3174
f 3165 3166 3174
f 3161 3174 3175
f 3175 3174 3176
f 3163 3161 3175
f 3160 3161 3163
f 3163 3175 3177
f 3177 3175 3178
f 3164 3163 3177
f 3164 3177 3166
f 3166 3177 3179
f 3177 3178 3179
f 3166 3179 3180
f 3179 3176 3180
f 3174 3166 3180
f 3174 3180 3176
f 3179 3178 3176
f 3175 3176 3178
f 3171 3172 3173
f 3168 3173 3181
f 3173 3170 3181
f 3167 3168 3181
f 3167 3181 3170
f 3173 3172 3170
f 3169 3170 3172
f 16 141 3153
f 148 16 3148
f 15 16 148
f 11 141 16
f 10 7 42
f 7 10 8
f 7 3 42
f 3182 3183 3184
f 3185 3183 3182
f 3186 3184 3183
f 3182 3184 3187
f 3187 3184 3186
f 3187 3188 3182
f 3187 3189 3188
f 3188 3187 3182
f 3189 3187 3188
f 3190 3182 3187
f 3183 3182 3190
f 3190 3187 3186
f 3190 3186 3183
f 3183 3185 3182
f 3191 3192 3193
f 3191 3194 3192
f 3192 3195 3193
f 3193 3196 3191
f 3196 3193 3195
f 3196 3194 3191
f 3196 3197 3194
f 3197 3196 3194
f 3194 3196 3195
f 3194 3195 3192
f 3198 3199 3200
f 3198 3201 3199
f 3200 3199 3202
f 3203 3198 3200
f 3204 3198 3203
f 3203 3200 3205
f 3205 3200 3206
f 3203 3205 3204
f 3204 3205 3207
f 3205 3206 3207
f 3207 3208 3204
f 3207 3206 3208
f 3204 3208 3198
f 3208 3201 3198
f 3208 3209 3201
f 3206 3209 3208
f 3202 3201 3209
f 3202 3199 3201
f 3206 3202 3209
f 3200 3202 3206
f 3210 3211 3212
f 3210 3213 3211
f 3211 3210 3212
f 3213 3210 3211
f 3214 3215 3216
f 3217 3215 3214
f 3215 3214 3216
f 3215 3217 3214
f 3218 3219 3220
f 3218 3221 3219
f 3219 3218 3220
f 3221 3218 3219
f 3222 3223 3224
f 3225 3223 3222
f 3223 3222 3224
f 3223 3225 3222
f 3226 3227 3228
f 3229 3227 3226
f 3227 3226 3228
f 3227 3229 3226
f 3230 3231 3232
f 3233 3231 3230
f 3231 3234 3232
f 3230 3232 3235
f 3236 3235 3232
f 3230 3235 3237
f 3236 3237 3235
f 3230 3237 3233
f 3233 3237 3238
f 3239 3238 3237
f 3233 3238 3240
f 3240 3238 3241
f 3242 3233 3240
f 3242 3243 3233
f 3242 3240 3244
f 3244 3240 3245
f 3246 3242 3244
f 3247 3242 3246
f 3246 3244 3248
f 3248 3244 3249
f 3246 3248 3250
f 3248 3251 3250
f 3246 3250 3252
f 3252 3250 3253
f 3246 3252 3254
f 3255 3254 3252
f 3246 3254 3256
f 3257 3256 3254
f 3246 3256 3258
f 3256 3259 3258
f 3246 3258 3260
f 3258 3261 3260
f 3260 3247 3246
f 3261 3247 3260
f 3261 3262 3247
f 3261 3263 3262
f 3262 3242 3247
f 3262 3264 3242
f 3262 3265 3264
f 3264 3266 3242
f 3264 3265 3266
f 3242 3266 3243
f 3266 3267 3243
f 3266 3268 3267
f 3243 3267 3269
f 3270 3269 3267
f 3243 3269 3231
f 3231 3269 3234
f 3233 3243 3231
f 3270 3234 3269
f 3271 3234 3270
f 3271 3232 3234
f 3272 3271 3270
f 3239 3271 3272
f 3272 3270 3273
f 3274 3273 3270
f 3275 3272 3273
f 3252 3272 3275
f 3275 3273 3276
f 3277 3276 3273
f 3278 3275 3276
f 3278 3279 3275
f 3277 3278 3276
f 3278 3277 3280
f 3277 3274 3280
f 3278 3280 3281
f 3280 3282 3281
f 3283 3278 3281
f 3284 3278 3283
f 3283 3281 3285
f 3281 3286 3285
f 3287 3283 3285
f 3288 3283 3287
f 3287 3285 3289
f 3285 3290 3289
f 3291 3287 3289
f 3292 3287 3291
f 3291 3289 3293
f 3289 3294 3293
f 3291 3293 3295
f 3295 3293 3296
f 3291 3295 3297
f 3297 3295 3298
f 3292 3291 3297
f 3292 3297 3299
f 3299 3297 3300
f 3258 3292 3299
f 3258 3288 3292
f 3258 3299 3261
f 3261 3299 3263
f 3299 3300 3263
f 3263 3300 3301
f 3300 3302 3301
f 3263 3301 3265
f 3265 3301 3268
f 3262 3263 3265
f 3301 3267 3268
f 3265 3268 3266
f 3301 3303 3267
f 3301 3304 3303
f 3303 3305 3267
f 3303 3306 3305
f 3267 3305 3306
f 3267 3306 3307
f 3306 3308 3307
f 3267 3307 3309
f 3307 3310 3309
f 3270 3267 3309
f 3309 3311 3270
f 3309 3312 3311
f 3311 3313 3270
f 3311 3314 3313
f 3313 3274 3270
f 3313 3315 3274
f 3314 3315 3313
f 3274 3315 3316
f 3314 3316 3315
f 3274 3316 3317
f 3317 3316 3314
f 3317 3280 3274
f 3317 3318 3280
f 3319 3318 3317
f 3318 3320 3280
f 3318 3321 3320
f 3280 3320 3282
f 3321 3282 3320
f 3321 3322 3282
f 3323 3322 3321
f 3281 3282 3322
f 3281 3322 3323
f 3323 3324 3281
f 3323 3325 3324
f 3281 3324 3286
f 3325 3286 3324
f 3325 3290 3286
f 3289 3290 3325
f 3285 3286 3290
f 3289 3325 3323
f 3323 3326 3289
f 3323 3327 3326
f 3289 3326 3294
f 3328 3294 3326
f 3293 3294 3328
f 3328 3326 3327
f 3329 3328 3327
f 3293 3328 3329
f 3329 3327 3323
f 3323 3330 3329
f 3323 3331 3330
f 3329 3330 3332
f 3332 3330 3331
f 3329 3332 3333
f 3333 3332 3334
f 3329 3333 3335
f 3333 3336 3335
f 3329 3335 3337
f 3335 3338 3337
f 3339 3329 3337
f 3329 3339 3340
f 3339 3337 3338
f 3341 3339 3338
f 3339 3341 3342
f 3341 3338 3336
f 3335 3336 3338
f 3333 3341 3336
f 3319 3341 3333
f 3319 3343 3341
f 3319 3333 3318
f 3333 3334 3318
f 3318 3334 3331
f 3332 3331 3334
f 3318 3331 3323
f 3323 3321 3318
f 3343 3319 3344
f 3343 3304 3341
f 3343 3306 3304
f 3341 3304 3345
f 3304 3346 3345
f 3341 3345 3342
f 3342 3345 3346
f 3342 3346 3347
f 3302 3347 3346
f 3339 3342 3347
f 3302 3339 3347
f 3339 3302 3348
f 3302 3349 3348
f 3339 3348 3350
f 3350 3348 3349
f 3295 3339 3350
f 3339 3295 3351
f 3295 3350 3352
f 3350 3349 3352
f 3298 3295 3352
f 3298 3352 3349
f 3302 3298 3349
f 3300 3298 3302
f 3297 3298 3300
f 3295 3296 3351
f 3339 3351 3340
f 3353 3340 3351
f 3329 3340 3353
f 3353 3351 3296
f 3293 3353 3296
f 3293 3329 3353
f 3304 3302 3346
f 3301 3302 3304
f 3306 3343 3354
f 3303 3304 3306
f 3343 3310 3354
f 3306 3354 3308
f 3310 3308 3354
f 3310 3307 3308
f 3343 3309 3310
f 3309 3343 3355
f 3343 3344 3355
f 3309 3355 3356
f 3357 3356 3355
f 3312 3309 3356
f 3312 3356 3357
f 3319 3312 3357
f 3319 3358 3312
f 3319 3357 3344
f 3357 3355 3344
f 3319 3359 3358
f 3312 3358 3360
f 3358 3361 3360
f 3312 3360 3311
f 3311 3360 3361
f 3311 3361 3317
f 3317 3361 3359
f 3317 3314 3311
f 3358 3359 3361
f 3317 3359 3319
f 3258 3259 3288
f 3292 3288 3287
f 3259 3284 3288
f 3259 3257 3284
f 3288 3284 3283
f 3257 3259 3256
f 3257 3279 3284
f 3257 3255 3279
f 3284 3279 3278
f 3255 3257 3254
f 3279 3255 3252
f 3279 3252 3275
f 3277 3362 3274
f 3362 3277 3273
f 3274 3362 3273
f 3252 3239 3272
f 3252 3253 3239
f 3239 3253 3238
f 3253 3241 3238
f 3253 3363 3241
f 3253 3364 3363
f 3363 3365 3241
f 3363 3366 3365
f 3367 3241 3365
f 3240 3241 3367
f 3367 3365 3368
f 3368 3365 3369
f 3370 3367 3368
f 3240 3367 3370
f 3370 3368 3371
f 3371 3368 3372
f 3373 3370 3371
f 3370 3373 3374
f 3373 3371 3375
f 3375 3371 3376
f 3249 3373 3375
f 3249 3377 3373
f 3249 3375 3378
f 3378 3375 3379
f 3380 3249 3378
f 3248 3249 3380
f 3380 3378 3381
f 3381 3378 3382
f 3380 3381 3383
f 3381 3384 3383
f 3380 3383 3251
f 3251 3383 3385
f 3248 3380 3251
f 3383 3386 3385
f 3251 3385 3387
f 3387 3385 3388
f 3251 3387 3389
f 3387 3390 3389
f 3251 3389 3250
f 3250 3389 3391
f 3389 3392 3391
f 3250 3391 3253
f 3253 3391 3364
f 3391 3393 3364
f 3391 3392 3393
f 3364 3393 3394
f 3393 3395 3394
f 3364 3394 3387
f 3387 3394 3390
f 3387 3388 3364
f 3364 3388 3366
f 3388 3396 3366
f 3364 3366 3363
f 3388 3397 3396
f 3366 3396 3369
f 3396 3398 3369
f 3366 3369 3365
f 3396 3399 3398
f 3372 3369 3398
f 3368 3369 3372
f 3372 3398 3400
f 3400 3398 3401
f 3376 3372 3400
f 3371 3372 3376
f 3376 3400 3402
f 3402 3400 3401
f 3379 3376 3402
f 3375 3376 3379
f 3379 3402 3403
f 3403 3402 3404
f 3382 3379 3403
f 3378 3379 3382
f 3382 3403 3405
f 3405 3403 3406
f 3407 3382 3405
f 3381 3382 3407
f 3407 3405 3408
f 3408 3405 3409
f 3407 3408 3410
f 3408 3411 3410
f 3407 3410 3384
f 3384 3410 3412
f 3381 3407 3384
f 3410 3413 3412
f 3384 3412 3386
f 3386 3412 3414
f 3383 3384 3386
f 3412 3415 3414
f 3386 3414 3397
f 3397 3414 3399
f 3385 3386 3397
f 3385 3397 3388
f 3414 3416 3399
f 3397 3399 3396
f 3414 3415 3416
f 3399 3416 3398
f 3416 3417 3398
f 3416 3418 3417
f 3398 3417 3401
f 3401 3417 3418
f 3401 3418 3409
f 3408 3409 3418
f 3401 3409 3419
f 3409 3420 3419
f 3401 3419 3421
f 3421 3419 3422
f 3404 3401 3421
f 3402 3401 3404
f 3404 3421 3423
f 3423 3421 3424
f 3406 3404 3423
f 3403 3404 3406
f 3406 3423 3420
f 3420 3423 3425
f 3409 3406 3420
f 3405 3406 3409
f 3423 3424 3425
f 3420 3425 3426
f 3426 3425 3427
f 3419 3420 3426
f 3419 3426 3422
f 3422 3426 3428
f 3426 3427 3428
f 3422 3428 3429
f 3429 3428 3430
f 3424 3422 3429
f 3421 3422 3424
f 3424 3429 3431
f 3431 3429 3432
f 3425 3424 3431
f 3425 3431 3427
f 3427 3431 3433
f 3431 3434 3433
f 3427 3433 3435
f 3435 3433 3436
f 3437 3427 3435
f 3428 3427 3437
f 3437 3435 3438
f 3438 3435 3439
f 3440 3437 3438
f 3430 3437 3440
f 3440 3438 3441
f 3441 3438 3442
f 3443 3440 3441
f 3444 3440 3443
f 3445 3443 3441
f 3445 3446 3443
f 3445 3441 3447
f 3441 3448 3447
f 3449 3445 3447
f 3449 3450 3445
f 3451 3449 3447
f 3451 3450 3449
f 3452 3451 3447
f 3452 3453 3451
f 3454 3452 3447
f 3454 3455 3452
f 3456 3454 3447
f 3456 3455 3454
f 3457 3456 3447
f 3457 3458 3456
f 3459 3457 3447
f 3459 3460 3457
f 3459 3447 3461
f 3447 3462 3461
f 3463 3459 3461
f 3463 3464 3459
f 3465 3463 3461
f 3465 3466 3463
f 3467 3465 3461
f 3467 3468 3465
f 3469 3467 3461
f 3469 3468 3467
f 3470 3469 3461
f 3470 3471 3469
f 3472 3470 3461
f 3472 3471 3470
f 3473 3472 3461
f 3473 3474 3472
f 3475 3473 3461
f 3475 3474 3473
f 3476 3475 3461
f 3476 3477 3475
f 3478 3476 3461
f 3478 3479 3476
f 3480 3478 3461
f 3480 3481 3478
f 3482 3480 3461
f 3482 3483 3480
f 3484 3482 3461
f 3484 3485 3482
f 3486 3484 3461
f 3486 3485 3484
f 3487 3486 3461
f 3487 3488 3486
f 3489 3487 3461
f 3489 3490 3487
f 3491 3489 3461
f 3491 3490 3489
f 3492 3491 3461
f 3492 3493 3491
f 3494 3492 3461
f 3494 3495 3492
f 3496 3494 3461
f 3496 3495 3494
f 3497 3496 3461
f 3497 3498 3496
f 3499 3497 3461
f 3499 3500 3497
f 3501 3499 3461
f 3501 3500 3499
f 3502 3501 3461
f 3502 3503 3501
f 3504 3502 3461
f 3504 3503 3502
f 3505 3504 3461
f 3505 3506 3504
f 3507 3505 3461
f 3507 3506 3505
f 3508 3507 3461
f 3508 3509 3507
f 3510 3508 3461
f 3510 3509 3508
f 3511 3510 3461
f 3511 3512 3510
f 3513 3511 3461
f 3513 3512 3511
f 3514 3513 3461
f 3514 3515 3513
f 3516 3514 3461
f 3516 3515 3514
f 3517 3516 3461
f 3517 3518 3516
f 3519 3517 3461
f 3519 3520 3517
f 3521 3519 3461
f 3521 3522 3519
f 3523 3521 3461
f 3523 3524 3521
f 3525 3523 3461
f 3525 3526 3523
f 3527 3525 3461
f 3527 3528 3525
f 3529 3527 3461
f 3529 3528 3527
f 3530 3529 3461
f 3530 3531 3529
f 3532 3530 3461
f 3532 3533 3530
f 3534 3532 3461
f 3534 3533 3532
f 3535 3534 3461
f 3535 3536 3534
f 3537 3535 3461
f 3537 3538 3535
f 3539 3537 3461
f 3539 3540 3537
f 3541 3539 3461
f 3541 3542 3539
f 3543 3541 3461
f 3543 3542 3541
f 3544 3543 3461
f 3544 3545 3543
f 3546 3544 3461
f 3546 3547 3544
f 3548 3546 3461
f 3548 3549 3546
f 3550 3548 3461
f 3550 3549 3548
f 3551 3550 3461
f 3551 3552 3550
f 3551 3461 3553
f 3461 3554 3553
f 3555 3551 3553
f 3555 3556 3551
f 3555 3553 3557
f 3557 3553 3558
f 3559 3555 3557
f 3559 3560 3555
f 3559 3557 3561
f 3561 3557 3562
f 3563 3559 3561
f 3563 3560 3559
f 3563 3561 3564
f 3561 3565 3564
f 3566 3563 3564
f 3566 3567 3563
f 3566 3564 3568
f 3568 3564 3569
f 3570 3566 3568
f 3570 3567 3566
f 3570 3568 3571
f 3571 3568 3572
f 3573 3570 3571
f 3573 3574 3570
f 3573 3571 3575
f 3575 3571 3572
f 3576 3573 3575
f 3576 3574 3573
f 3576 3575 3577
f 3577 3575 3578
f 3579 3576 3577
f 3579 3580 3576
f 3579 3577 3581
f 3577 3582 3581
f 3583 3579 3581
f 3583 3584 3579
f 3583 3581 3585
f 3585 3581 3586
f 3587 3583 3585
f 3587 3584 3583
f 3587 3585 3588
f 3588 3585 3589
f 3590 3587 3588
f 3590 3591 3587
f 3592 3590 3588
f 3592 3593 3590
f 3594 3592 3588
f 3594 3595 3592
f 3594 3588 3596
f 3588 3597 3596
f 3598 3594 3596
f 3598 3595 3594
f 3599 3598 3596
f 3599 3600 3598
f 3601 3599 3596
f 3601 3600 3599
f 3602 3601 3596
f 3602 3603 3601
f 3604 3602 3596
f 3604 3605 3602
f 3604 3596 3606
f 3606 3596 3607
f 3608 3604 3606
f 3608 3605 3604
f 3608 3606 3609
f 3609 3606 3610
f 3611 3608 3609
f 3611 3612 3608
f 3611 3609 3613
f 3613 3609 3610
f 3614 3611 3613
f 3614 3615 3611
f 3614 3613 3616
f 3616 3613 3617
f 3618 3614 3616
f 3618 3615 3614
f 3619 3618 3616
f 3619 3620 3618
f 3621 3619 3616
f 3621 3620 3619
f 3621 3616 3622
f 3616 3623 3622
f 3624 3621 3622
f 3624 3625 3621
f 3626 3624 3622
f 3626 3625 3624
f 3627 3626 3622
f 3627 3628 3626
f 3627 3622 3629
f 3622 3630 3629
f 3631 3627 3629
f 3631 3632 3627
f 3631 3629 3633
f 3629 3634 3633
f 3635 3631 3633
f 3635 3632 3631
f 3636 3635 3633
f 3636 3637 3635
f 3638 3636 3633
f 3638 3637 3636
f 3638 3633 3639
f 3633 3640 3639
f 3641 3638 3639
f 3641 3642 3638
f 3641 3639 3643
f 3643 3639 3644
f 3645 3641 3643
f 3645 3642 3641
f 3645 3643 3646
f 3646 3643 3647
f 3648 3645 3646
f 3648 3649 3645
f 3648 3646 3650
f 3646 3651 3650
f 3652 3648 3650
f 3652 3653 3648
f 3652 3650 3654
f 3650 3655 3654
f 3656 3652 3654
f 3656 3653 3652
f 3657 3656 3654
f 3657 3658 3656
f 3659 3657 3654
f 3659 3660 3657
f 3659 3654 3661
f 3661 3654 3662
f 3663 3659 3661
f 3663 3660 3659
f 3663 3661 3664
f 3664 3661 3665
f 3666 3663 3664
f 3666 3667 3663
f 3666 3664 3668
f 3668 3664 3665
f 3669 3666 3668
f 3669 3667 3666
f 3669 3668 3670
f 3670 3668 3671
f 3672 3669 3670
f 3672 3673 3669
f 3672 3670 3674
f 3674 3670 3671
f 3675 3672 3674
f 3675 3676 3672
f 3675 3674 3677
f 3677 3674 3678
f 3679 3675 3677
f 3679 3676 3675
f 3679 3677 3680
f 3680 3677 3678
f 3681 3679 3680
f 3681 3682 3679
f 3681 3680 3683
f 3683 3680 3684
f 3685 3681 3683
f 3685 3682 3681
f 3685 3683 3686
f 3683 3687 3686
f 3688 3685 3686
f 3688 3689 3685
f 3688 3686 3690
f 3690 3686 3691
f 3692 3688 3690
f 3692 3689 3688
f 3692 3690 3693
f 3693 3690 3694
f 3695 3692 3693
f 3695 3696 3692
f 3695 3693 3697
f 3693 3698 3697
f 3699 3695 3697
f 3699 3696 3695
f 3699 3697 3700
f 3697 3701 3700
f 3702 3699 3700
f 3702 3703 3699
f 3702 3700 3704
f 3704 3700 3705
f 3706 3702 3704
f 3706 3707 3702
f 3706 3704 3708
f 3708 3704 3709
f 3710 3706 3708
f 3710 3707 3706
f 3710 3708 3711
f 3708 3712 3711
f 3713 3710 3711
f 3713 3714 3710
f 3713 3711 3715
f 3715 3711 3716
f 3717 3713 3715
f 3717 3718 3713
f 3717 3715 3719
f 3719 3715 3720
f 3721 3717 3719
f 3721 3718 3717
f 3722 3721 3719
f 3722 3723 3721
f 3724 3722 3719
f 3724 3725 3722
f 3726 3724 3719
f 3726 3725 3724
f 3726 3719 3727
f 3719 3728 3727
f 3729 3726 3727
f 3729 3730 3726
f 3731 3729 3727
f 3731 3730 3729
f 3732 3731 3727
f 3732 3733 3731
f 3734 3732 3727
f 3734 3735 3732
f 3736 3734 3727
f 3736 3735 3734
f 3737 3736 3727
f 3737 3738 3736
f 3739 3737 3727
f 3739 3740 3737
f 3741 3739 3727
f 3741 3742 3739
f 3743 3741 3727
f 3743 3742 3741
f 3743 3727 3744
f 3727 3745 3744
f 3746 3743 3744
f 3746 3747 3743
f 3748 3746 3744
f 3748 3749 3746
f 3750 3748 3744
f 3750 3751 3748
f 3752 3750 3744
f 3752 3753 3750
f 3754 3752 3744
f 3754 3755 3752
f 3756 3754 3744
f 3756 3755 3754
f 3757 3756 3744
f 3757 3758 3756
f 3759 3757 3744
f 3759 3760 3757
f 3761 3759 3744
f 3761 3760 3759
f 3762 3761 3744
f 3761 3762 3763
f 3764 3762 3744
f 3762 3764 3765
f 3766 3764 3744
f 3764 3766 3765
f 3767 3766 3744
f 3766 3767 3768
f 3769 3767 3744
f 3767 3769 3768
f 3770 3769 3744
f 3769 3770 3771
f 3772 3770 3744
f 3772 3773 3770
f 3774 3772 3744
f 3774 3775 3772
f 3776 3774 3744
f 3776 3777 3774
f 3778 3776 3744
f 3778 3779 3776
f 3780 3778 3744
f 3778 3780 3781
f 3782 3780 3744
f 3780 3782 3783
f 3784 3782 3744
f 3782 3784 3783
f 3785 3784 3744
f 3784 3785 3786
f 3785 3744 3787
f 3744 3788 3787
f 3789 3785 3787
f 3789 3790 3785
f 3791 3789 3787
f 3791 3792 3789
f 3793 3791 3787
f 3793 3794 3791
f 3795 3793 3787
f 3793 3795 3796
f 3797 3795 3787
f 3795 3797 3798
f 3787 3799 3797
f 3787 3800 3799
f 3799 3801 3797
f 3801 3799 3802
f 3797 3801 3798
f 3801 3802 3798
f 3798 3802 3803
f 3802 3804 3803
f 3796 3798 3803
f 3795 3798 3796
f 3805 3796 3803
f 3794 3796 3805
f 3806 3805 3803
f 3805 3806 3792
f 3786 3806 3803
f 3790 3806 3786
f 3783 3786 3803
f 3784 3786 3783
f 3781 3783 3803
f 3780 3783 3781
f 3807 3781 3803
f 3779 3781 3807
f 3808 3807 3803
f 3777 3807 3808
f 3809 3808 3803
f 3775 3808 3809
f 3771 3809 3803
f 3773 3809 3771
f 3768 3771 3803
f 3769 3771 3768
f 3765 3768 3803
f 3766 3768 3765
f 3763 3765 3803
f 3762 3765 3763
f 3760 3763 3803
f 3761 3763 3760
f 3810 3760 3803
f 3757 3760 3810
f 3755 3810 3803
f 3756 3810 3755
f 3811 3755 3803
f 3811 3812 3755
f 3803 3813 3811
f 3813 3803 3814
f 3748 3811 3813
f 3751 3811 3748
f 3748 3813 3749
f 3749 3813 3746
f 3746 3813 3814
f 3746 3814 3747
f 3747 3814 3743
f 3743 3814 3742
f 3814 3803 3742
f 3803 3815 3742
f 3815 3803 3816
f 3739 3742 3815
f 3739 3815 3740
f 3740 3815 3737
f 3737 3815 3816
f 3737 3816 3738
f 3738 3816 3736
f 3736 3816 3735
f 3816 3803 3735
f 3803 3817 3735
f 3817 3803 3730
f 3732 3735 3817
f 3732 3817 3733
f 3733 3817 3731
f 3731 3817 3730
f 3730 3803 3725
f 3803 3818 3725
f 3726 3730 3725
f 3818 3803 3718
f 3722 3725 3818
f 3722 3818 3723
f 3723 3818 3721
f 3721 3818 3718
f 3718 3803 3819
f 3803 3707 3819
f 3713 3718 3819
f 3713 3819 3714
f 3714 3819 3710
f 3710 3819 3707
f 3707 3803 3820
f 3820 3803 3696
f 3702 3707 3820
f 3702 3820 3703
f 3703 3820 3699
f 3699 3820 3696
f 3803 3689 3696
f 3689 3803 3682
f 3692 3696 3689
f 3682 3803 3676
f 3685 3689 3682
f 3803 3821 3676
f 3679 3682 3676
f 3822 3821 3803
f 3821 3823 3676
f 3823 3821 3667
f 3672 3676 3823
f 3672 3823 3673
f 3673 3823 3669
f 3669 3823 3667
f 3667 3821 3660
f 3821 3824 3660
f 3663 3667 3660
f 3824 3821 3653
f 3657 3660 3824
f 3657 3824 3658
f 3658 3824 3656
f 3656 3824 3653
f 3653 3821 3825
f 3821 3642 3825
f 3648 3653 3825
f 3648 3825 3649
f 3649 3825 3645
f 3645 3825 3642
f 3642 3821 3637
f 3637 3821 3632
f 3638 3642 3637
f 3821 3826 3632
f 3635 3637 3632
f 3826 3821 3625
f 3627 3632 3826
f 3627 3826 3628
f 3628 3826 3626
f 3626 3826 3625
f 3625 3821 3620
f 3821 3615 3620
f 3621 3625 3620
f 3615 3821 3827
f 3618 3620 3615
f 3827 3821 3605
f 3611 3615 3827
f 3611 3827 3612
f 3612 3827 3608
f 3608 3827 3605
f 3821 3828 3605
f 3828 3821 3528
f 3602 3605 3828
f 3602 3828 3603
f 3603 3828 3601
f 3601 3828 3600
f 3600 3828 3829
f 3829 3828 3528
f 3533 3600 3829
f 3595 3600 3533
f 3530 3533 3829
f 3530 3829 3531
f 3531 3829 3529
f 3529 3829 3528
f 3598 3600 3595
f 3830 3595 3533
f 3831 3595 3830
f 3534 3830 3533
f 3536 3830 3534
f 3535 3830 3536
f 3535 3832 3830
f 3538 3832 3535
f 3832 3831 3830
f 3833 3831 3832
f 3590 3831 3833
f 3834 3833 3832
f 3584 3833 3834
f 3537 3834 3832
f 3540 3834 3537
f 3537 3832 3538
f 3539 3834 3540
f 3539 3542 3834
f 3542 3584 3834
f 3835 3584 3542
f 3579 3584 3835
f 3836 3835 3542
f 3574 3835 3836
f 3543 3836 3542
f 3545 3836 3543
f 3544 3836 3545
f 3544 3837 3836
f 3547 3837 3544
f 3837 3574 3836
f 3567 3574 3837
f 3570 3574 3567
f 3549 3567 3837
f 3567 3549 3838
f 3546 3549 3837
f 3546 3837 3547
f 3550 3838 3549
f 3567 3838 3839
f 3551 3839 3838
f 3839 3560 3567
f 3555 3560 3839
f 3563 3567 3560
f 3555 3839 3556
f 3556 3839 3551
f 3551 3838 3552
f 3552 3838 3550
f 3576 3835 3574
f 3580 3835 3576
f 3579 3835 3580
f 3587 3833 3584
f 3591 3833 3587
f 3590 3833 3591
f 3593 3831 3590
f 3592 3831 3593
f 3592 3595 3831
f 3528 3821 3840
f 3821 3841 3840
f 3525 3528 3840
f 3525 3840 3526
f 3526 3840 3523
f 3523 3840 3841
f 3523 3841 3524
f 3524 3841 3521
f 3521 3841 3842
f 3841 3821 3842
f 3521 3842 3522
f 3522 3842 3519
f 3519 3842 3843
f 3844 3843 3842
f 3519 3843 3520
f 3520 3843 3517
f 3517 3843 3845
f 3843 3844 3845
f 3517 3845 3518
f 3518 3845 3516
f 3516 3845 3515
f 3845 3844 3515
f 3844 3512 3515
f 3512 3844 3509
f 3513 3515 3512
f 3509 3844 3506
f 3510 3512 3509
f 3844 3503 3506
f 3507 3509 3506
f 3503 3844 3500
f 3504 3506 3503
f 3500 3844 3846
f 3501 3503 3500
f 3844 3847 3846
f 3497 3500 3846
f 3497 3846 3498
f 3498 3846 3496
f 3496 3846 3495
f 3846 3847 3495
f 3495 3847 3848
f 3847 3849 3848
f 3492 3495 3848
f 3492 3848 3493
f 3493 3848 3491
f 3491 3848 3490
f 3490 3848 3849
f 3850 3490 3849
f 3851 3490 3850
f 3852 3850 3849
f 3852 3853 3850
f 3854 3852 3849
f 3852 3854 3855
f 3855 3854 3849
f 3855 3849 3847
f 3856 3855 3847
f 3852 3855 3856
f 3857 3856 3847
f 3858 3856 3857
f 3857 3847 3844
f 3859 3857 3844
f 3857 3859 3860
f 3859 3844 3861
f 3861 3844 3862
f 3859 3861 3860
f 3863 3860 3861
f 3860 3863 3864
f 3863 3861 3865
f 3865 3861 3866
f 3863 3865 3867
f 3865 3866 3867
f 3863 3867 3868
f 3867 3869 3868
f 3863 3868 3870
f 3868 3871 3870
f 3872 3863 3870
f 3872 3873 3863
f 3872 3870 3874
f 3870 3875 3874
f 3876 3872 3874
f 3876 3877 3872
f 3874 3878 3876
f 3874 3879 3878
f 3878 3880 3876
f 3878 3881 3880
f 3880 3882 3876
f 3880 3883 3882
f 3882 3884 3876
f 3884 3882 3885
f 3876 3884 3885
f 3876 3885 3886
f 3885 3887 3886
f 3888 3876 3886
f 3876 3888 3889
f 3889 3888 3886
f 3889 3886 3890
f 3886 3887 3890
f 3891 3889 3890
f 3889 3891 3892
f 3892 3891 3890
f 3892 3890 3893
f 3887 3893 3890
f 3894 3892 3893
f 3892 3894 3895
f 3895 3894 3893
f 3895 3893 3896
f 3893 3887 3896
f 3897 3895 3896
f 3895 3897 3877
f 3877 3897 3896
f 3877 3896 3898
f 3896 3887 3898
f 3899 3877 3898
f 3877 3899 3900
f 3900 3899 3898
f 3900 3898 3901
f 3887 3901 3898
f 3902 3900 3901
f 3900 3902 3903
f 3903 3902 3901
f 3903 3901 3904
f 3901 3887 3904
f 3905 3903 3904
f 3903 3905 3906
f 3906 3905 3904
f 3906 3904 3907
f 3904 3887 3907
f 3908 3906 3907
f 3906 3908 3872
f 3872 3908 3907
f 3872 3907 3909
f 3887 3909 3907
f 3910 3872 3909
f 3872 3910 3911
f 3911 3910 3909
f 3911 3909 3912
f 3909 3887 3912
f 3913 3911 3912
f 3911 3913 3873
f 3873 3913 3912
f 3873 3912 3914
f 3912 3887 3914
f 3915 3873 3914
f 3873 3915 3916
f 3916 3915 3914
f 3916 3914 3917
f 3887 3917 3914
f 3918 3916 3917
f 3916 3918 3863
f 3917 3864 3918
f 3917 3919 3864
f 3863 3918 3864
f 3917 3887 3919
f 3920 3864 3919
f 3864 3920 3921
f 3921 3920 3919
f 3921 3919 3922
f 3919 3887 3922
f 3923 3921 3922
f 3921 3923 3924
f 3924 3923 3922
f 3924 3922 3925
f 3887 3925 3922
f 3926 3924 3925
f 3924 3926 3927
f 3927 3926 3925
f 3927 3925 3928
f 3925 3887 3928
f 3929 3927 3928
f 3927 3929 3930
f 3930 3929 3928
f 3930 3928 3931
f 3928 3887 3931
f 3932 3930 3931
f 3930 3932 3933
f 3933 3932 3931
f 3933 3931 3934
f 3450 3934 3931
f 3935 3933 3934
f 3933 3935 3936
f 3936 3935 3934
f 3936 3934 3937
f 3934 3450 3937
f 3938 3936 3937
f 3936 3938 3939
f 3939 3938 3937
f 3939 3937 3940
f 3937 3450 3940
f 3941 3939 3940
f 3939 3941 3942
f 3942 3941 3940
f 3942 3940 3943
f 3450 3943 3940
f 3944 3942 3943
f 3942 3944 3945
f 3945 3944 3943
f 3945 3943 3946
f 3943 3450 3946
f 3947 3945 3946
f 3945 3947 3948
f 3948 3947 3946
f 3948 3946 3949
f 3946 3450 3949
f 3950 3948 3949
f 3948 3950 3951
f 3951 3950 3949
f 3951 3949 3952
f 3949 3953 3952
f 3954 3951 3952
f 3951 3954 3955
f 3955 3954 3952
f 3955 3952 3956
f 3952 3953 3956
f 3957 3955 3956
f 3955 3957 3958
f 3958 3957 3956
f 3958 3956 3959
f 3956 3960 3959
f 3961 3958 3959
f 3958 3961 3962
f 3962 3961 3959
f 3962 3959 3963
f 3959 3964 3963
f 3965 3962 3963
f 3962 3965 3966
f 3966 3965 3963
f 3966 3963 3967
f 3963 3471 3967
f 3968 3966 3967
f 3966 3968 3969
f 3970 3968 3967
f 3968 3970 3969
f 3970 3967 3971
f 3967 3474 3971
f 3972 3970 3971
f 3970 3972 3969
f 3969 3972 3971
f 3969 3971 3973
f 3971 3474 3973
f 3974 3969 3973
f 3969 3974 3975
f 3975 3974 3973
f 3975 3973 3976
f 3977 3976 3973
f 3978 3975 3976
f 3975 3978 3979
f 3979 3978 3976
f 3979 3976 3980
f 3976 3977 3980
f 3981 3979 3980
f 3979 3981 3982
f 3982 3981 3980
f 3982 3980 3983
f 3980 3977 3983
f 3984 3982 3983
f 3982 3984 3985
f 3985 3984 3983
f 3985 3983 3986
f 3983 3987 3986
f 3988 3985 3986
f 3985 3988 3989
f 3989 3988 3986
f 3989 3986 3990
f 3986 3991 3990
f 3992 3989 3990
f 3989 3992 3993
f 3993 3992 3990
f 3993 3990 3994
f 3990 3991 3994
f 3995 3993 3994
f 3993 3995 3996
f 3996 3995 3994
f 3996 3994 3997
f 3994 3998 3997
f 3999 3996 3997
f 3996 3999 3858
f 3858 3999 3997
f 3858 3997 4000
f 3997 3998 4000
f 4001 3858 4000
f 3858 4001 4002
f 4002 4001 4000
f 4002 4000 4003
f 4000 3485 4003
f 4004 4002 4003
f 4002 4004 4005
f 4005 4004 4003
f 4005 4003 4006
f 4003 3851 4006
f 4007 4005 4006
f 4005 4007 4008
f 4008 4007 4006
f 4008 4006 3850
f 4006 3851 3850
f 3853 4008 3850
f 4008 3853 3852
f 4005 4008 3852
f 3858 4005 3852
f 3858 4002 4005
f 3858 3852 3856
f 3485 3851 4003
f 3486 3851 3485
f 3488 3851 3486
f 3487 3851 3488
f 3487 3490 3851
f 3998 3485 4000
f 3482 3485 3998
f 3482 3998 3483
f 3483 3998 3480
f 3480 3998 3991
f 3991 3998 3994
f 3480 3991 3481
f 3481 3991 3478
f 3478 3991 3987
f 3987 3991 3986
f 3478 3987 3479
f 3479 3987 3476
f 3476 3987 3977
f 3977 3987 3983
f 3476 3977 3477
f 3477 3977 3475
f 3475 3977 3474
f 3474 3977 3973
f 3993 3996 3858
f 3985 3993 3858
f 3985 3989 3993
f 3969 3985 3858
f 3969 3979 3985
f 3962 3969 3858
f 3962 3966 3969
f 3955 3962 3858
f 3955 3958 3962
f 3942 3955 3858
f 3942 3948 3955
f 3858 3864 3942
f 3858 3857 3864
f 3864 3930 3942
f 3864 3924 3930
f 3930 3936 3942
f 3930 3933 3936
f 3936 3939 3942
f 3864 3921 3924
f 3924 3927 3930
f 3857 3860 3864
f 3942 3945 3948
f 3948 3951 3955
f 3969 3975 3979
f 3979 3982 3985
f 3471 3474 3967
f 3472 3474 3471
f 3468 3471 3963
f 3469 3471 3468
f 4009 3468 3963
f 3465 3468 4009
f 3964 4009 3963
f 3463 4009 3964
f 3466 4009 3463
f 3463 3964 3464
f 3464 3964 3459
f 3459 3964 4010
f 4010 3964 3959
f 3459 4010 3460
f 3460 4010 3457
f 3457 4010 3960
f 3960 4010 3959
f 3457 3960 3458
f 3458 3960 3456
f 3456 3960 3455
f 3455 3960 3956
f 3953 3455 3956
f 3452 3455 3953
f 3452 3953 3453
f 3453 3953 3451
f 3451 3953 3450
f 3450 3953 3949
f 3465 4009 3466
f 3887 3450 3931
f 3445 3450 3887
f 3445 3887 3446
f 3443 3446 3887
f 3443 3887 4011
f 4011 3887 4012
f 3444 3443 4011
f 3444 4011 4013
f 4011 4014 4013
f 3444 4013 4015
f 4013 4016 4015
f 3444 4015 4017
f 4017 4015 4018
f 3444 4017 4019
f 4019 4017 4020
f 3444 4019 4021
f 4021 4019 4020
f 3444 4021 4022
f 4022 4021 4023
f 3444 4022 4024
f 4024 4022 4023
f 3444 4024 4025
f 4025 4024 4026
f 3444 4025 4027
f 4027 4025 4026
f 3444 4027 4028
f 4028 4027 4029
f 3444 4028 4030
f 4030 4028 4029
f 3444 4030 4031
f 4031 4030 4032
f 3444 4031 4033
f 4031 4034 4033
f 3444 4033 4035
f 4033 4036 4035
f 3444 4035 4037
f 4035 4038 4037
f 3444 4037 4039
f 4039 4037 4040
f 3444 4039 4041
f 4041 4039 4042
f 3444 4041 4043
f 4041 4044 4043
f 3444 4043 4045
f 4045 4043 4046
f 3444 4045 4047
f 4047 4045 4048
f 3444 4047 4049
f 4049 4047 4048
f 3444 4049 4050
f 4050 4049 4051
f 3444 4050 4052
f 4052 4050 4051
f 3444 4052 4053
f 4053 4052 4054
f 3444 4053 4055
f 4055 4053 4054
f 3444 4055 4056
f 4056 4055 4057
f 3444 4056 4058
f 4056 4059 4058
f 3444 4058 4060
f 4060 4058 4061
f 3444 4060 4062
f 4062 4060 4063
f 3444 4062 4064
f 4064 4062 4063
f 3444 4064 4065
f 4065 4064 4066
f 3444 4065 4067
f 4067 4065 4066
f 3444 4067 4068
f 4068 4067 4069
f 3444 4068 4070
f 4068 4071 4070
f 3444 4070 4072
f 4070 4073 4072
f 3444 4072 4074
f 4074 4072 4075
f 3444 4074 4076
f 4076 4074 4077
f 3444 4076 4078
f 4078 4076 4077
f 3444 4078 4079
f 4079 4078 4080
f 3444 4079 4081
f 4079 4082 4081
f 3444 4081 4083
f 4083 4081 4084
f 3444 4083 4085
f 4085 4083 4086
f 3444 4085 4087
f 4085 4088 4087
f 3444 4087 4089
f 4087 4090 4089
f 4089 4091 3444
f 4091 4089 4092
f 4091 4093 3444
f 4093 4091 4094
f 4093 4095 3444
f 4095 4093 4094
f 4095 4096 3444
f 4096 4095 4097
f 4096 4098 3444
f 4098 4096 4097
f 4098 4099 3444
f 4099 4098 4100
f 4099 4101 3444
f 4099 4102 4101
f 4101 4103 3444
f 4103 4101 4104
f 4103 4105 3444
f 4105 4103 4106
f 4105 4107 3444
f 4105 4108 4107
f 4107 4109 3444
f 4107 4110 4109
f 4109 4111 3444
f 4111 4109 4112
f 4111 4113 3444
f 4113 4111 4114
f 4113 4115 3444
f 4113 4116 4115
f 4115 4117 3444
f 4117 4115 4118
f 4117 4119 3444
f 4119 4117 4120
f 4119 4121 3444
f 4121 4119 4120
f 4121 4122 3444
f 4122 4121 4123
f 4122 4124 3444
f 4122 4125 4124
f 4124 4126 3444
f 4124 4127 4126
f 4126 4128 3444
f 4128 4126 4129
f 4128 4130 3444
f 4130 4128 4131
f 4130 4132 3444
f 4130 4133 4132
f 4132 4134 3444
f 4134 4132 4135
f 4134 4136 3444
f 4136 4134 4137
f 4136 4138 3444
f 4136 4139 4138
f 4138 4140 3444
f 4138 4141 4140
f 4140 4142 3444
f 4142 4140 4143
f 4142 4144 3444
f 4144 4142 4145
f 4144 4146 3444
f 4146 4144 4145
f 4146 4147 3444
f 4147 4146 4148
f 4147 4149 3444
f 4147 4150 4149
f 4149 4151 3444
f 4151 4149 4152
f 4151 4153 3444
f 4153 4151 4154
f 4153 4155 3444
f 4155 4153 4154
f 4155 4156 3444
f 4156 4155 4157
f 4156 4158 3444
f 4156 4159 4158
f 4158 4160 3444
f 4158 4161 4160
f 4160 3787 3444
f 4160 4162 3787
f 3787 4163 3444
f 4164 4163 3787
f 3432 3444 4163
f 3432 3430 3444
f 4164 3432 4163
f 3431 3432 4164
f 3431 4164 3434
f 4164 4165 3434
f 4164 3787 4165
f 3434 4165 4166
f 4167 4166 4165
f 3434 4166 4168
f 3442 4168 4166
f 3433 3434 4168
f 3433 4168 3436
f 3439 3436 4168
f 3435 3436 3439
f 3439 4168 3442
f 3438 3439 3442
f 3442 4166 4167
f 3441 3442 4167
f 4169 3441 4167
f 3441 4169 3448
f 4170 4169 4167
f 4169 4170 4171
f 4172 4170 4167
f 4172 4171 4170
f 4173 4172 4167
f 4173 4171 4172
f 4174 4173 4167
f 4174 4175 4173
f 4176 4174 4167
f 4176 4177 4174
f 4178 4176 4167
f 4178 4177 4176
f 4179 4178 4167
f 4179 4180 4178
f 4181 4179 4167
f 4181 4182 4179
f 4183 4181 4167
f 4183 4184 4181
f 4185 4183 4167
f 4185 4184 4183
f 4186 4185 4167
f 4186 4187 4185
f 4188 4186 4167
f 4188 4187 4186
f 4189 4188 4167
f 4189 4190 4188
f 4191 4189 4167
f 4191 4190 4189
f 4192 4191 4167
f 4192 4193 4191
f 4194 4192 4167
f 4194 4193 4192
f 4195 4194 4167
f 4195 4196 4194
f 4197 4195 4167
f 4197 4196 4195
f 4198 4197 4167
f 4198 4199 4197
f 4200 4198 4167
f 4200 4201 4198
f 4202 4200 4167
f 4202 4203 4200
f 4204 4202 4167
f 4204 4205 4202
f 4206 4204 4167
f 4206 4207 4204
f 4208 4206 4167
f 4208 4207 4206
f 4209 4208 4167
f 4209 4210 4208
f 4211 4209 4167
f 4211 4210 4209
f 4212 4211 4167
f 4212 4213 4211
f 4214 4212 4167
f 4214 4215 4212
f 4216 4214 4167
f 4216 4217 4214
f 4218 4216 4167
f 4218 4219 4216
f 4218 4167 4220
f 4167 4221 4220
f 4218 4220 4222
f 4220 4223 4222
f 4218 4222 4224
f 4222 4225 4224
f 4218 4224 4226
f 4224 4225 4226
f 4227 4218 4226
f 4227 4228 4218
f 4227 4226 4229
f 4226 4230 4229
f 4227 4229 4231
f 4229 4230 4231
f 4227 4231 4232
f 4231 4233 4232
f 4234 4227 4232
f 4234 4235 4227
f 4234 4232 4236
f 4232 4237 4236
f 4234 4236 4238
f 4236 4239 4238
f 4234 4238 4240
f 4238 4239 4240
f 4241 4234 4240
f 4241 4235 4234
f 4241 4240 4242
f 4240 4243 4242
f 4241 4242 4244
f 4242 4245 4244
f 4241 4244 4246
f 4244 4247 4246
f 4241 4246 4248
f 4246 4249 4248
f 4241 4248 4250
f 4248 4251 4250
f 4241 4250 4252
f 4250 4251 4252
f 4241 4252 4253
f 4252 4254 4253
f 4241 4253 4255
f 4253 4254 4255
f 4241 4255 4256
f 4255 4257 4256
f 4241 4256 4258
f 4256 4259 4258
f 4241 4258 4260
f 4258 4259 4260
f 4241 4260 4261
f 4260 4262 4261
f 4261 4263 4241
f 4261 4262 4263
f 4263 4264 4241
f 4263 4265 4264
f 4264 4266 4241
f 4264 4265 4266
f 4266 4267 4241
f 4266 4268 4267
f 4267 4269 4241
f 4267 4270 4269
f 4269 4271 4241
f 4269 4272 4271
f 4271 4273 4241
f 4271 4272 4273
f 4273 4274 4241
f 4273 4275 4274
f 4274 4276 4241
f 4274 4277 4276
f 4276 4278 4241
f 4276 4277 4278
f 4278 4279 4241
f 4278 4280 4279
f 4279 4281 4241
f 4279 4282 4281
f 4281 4283 4241
f 4281 4284 4283
f 4283 4285 4241
f 4286 4285 4283
f 4285 4287 4241
f 4288 4287 4285
f 4287 4289 4241
f 4290 4289 4287
f 4241 4289 4290
f 4241 4290 4235
f 4290 4291 4235
f 4290 4292 4291
f 4291 4293 4235
f 4293 4291 4294
f 4227 4235 4293
f 4227 4293 4228
f 4228 4293 4218
f 4218 4293 4294
f 4218 4294 4219
f 4219 4294 4216
f 4216 4294 4295
f 4294 4291 4295
f 4216 4295 4217
f 4217 4295 4214
f 4214 4295 4296
f 4291 4296 4295
f 4214 4296 4215
f 4215 4296 4212
f 4212 4296 4297
f 4296 4291 4297
f 4212 4297 4213
f 4213 4297 4211
f 4211 4297 4210
f 4297 4291 4210
f 4291 4207 4210
f 4207 4291 4298
f 4208 4210 4207
f 4298 4291 4299
f 4204 4207 4298
f 4204 4298 4205
f 4205 4298 4202
f 4202 4298 4299
f 4202 4299 4203
f 4203 4299 4200
f 4200 4299 4300
f 4291 4300 4299
f 4200 4300 4201
f 4201 4300 4198
f 4198 4300 4301
f 4300 4291 4301
f 4198 4301 4199
f 4199 4301 4197
f 4197 4301 4196
f 4301 4291 4196
f 4291 4193 4196
f 4193 4291 4190
f 4194 4196 4193
f 4190 4291 4187
f 4191 4193 4190
f 4291 4184 4187
f 4188 4190 4187
f 4184 4291 4302
f 4185 4187 4184
f 4302 4291 4303
f 4181 4184 4302
f 4181 4302 4182
f 4182 4302 4179
f 4179 4302 4303
f 4179 4303 4180
f 4180 4303 4178
f 4178 4303 4177
f 4177 4303 4304
f 4291 4304 4303
f 4305 4177 4304
f 4306 4177 4305
f 4307 4305 4304
f 4307 4308 4305
f 4309 4307 4304
f 4307 4309 4310
f 4310 4309 4304
f 4310 4304 4291
f 4311 4310 4291
f 4310 4311 4312
f 4312 4311 4291
f 4312 4291 4292
f 4313 4312 4292
f 4312 4313 4314
f 4314 4313 4292
f 4314 4292 4315
f 4292 4290 4315
f 4316 4314 4315
f 4314 4316 4317
f 4317 4316 4315
f 4317 4315 4318
f 4290 4318 4315
f 4319 4317 4318
f 4317 4319 4320
f 4320 4319 4318
f 4320 4318 4321
f 4318 4290 4321
f 4322 4320 4321
f 4320 4322 4323
f 4323 4322 4321
f 4323 4321 4324
f 4321 4290 4324
f 4325 4323 4324
f 4323 4325 4326
f 4326 4325 4324
f 4326 4324 4327
f 4290 4327 4324
f 4328 4326 4327
f 4326 4328 4329
f 4329 4328 4327
f 4329 4327 4330
f 4327 4290 4330
f 4331 4329 4330
f 4329 4331 4332
f 4331 4330 4333
f 4330 4290 4333
f 4333 4332 4331
f 4333 4334 4332
f 4335 4334 4333
f 4336 4332 4334
f 4332 4336 4337
f 4338 4336 4334
f 4338 4339 4336
f 4338 4334 4340
f 4334 4341 4340
f 4342 4338 4340
f 4342 4343 4338
f 4344 4342 4340
f 4344 4345 4342
f 4346 4344 4340
f 4346 4347 4344
f 4346 4340 4348
f 4340 4349 4348
f 4348 4350 4346
f 4348 4351 4350
f 4350 4352 4346
f 4350 4353 4352
f 4352 4354 4346
f 4352 4355 4354
f 4354 4356 4346
f 4354 4357 4356
f 4356 4358 4346
f 4356 4359 4358
f 4358 4360 4346
f 4358 4361 4360
f 4360 4362 4346
f 4360 4361 4362
f 4346 4362 4363
f 4363 4362 4364
f 4346 4363 4365
f 4363 4364 4365
f 4346 4365 4366
f 4365 4367 4366
f 4346 4366 4368
f 4366 4369 4368
f 4346 4368 4347
f 4368 4370 4347
f 4368 4371 4370
f 4370 4372 4347
f 4370 4373 4372
f 4372 4374 4347
f 4374 4372 4375
f 4347 4374 4375
f 4347 4375 4376
f 4377 4376 4375
f 4378 4347 4376
f 4347 4378 4379
f 4379 4378 4376
f 4379 4376 4380
f 4376 4377 4380
f 4381 4379 4380
f 4379 4381 4382
f 4382 4381 4380
f 4382 4380 4383
f 4380 4377 4383
f 4384 4382 4383
f 4382 4384 4385
f 4385 4384 4383
f 4385 4383 4386
f 4377 4386 4383
f 4387 4385 4386
f 4385 4387 4388
f 4388 4387 4386
f 4388 4386 4389
f 4386 4377 4389
f 4390 4388 4389
f 4388 4390 4391
f 4391 4390 4389
f 4391 4389 4392
f 4389 4377 4392
f 4393 4391 4392
f 4391 4393 4394
f 4394 4393 4392
f 4394 4392 4395
f 4377 4395 4392
f 4396 4394 4395
f 4394 4396 4397
f 4397 4396 4395
f 4397 4395 4398
f 4395 4377 4398
f 4399 4397 4398
f 4397 4399 4344
f 4344 4399 4398
f 4344 4398 4400
f 4398 4377 4400
f 4401 4344 4400
f 4344 4401 4402
f 4402 4401 4400
f 4402 4400 4403
f 4377 4403 4400
f 4404 4402 4403
f 4402 4404 4405
f 4405 4404 4403
f 4405 4403 4406
f 4403 4377 4406
f 4407 4405 4406
f 4405 4407 4408
f 4408 4407 4406
f 4408 4406 4409
f 4406 4377 4409
f 4410 4408 4409
f 4408 4410 4345
f 4345 4410 4409
f 4345 4409 4411
f 4377 4411 4409
f 4412 4345 4411
f 4345 4412 4413
f 4413 4412 4411
f 4413 4411 4414
f 4411 4377 4414
f 4415 4413 4414
f 4413 4415 4416
f 4416 4415 4414
f 4416 4414 4417
f 4414 4377 4417
f 4418 4416 4417
f 4416 4418 4419
f 4419 4418 4417
f 4419 4417 4420
f 4377 4420 4417
f 4421 4419 4420
f 4419 4421 4342
f 4342 4421 4420
f 4342 4420 4422
f 4420 4377 4422
f 4423 4342 4422
f 4342 4423 4424
f 4424 4423 4422
f 4424 4422 4425
f 4422 4377 4425
f 4426 4424 4425
f 4424 4426 4343
f 4343 4426 4425
f 4343 4425 4427
f 4425 4171 4427
f 4428 4343 4427
f 4343 4428 4429
f 4429 4428 4427
f 4429 4427 4430
f 4427 4171 4430
f 4431 4429 4430
f 4429 4431 4338
f 4338 4431 4430
f 4338 4430 4432
f 4433 4432 4430
f 4339 4338 4432
f 4336 4339 4432
f 4336 4432 4434
f 4432 4433 4434
f 4336 4434 4337
f 4435 4337 4434
f 4332 4337 4435
f 4435 4434 4436
f 4434 4433 4436
f 4437 4435 4436
f 4435 4437 4438
f 4438 4437 4436
f 4438 4436 4439
f 4433 4439 4436
f 4440 4438 4439
f 4435 4438 4440
f 4441 4440 4439
f 4440 4441 4442
f 4441 4439 4443
f 4439 4433 4443
f 4444 4441 4443
f 4441 4444 4442
f 4442 4444 4443
f 4442 4443 4306
f 4443 4433 4306
f 4445 4442 4306
f 4442 4445 4308
f 4446 4445 4306
f 4445 4446 4308
f 4446 4306 4305
f 4308 4446 4305
f 4442 4308 4314
f 4308 4310 4314
f 4314 4435 4442
f 4314 4326 4435
f 4435 4440 4442
f 4314 4320 4326
f 4326 4332 4435
f 4326 4329 4332
f 4314 4317 4320
f 4320 4323 4326
f 4308 4307 4310
f 4310 4312 4314
f 4433 4177 4306
f 4174 4177 4433
f 4174 4433 4175
f 4175 4433 4173
f 4173 4433 4171
f 4171 4433 4430
f 4343 4429 4338
f 4377 4171 4425
f 4171 4377 3448
f 3448 4377 4447
f 4171 3448 4169
f 4447 4377 4448
f 3448 4447 4449
f 4447 4448 4449
f 3448 4449 3447
f 4449 4448 3447
f 4448 4450 3447
f 4448 4451 4450
f 3447 4450 3462
f 3462 4450 4451
f 4452 3462 4451
f 3462 4452 3461
f 4452 4451 4453
f 4453 4451 4454
f 4455 4452 4453
f 4452 4455 3461
f 4456 4455 4453
f 4455 4456 4457
f 4456 4453 4458
f 4458 4453 4459
f 4457 4456 4458
f 4460 4457 4458
f 4457 4460 3461
f 4460 4458 4461
f 4461 4458 4462
f 4463 4460 4461
f 4460 4463 3461
f 4464 4463 4461
f 4463 4464 3461
f 4464 4461 4465
f 4465 4461 4466
f 4467 4464 4465
f 4464 4467 3461
f 4468 4467 4465
f 4467 4468 4469
f 4468 4465 4470
f 4470 4465 4471
f 4469 4468 4470
f 4472 4469 4470
f 4469 4472 3461
f 4472 4470 4473
f 4473 4470 4474
f 4475 4472 4473
f 4472 4475 3461
f 4476 4475 4473
f 4475 4476 3461
f 4476 4473 4477
f 4477 4473 4478
f 4479 4476 4477
f 4476 4479 3461
f 4480 4479 4477
f 4479 4480 4481
f 4480 4477 4482
f 4482 4477 4483
f 4481 4480 4482
f 4484 4481 4482
f 4481 4484 4485
f 4484 4482 4486
f 4486 4482 4487
f 4485 4484 4486
f 4488 4485 4486
f 4485 4488 4489
f 4488 4486 4490
f 4490 4486 4491
f 4492 4488 4490
f 4488 4492 4489
f 4493 4492 4490
f 4492 4493 4494
f 4493 4490 4495
f 4495 4490 4496
f 4494 4493 4495
f 4497 4494 4495
f 4494 4497 4489
f 4497 4495 4498
f 4498 4495 4496
f 4499 4497 4498
f 4497 4499 4489
f 4500 4499 4498
f 4499 4500 4489
f 4500 4498 4501
f 4501 4498 4496
f 4502 4500 4501
f 4500 4502 4489
f 4503 4502 4501
f 4502 4503 4489
f 4503 4501 4504
f 4504 4501 4496
f 4505 4503 4504
f 4503 4505 4489
f 4506 4505 4504
f 4505 4506 4507
f 4506 4504 4508
f 4508 4504 4496
f 4507 4506 4508
f 4509 4507 4508
f 4507 4509 4489
f 4509 4508 4510
f 4510 4508 4511
f 4512 4509 4510
f 4509 4512 4489
f 4513 4512 4510
f 4512 4513 4514
f 4513 4510 4515
f 4515 4510 4511
f 4514 4513 4515
f 4516 4514 4515
f 4514 4516 4517
f 4516 4515 4518
f 4518 4515 4511
f 4517 4516 4518
f 4519 4517 4518
f 4517 4519 4520
f 4519 4518 4521
f 4521 4518 4522
f 4520 4519 4521
f 4523 4520 4521
f 4520 4523 4524
f 4523 4521 4525
f 4525 4521 4522
f 4524 4523 4525
f 4526 4524 4525
f 4524 4526 4527
f 4526 4525 4528
f 4528 4525 4522
f 4527 4526 4528
f 4529 4527 4528
f 4527 4529 4530
f 4529 4528 4531
f 4531 4528 4532
f 4533 4529 4531
f 4529 4533 4534
f 4535 4533 4531
f 4533 4535 4536
f 4535 4531 4537
f 4537 4531 4532
f 4538 4535 4537
f 4535 4538 4539
f 4540 4538 4537
f 4538 4540 4541
f 4540 4537 4542
f 4542 4537 4532
f 4543 4540 4542
f 4540 4543 4544
f 4545 4543 4542
f 4543 4545 4546
f 4545 4542 4547
f 4547 4542 4532
f 4546 4545 4547
f 4548 4546 4547
f 4546 4548 4549
f 4548 4547 4550
f 4550 4547 4551
f 4549 4548 4550
f 4552 4549 4550
f 4549 4552 4553
f 4552 4550 4554
f 4554 4550 4551
f 4553 4552 4554
f 4555 4553 4554
f 4553 4555 4556
f 4555 4554 4557
f 4557 4554 4551
f 4556 4555 4557
f 4558 4556 4557
f 4556 4558 4559
f 4558 4557 4560
f 4560 4557 4561
f 4562 4558 4560
f 4558 4562 4563
f 4564 4562 4560
f 4562 4564 4565
f 4564 4560 4566
f 4566 4560 4561
f 4565 4564 4566
f 4567 4565 4566
f 4565 4567 4568
f 4567 4566 4569
f 4569 4566 4561
f 4570 4567 4569
f 4567 4570 4571
f 4572 4570 4569
f 4570 4572 4573
f 4572 4569 4574
f 4574 4569 4575
f 4573 4572 4574
f 4576 4573 4574
f 4573 4576 4577
f 4576 4574 4578
f 4578 4574 4575
f 4579 4576 4578
f 4576 4579 4580
f 4581 4579 4578
f 4579 4581 4582
f 4581 4578 4583
f 4583 4578 4584
f 4582 4581 4583
f 4585 4582 4583
f 4582 4585 4586
f 4585 4583 4587
f 4587 4583 4584
f 4586 4585 4587
f 4588 4586 4587
f 4586 4588 4589
f 4588 4587 4590
f 4590 4587 4591
f 4592 4588 4590
f 4588 4592 4593
f 4594 4592 4590
f 4592 4594 4595
f 4594 4590 4596
f 4596 4590 4597
f 4598 4594 4596
f 4594 4598 4599
f 4600 4598 4596
f 4598 4600 4601
f 4600 4596 4602
f 4602 4596 4603
f 4601 4600 4602
f 4604 4601 4602
f 4601 4604 4605
f 4604 4602 4606
f 4606 4602 4603
f 4605 4604 4606
f 4607 4605 4606
f 4605 4607 4608
f 4607 4606 4609
f 4609 4606 4610
f 4288 4607 4609
f 4607 4288 4285
f 4288 4609 4290
f 4290 4609 4611
f 4290 4287 4288
f 4611 4609 4610
f 4612 4290 4611
f 4613 4290 4612
f 4614 4612 4611
f 4614 4615 4612
f 4616 4614 4611
f 4614 4616 4617
f 4616 4611 4610
f 4616 4610 4617
f 4617 4610 4618
f 4618 4610 4603
f 4617 4618 4619
f 4618 4603 4619
f 4617 4619 4349
f 4619 4620 4349
f 4621 4617 4349
f 4621 4614 4617
f 4340 4621 4349
f 4340 4622 4621
f 4340 4623 4622
f 4622 4624 4621
f 4622 4625 4624
f 4624 4626 4621
f 4626 4624 4613
f 4621 4626 4613
f 4621 4613 4612
f 4615 4621 4612
f 4621 4615 4614
f 4624 4627 4613
f 4624 4625 4627
f 4290 4613 4627
f 4290 4627 4628
f 4622 4628 4627
f 4629 4290 4628
f 4630 4290 4629
f 4623 4629 4628
f 4623 4631 4629
f 4632 4623 4628
f 4623 4632 4622
f 4622 4632 4628
f 4340 4631 4623
f 4631 4340 4629
f 4340 4630 4629
f 4340 4633 4630
f 4341 4633 4340
f 4633 4341 4630
f 4341 4333 4630
f 4341 4335 4333
f 4290 4630 4333
f 4334 4335 4341
f 4625 4622 4627
f 4619 4603 4620
f 4620 4597 4349
f 4620 4603 4597
f 4349 4597 4634
f 4634 4597 4591
f 4349 4634 4635
f 4634 4591 4635
f 4349 4635 4636
f 4635 4637 4636
f 4349 4636 4638
f 4636 4639 4638
f 4349 4638 4348
f 4638 4640 4348
f 4638 4641 4640
f 4640 4642 4348
f 4640 4643 4642
f 4642 4644 4348
f 4642 4522 4644
f 4644 4645 4348
f 4644 4522 4645
f 4348 4645 4646
f 4646 4645 4647
f 4348 4646 4648
f 4646 4647 4648
f 4348 4648 4649
f 4648 4650 4649
f 4348 4649 4351
f 4649 4651 4351
f 4649 4652 4651
f 4651 4653 4351
f 4651 4511 4653
f 4653 4496 4351
f 4653 4511 4496
f 4351 4496 4654
f 4654 4496 4491
f 4351 4654 4655
f 4654 4491 4655
f 4351 4655 4656
f 4655 4657 4656
f 4351 4656 4350
f 4656 4658 4350
f 4656 4659 4658
f 4658 4660 4350
f 4658 4661 4660
f 4660 4483 4350
f 4660 4661 4483
f 4350 4483 4662
f 4662 4483 4478
f 4350 4662 4663
f 4662 4478 4663
f 4350 4663 4353
f 4663 4664 4353
f 4663 4478 4664
f 4664 4474 4353
f 4664 4478 4474
f 4353 4474 4665
f 4665 4474 4471
f 4353 4665 4666
f 4665 4471 4666
f 4353 4666 4352
f 4666 4667 4352
f 4666 4471 4667
f 4667 4668 4352
f 4667 4471 4668
f 4352 4668 4669
f 4669 4668 4466
f 4352 4669 4355
f 4669 4466 4355
f 4355 4466 4670
f 4670 4466 4462
f 4355 4670 4354
f 4670 4462 4354
f 4354 4462 4671
f 4671 4462 4459
f 4354 4671 4357
f 4671 4459 4357
f 4357 4459 4672
f 4672 4459 4454
f 4357 4672 4356
f 4672 4454 4356
f 4356 4454 4359
f 4359 4454 4361
f 4454 4451 4361
f 4359 4361 4358
f 4361 4451 4362
f 4451 4364 4362
f 4364 4451 4673
f 4673 4451 4674
f 4367 4364 4673
f 4365 4364 4367
f 4367 4673 4366
f 4366 4673 4675
f 4675 4673 4674
f 4366 4675 4369
f 4675 4674 4369
f 4369 4674 4676
f 4368 4676 4674
f 4369 4676 4368
f 4368 4674 4677
f 4674 4448 4677
f 4678 4368 4677
f 4368 4678 4371
f 4371 4678 4677
f 4371 4677 4679
f 4677 4448 4679
f 4680 4371 4679
f 4371 4680 4370
f 4370 4680 4679
f 4370 4679 4681
f 4679 4377 4681
f 4373 4370 4681
f 4372 4373 4681
f 4372 4681 4375
f 4681 4377 4375
f 4448 4377 4679
f 4451 4448 4674
f 4459 4453 4454
f 4462 4458 4459
f 4466 4461 4462
f 4668 4465 4466
f 4471 4465 4668
f 4474 4470 4471
f 4478 4473 4474
f 4483 4477 4478
f 4661 4482 4483
f 4487 4482 4661
f 4659 4487 4661
f 4656 4487 4659
f 4659 4661 4658
f 4657 4487 4656
f 4657 4491 4487
f 4655 4491 4657
f 4491 4486 4487
f 4496 4490 4491
f 4511 4508 4496
f 4652 4511 4651
f 4652 4682 4511
f 4649 4682 4652
f 4682 4518 4511
f 4647 4518 4682
f 4518 4647 4645
f 4650 4647 4682
f 4648 4647 4650
f 4650 4682 4649
f 4522 4518 4645
f 4643 4522 4642
f 4643 4532 4522
f 4640 4532 4643
f 4532 4528 4522
f 4683 4532 4640
f 4683 4551 4532
f 4641 4683 4640
f 4641 4551 4683
f 4684 4551 4641
f 4684 4561 4551
f 4638 4684 4641
f 4638 4561 4684
f 4685 4561 4638
f 4685 4575 4561
f 4639 4685 4638
f 4639 4575 4685
f 4686 4575 4639
f 4686 4584 4575
f 4636 4686 4639
f 4636 4584 4686
f 4637 4584 4636
f 4637 4591 4584
f 4635 4591 4637
f 4591 4587 4584
f 4584 4578 4575
f 4575 4569 4561
f 4561 4557 4551
f 4551 4547 4532
f 4597 4590 4591
f 4603 4596 4597
f 4610 4606 4603
f 4607 4285 4608
f 4285 4687 4608
f 4286 4687 4285
f 4608 4687 4286
f 4688 4608 4286
f 4608 4688 4689
f 4688 4286 4690
f 4272 4690 4286
f 4689 4688 4690
f 4691 4689 4690
f 4689 4691 4692
f 4691 4690 4693
f 4690 4272 4693
f 4692 4691 4693
f 4694 4692 4693
f 4692 4694 4599
f 4694 4693 4695
f 4693 4272 4695
f 4696 4694 4695
f 4694 4696 4599
f 4697 4696 4695
f 4696 4697 4599
f 4697 4695 4698
f 4272 4698 4695
f 4699 4697 4698
f 4697 4699 4700
f 4701 4699 4698
f 4699 4701 4702
f 4701 4698 4703
f 4698 4272 4703
f 4702 4701 4703
f 4704 4702 4703
f 4702 4704 4705
f 4704 4703 4706
f 4703 4272 4706
f 4705 4704 4706
f 4707 4705 4706
f 4705 4707 4700
f 4707 4706 4708
f 4272 4708 4706
f 4709 4707 4708
f 4707 4709 4700
f 4710 4709 4708
f 4709 4710 4700
f 4710 4708 4711
f 4711 4708 4712
f 4713 4710 4711
f 4710 4713 4700
f 4714 4713 4711
f 4713 4714 4715
f 4714 4711 4716
f 4716 4711 4712
f 4715 4714 4716
f 4717 4715 4716
f 4715 4717 4718
f 4717 4716 4719
f 4719 4716 4720
f 4718 4717 4719
f 4721 4718 4719
f 4718 4721 4722
f 4721 4719 4723
f 4723 4719 4720
f 4722 4721 4723
f 4724 4722 4723
f 4722 4724 4725
f 4724 4723 4726
f 4726 4723 4720
f 4725 4724 4726
f 4727 4725 4726
f 4725 4727 4728
f 4727 4726 4729
f 4729 4726 4730
f 4728 4727 4729
f 4731 4728 4729
f 4728 4731 4732
f 4731 4729 4733
f 4733 4729 4730
f 4732 4731 4733
f 4734 4732 4733
f 4732 4734 4735
f 4734 4733 4736
f 4736 4733 4730
f 4735 4734 4736
f 4737 4735 4736
f 4735 4737 4738
f 4737 4736 4739
f 4739 4736 4730
f 4740 4737 4739
f 4737 4740 4738
f 4741 4740 4739
f 4740 4741 4742
f 4741 4739 4743
f 4743 4739 4744
f 4745 4741 4743
f 4741 4745 4746
f 4747 4745 4743
f 4745 4747 4748
f 4747 4743 4749
f 4749 4743 4750
f 4751 4747 4749
f 4747 4751 4752
f 4753 4751 4749
f 4751 4753 4754
f 4753 4749 4755
f 4755 4749 4750
f 4754 4753 4755
f 4756 4754 4755
f 4754 4756 4757
f 4756 4755 4758
f 4755 4750 4758
f 4757 4756 4758
f 4759 4757 4758
f 4757 4759 4752
f 4759 4758 4750
f 4760 4759 4750
f 4759 4760 4752
f 4761 4760 4750
f 4760 4761 4762
f 4761 4750 4744
f 4750 4743 4744
f 4762 4761 4744
f 4763 4762 4744
f 4762 4763 4764
f 4763 4744 4730
f 4744 4739 4730
f 4765 4763 4730
f 4763 4765 4764
f 4765 4730 4720
f 4730 4726 4720
f 4720 4764 4765
f 4720 4766 4764
f 4767 4766 4720
f 4768 4764 4766
f 4764 4768 4769
f 4770 4768 4766
f 4770 4771 4768
f 4770 4766 4772
f 4766 4773 4772
f 4770 4772 4774
f 4772 4775 4774
f 4776 4770 4774
f 4776 4777 4770
f 4774 4778 4776
f 4774 4779 4778
f 4778 4780 4776
f 4778 4781 4780
f 4780 4782 4776
f 4782 4780 4783
f 4776 4782 4783
f 4776 4783 4784
f 4783 4785 4784
f 4786 4776 4784
f 4776 4786 4787
f 4787 4786 4784
f 4787 4784 4788
f 4785 4788 4784
f 4789 4787 4788
f 4787 4789 4777
f 4777 4789 4788
f 4777 4788 4790
f 4788 4785 4790
f 4791 4777 4790
f 4777 4791 4792
f 4791 4790 4793
f 4790 4785 4793
f 4791 4793 4792
f 4792 4793 4794
f 4794 4793 4795
f 4792 4794 4770
f 4794 4795 4770
f 4777 4792 4770
f 4770 4795 4771
f 4768 4771 4795
f 4795 4769 4768
f 4795 4796 4769
f 4795 4797 4796
f 4769 4796 4798
f 4798 4796 4799
f 4769 4798 4800
f 4798 4799 4800
f 4764 4769 4800
f 4764 4800 4752
f 4800 4801 4752
f 4762 4764 4752
f 4760 4762 4752
f 4800 4802 4801
f 4801 4803 4752
f 4801 4804 4803
f 4803 4805 4752
f 4803 4804 4805
f 4752 4805 4806
f 4806 4805 4807
f 4752 4806 4808
f 4806 4807 4808
f 4752 4808 4809
f 4808 4810 4809
f 4752 4809 4811
f 4809 4812 4811
f 4752 4811 4813
f 4811 4814 4813
f 4752 4813 4815
f 4813 4816 4815
f 4752 4815 4817
f 4815 4816 4817
f 4752 4817 4818
f 4817 4819 4818
f 4752 4818 4820
f 4818 4819 4820
f 4752 4820 4821
f 4820 4822 4821
f 4752 4821 4748
f 4821 4822 4748
f 4747 4752 4748
f 4748 4822 4823
f 4822 4824 4823
f 4748 4823 4825
f 4825 4823 4746
f 4748 4825 4746
f 4745 4748 4746
f 4746 4823 4826
f 4823 4824 4826
f 4746 4826 4742
f 4742 4826 4738
f 4741 4746 4742
f 4738 4826 4827
f 4740 4742 4738
f 4824 4827 4826
f 4738 4827 4828
f 4828 4827 4700
f 4738 4828 4700
f 4713 4738 4700
f 4713 4715 4738
f 4715 4718 4738
f 4718 4722 4738
f 4722 4725 4738
f 4725 4728 4738
f 4728 4732 4738
f 4732 4735 4738
f 4700 4827 4829
f 4824 4829 4827
f 4700 4829 4830
f 4830 4829 4599
f 4700 4830 4599
f 4697 4700 4599
f 4599 4829 4824
f 4599 4824 4831
f 4831 4824 4595
f 4599 4831 4595
f 4594 4599 4595
f 4595 4824 4832
f 4832 4824 4833
f 4595 4832 4593
f 4593 4832 4589
f 4592 4595 4593
f 4589 4832 4833
f 4588 4593 4589
f 4589 4833 4834
f 4834 4833 4580
f 4589 4834 4580
f 4579 4589 4580
f 4579 4582 4589
f 4582 4586 4589
f 4577 4580 4833
f 4576 4580 4577
f 4577 4833 4835
f 4833 4824 4835
f 4836 4577 4835
f 4573 4577 4836
f 4837 4836 4835
f 4836 4837 4571
f 4837 4835 4838
f 4824 4838 4835
f 4571 4837 4838
f 4839 4571 4838
f 4571 4839 4568
f 4839 4838 4840
f 4838 4824 4840
f 4568 4839 4840
f 4841 4568 4840
f 4568 4841 4842
f 4841 4840 4843
f 4840 4824 4843
f 4842 4841 4843
f 4844 4842 4843
f 4842 4844 4563
f 4844 4843 4845
f 4843 4846 4845
f 4563 4844 4845
f 4847 4563 4845
f 4563 4847 4559
f 4847 4845 4848
f 4845 4846 4848
f 4559 4847 4848
f 4849 4559 4848
f 4556 4559 4849
f 4849 4848 4850
f 4846 4850 4848
f 4851 4849 4850
f 4553 4849 4851
f 4852 4851 4850
f 4549 4851 4852
f 4852 4850 4853
f 4850 4846 4853
f 4854 4852 4853
f 4546 4852 4854
f 4544 4854 4853
f 4543 4854 4544
f 4544 4853 4855
f 4853 4846 4855
f 4541 4544 4855
f 4540 4544 4541
f 4539 4541 4855
f 4538 4541 4539
f 4539 4855 4856
f 4846 4856 4855
f 4536 4539 4856
f 4535 4539 4536
f 4857 4536 4856
f 4536 4857 4534
f 4857 4856 4858
f 4856 4846 4858
f 4534 4857 4858
f 4859 4534 4858
f 4534 4859 4530
f 4859 4858 4860
f 4858 4846 4860
f 4530 4859 4860
f 4861 4530 4860
f 4530 4861 4862
f 4861 4860 4863
f 4846 4863 4860
f 4862 4861 4863
f 4864 4862 4863
f 4517 4862 4864
f 4864 4863 4865
f 4863 4846 4865
f 4866 4864 4865
f 4514 4864 4866
f 4867 4866 4865
f 4866 4867 4868
f 4867 4865 4869
f 4865 4846 4869
f 4870 4867 4869
f 4867 4870 4868
f 4868 4870 4869
f 4868 4869 4871
f 4846 4871 4869
f 4872 4868 4871
f 4868 4872 4873
f 4873 4872 4871
f 4873 4871 4874
f 4871 4846 4874
f 4875 4873 4874
f 4873 4875 4876
f 4876 4875 4874
f 4876 4874 4877
f 4874 4846 4877
f 4878 4876 4877
f 4876 4878 4879
f 4879 4878 4877
f 4879 4877 4880
f 4846 4880 4877
f 4881 4879 4880
f 4879 4881 4882
f 4882 4881 4880
f 4882 4880 4883
f 4880 4884 4883
f 4885 4882 4883
f 4882 4885 4886
f 4886 4885 4883
f 4886 4883 4887
f 4883 4888 4887
f 4889 4886 4887
f 4886 4889 4890
f 4890 4889 4887
f 4890 4887 4891
f 4887 4892 4891
f 4893 4890 4891
f 4890 4893 4489
f 4489 4893 4891
f 4489 4891 4894
f 4895 4894 4891
f 3461 4489 4894
f 4481 4489 3461
f 3461 4894 4895
f 3554 3461 4895
f 3554 4895 4892
f 4892 4895 4891
f 4896 3554 4892
f 3554 4896 3553
f 4897 4896 4892
f 4896 4897 4898
f 4897 4892 4888
f 4888 4892 4887
f 4898 4897 4888
f 4899 4898 4888
f 4898 4899 4900
f 4899 4888 4901
f 4901 4888 4883
f 4900 4899 4901
f 4902 4900 4901
f 4900 4902 3553
f 4902 4901 4884
f 4884 4901 4883
f 4903 4902 4884
f 4902 4903 3553
f 4904 4903 4884
f 4903 4904 4905
f 4904 4884 4906
f 4906 4884 4880
f 4905 4904 4906
f 4907 4905 4906
f 4905 4907 3553
f 4907 4906 4908
f 4908 4906 4846
f 4909 4907 4908
f 4907 4909 3553
f 4910 4909 4908
f 4909 4910 4911
f 4910 4908 4912
f 4912 4908 4846
f 4911 4910 4912
f 4913 4911 4912
f 4911 4913 4914
f 4913 4912 4915
f 4915 4912 4916
f 4914 4913 4915
f 4917 4914 4915
f 4914 4917 4918
f 4917 4915 4919
f 4919 4915 4920
f 4921 4917 4919
f 4917 4921 4922
f 4923 4921 4919
f 4921 4923 4924
f 4923 4919 4925
f 4925 4919 4926
f 4924 4923 4925
f 4927 4924 4925
f 4924 4927 4928
f 4927 4925 4929
f 4929 4925 4930
f 4928 4927 4929
f 4931 4928 4929
f 4928 4931 4932
f 4931 4929 4933
f 4929 4934 4933
f 4935 4931 4933
f 4931 4935 4932
f 4936 4935 4933
f 4935 4936 4932
f 4936 4933 4937
f 4933 4934 4937
f 4938 4936 4937
f 4936 4938 4932
f 4939 4938 4937
f 4938 4939 4940
f 4939 4937 4941
f 4937 4942 4941
f 4940 4939 4941
f 4943 4940 4941
f 4940 4943 4932
f 4943 4941 4944
f 4941 4942 4944
f 4945 4943 4944
f 4943 4945 4932
f 4946 4945 4944
f 4945 4946 4947
f 4946 4944 4948
f 4944 4949 4948
f 4947 4946 4948
f 4950 4947 4948
f 4947 4950 4932
f 4950 4948 4951
f 4949 4951 4948
f 4952 4950 4951
f 4950 4952 4932
f 4953 4952 4951
f 4952 4953 4954
f 4953 4951 4955
f 4955 4951 4956
f 4954 4953 4955
f 4957 4954 4955
f 4954 4957 4958
f 4957 4955 4959
f 4959 4955 4956
f 4958 4957 4959
f 4960 4958 4959
f 4958 4960 4961
f 4960 4959 4962
f 4962 4959 4963
f 4961 4960 4962
f 4964 4961 4962
f 4961 4964 4932
f 4964 4962 4965
f 4965 4962 4966
f 4967 4964 4965
f 4964 4967 4968
f 4969 4967 4965
f 4967 4969 4970
f 4969 4965 4971
f 4971 4965 4966
f 4970 4969 4971
f 4972 4970 4971
f 4970 4972 4973
f 4972 4971 4974
f 4974 4971 4966
f 4973 4972 4974
f 4975 4973 4974
f 4973 4975 4976
f 4975 4974 4977
f 4977 4974 4978
f 4976 4975 4977
f 4979 4976 4977
f 4976 4979 4980
f 4979 4977 4978
f 4981 4979 4978
f 4979 4981 4982
f 4981 4978 4966
f 4978 4974 4966
f 4981 4966 4983
f 4983 4966 4984
f 4981 4983 4984
f 4981 4984 4985
f 4984 4986 4985
f 4981 4985 4982
f 4985 4987 4982
f 4987 4985 4988
f 4982 4987 4989
f 4987 4988 4989
f 4980 4982 4989
f 4979 4982 4980
f 4980 4989 4990
f 4990 4989 4785
f 4991 4980 4990
f 4976 4980 4991
f 4992 4991 4990
f 4991 4992 4993
f 4992 4990 4994
f 4994 4990 4995
f 4993 4992 4994
f 4996 4993 4994
f 4970 4993 4996
f 4996 4994 4997
f 4997 4994 4995
f 4998 4996 4997
f 4967 4996 4998
f 4998 4997 4999
f 4999 4997 4995
f 4999 5000 4998
f 4999 5001 5000
f 4998 5000 5002
f 5003 5002 5000
f 4967 4998 5002
f 4967 5002 4968
f 5004 4968 5002
f 5004 5005 4968
f 5002 5003 5004
f 5006 5004 5003
f 5007 5004 5006
f 5007 5006 5003
f 5007 5003 5008
f 5003 5009 5008
f 5007 5008 5010
f 5008 5011 5010
f 5007 5010 5012
f 5010 5011 5012
f 5007 5012 5013
f 5012 5014 5013
f 4167 5007 5013
f 4167 5015 5007
f 4167 5013 5016
f 5013 5017 5016
f 4167 5016 5018
f 5016 5017 5018
f 4167 5018 5019
f 5018 5020 5019
f 4167 5019 5021
f 5019 5020 5021
f 4167 5021 5022
f 5021 5023 5022
f 4167 5022 5024
f 5022 5023 5024
f 4167 5024 5025
f 5024 5026 5025
f 4167 5025 5027
f 5025 5026 5027
f 4167 5027 5028
f 5027 5029 5028
f 4167 5028 5030
f 5028 5029 5030
f 4167 5030 5031
f 5030 5032 5031
f 4167 5031 5033
f 5031 5032 5033
f 4167 5033 4221
f 5033 5034 4221
f 5033 5035 5034
f 5034 5035 4221
f 4221 5035 4223
f 5035 5036 4223
f 4221 4223 4220
f 5037 5036 5035
f 5036 5038 4223
f 5039 5038 5036
f 4223 5038 4225
f 5038 5040 4225
f 4222 4223 4225
f 5041 5040 5038
f 4225 5040 4230
f 4230 5040 5042
f 4226 4225 4230
f 5040 5043 5042
f 4231 4230 5042
f 4231 5042 4233
f 4233 5042 4232
f 4232 5042 5044
f 5042 5043 5044
f 4232 5044 4237
f 4237 5044 4236
f 4236 5044 4239
f 5044 5045 4239
f 5043 5045 5044
f 4239 5045 5046
f 5045 5047 5046
f 4240 4239 5046
f 4240 5046 4243
f 4243 5046 4242
f 4242 5046 5048
f 5046 5047 5048
f 4242 5048 4245
f 4245 5048 4244
f 4244 5048 5049
f 5048 5047 5049
f 4244 5049 4247
f 4247 5049 4246
f 4246 5049 5050
f 5049 5051 5050
f 4246 5050 4249
f 4249 5050 4248
f 4248 5050 4251
f 5050 5051 4251
f 5051 5052 4251
f 5053 5052 5051
f 4251 5052 4254
f 5052 4785 4254
f 4252 4251 4254
f 5054 4785 5052
f 4785 5055 4254
f 5055 4785 4259
f 4255 4254 5055
f 4255 5055 4257
f 4257 5055 4256
f 4256 5055 4259
f 4259 4785 5056
f 4785 5057 5056
f 4272 4259 5056
f 4272 4262 4259
f 5058 4272 5056
f 5059 4272 5058
f 4779 5058 5056
f 4779 5060 5058
f 5061 4779 5056
f 4779 5061 5062
f 5062 5061 5056
f 5062 5056 5057
f 5063 5062 5057
f 5062 5063 4778
f 5064 5063 5057
f 5063 5064 4778
f 5064 5057 5065
f 5057 4785 5065
f 4778 5064 5065
f 5066 4778 5065
f 4778 5066 5067
f 5066 5065 5068
f 5065 4785 5068
f 5067 5066 5068
f 4781 5067 5068
f 4778 5067 4781
f 4781 5068 5069
f 4785 5069 5068
f 5070 4781 5069
f 4781 5070 4780
f 4780 5070 5069
f 4780 5069 4783
f 5069 4785 4783
f 4779 5062 4778
f 5071 5060 4779
f 5060 5071 5058
f 5071 5059 5058
f 5071 5072 5059
f 4774 5072 5071
f 5072 4774 5059
f 4774 5073 5059
f 4774 5074 5073
f 4272 5059 5073
f 5075 4272 5073
f 5076 4272 5075
f 5077 5075 5073
f 5077 5078 5075
f 5074 5077 5073
f 5077 5074 4774
f 4775 5077 4774
f 4775 5078 5077
f 5078 4775 5075
f 4775 5076 5075
f 4775 5079 5076
f 5080 5079 4775
f 5079 5080 5076
f 5080 5081 5076
f 5080 5082 5081
f 4272 5076 5081
f 4712 4272 5081
f 4708 4272 4712
f 4772 4712 5081
f 4772 5083 4712
f 5082 4772 5081
f 4772 5082 5080
f 4772 5080 4775
f 4773 5083 4772
f 5083 4773 4712
f 4773 4720 4712
f 4773 4767 4720
f 4720 4716 4712
f 4766 4767 4773
f 4774 5071 4779
f 4262 4272 4265
f 4260 4259 4262
f 4265 4272 5084
f 4263 4262 4265
f 4272 5085 5084
f 4266 4265 5084
f 4266 5084 4268
f 4268 5084 4267
f 4267 5084 5085
f 4267 5085 4270
f 4270 5085 4269
f 4269 5085 4272
f 5054 5086 4785
f 5054 5052 5087
f 5087 5052 5053
f 5054 5087 5053
f 5003 5054 5053
f 5003 5086 5054
f 5003 5053 5088
f 5053 5051 5088
f 5003 5088 5089
f 5088 5051 5089
f 5003 5089 5090
f 5089 5047 5090
f 5003 5090 5091
f 5090 5047 5091
f 5003 5091 5092
f 5091 5093 5092
f 5003 5092 5094
f 5092 5095 5094
f 5003 5094 5096
f 5094 5040 5096
f 5003 5096 5041
f 5096 5040 5041
f 5003 5041 5097
f 5041 5038 5097
f 5003 5097 5039
f 5097 5038 5039
f 5003 5039 5098
f 5039 5099 5098
f 5003 5098 5100
f 5098 5101 5100
f 5003 5100 5102
f 5100 5103 5102
f 5003 5102 5104
f 5102 5105 5104
f 5003 5104 5106
f 5104 5107 5106
f 5003 5106 5009
f 5106 5108 5009
f 5106 5109 5108
f 5009 5108 5008
f 5008 5108 5011
f 5011 5108 5020
f 5020 5108 5023
f 5017 5011 5020
f 5110 5011 5017
f 5018 5017 5020
f 5012 5011 5110
f 5013 5110 5017
f 5014 5110 5013
f 5012 5110 5014
f 5108 5109 5023
f 5021 5020 5023
f 5023 5109 5026
f 5109 5111 5026
f 5024 5023 5026
f 5104 5111 5109
f 5026 5111 5029
f 5111 5112 5029
f 5027 5026 5029
f 5102 5112 5111
f 5029 5112 5032
f 5112 5037 5032
f 5030 5029 5032
f 5100 5037 5112
f 5032 5037 5035
f 5033 5032 5035
f 5101 5037 5100
f 5100 5112 5103
f 5103 5112 5102
f 5098 5037 5101
f 5098 5036 5037
f 5099 5036 5098
f 5039 5036 5099
f 5102 5111 5105
f 5105 5111 5104
f 5104 5109 5107
f 5107 5109 5106
f 5094 5043 5040
f 5095 5043 5094
f 5092 5043 5095
f 5092 5045 5043
f 5093 5045 5092
f 5091 5045 5093
f 5091 5047 5045
f 5089 5051 5047
f 5047 5051 5049
f 5003 5113 5086
f 5003 5114 5113
f 5086 5113 5115
f 5113 5116 5115
f 5086 5115 4785
f 5115 4990 4785
f 5117 4990 5115
f 4990 5117 4995
f 5116 5117 5115
f 5116 5114 5117
f 5114 5116 5113
f 5114 5118 5117
f 5119 5118 5114
f 5118 4995 5117
f 5118 5119 4995
f 5119 5120 4995
f 5121 5120 5119
f 5120 4999 4995
f 5120 5121 4999
f 5121 5001 4999
f 5000 5001 5121
f 5003 5000 5121
f 5003 5121 5119
f 5003 5119 5114
f 4167 5122 5015
f 5015 5123 5007
f 5015 5124 5123
f 5123 5124 5007
f 5007 5124 5004
f 5004 5124 5125
f 5124 5126 5125
f 5127 5004 5125
f 5128 5004 5127
f 5129 5127 5125
f 5129 5130 5127
f 5131 5129 5125
f 5129 5131 5132
f 5131 5125 5126
f 5126 5132 5131
f 5126 5133 5132
f 5134 5133 5126
f 5135 5132 5133
f 5132 5135 5136
f 5137 5135 5133
f 5137 5138 5135
f 5137 5133 5139
f 5133 5140 5139
f 5141 5137 5139
f 5141 5142 5137
f 5139 5143 5141
f 5139 5144 5143
f 5143 5145 5141
f 5143 5146 5145
f 5145 5147 5141
f 5147 5145 5148
f 5141 5147 5148
f 5141 5148 5149
f 5150 5149 5148
f 5151 5141 5149
f 5141 5151 5152
f 5152 5151 5149
f 5152 5149 5153
f 5153 5149 5150
f 5154 5152 5153
f 5152 5154 5142
f 5142 5154 5153
f 5142 5153 5155
f 5155 5153 5156
f 5157 5142 5155
f 5142 5157 5158
f 5158 5157 5155
f 5158 5155 5159
f 5160 5159 5155
f 5161 5158 5159
f 5158 5161 5137
f 5137 5161 5159
f 5137 5159 5162
f 5159 5160 5162
f 5138 5137 5162
f 5138 5162 5163
f 5162 5160 5163
f 5163 5135 5138
f 5163 5136 5135
f 5164 5136 5163
f 5136 5164 5165
f 5165 5164 5163
f 5165 5163 5166
f 5160 5166 5163
f 5167 5165 5166
f 5165 5167 5168
f 5168 5167 5166
f 5168 5166 5169
f 5166 5160 5169
f 5170 5168 5169
f 5168 5170 5171
f 5171 5170 5169
f 5171 5169 5172
f 5169 5160 5172
f 5173 5171 5172
f 5171 5173 5174
f 5174 5173 5172
f 5174 5172 5175
f 5160 5175 5172
f 5176 5174 5175
f 5174 5176 5177
f 5177 5176 5175
f 5177 5175 5178
f 5175 5160 5178
f 5179 5177 5178
f 5177 5179 5180
f 5179 5178 5181
f 5178 5160 5181
f 5179 5181 5180
f 5180 5181 5182
f 5182 5181 5183
f 5180 5182 5184
f 5182 5183 5184
f 5180 5184 5185
f 5184 5186 5185
f 5174 5180 5185
f 5174 5177 5180
f 5174 5185 5187
f 5185 5188 5187
f 5189 5174 5187
f 5189 5136 5174
f 5190 5189 5187
f 5190 5191 5189
f 5187 5192 5190
f 5187 5193 5192
f 5192 5194 5190
f 5192 5195 5194
f 5194 5196 5190
f 5194 5197 5196
f 5196 5198 5190
f 5196 5199 5198
f 5198 5200 5190
f 5198 5201 5200
f 5200 5202 5190
f 5202 5200 5203
f 5190 5202 5203
f 5190 5203 5204
f 5203 5005 5204
f 5205 5190 5204
f 5190 5205 5206
f 5206 5205 5204
f 5206 5204 5207
f 5204 5005 5207
f 5208 5206 5207
f 5206 5208 5209
f 5209 5208 5207
f 5209 5207 5210
f 5005 5210 5207
f 5211 5209 5210
f 5209 5211 5212
f 5212 5211 5210
f 5212 5210 5213
f 5210 5005 5213
f 5214 5212 5213
f 5212 5214 5215
f 5215 5214 5213
f 5215 5213 5216
f 5213 5005 5216
f 5217 5215 5216
f 5215 5217 5218
f 5218 5217 5216
f 5218 5216 5219
f 5005 5219 5216
f 5220 5218 5219
f 5218 5220 5221
f 5221 5220 5219
f 5221 5219 5222
f 5219 5005 5222
f 5223 5221 5222
f 5221 5223 5224
f 5224 5223 5222
f 5224 5222 5225
f 5222 5005 5225
f 5226 5224 5225
f 5224 5226 5191
f 5191 5226 5225
f 5191 5225 5227
f 5005 5227 5225
f 5228 5191 5227
f 5191 5228 5229
f 5229 5228 5227
f 5229 5227 5230
f 5227 5005 5230
f 5231 5229 5230
f 5229 5231 5232
f 5232 5231 5230
f 5232 5230 5233
f 5230 5005 5233
f 5234 5232 5233
f 5232 5234 5235
f 5235 5234 5233
f 5235 5233 5236
f 5005 5236 5233
f 5237 5235 5236
f 5235 5237 5238
f 5238 5237 5236
f 5238 5236 5239
f 5236 5005 5239
f 5240 5238 5239
f 5238 5240 5241
f 5241 5240 5239
f 5241 5239 5242
f 5239 5005 5242
f 5243 5241 5242
f 5241 5243 5244
f 5244 5243 5242
f 5244 5242 5245
f 5005 5245 5242
f 5246 5244 5245
f 5244 5246 5247
f 5247 5246 5245
f 5247 5245 5248
f 5245 5005 5248
f 5249 5247 5248
f 5247 5249 5189
f 5189 5249 5248
f 5189 5248 5128
f 5248 5005 5128
f 5250 5189 5128
f 5189 5250 5251
f 5251 5250 5128
f 5251 5128 5127
f 5130 5251 5127
f 5251 5130 5129
f 5189 5251 5129
f 5189 5129 5136
f 5129 5132 5136
f 5005 5004 5128
f 5244 5247 5189
f 5238 5244 5189
f 5238 5241 5244
f 5191 5238 5189
f 5191 5232 5238
f 5191 5229 5232
f 5232 5235 5238
f 5221 5224 5191
f 5215 5221 5191
f 5215 5218 5221
f 5190 5215 5191
f 5190 5209 5215
f 5190 5206 5209
f 5209 5212 5215
f 5005 5203 5252
f 5200 5252 5203
f 5253 5005 5252
f 5254 5005 5253
f 5253 5252 5255
f 5198 5255 5252
f 5256 5253 5255
f 5257 5253 5256
f 5258 5256 5255
f 5196 5256 5258
f 5258 5255 5199
f 5199 5255 5259
f 5196 5258 5199
f 5198 5259 5255
f 5199 5259 5198
f 5260 5256 5196
f 5260 5257 5256
f 5261 5260 5196
f 5261 5257 5260
f 5262 5261 5196
f 5262 5263 5261
f 5197 5262 5196
f 5197 5264 5262
f 5197 5265 5264
f 5264 5266 5262
f 5264 5267 5266
f 5266 5267 5262
f 5262 5267 5268
f 5267 5269 5268
f 5262 5268 5270
f 5270 5268 5263
f 5262 5270 5263
f 5263 5268 5257
f 5253 5257 5268
f 5263 5257 5261
f 5269 5253 5268
f 4922 5253 5269
f 4922 5271 5253
f 4918 4922 5269
f 4917 4922 4918
f 5272 4918 5269
f 4918 5272 5273
f 5272 5269 5274
f 5274 5269 5267
f 5273 5272 5274
f 5275 5273 5274
f 5273 5275 3553
f 5275 5274 3558
f 3558 5274 5276
f 3553 5275 3558
f 5276 5274 5267
f 5277 3558 5276
f 3562 3558 5277
f 5197 5277 5276
f 5278 5277 5197
f 5197 5276 5265
f 5265 5276 5264
f 5264 5276 5267
f 5279 5277 5278
f 5279 5278 5197
f 5280 5279 5197
f 5280 5281 5279
f 5194 5280 5197
f 5194 5282 5280
f 5194 5283 5282
f 5282 5281 5280
f 5282 5283 5281
f 5283 3569 5281
f 3572 3569 5283
f 3569 3562 5281
f 3565 3562 3569
f 5281 3562 5277
f 5279 5281 5277
f 3565 3561 3562
f 3564 3565 3569
f 3568 3569 3572
f 5284 3572 5283
f 3578 3572 5284
f 5285 5284 5283
f 5286 5284 5285
f 5285 5283 5194
f 5286 5285 5194
f 5195 5286 5194
f 5195 5287 5286
f 5195 5288 5287
f 5287 5284 5286
f 5287 5288 5284
f 5288 3578 5284
f 3586 3578 5288
f 3582 3578 3586
f 3589 3586 5288
f 3585 3586 3589
f 5289 3589 5288
f 3607 3589 5289
f 5290 5289 5288
f 5291 5289 5290
f 5290 5288 5195
f 5291 5290 5195
f 5192 5291 5195
f 5192 5292 5291
f 5192 5293 5292
f 5292 5289 5291
f 5292 5293 5289
f 5293 3607 5289
f 3610 3607 5293
f 3606 3607 3610
f 3617 3610 5293
f 3613 3610 3617
f 5294 3617 5293
f 5295 3617 5294
f 5296 5294 5293
f 5297 5294 5296
f 5296 5293 5192
f 5297 5296 5192
f 5298 5297 5192
f 5298 5299 5297
f 5193 5298 5192
f 5193 5300 5298
f 5193 5301 5300
f 5300 5302 5298
f 5300 5303 5302
f 5302 5304 5298
f 5302 5303 5304
f 5298 5304 5299
f 5299 5304 5294
f 5304 5305 5294
f 5299 5294 5297
f 5306 5305 5304
f 5305 5295 5294
f 3630 5295 5305
f 3630 3622 5295
f 3629 3630 5305
f 3634 3629 5305
f 3634 5305 5306
f 3633 3634 5306
f 3640 3633 5306
f 3640 5306 3644
f 3644 5306 5304
f 3639 3640 3644
f 5303 3644 5304
f 3647 3644 5303
f 3643 3644 3647
f 5307 3647 5303
f 3651 3647 5307
f 5308 5307 5303
f 3662 5307 5308
f 5301 5308 5303
f 5193 5308 5301
f 5301 5303 5300
f 5309 5308 5193
f 5309 5310 5308
f 5311 5309 5193
f 5311 5310 5309
f 5312 5311 5193
f 5312 5313 5311
f 5187 5312 5193
f 5187 5314 5312
f 5187 5315 5314
f 5314 5316 5312
f 5314 5317 5316
f 5316 5318 5312
f 5316 5317 5318
f 5312 5318 5313
f 5313 5318 5310
f 5318 3671 5310
f 5313 5310 5311
f 3678 3671 5318
f 3671 3665 5310
f 3668 3665 3671
f 5310 3665 5308
f 3665 3662 5308
f 3661 3662 3665
f 3674 3671 3678
f 3684 3678 5318
f 3680 3678 3684
f 5317 3684 5318
f 3691 3684 5317
f 3687 3684 3691
f 5319 3691 5317
f 3694 3691 5319
f 5315 5319 5317
f 5187 5319 5315
f 5315 5317 5314
f 5320 5319 5187
f 5320 5321 5319
f 5322 5320 5187
f 5322 5321 5320
f 5188 5322 5187
f 5188 5323 5322
f 5188 5324 5323
f 5323 5321 5322
f 5323 5324 5321
f 5324 3705 5321
f 3709 3705 5324
f 3705 5325 5321
f 3701 5325 3705
f 5325 3694 5321
f 3698 3694 5325
f 5321 3694 5319
f 3698 3693 3694
f 3697 3698 5325
f 3701 3697 5325
f 3700 3701 3705
f 3704 3705 3709
f 3716 3709 5324
f 3712 3709 3716
f 5326 3716 5324
f 3720 3716 5326
f 5327 5326 5324
f 5328 5326 5327
f 5327 5324 5188
f 5328 5327 5188
f 5185 5328 5188
f 5185 5329 5328
f 5185 5330 5329
f 5329 5326 5328
f 5329 5330 5326
f 5330 5331 5326
f 5332 5331 5330
f 5331 3720 5326
f 3728 3720 5331
f 3728 3719 3720
f 3727 3728 5331
f 3745 3727 5331
f 3745 5331 5332
f 3744 3745 5332
f 3788 3744 5332
f 3788 5332 5333
f 5333 5332 5330
f 5334 3788 5333
f 3788 5334 3787
f 5335 5334 5333
f 5334 5335 5336
f 5335 5333 5337
f 5337 5333 5330
f 5336 5335 5337
f 5338 5336 5337
f 5336 5338 5339
f 5338 5337 5340
f 5340 5337 5183
f 5339 5338 5340
f 5341 5339 5340
f 5339 5341 3787
f 5341 5340 5342
f 5342 5340 5183
f 5343 5341 5342
f 5341 5343 3787
f 5344 5343 5342
f 5343 5344 5345
f 5344 5342 5346
f 5346 5342 5183
f 5344 5346 5347
f 5347 5346 5348
f 5344 5347 5345
f 4165 5345 5347
f 5345 4165 3787
f 4165 5347 5349
f 5347 5350 5349
f 4165 5349 5351
f 5349 5352 5351
f 4165 5351 5353
f 5351 5354 5353
f 4165 5353 5355
f 5353 5354 5355
f 4165 5355 5356
f 5355 5160 5356
f 4165 5356 5357
f 5356 5160 5357
f 4165 5357 5358
f 5357 5359 5358
f 4165 5358 5360
f 5358 5359 5360
f 4165 5360 5361
f 5360 5362 5361
f 4165 5361 5363
f 5361 5364 5363
f 4167 4165 5363
f 4167 5363 5365
f 5363 5364 5365
f 4167 5365 5366
f 5365 5367 5366
f 4167 5366 5368
f 5366 5369 5368
f 4167 5368 5370
f 5368 5371 5370
f 4167 5370 5372
f 5370 5371 5372
f 4167 5372 5373
f 5372 5374 5373
f 4167 5373 5375
f 5373 5376 5375
f 4167 5375 5377
f 5375 5376 5377
f 4167 5377 5378
f 5377 5379 5378
f 4167 5378 5380
f 5378 5381 5380
f 4167 5380 5382
f 5380 5381 5382
f 4167 5382 5383
f 5382 5384 5383
f 4167 5383 5385
f 5383 5384 5385
f 4167 5385 5386
f 5385 5387 5386
f 4167 5386 5388
f 5386 5389 5388
f 4167 5388 5390
f 5388 5391 5390
f 4167 5390 5392
f 5390 5391 5392
f 4167 5392 5122
f 5392 5393 5122
f 5392 5391 5393
f 5122 5393 5015
f 5015 5393 5124
f 5124 5393 5394
f 5394 5393 5395
f 5396 5124 5394
f 5126 5124 5396
f 5139 5396 5394
f 5139 5397 5396
f 5144 5139 5394
f 5143 5144 5394
f 5143 5394 5395
f 5146 5143 5395
f 5145 5146 5395
f 5145 5395 5148
f 5395 5391 5148
f 5393 5391 5395
f 5391 5150 5148
f 5388 5150 5391
f 5389 5150 5388
f 5386 5150 5389
f 5386 5156 5150
f 5387 5156 5386
f 5156 5153 5150
f 5385 5156 5387
f 5385 5384 5156
f 5384 5155 5156
f 5381 5155 5384
f 5381 5398 5155
f 5382 5381 5384
f 5378 5398 5381
f 5398 5376 5155
f 5377 5376 5398
f 5376 5399 5155
f 5373 5399 5376
f 5399 5371 5155
f 5372 5371 5399
f 5371 5400 5155
f 5368 5400 5371
f 5400 5401 5155
f 5366 5401 5400
f 5401 5364 5155
f 5365 5364 5401
f 5364 5402 5155
f 5361 5402 5364
f 5402 5359 5155
f 5360 5359 5402
f 5359 5160 5155
f 5357 5160 5359
f 5360 5402 5362
f 5362 5402 5361
f 5365 5401 5367
f 5367 5401 5366
f 5366 5400 5369
f 5369 5400 5368
f 5372 5399 5374
f 5374 5399 5373
f 5377 5398 5379
f 5379 5398 5378
f 5140 5397 5139
f 5397 5140 5396
f 5140 5126 5396
f 5140 5134 5126
f 5133 5134 5140
f 5355 5354 5160
f 5160 5354 5181
f 5354 5403 5181
f 5351 5403 5354
f 5403 5348 5181
f 5349 5348 5403
f 5181 5348 5183
f 5348 5346 5183
f 5350 5348 5349
f 5349 5403 5352
f 5352 5403 5351
f 5347 5348 5350
f 5343 5345 3787
f 5336 5339 3787
f 5334 5336 3787
f 5183 5337 5330
f 5186 5183 5330
f 5184 5183 5186
f 5186 5330 5185
f 3715 3716 3720
f 3712 3708 3709
f 3711 3712 3716
f 3690 3691 3694
f 3687 3683 3684
f 3686 3687 3691
f 3655 5307 3662
f 3655 3650 5307
f 3654 3655 3662
f 3650 3651 5307
f 3651 3646 3647
f 3622 3623 5295
f 3623 3617 5295
f 3623 3616 3617
f 3597 3589 3607
f 3597 3588 3589
f 3596 3597 3607
f 3582 3577 3578
f 3581 3582 3586
f 3575 3572 3578
f 3557 3558 3562
f 4911 5273 3553
f 4911 4914 5273
f 4909 4911 3553
f 4914 4918 5273
f 4921 5271 4922
f 5271 5404 5253
f 4932 5404 5271
f 5404 5254 5253
f 5404 4932 5254
f 5405 5254 4932
f 5406 5254 5405
f 4968 5405 4932
f 4968 5406 5405
f 4964 4968 4932
f 4968 5005 5406
f 5406 5005 5254
f 4924 4932 5271
f 4924 4928 4932
f 4921 4924 5271
f 5201 5198 5252
f 5200 5201 5252
f 5136 5168 5174
f 5136 5165 5168
f 5168 5171 5174
f 5142 5158 5137
f 5141 5152 5142
f 4967 4970 4996
f 4970 4973 4993
f 4973 4991 4993
f 4973 4976 4991
f 4989 4988 4785
f 4988 5407 4785
f 5408 5407 4988
f 4785 5407 4795
f 5407 5409 4795
f 4785 4795 4793
f 5410 5409 5407
f 5409 4797 4795
f 5411 4797 5409
f 5411 5412 4797
f 5413 5411 5409
f 5411 5413 5410
f 5410 5413 5409
f 5411 5410 5414
f 5414 5410 5407
f 4986 5411 5414
f 4986 5415 5411
f 4986 5414 4985
f 5414 5408 4985
f 5408 5414 5407
f 4985 5408 4988
f 4986 5416 5415
f 5415 5412 5411
f 5412 5415 4797
f 5415 5417 4797
f 5415 5416 5417
f 4797 5417 4796
f 5417 5418 4796
f 4986 5418 5417
f 4796 5418 4799
f 5418 5419 4799
f 5420 5419 5418
f 5419 5421 4799
f 5422 5421 5419
f 4799 5421 4804
f 5421 5423 4804
f 4802 4799 4804
f 4800 4799 4802
f 4802 4804 4801
f 5424 5423 5421
f 4804 5423 4805
f 5423 5425 4805
f 5426 5425 5423
f 4805 5425 4807
f 4807 5425 5427
f 5425 5428 5427
f 4807 5427 5429
f 5430 5429 5427
f 5431 4807 5429
f 4810 4807 5431
f 5432 5431 5429
f 5433 5431 5432
f 5434 5432 5429
f 5434 5435 5432
f 5436 5434 5429
f 5434 5436 5430
f 5430 5436 5429
f 5437 5434 5430
f 5437 5435 5434
f 5438 5437 5430
f 5438 5439 5437
f 5440 5438 5430
f 5440 5441 5438
f 5440 5430 5442
f 5430 5443 5442
f 5444 5440 5442
f 5444 5445 5440
f 5446 5444 5442
f 5446 5447 5444
f 5448 5446 5442
f 5448 5449 5446
f 5450 5448 5442
f 5448 5450 5451
f 5452 5450 5442
f 5450 5452 5453
f 5452 5442 5454
f 5442 5455 5454
f 5456 5452 5454
f 5452 5456 5453
f 5456 5454 5457
f 5454 5458 5457
f 5459 5456 5457
f 5456 5459 5460
f 5459 5457 5461
f 5457 5458 5461
f 5462 5459 5461
f 5462 5463 5459
f 5462 5461 5464
f 5461 5465 5464
f 5462 5464 5466
f 5464 5467 5466
f 5462 5466 5468
f 5466 5467 5468
f 5469 5462 5468
f 5469 5470 5462
f 5469 5468 5471
f 5468 5472 5471
f 5473 5469 5471
f 5473 5470 5469
f 5473 5471 5474
f 5471 5475 5474
f 5476 5473 5474
f 5476 5477 5473
f 5476 5474 5478
f 5474 5479 5478
f 5480 5476 5478
f 5480 5477 5476
f 5480 5478 5481
f 5478 5479 5481
f 5482 5480 5481
f 5482 5483 5480
f 5482 5481 5484
f 5481 5485 5484
f 5486 5482 5484
f 5486 5487 5482
f 5486 5484 5488
f 5484 5489 5488
f 5490 5486 5488
f 5490 5491 5486
f 5490 5488 5492
f 5488 5489 5492
f 5493 5490 5492
f 5493 5494 5490
f 5493 5492 5495
f 5492 5496 5495
f 5497 5493 5495
f 5497 5494 5493
f 5497 5495 5498
f 5495 5496 5498
f 5499 5497 5498
f 5499 5500 5497
f 5499 5498 5501
f 5498 5502 5501
f 4811 5499 5501
f 4811 5500 5499
f 4811 5501 5503
f 5501 5504 5503
f 4811 5503 4814
f 5503 5505 4814
f 5503 5506 5505
f 4814 5505 4813
f 4813 5505 4816
f 5505 4824 4816
f 4824 5505 5506
f 4816 4824 4819
f 4824 4822 4819
f 4817 4816 4819
f 4820 4819 4822
f 5507 4824 5506
f 5496 4824 5507
f 5501 5507 5506
f 5502 5507 5501
f 5501 5506 5504
f 5504 5506 5503
f 5498 5507 5502
f 5498 5496 5507
f 4824 5496 5489
f 5492 5489 5496
f 5508 4824 5489
f 5509 4824 5508
f 5484 5508 5489
f 5485 5508 5484
f 5481 5508 5485
f 5481 5479 5508
f 5479 5509 5508
f 5510 5509 5479
f 5509 5510 5511
f 5474 5510 5479
f 5475 5510 5474
f 5471 5510 5475
f 5471 5511 5510
f 5472 5511 5471
f 5468 5511 5472
f 5468 5467 5511
f 5467 5512 5511
f 5513 5512 5467
f 5512 5509 5511
f 5514 5509 5512
f 5515 5509 5514
f 5514 5512 5516
f 5516 5512 5517
f 5515 5514 5516
f 5515 5516 5518
f 5516 5517 5518
f 5515 5518 5519
f 5518 5520 5519
f 5515 5519 5521
f 5519 5520 5521
f 5442 5515 5521
f 5442 5522 5515
f 5442 5521 5523
f 5521 5524 5523
f 5442 5523 5525
f 5523 5524 5525
f 5442 5525 5526
f 5525 5527 5526
f 5442 5526 5455
f 5526 5528 5455
f 5526 5529 5528
f 5455 5528 5454
f 5454 5528 5458
f 5528 5512 5458
f 5529 5512 5528
f 5512 5513 5458
f 5461 5458 5513
f 5461 5513 5465
f 5465 5513 5464
f 5464 5513 5467
f 5530 5512 5529
f 5517 5512 5530
f 5524 5530 5529
f 5520 5530 5524
f 5525 5524 5529
f 5525 5529 5527
f 5527 5529 5526
f 5518 5530 5520
f 5521 5520 5524
f 5531 5530 5518
f 5517 5530 5531
f 5517 5531 5518
f 5442 5532 5522
f 5522 5533 5515
f 5522 5534 5533
f 5533 5535 5515
f 5533 5536 5535
f 5535 5537 5515
f 5535 5538 5537
f 5537 5509 5515
f 5537 5538 5509
f 4824 5509 5538
f 5539 4824 5538
f 4846 4824 5539
f 5536 5539 5538
f 5533 5539 5536
f 5536 5538 5535
f 5540 5539 5533
f 5540 4846 5539
f 5534 5540 5533
f 5534 4846 5540
f 5541 4846 5534
f 5541 4916 4846
f 5522 5541 5534
f 5522 4916 5541
f 5542 4916 5522
f 5542 4920 4916
f 5543 5542 5522
f 5543 4920 5542
f 5532 5543 5522
f 5532 5544 5543
f 5532 5545 5544
f 5544 4920 5543
f 5544 5545 4920
f 5545 4919 4920
f 4926 4919 5545
f 5546 4926 5545
f 5547 4926 5546
f 5546 5545 5532
f 5547 5546 5532
f 5442 5547 5532
f 5442 5548 5547
f 5442 4930 5548
f 5548 4926 5547
f 5548 4930 4926
f 4930 4925 4926
f 5549 4930 5442
f 5549 5550 4930
f 5551 5549 5442
f 5551 5550 5549
f 5552 5551 5442
f 5552 5553 5551
f 5443 5552 5442
f 5443 5554 5552
f 5443 5555 5554
f 5554 5556 5552
f 5554 4942 5556
f 5556 4934 5552
f 5556 4942 4934
f 5552 4934 5553
f 5553 4934 5550
f 4934 4929 5550
f 5553 5550 5551
f 5550 4929 4930
f 4934 4942 4937
f 5555 4942 5554
f 5555 4949 4942
f 5443 4949 5555
f 4942 4949 4944
f 5557 4949 5443
f 5557 5558 4949
f 5559 5557 5443
f 5559 5558 5557
f 5560 5559 5443
f 5560 5561 5559
f 5430 5560 5443
f 5430 5562 5560
f 5430 5563 5562
f 5562 5564 5560
f 5564 5562 5565
f 5560 5564 5565
f 5560 5565 5566
f 5565 5567 5566
f 5561 5560 5566
f 5561 5566 5558
f 5558 5566 5568
f 5561 5558 5559
f 5567 5568 5566
f 5569 5558 5568
f 5570 5558 5569
f 5571 5569 5568
f 5572 5569 5571
f 5571 5568 5573
f 5573 5568 5574
f 5572 5571 5573
f 5572 5573 5575
f 5573 5574 5575
f 5576 5572 5575
f 5576 5577 5572
f 4984 5576 5575
f 4984 5578 5576
f 4984 5575 4986
f 5575 5426 4986
f 5575 5579 5426
f 5426 5422 4986
f 5426 5424 5422
f 5422 5420 4986
f 5422 5580 5420
f 5420 5581 4986
f 5581 5420 5418
f 4986 5581 5418
f 5580 5422 5419
f 5420 5580 5419
f 5426 5582 5424
f 5424 5583 5422
f 5583 5424 5421
f 5422 5583 5421
f 5582 5426 5423
f 5424 5582 5423
f 5575 5584 5579
f 5579 5585 5426
f 5579 5586 5585
f 5585 5587 5426
f 5587 5585 5425
f 5426 5587 5425
f 5585 5428 5425
f 5585 5586 5428
f 5586 5579 5428
f 5579 5588 5428
f 5579 5589 5588
f 5428 5588 5565
f 5588 5567 5565
f 5427 5428 5565
f 5562 5427 5565
f 5562 5563 5427
f 5563 5430 5427
f 5584 5567 5588
f 5584 5590 5567
f 5589 5584 5588
f 5584 5589 5579
f 5575 5590 5584
f 5590 5575 5567
f 5575 5568 5567
f 5575 5574 5568
f 4984 4963 5578
f 5578 4963 5576
f 5576 4963 4956
f 4963 4959 4956
f 5576 4956 5591
f 5591 4956 5592
f 5576 5591 5592
f 5576 5592 5593
f 5592 5594 5593
f 5576 5593 5577
f 5593 5595 5577
f 5593 5594 5595
f 5595 5570 5577
f 5595 5594 5570
f 5577 5570 5596
f 5596 5570 5569
f 5577 5596 5572
f 5596 5569 5572
f 5594 4949 5570
f 4951 4949 5594
f 4949 5558 5570
f 4956 4951 5594
f 5592 4956 5594
f 4984 4966 4963
f 4966 4962 4963
f 4920 4915 4916
f 4916 4912 4846
f 4824 4846 4843
f 4811 5597 5500
f 5598 5597 4811
f 5500 5597 5599
f 5433 5599 5597
f 5600 5500 5599
f 5494 5500 5600
f 5441 5600 5599
f 5441 5440 5600
f 5438 5441 5599
f 5439 5438 5599
f 5439 5599 5433
f 5601 5439 5433
f 5439 5601 5437
f 5437 5601 5433
f 5437 5433 5432
f 5435 5437 5432
f 5440 5445 5600
f 5445 5602 5600
f 5445 5444 5602
f 5602 5494 5600
f 5603 5494 5602
f 5490 5494 5603
f 5604 5603 5602
f 5605 5603 5604
f 5447 5604 5602
f 5447 5446 5604
f 5444 5447 5602
f 5446 5449 5604
f 5449 5451 5604
f 5449 5448 5451
f 5451 5605 5604
f 5606 5605 5451
f 5482 5605 5606
f 5453 5606 5451
f 5477 5606 5453
f 5450 5453 5451
f 5480 5606 5477
f 5460 5477 5453
f 5470 5477 5460
f 5456 5460 5453
f 5473 5477 5470
f 5462 5470 5460
f 5462 5460 5463
f 5463 5460 5459
f 5483 5606 5480
f 5482 5606 5483
f 5487 5605 5482
f 5486 5605 5487
f 5486 5603 5605
f 5491 5603 5486
f 5490 5603 5491
f 5497 5500 5494
f 5607 5433 5597
f 5431 5433 5607
f 5608 5607 5597
f 4812 5607 5608
f 5608 5597 5598
f 5608 5598 4811
f 4812 5608 4811
f 5609 5607 4812
f 5609 5431 5607
f 4809 5609 4812
f 4809 5431 5609
f 4810 5431 4809
f 4808 4807 4810
f 5416 4986 5417
f 4958 4961 4932
f 4954 4958 4932
f 4952 4954 4932
f 4945 4947 4932
f 4938 4940 4932
f 4846 4906 4880
f 4903 4905 3553
f 4898 4900 3553
f 4896 4898 3553
f 4481 4485 4489
f 4479 4481 3461
f 4882 4890 4489
f 4882 4886 4890
f 4866 4882 4489
f 4866 4868 4882
f 4512 4866 4489
f 4512 4514 4866
f 4868 4876 4882
f 4868 4873 4876
f 4876 4879 4882
f 4514 4517 4864
f 4517 4520 4862
f 4520 4524 4862
f 4524 4527 4862
f 4527 4530 4862
f 4529 4534 4530
f 4533 4536 4534
f 4543 4546 4854
f 4546 4549 4852
f 4549 4553 4851
f 4553 4556 4849
f 4558 4563 4559
f 4562 4842 4563
f 4562 4565 4842
f 4565 4568 4842
f 4567 4571 4568
f 4570 4836 4571
f 4570 4573 4836
f 4776 4787 4777
f 4754 4757 4752
f 4751 4754 4752
f 4702 4705 4700
f 4699 4702 4700
f 4689 4692 4599
f 4608 4689 4599
f 4598 4608 4599
f 4598 4601 4608
f 4601 4605 4608
f 5610 4272 4286
f 5611 4272 5610
f 4283 5610 4286
f 4283 4284 5610
f 4284 5611 5610
f 4284 4281 5611
f 4281 4282 5611
f 4282 5612 5611
f 4282 4279 5612
f 4272 5611 5612
f 4277 4272 5612
f 5613 4272 4277
f 4280 4277 5612
f 4280 4278 4277
f 4279 4280 5612
f 4273 4272 5613
f 4274 5613 4277
f 4275 5613 4274
f 4273 5613 4275
f 4505 4507 4489
f 4492 4494 4489
f 4467 4469 3461
f 4455 4457 3461
f 4342 4424 4343
f 4416 4419 4342
f 4345 4416 4342
f 4345 4413 4416
f 4405 4408 4345
f 4344 4405 4345
f 4344 4402 4405
f 4394 4397 4344
f 4388 4394 4344
f 4388 4391 4394
f 4347 4388 4344
f 4347 4382 4388
f 4347 4379 4382
f 4382 4385 4388
f 3429 3430 3432
f 3430 3440 3444
f 4162 4160 5614
f 4162 5615 3787
f 5615 4162 5616
f 5615 5617 3787
f 5615 5618 5617
f 5617 5619 3787
f 5619 5617 5620
f 5619 5621 3787
f 5621 5619 5622
f 5621 5623 3787
f 5624 5623 5621
f 3787 5623 5625
f 5624 5625 5623
f 3787 5625 5626
f 5626 5625 5624
f 3787 5626 5627
f 5626 5628 5627
f 3787 5627 5629
f 5629 5627 5630
f 3787 5629 5631
f 5631 5629 5632
f 3787 5631 5633
f 5633 5631 5632
f 3787 5633 5634
f 5634 5633 5635
f 3787 5634 5636
f 5636 5634 5635
f 3787 5636 5637
f 5637 5636 5638
f 3787 5637 5639
f 5637 5640 5639
f 3787 5639 5641
f 5641 5639 5642
f 3787 5641 3800
f 3800 5641 3804
f 5641 5642 3804
f 5643 3800 3804
f 3800 5643 3799
f 5643 3804 3802
f 3799 5643 3802
f 3804 5642 3803
f 5642 5638 3803
f 5640 5638 5642
f 3803 5638 5644
f 5638 5635 5644
f 5645 3803 5644
f 5645 3822 3803
f 5645 5644 5646
f 5647 5646 5644
f 3822 5645 5646
f 5646 5648 3822
f 5646 5649 5648
f 5648 5650 3822
f 5648 5651 5650
f 5650 5652 3822
f 5652 5650 3821
f 3822 5652 3821
f 5650 3862 3821
f 5650 5651 3862
f 3821 3862 3844
f 3842 3821 3844
f 5651 5648 3862
f 5648 5653 3862
f 5648 5654 5653
f 5653 3861 3862
f 3861 5653 5655
f 5655 5653 5656
f 5657 3861 5655
f 5658 3861 5657
f 5659 5657 5655
f 5659 5660 5657
f 5661 5659 5655
f 5660 5659 5661
f 5661 5655 5656
f 5662 5661 5656
f 5661 5662 5663
f 5663 5662 5656
f 5663 5656 5664
f 5665 5664 5656
f 5666 5663 5664
f 5663 5666 5667
f 5667 5666 5664
f 5667 5664 5668
f 5664 5665 5668
f 5669 5667 5668
f 5667 5669 5670
f 5670 5669 5668
f 5670 5668 5671
f 5668 5665 5671
f 5672 5670 5671
f 5670 5672 5673
f 5673 5672 5671
f 5673 5671 5674
f 5665 5674 5671
f 5675 5673 5674
f 5673 5675 5676
f 5676 5675 5674
f 5676 5674 5677
f 5674 5665 5677
f 5678 5676 5677
f 5676 5678 5679
f 5679 5678 5677
f 5679 5677 5680
f 5677 5665 5680
f 5681 5679 5680
f 5679 5681 5682
f 5682 5681 5680
f 5682 5680 5683
f 5665 5683 5680
f 5684 5682 5683
f 5682 5684 5685
f 5685 5684 5683
f 5685 5683 5686
f 5683 5665 5686
f 5687 5685 5686
f 5685 5687 5688
f 5688 5687 5686
f 5688 5686 5689
f 5686 5665 5689
f 5690 5688 5689
f 5688 5690 5691
f 5691 5690 5689
f 5691 5689 5692
f 5665 5692 5689
f 5693 5691 5692
f 5691 5693 5694
f 5694 5693 5692
f 5694 5692 5695
f 5692 5665 5695
f 5696 5694 5695
f 5694 5696 5697
f 5697 5696 5695
f 5697 5695 5698
f 5695 5665 5698
f 5699 5697 5698
f 5697 5699 5700
f 5700 5699 5698
f 5700 5698 5701
f 5665 5701 5698
f 5702 5700 5701
f 5700 5702 5703
f 5703 5702 5701
f 5703 5701 5704
f 5701 5665 5704
f 5705 5703 5704
f 5703 5705 5706
f 5706 5705 5704
f 5706 5704 5707
f 5704 5665 5707
f 5708 5706 5707
f 5706 5708 5709
f 5709 5708 5707
f 5709 5707 5710
f 5665 5710 5707
f 5711 5709 5710
f 5709 5711 5712
f 5712 5711 5710
f 5712 5710 5713
f 5710 5665 5713
f 5714 5712 5713
f 5712 5714 5715
f 5715 5714 5713
f 5715 5713 5716
f 5713 5665 5716
f 5717 5715 5716
f 5715 5717 5718
f 5718 5717 5716
f 5718 5716 5719
f 5665 5719 5716
f 5720 5718 5719
f 5718 5720 5721
f 5721 5720 5719
f 5721 5719 5722
f 5719 5665 5722
f 5723 5721 5722
f 5721 5723 5724
f 5724 5723 5722
f 5724 5722 5725
f 5722 5665 5725
f 5726 5724 5725
f 5724 5726 5727
f 5727 5726 5725
f 5727 5725 5728
f 5725 5729 5728
f 5730 5727 5728
f 5727 5730 5731
f 5731 5730 5728
f 5731 5728 5732
f 5728 5733 5732
f 5734 5731 5732
f 5731 5734 5735
f 5735 5734 5732
f 5735 5732 5736
f 5732 5737 5736
f 5738 5735 5736
f 5735 5738 5739
f 5739 5738 5736
f 5739 5736 5740
f 5736 5741 5740
f 5742 5739 5740
f 5739 5742 5743
f 5743 5742 5740
f 5743 5740 5744
f 5740 5741 5744
f 5745 5743 5744
f 5743 5745 5746
f 5746 5745 5744
f 5746 5744 5747
f 5744 5748 5747
f 5749 5746 5747
f 5746 5749 5750
f 5750 5749 5747
f 5750 5747 5751
f 5747 5752 5751
f 5753 5750 5751
f 5750 5753 5754
f 5754 5753 5751
f 5754 5751 5755
f 5751 5756 5755
f 5757 5754 5755
f 5754 5757 5758
f 5758 5757 5755
f 5758 5755 5759
f 5755 5756 5759
f 5760 5758 5759
f 5758 5760 5761
f 5761 5760 5759
f 5761 5759 5762
f 5759 5763 5762
f 5764 5761 5762
f 5761 5764 5765
f 5765 5764 5762
f 5765 5762 5766
f 5762 5763 5766
f 5767 5765 5766
f 5765 5767 5768
f 5768 5767 5766
f 5768 5766 5769
f 5766 5770 5769
f 5771 5768 5769
f 5768 5771 5772
f 5772 5771 5769
f 5772 5769 5773
f 5769 5774 5773
f 5775 5772 5773
f 5772 5775 5776
f 5776 5775 5773
f 5776 5773 5777
f 5773 5778 5777
f 5779 5776 5777
f 5776 5779 5780
f 5779 5777 5781
f 5777 5782 5781
f 5779 5781 5780
f 5780 5781 5783
f 5783 5781 5784
f 5780 5783 5785
f 5785 5783 5786
f 5780 5785 5787
f 5785 5786 5787
f 5776 5780 5787
f 5768 5776 5787
f 5768 5772 5776
f 5768 5787 5788
f 5787 5789 5788
f 5768 5788 5790
f 5788 5791 5790
f 5768 5790 5792
f 5790 5793 5792
f 5663 5768 5792
f 5663 5712 5768
f 5663 5792 5794
f 5792 5795 5794
f 5794 5796 5663
f 5794 5797 5796
f 5796 5798 5663
f 5796 5799 5798
f 5798 5800 5663
f 5798 5801 5800
f 5800 5802 5663
f 5800 5803 5802
f 5802 5660 5663
f 5802 5804 5660
f 5660 5661 5663
f 5802 5805 5804
f 5804 5806 5660
f 5806 5804 5658
f 5660 5806 5658
f 5660 5658 5657
f 5804 5807 5658
f 5804 5805 5807
f 3861 5658 5807
f 5808 3861 5807
f 5809 3861 5808
f 5802 5808 5807
f 5802 5810 5808
f 5805 5802 5807
f 5811 5810 5802
f 5810 5811 5808
f 5811 5809 5808
f 5811 5812 5809
f 5803 5812 5811
f 5812 5803 5809
f 5803 5813 5809
f 5803 5814 5813
f 3861 5809 5813
f 5815 3861 5813
f 5816 3861 5815
f 5817 5815 5813
f 5817 5818 5815
f 5814 5817 5813
f 5817 5814 5803
f 5800 5817 5803
f 5800 5818 5817
f 5818 5800 5815
f 5800 5816 5815
f 5800 5819 5816
f 5820 5819 5800
f 5819 5820 5816
f 5820 5821 5816
f 5820 5822 5821
f 3861 5816 5821
f 5823 3861 5821
f 5824 3861 5823
f 5825 5823 5821
f 5825 5826 5823
f 5822 5825 5821
f 5825 5822 5820
f 5825 5820 5800
f 5801 5825 5800
f 5801 5827 5825
f 5801 5828 5827
f 5827 5826 5825
f 5826 5827 5823
f 5827 5824 5823
f 5827 5828 5824
f 5828 5801 5824
f 5801 5829 5824
f 5801 5830 5829
f 3861 5824 5829
f 5831 3861 5829
f 3866 3861 5831
f 5832 5831 5829
f 5832 5833 5831
f 5830 5832 5829
f 5832 5830 5801
f 5834 5832 5801
f 5834 5833 5832
f 5798 5834 5801
f 5798 5835 5834
f 5798 5836 5835
f 5835 5837 5834
f 5837 5835 5838
f 5834 5837 5838
f 5834 5838 5831
f 5838 3866 5831
f 5833 5834 5831
f 5839 3866 5838
f 3866 5839 5840
f 5835 5839 5838
f 5835 5836 5839
f 5836 5798 5839
f 5798 5840 5839
f 5798 5841 5840
f 5842 5841 5798
f 5841 5842 5840
f 5842 5843 5840
f 5842 5844 5843
f 5843 3866 5840
f 5845 3866 5843
f 3869 3866 5845
f 5846 5845 5843
f 5847 5845 5846
f 5848 5846 5843
f 5848 5849 5846
f 5844 5848 5843
f 5848 5844 5842
f 5848 5842 5798
f 5850 5848 5798
f 5850 5851 5848
f 5799 5850 5798
f 5799 5852 5850
f 5799 5853 5852
f 5852 5854 5850
f 5852 5855 5854
f 5854 5856 5850
f 5856 5854 5857
f 5850 5856 5857
f 5850 5857 5858
f 5857 5859 5858
f 5860 5850 5858
f 5850 5860 5851
f 5851 5860 5858
f 5851 5858 5846
f 5858 5847 5846
f 5849 5851 5846
f 5851 5849 5848
f 5859 5847 5858
f 5861 5847 5859
f 3871 5847 5861
f 5861 5859 3870
f 3870 5859 5862
f 3871 5861 3870
f 5862 5859 5863
f 3870 5862 5864
f 5862 5863 5864
f 3870 5864 5865
f 5864 5866 5865
f 3870 5865 3875
f 5865 5867 3875
f 5865 5868 5867
f 5867 5869 3875
f 5867 5870 5869
f 5869 5871 3875
f 5869 5870 5871
f 3875 5871 5872
f 5872 5871 5873
f 3875 5872 5874
f 5872 5873 5874
f 3875 5874 5875
f 5874 5876 5875
f 3875 5875 3874
f 5875 5877 3874
f 5875 5878 5877
f 5877 5879 3874
f 5877 5880 5879
f 5879 5881 3874
f 5879 5880 5881
f 3874 5881 5882
f 5882 5881 5883
f 3874 5882 5884
f 5882 5883 5884
f 3874 5884 5885
f 5884 5886 5885
f 3874 5885 3879
f 5885 5887 3879
f 5885 5888 5887
f 5887 5889 3879
f 5887 5890 5889
f 5889 5891 3879
f 5889 5890 5891
f 3879 5891 5892
f 5892 5891 5893
f 3879 5892 5894
f 5892 5893 5894
f 3879 5894 5895
f 5894 5896 5895
f 3879 5895 3878
f 5895 5897 3878
f 5895 5898 5897
f 5897 5899 3878
f 5897 5900 5899
f 5899 5901 3878
f 5899 5900 5901
f 3878 5901 5902
f 5901 5903 5902
f 3878 5902 5904
f 5904 5902 5905
f 3878 5904 5905
f 3878 5905 5906
f 5905 5907 5906
f 3878 5906 3881
f 5906 5908 3881
f 5906 5909 5908
f 5908 5910 3881
f 5910 5908 5911
f 3881 5910 5912
f 5910 5911 5912
f 5913 3881 5912
f 3881 5913 5914
f 5913 5912 5915
f 3887 5915 5912
f 5914 5913 5915
f 5916 5914 5915
f 3881 5914 5916
f 5916 5915 5917
f 5915 3887 5917
f 5918 5916 5917
f 5916 5918 3880
f 3880 5918 5917
f 3880 5917 5919
f 5917 3887 5919
f 3883 3880 5919
f 3882 3883 5919
f 3882 5919 3885
f 3887 3885 5919
f 3881 5916 3880
f 5911 3887 5912
f 5920 3887 5911
f 3887 5920 4012
f 5909 5920 5911
f 5909 5906 5920
f 5908 5909 5911
f 5906 5907 5920
f 5907 5902 5920
f 5907 5905 5902
f 5920 5902 4012
f 5902 5903 4012
f 5903 5921 4012
f 5922 5921 5903
f 5921 5923 4012
f 5924 5923 5921
f 5923 5925 4012
f 5926 5925 5923
f 5925 5927 4012
f 5928 5927 5925
f 5927 5929 4012
f 5930 5929 5927
f 5929 4018 4012
f 5931 4018 5929
f 4016 4012 4018
f 4016 4013 4012
f 4015 4016 4018
f 4014 4012 4013
f 4011 4012 4014
f 5932 4018 5931
f 5933 5931 5929
f 5934 5931 5933
f 5933 5929 5935
f 5935 5929 5930
f 5934 5933 5935
f 5936 5934 5935
f 5936 5937 5934
f 5936 5935 5796
f 5935 5926 5796
f 5797 5936 5796
f 5797 5938 5936
f 5797 5939 5938
f 5938 5940 5936
f 5938 5941 5940
f 5940 5942 5936
f 5940 5943 5942
f 5942 5932 5936
f 5942 5943 5932
f 5936 5932 5937
f 5937 5932 5931
f 5937 5931 5934
f 5943 4018 5932
f 5944 4018 5943
f 5945 4018 5944
f 5941 5944 5943
f 5938 5944 5941
f 5941 5943 5940
f 5946 5944 5938
f 5946 5945 5944
f 5939 5946 5938
f 5939 5945 5946
f 5947 5945 5939
f 5947 5948 5945
f 5797 5947 5939
f 5797 5948 5947
f 5949 5948 5797
f 5949 5950 5948
f 5951 5949 5797
f 5951 5950 5949
f 5952 5951 5797
f 5952 5953 5951
f 5954 5952 5797
f 5954 5955 5952
f 5794 5954 5797
f 5794 5956 5954
f 5794 5957 5956
f 5956 5958 5954
f 5956 5959 5958
f 5958 5960 5954
f 5958 5961 5960
f 5960 5962 5954
f 5960 5961 5962
f 5954 5962 5963
f 5963 5962 5964
f 5954 5963 5955
f 5963 5964 5955
f 5955 5964 5965
f 5965 5964 5966
f 5955 5965 5952
f 5965 5966 5952
f 5952 5966 5953
f 5953 5966 5950
f 5966 4018 5950
f 5953 5950 5951
f 5964 4018 5966
f 5950 4018 5948
f 5948 4018 5945
f 5962 4018 5964
f 5961 4018 5962
f 5967 4018 5961
f 5967 5968 4018
f 5959 5967 5961
f 5956 5967 5959
f 5959 5961 5958
f 5969 5967 5956
f 5969 5968 5967
f 5957 5969 5956
f 5957 5968 5969
f 5970 5968 5957
f 5970 5971 5968
f 5794 5970 5957
f 5794 5971 5970
f 5972 5971 5794
f 5972 5973 5971
f 5974 5972 5794
f 5974 5973 5972
f 5975 5974 5794
f 5975 5976 5974
f 5977 5975 5794
f 5977 5978 5975
f 5979 5977 5794
f 5979 5980 5977
f 5795 5979 5794
f 5795 5981 5979
f 5795 5982 5981
f 5981 5983 5979
f 5981 5984 5983
f 5983 5985 5979
f 5983 5986 5985
f 5985 5987 5979
f 5985 5988 5987
f 5987 5989 5979
f 5987 5988 5989
f 5979 5989 5990
f 5990 5989 5991
f 5979 5990 5992
f 5990 5991 5992
f 5979 5992 5980
f 5992 5993 5980
f 5992 5991 5993
f 5993 5994 5980
f 5993 5991 5994
f 5980 5994 5995
f 5995 5994 5996
f 5980 5995 5997
f 5995 5996 5997
f 5980 5997 5977
f 5997 5998 5977
f 5997 5996 5998
f 5998 5999 5977
f 5998 5996 5999
f 5977 5999 6000
f 6000 5999 6001
f 5977 6000 5978
f 6000 6001 5978
f 5978 6001 6002
f 6002 6001 6003
f 5978 6002 5975
f 6002 6003 5975
f 5975 6003 5976
f 5976 6003 5973
f 5973 6003 4023
f 5976 5973 5974
f 6003 4026 4023
f 5973 4023 4020
f 4021 4020 4023
f 5971 5973 4020
f 5971 4020 4018
f 4017 4018 4020
f 5968 5971 4018
f 6003 6001 4026
f 4024 4023 4026
f 6001 4029 4026
f 6001 5999 4029
f 4027 4026 4029
f 5999 4032 4029
f 5999 5996 4032
f 4030 4029 4032
f 6004 4032 5996
f 4034 4032 6004
f 5994 6004 5996
f 5991 6004 5994
f 6005 6004 5991
f 4036 6004 6005
f 5989 6005 5991
f 4040 6005 5989
f 4038 6005 4040
f 5988 4040 5989
f 4042 4040 5988
f 4039 4040 4042
f 6006 4042 5988
f 4046 4042 6006
f 5986 6006 5988
f 5983 6006 5986
f 5986 5988 5985
f 6007 6006 5983
f 6007 6008 6006
f 5984 6007 5983
f 5984 6008 6007
f 6009 6008 5984
f 6009 6010 6008
f 5981 6009 5984
f 5981 6010 6009
f 6011 6010 5981
f 6011 6012 6010
f 6013 6011 5981
f 6013 6012 6011
f 5982 6013 5981
f 5982 6014 6013
f 5982 6015 6014
f 6014 6012 6013
f 6014 6015 6012
f 6015 4054 6012
f 4057 4054 6015
f 6012 4054 6010
f 4054 4051 6010
f 4052 4051 4054
f 6010 4051 6008
f 4051 4048 6008
f 4049 4048 4051
f 6008 4048 6006
f 4048 4046 6006
f 4045 4046 4048
f 4055 4054 4057
f 6016 4057 6015
f 4061 4057 6016
f 6017 6016 6015
f 6018 6016 6017
f 6017 6015 5982
f 6018 6017 5982
f 5795 6018 5982
f 5795 6019 6018
f 5795 6020 6019
f 6019 6016 6018
f 6019 6020 6016
f 6020 4061 6016
f 6021 4061 6020
f 4063 4061 6021
f 6022 6021 6020
f 6023 6021 6022
f 6022 6020 5795
f 6023 6022 5795
f 6024 6023 5795
f 6024 6025 6023
f 6026 6024 5795
f 6026 6027 6024
f 6028 6026 5795
f 6028 6029 6026
f 5792 6028 5795
f 5792 6030 6028
f 5792 6031 6030
f 6030 6032 6028
f 6030 6033 6032
f 6032 6034 6028
f 6032 6035 6034
f 6034 6036 6028
f 6034 6037 6036
f 6036 6038 6028
f 6036 6037 6038
f 6028 6038 6039
f 6039 6038 6040
f 6028 6039 6041
f 6039 6040 6041
f 6028 6041 6029
f 6041 6042 6029
f 6041 6040 6042
f 6042 6043 6029
f 6042 6040 6043
f 6029 6043 6044
f 6044 6043 6045
f 6029 6044 6046
f 6044 6045 6046
f 6029 6046 6026
f 6046 6047 6026
f 6046 6048 6047
f 6047 6049 6026
f 6047 6048 6049
f 6026 6049 6050
f 6050 6049 6051
f 6026 6050 6027
f 6050 6051 6027
f 6027 6051 6052
f 6052 6051 6053
f 6027 6052 6024
f 6052 6053 6024
f 6024 6053 6025
f 6025 6053 6021
f 6053 4063 6021
f 6025 6021 6023
f 4066 4063 6053
f 4064 4063 4066
f 6051 4066 6053
f 4069 4066 6051
f 4067 4066 4069
f 6049 4069 6051
f 6054 4069 6049
f 4071 4069 6054
f 4106 6054 6049
f 4075 6054 4106
f 4106 6049 6048
f 6055 4106 6048
f 4108 4106 6055
f 4112 6055 6048
f 4110 6055 4112
f 4114 4112 6048
f 4111 4112 4114
f 4118 4114 6048
f 4116 4114 4118
f 4120 4118 6048
f 4117 4118 4120
f 4123 4120 6048
f 4121 4120 4123
f 6056 4123 6048
f 4125 4123 6056
f 4129 6056 6048
f 4127 6056 4129
f 4131 4129 6048
f 4128 4129 4131
f 4135 4131 6048
f 4133 4131 4135
f 4135 6048 6045
f 6046 6045 6048
f 4137 4135 6045
f 4134 4135 4137
f 6057 4137 6045
f 4139 4137 6057
f 4143 6057 6045
f 4141 6057 4143
f 4143 6045 6043
f 4145 4143 6043
f 4142 4143 4145
f 4148 4145 6043
f 4146 4145 4148
f 4152 4148 6043
f 4150 4148 4152
f 4154 4152 6043
f 4151 4152 4154
f 4154 6043 6040
f 6038 4154 6040
f 6037 4154 6038
f 4154 6037 6058
f 6035 6058 6037
f 6059 4154 6058
f 6060 4154 6059
f 6061 6059 6058
f 6033 6059 6061
f 6061 6058 6032
f 6032 6058 6035
f 6033 6061 6032
f 6062 6059 6033
f 6062 6060 6059
f 6030 6062 6033
f 6030 6060 6062
f 6063 6060 6030
f 6063 6064 6060
f 6065 6063 6030
f 6065 6064 6063
f 6031 6065 6030
f 6031 6066 6065
f 6031 6067 6066
f 6066 6064 6065
f 6066 6067 6064
f 6067 4154 6064
f 6068 4154 6067
f 4154 6060 6064
f 4154 6068 6069
f 6070 6068 6067
f 6071 6068 6070
f 6070 6067 6031
f 6071 6070 6031
f 5792 6071 6031
f 5792 6072 6071
f 5792 6069 6072
f 6072 6068 6071
f 6072 6069 6068
f 6073 6069 5792
f 6073 6074 6069
f 6075 6073 5792
f 6075 6074 6073
f 6076 6075 5792
f 6076 6077 6075
f 6078 6076 5792
f 6078 6079 6076
f 5793 6078 5792
f 5793 6080 6078
f 5793 6081 6080
f 6080 6082 6078
f 6080 6083 6082
f 6082 6084 6078
f 6082 6085 6084
f 6084 6086 6078
f 6084 6085 6086
f 6078 6086 6087
f 6087 6086 6088
f 6078 6087 6079
f 6087 6088 6079
f 6079 6088 6089
f 6089 6088 6090
f 6079 6089 6076
f 6089 6090 6076
f 6076 6090 6077
f 6077 6090 6074
f 6090 4154 6074
f 6077 6074 6075
f 4154 6090 6088
f 6074 4154 6069
f 6086 4154 6088
f 6085 4154 6086
f 4154 6085 6091
f 6083 6091 6085
f 6092 4154 6091
f 6093 4154 6092
f 6094 6092 6091
f 6081 6092 6094
f 6094 6091 6080
f 6080 6091 6083
f 6081 6094 6080
f 6095 6092 6081
f 6095 6093 6092
f 5793 6095 6081
f 5793 6093 6095
f 6096 6093 5793
f 6096 6097 6093
f 6098 6096 5793
f 6098 6097 6096
f 6099 6098 5793
f 6099 6100 6098
f 6101 6099 5793
f 6101 6102 6099
f 5790 6101 5793
f 5790 6103 6101
f 5790 6104 6103
f 6103 6105 6101
f 6103 6106 6105
f 6105 6107 6101
f 6105 6108 6107
f 6107 6109 6101
f 6107 6108 6109
f 6101 6109 6110
f 6110 6109 6111
f 6101 6110 6102
f 6110 6111 6102
f 6102 6111 6112
f 6112 6111 6113
f 6102 6112 6099
f 6112 6113 6099
f 6099 6113 6100
f 6100 6113 6097
f 6113 4154 6097
f 6100 6097 6098
f 4157 4154 6113
f 4154 6093 6097
f 4155 4154 4157
f 6111 4157 6113
f 6109 4157 6111
f 6114 4157 6109
f 4159 4157 6114
f 6108 6114 6109
f 6115 6114 6108
f 6114 6115 6116
f 6106 6115 6108
f 6103 6115 6106
f 6106 6108 6105
f 6117 6115 6103
f 6117 6116 6115
f 6104 6117 6103
f 6104 6116 6117
f 6118 6116 6104
f 6118 6119 6116
f 5790 6118 6104
f 5790 6119 6118
f 6120 6119 5790
f 6120 6121 6119
f 6122 6120 5790
f 6122 6121 6120
f 6123 6122 5790
f 6123 6124 6122
f 5791 6123 5790
f 5791 6125 6123
f 5791 6126 6125
f 6125 6127 6123
f 6125 6128 6127
f 6127 6129 6123
f 6127 6128 6129
f 6123 6129 6124
f 6124 6129 6121
f 6114 6121 6129
f 6124 6121 6122
f 6121 6114 6119
f 6128 6114 6129
f 6130 6114 6128
f 6114 6130 6131
f 6126 6130 6128
f 5791 6130 6126
f 6126 6128 6125
f 6132 6130 5791
f 6132 6131 6130
f 6133 6132 5791
f 6133 6131 6132
f 6134 6133 5791
f 6134 6135 6133
f 5788 6134 5791
f 5788 6136 6134
f 5788 6137 6136
f 6136 6138 6134
f 6136 6139 6138
f 6138 6140 6134
f 6138 6139 6140
f 6134 6140 6135
f 6135 6140 6131
f 6140 6114 6131
f 6135 6131 6133
f 6139 6114 6140
f 6114 6139 6141
f 6137 6141 6139
f 6142 6114 6141
f 5614 6114 6142
f 6143 6142 6141
f 6144 6142 6143
f 6143 6141 5788
f 5788 6141 6137
f 6144 6143 5788
f 5789 6144 5788
f 5789 6145 6144
f 5789 6146 6145
f 6145 6142 6144
f 6145 6146 6142
f 6146 5614 6142
f 6147 5614 6146
f 5614 6147 6148
f 6149 6147 6146
f 6150 6147 6149
f 6149 6146 5789
f 6150 6149 5789
f 5787 6150 5789
f 5787 6151 6150
f 5787 6148 6151
f 6151 6147 6150
f 6151 6148 6147
f 5787 5786 6148
f 5786 5614 6148
f 5783 5614 5786
f 5614 5783 6152
f 6152 5783 5784
f 5614 6152 6153
f 6154 6153 6152
f 6155 5614 6153
f 5614 6155 6156
f 6157 6155 6153
f 6158 6155 6157
f 6157 6153 6154
f 6158 6157 6154
f 6159 6158 6154
f 6159 6160 6158
f 6159 6154 6161
f 6154 6162 6161
f 6159 6161 6163
f 6161 6164 6163
f 6159 6163 6165
f 6163 6166 6165
f 6167 6159 6165
f 6167 6168 6159
f 6165 6169 6167
f 6165 6170 6169
f 6169 6171 6167
f 6169 6172 6171
f 6171 6173 6167
f 6171 6174 6173
f 6173 6175 6167
f 6173 6176 6175
f 6175 5647 6167
f 6175 6177 5647
f 5647 6178 6167
f 5647 6179 6178
f 6178 6180 6167
f 6178 6181 6180
f 6180 6182 6167
f 6180 6181 6182
f 6167 6182 6183
f 6183 6182 6184
f 6167 6183 6185
f 6183 6184 6185
f 6167 6185 6186
f 6185 6187 6186
f 6167 6186 6188
f 6186 6189 6188
f 6167 6188 6168
f 6188 6190 6168
f 6188 6191 6190
f 6190 6192 6168
f 6190 6193 6192
f 6192 6194 6168
f 6192 6195 6194
f 6194 6196 6168
f 6194 6195 6196
f 6168 6196 6197
f 6197 6196 6198
f 6168 6197 6199
f 6197 6198 6199
f 6168 6199 6200
f 6199 6201 6200
f 6168 6200 6202
f 6200 6203 6202
f 6168 6202 6159
f 6202 6204 6159
f 6202 6205 6204
f 6204 6206 6159
f 6204 6207 6206
f 6206 6208 6159
f 6206 6209 6208
f 6208 6156 6159
f 6208 6209 6156
f 6159 6156 6160
f 6160 6156 6155
f 6160 6155 6158
f 6209 5614 6156
f 6210 5614 6209
f 5614 6210 6211
f 6207 6210 6209
f 6204 6210 6207
f 6207 6209 6206
f 6212 6210 6204
f 6212 6211 6210
f 6205 6212 6204
f 6205 6211 6212
f 6213 6211 6205
f 6213 6214 6211
f 6202 6213 6205
f 6202 6214 6213
f 6215 6214 6202
f 6215 6216 6214
f 6203 6215 6202
f 6203 6216 6215
f 6217 6216 6203
f 6217 6218 6216
f 6200 6217 6203
f 6200 6218 6217
f 6201 6218 6200
f 6201 6198 6218
f 6199 6198 6201
f 5616 6218 6198
f 6218 5616 6216
f 6196 5616 6198
f 6195 5616 6196
f 5616 6195 6219
f 6193 6219 6195
f 6220 5616 6219
f 6221 5616 6220
f 6222 6220 6219
f 6191 6220 6222
f 6222 6219 6190
f 6190 6219 6193
f 6191 6222 6190
f 6223 6220 6191
f 6223 6221 6220
f 6188 6223 6191
f 6188 6221 6223
f 6224 6221 6188
f 6224 6225 6221
f 6189 6224 6188
f 6189 6225 6224
f 6226 6225 6189
f 6226 6227 6225
f 6186 6226 6189
f 6186 6227 6226
f 6187 6227 6186
f 6187 6184 6227
f 6185 6184 6187
f 6184 5616 6227
f 5616 6184 6182
f 6227 5616 6225
f 5616 6221 6225
f 5620 5616 6182
f 5618 5616 5620
f 6181 5620 6182
f 5622 5620 6181
f 5619 5620 5622
f 5644 5622 6181
f 5624 5622 5644
f 6179 5644 6181
f 5647 5644 6179
f 6179 6181 6178
f 5621 5622 5624
f 5630 5624 5644
f 5628 5624 5630
f 5632 5630 5644
f 5629 5630 5632
f 5635 5632 5644
f 5633 5632 5635
f 5628 5626 5624
f 5627 5628 5630
f 5618 5615 5616
f 5617 5618 5620
f 6193 6195 6192
f 6216 5616 6214
f 5616 5614 6214
f 4162 5614 5616
f 6214 5614 6211
f 6175 5653 6177
f 6177 5649 5647
f 5649 6177 5653
f 5646 5647 5649
f 5649 5653 5654
f 5649 5654 5648
f 6175 6228 5653
f 6229 6228 6175
f 5653 6228 5656
f 6228 6230 5656
f 6176 6230 6228
f 6230 6231 5656
f 6232 6231 6230
f 6231 5665 5656
f 6233 5665 6231
f 6171 5665 6233
f 6233 6231 6174
f 6174 6231 6232
f 6171 6233 6174
f 6174 6232 6173
f 6232 6230 6173
f 6173 6230 6176
f 6234 5665 6171
f 6234 5729 5665
f 6235 6234 6171
f 6235 5729 6234
f 6172 6235 6171
f 6172 6236 6235
f 6172 5733 6236
f 6236 5729 6235
f 6236 5733 5729
f 5729 5733 5728
f 6237 5733 6172
f 6237 5737 5733
f 6238 6237 6172
f 6238 5737 6237
f 6169 6238 6172
f 6169 6239 6238
f 6169 5741 6239
f 6239 5737 6238
f 6239 5741 5737
f 5737 5741 5736
f 6240 5741 6169
f 6240 5748 5741
f 6241 6240 6169
f 6241 5748 6240
f 6170 6241 6169
f 6170 6242 6241
f 6170 5752 6242
f 6242 5748 6241
f 6242 5752 5748
f 5748 5752 5747
f 6243 5752 6170
f 6243 5756 5752
f 6244 6243 6170
f 6244 5756 6243
f 6165 6244 6170
f 6165 6245 6244
f 6165 6246 6245
f 6245 6247 6244
f 6245 5763 6247
f 6247 5756 6244
f 6247 5763 5756
f 5756 5763 5759
f 6246 5763 6245
f 6246 5770 5763
f 6248 5770 6246
f 5763 5770 5766
f 6165 5770 6248
f 6165 6248 6246
f 6165 6249 5770
f 6250 6249 6165
f 5770 6249 5769
f 6249 5774 5769
f 6251 5774 6249
f 6252 5774 6251
f 6251 6249 6250
f 6251 6250 6165
f 6166 6251 6165
f 6166 6252 6251
f 6166 5774 6252
f 6166 6253 5774
f 6254 6253 6166
f 5774 6253 5773
f 6253 6255 5773
f 6256 6255 6253
f 6255 5778 5773
f 6163 5778 6255
f 6257 5778 6163
f 6163 6255 6258
f 6258 6255 6256
f 6163 6258 6256
f 6163 6256 6166
f 6256 6254 6166
f 6256 6253 6254
f 6164 5778 6257
f 6164 6257 6163
f 6164 6259 5778
f 6260 6259 6164
f 5778 6259 5777
f 6259 6261 5777
f 6262 6261 6259
f 6261 5782 5777
f 6263 5782 6261
f 6264 5782 6263
f 6263 6261 6161
f 6161 6261 6262
f 6162 6263 6161
f 6162 6264 6263
f 6162 5782 6264
f 6162 5784 5782
f 6265 5784 6162
f 5782 5784 5781
f 6265 6152 5784
f 6266 6265 6162
f 6266 6152 6265
f 6154 6266 6162
f 6154 6152 6266
f 6161 6262 6260
f 6262 6259 6260
f 6161 6260 6164
f 5752 5756 5751
f 5741 5748 5744
f 5733 5737 5732
f 5665 5729 5725
f 6176 6228 6229
f 6176 6229 6175
f 4161 6114 5614
f 4161 4158 6114
f 4160 4161 5614
f 4158 4159 6114
f 6137 6139 6136
f 6119 6114 6116
f 4159 4156 4157
f 6083 6085 6082
f 6035 6037 6034
f 4150 4147 4148
f 4149 4150 4152
f 4141 4138 6057
f 4140 4141 4143
f 4138 4139 6057
f 4139 4136 4137
f 4133 4130 4131
f 4132 4133 4135
f 4127 4124 6056
f 4126 4127 4129
f 4124 4125 6056
f 4125 4122 4123
f 4116 4113 4114
f 4115 4116 4118
f 4110 4107 6055
f 4109 4110 4112
f 4107 4108 6055
f 4108 4105 4106
f 4073 6054 4075
f 4104 4075 4106
f 4077 4075 4104
f 4103 4104 4106
f 4074 4075 4077
f 4100 4077 4104
f 4080 4077 4100
f 4102 4100 4104
f 4102 4099 4100
f 4101 4102 4104
f 4078 4077 4080
f 4097 4080 4100
f 4084 4080 4097
f 4098 4097 4100
f 4082 4080 4084
f 4094 4084 4097
f 4086 4084 4094
f 4095 4094 4097
f 4083 4084 4086
f 4092 4086 4094
f 6267 4086 4092
f 4091 4092 4094
f 4088 4086 6267
f 4090 6267 4092
f 4090 4087 6267
f 4089 4090 4092
f 4087 4088 6267
f 4088 4085 4086
f 4082 4079 4080
f 4081 4082 4084
f 4073 4070 6054
f 4072 4073 4075
f 4070 4071 6054
f 4071 4068 4069
f 4060 4061 4063
f 4059 4057 4061
f 4059 4056 4057
f 4058 4059 4061
f 4044 4042 4046
f 4044 4041 4042
f 4043 4044 4046
f 4038 4035 6005
f 4037 4038 4040
f 4035 4036 6005
f 4036 4033 6004
f 4033 4034 6004
f 4034 4031 4032
f 5935 6268 5926
f 5926 6269 5796
f 5926 5924 6269
f 6269 6270 5796
f 6269 6271 6270
f 6270 6272 5796
f 6272 6270 6273
f 5796 6272 6273
f 5796 6273 6274
f 5890 6274 6273
f 6275 5796 6274
f 5796 6275 6276
f 6276 6275 6274
f 6276 6274 6277
f 6278 6277 6274
f 6279 6276 6277
f 6276 6279 6280
f 6280 6279 6277
f 6280 6277 6281
f 5883 6281 6277
f 6282 6280 6281
f 6280 6282 6283
f 6283 6282 6281
f 6283 6281 6284
f 5881 6284 6281
f 6285 6283 6284
f 6283 6285 6286
f 6286 6285 6284
f 6286 6284 6287
f 5880 6287 6284
f 6288 6286 6287
f 6286 6288 6289
f 6289 6288 6287
f 6289 6287 6290
f 6291 6290 6287
f 6292 6289 6290
f 6289 6292 6293
f 6293 6292 6290
f 6293 6290 6294
f 6291 6294 6290
f 6295 6293 6294
f 6293 6295 6296
f 6296 6295 6294
f 6296 6294 6297
f 5873 6297 6294
f 6298 6296 6297
f 6296 6298 5799
f 5799 6298 6297
f 5799 6297 6299
f 5871 6299 6297
f 6300 5799 6299
f 5799 6300 5853
f 5853 6300 6299
f 5853 6299 6301
f 5870 6301 6299
f 6302 5853 6301
f 5853 6302 5852
f 5852 6302 6301
f 5852 6301 6303
f 6304 6303 6301
f 5855 5852 6303
f 5854 5855 6303
f 5854 6303 5857
f 6303 5863 5857
f 6304 5863 6303
f 5863 5859 5857
f 5866 5863 6304
f 5864 5863 5866
f 5866 6304 5865
f 5865 6304 5868
f 5868 6304 5870
f 6304 6301 5870
f 5868 5870 5867
f 5870 6299 5871
f 5871 6297 5873
f 6293 6296 5799
f 6286 6293 5799
f 6286 6289 6293
f 5796 6286 5799
f 5796 6280 6286
f 5796 6276 6280
f 6280 6283 6286
f 5873 6294 6291
f 5876 5873 6291
f 5874 5873 5876
f 5876 6291 5875
f 5875 6291 5878
f 5878 6291 5880
f 6291 6287 5880
f 5878 5880 5877
f 5880 6284 5881
f 5881 6281 5883
f 5883 6277 6278
f 5886 5883 6278
f 5884 5883 5886
f 5886 6278 5885
f 5885 6278 5888
f 5888 6278 5890
f 6278 6274 5890
f 5888 5890 5887
f 5890 6273 5891
f 5891 6273 6305
f 6270 6305 6273
f 5891 6305 5893
f 5893 6305 6306
f 6306 6305 6307
f 5896 5893 6306
f 5894 5893 5896
f 5896 6306 5895
f 5895 6306 5898
f 5898 6306 5900
f 6306 6307 5900
f 5898 5900 5897
f 5900 6307 5901
f 5901 6307 5903
f 6269 5903 6307
f 6269 5922 5903
f 6308 6269 6307
f 6269 6308 6271
f 6308 6307 6305
f 6271 6308 6305
f 6270 6271 6305
f 6309 5922 6269
f 5922 6309 5921
f 5924 6309 6269
f 5924 5921 6309
f 5926 6310 5924
f 5926 5923 6310
f 6310 5923 5924
f 5935 5930 6268
f 6268 5928 5926
f 6268 5927 5928
f 5928 6311 5926
f 5928 5925 6311
f 6311 5925 5926
f 5930 5927 6268
f 6312 5847 3871
f 6312 5845 5847
f 3868 6312 3871
f 3868 5845 6312
f 3869 5845 3868
f 3867 3866 3869
f 5803 5811 5802
f 5663 5688 5712
f 5712 5739 5768
f 5712 5724 5739
f 5739 5754 5768
f 5739 5746 5754
f 5754 5761 5768
f 5754 5758 5761
f 5761 5765 5768
f 5739 5743 5746
f 5746 5750 5754
f 5712 5718 5724
f 5724 5731 5739
f 5724 5727 5731
f 5731 5735 5739
f 5712 5715 5718
f 5718 5721 5724
f 5663 5676 5688
f 5688 5700 5712
f 5688 5694 5700
f 5700 5706 5712
f 5700 5703 5706
f 5706 5709 5712
f 5688 5691 5694
f 5694 5697 5700
f 5663 5670 5676
f 5676 5682 5688
f 5676 5679 5682
f 5682 5685 5688
f 5663 5667 5670
f 5670 5673 5676
f 5636 5635 5638
f 5640 5637 5638
f 5639 5640 5642
f 3873 3916 3863
f 3872 3911 3873
f 3903 3906 3872
f 3877 3903 3872
f 3877 3900 3903
f 3892 3895 3877
f 3876 3892 3877
f 3876 3889 3892
f 3750 3811 3751
f 3750 3812 3811
f 3753 3812 3750
f 3752 3812 3753
f 3752 3755 3812
f 3758 3810 3756
f 3757 3810 3758
f 3773 3772 3809
f 3770 3773 3771
f 3772 3775 3809
f 3775 3774 3808
f 3774 3777 3808
f 3777 3776 3807
f 3776 3779 3807
f 3779 3778 3781
f 3790 3789 3806
f 3785 3790 3786
f 3789 3792 3806
f 3805 3792 3791
f 3791 3794 3805
f 3794 3793 3796
f 3428 3437 3430
f 3408 3418 3411
f 3416 3411 3418
f 3416 6313 3411
f 3416 6314 6313
f 3411 6313 6315
f 6313 6316 6315
f 3411 6315 3413
f 3413 6315 6317
f 3410 3411 3413
f 6315 6318 6317
f 3413 6317 3415
f 3415 6317 6314
f 3412 3413 3415
f 6317 6319 6314
f 3415 6314 3416
f 6317 6318 6319
f 6314 6319 6320
f 6319 6321 6320
f 6314 6320 6313
f 6313 6320 6316
f 6320 6322 6316
f 6320 6321 6322
f 6316 6322 6323
f 6322 6324 6323
f 6316 6323 6318
f 6318 6323 6325
f 6315 6316 6318
f 6323 6326 6325
f 6318 6325 6319
f 6319 6325 6321
f 6325 6327 6321
f 6325 6328 6327
f 6321 6327 6329
f 6327 6330 6329
f 6321 6329 6322
f 6322 6329 6324
f 6329 6331 6324
f 6329 6330 6331
f 6331 6332 6324
f 6331 6333 6332
f 6324 6332 6334
f 6332 6335 6334
f 6324 6334 6323
f 6323 6334 6326
f 6334 6336 6326
f 6334 6335 6336
f 6326 6336 6337
f 6335 6337 6336
f 6326 6337 6338
f 6338 6337 6339
f 6325 6326 6338
f 6325 6338 6328
f 6328 6338 6340
f 6338 6339 6340
f 6328 6340 6341
f 6341 6340 6333
f 6328 6341 6342
f 6341 6330 6342
f 6328 6342 6327
f 6327 6342 6330
f 6341 6331 6330
f 6341 6333 6331
f 6340 6343 6333
f 6340 6339 6343
f 6333 6343 6344
f 6344 6343 6339
f 6333 6344 6332
f 6332 6344 6335
f 6335 6344 6337
f 6344 6339 6337
f 3394 6345 3390
f 3394 3395 6345
f 3390 6345 6346
f 6345 6347 6346
f 3390 6346 3392
f 3392 6346 6348
f 3389 3390 3392
f 6346 6349 6348
f 3392 6348 3393
f 3393 6348 3395
f 6348 6350 3395
f 6348 6349 6350
f 3395 6350 6351
f 6350 6352 6351
f 3395 6351 6345
f 6345 6351 6347
f 6351 6353 6347
f 6351 6352 6353
f 6347 6353 6354
f 6353 6355 6354
f 6347 6354 6349
f 6349 6354 6356
f 6346 6347 6349
f 6354 6357 6356
f 6349 6356 6350
f 6350 6356 6352
f 6356 6358 6352
f 6356 6357 6358
f 6352 6358 6359
f 6358 6360 6359
f 6352 6359 6353
f 6359 6361 6353
f 6359 6362 6361
f 6353 6361 6355
f 6361 6363 6355
f 6361 6364 6363
f 6355 6363 6365
f 6364 6365 6363
f 6355 6365 6366
f 6366 6365 6367
f 6354 6355 6366
f 6354 6366 6368
f 6368 6366 6362
f 6354 6368 6357
f 6368 6369 6357
f 6368 6370 6369
f 6357 6369 6371
f 6369 6372 6371
f 6357 6371 6358
f 6358 6371 6360
f 6371 6373 6360
f 6371 6372 6373
f 6360 6373 6374
f 6372 6374 6373
f 6360 6374 6370
f 6370 6374 6375
f 6359 6360 6370
f 6359 6370 6368
f 6368 6362 6359
f 6372 6375 6374
f 6370 6375 6369
f 6369 6375 6372
f 6366 6367 6362
f 6362 6367 6364
f 6364 6367 6365
f 6362 6364 6361
f 3249 3244 3377
f 3373 3377 6376
f 3377 6377 6376
f 3373 6376 3374
f 3374 6376 6378
f 6376 6379 6378
f 3374 6378 6380
f 6380 6378 6381
f 6382 3374 6380
f 3370 3374 6382
f 6382 6380 6383
f 6383 6380 6384
f 6377 6382 6383
f 3245 6382 6377
f 6377 6383 6379
f 6379 6383 6385
f 6376 6377 6379
f 6383 6384 6385
f 6379 6385 6386
f 6386 6385 6387
f 6378 6379 6386
f 6378 6386 6381
f 6381 6386 6388
f 6386 6387 6388
f 6381 6388 6389
f 6389 6388 6390
f 6384 6381 6389
f 6380 6381 6384
f 6384 6389 6391
f 6391 6389 6392
f 6385 6384 6391
f 6385 6391 6387
f 6387 6391 6393
f 6391 6392 6393
f 6387 6393 6394
f 6394 6393 6395
f 6387 6394 6396
f 6394 6397 6396
f 6387 6396 6398
f 6398 6396 6399
f 6388 6387 6398
f 6388 6398 6400
f 6400 6398 6401
f 6390 6388 6400
f 6390 6400 6397
f 6397 6400 6402
f 6394 6390 6397
f 6390 6394 6403
f 6394 6395 6403
f 6390 6403 6404
f 6404 6403 6405
f 6392 6390 6404
f 6389 6390 6392
f 6392 6404 6406
f 6406 6404 6407
f 6393 6392 6406
f 6393 6406 6395
f 6395 6406 6408
f 6406 6407 6408
f 6395 6408 6409
f 6408 6405 6409
f 6403 6395 6409
f 6403 6409 6405
f 6408 6407 6405
f 6404 6405 6407
f 6400 6401 6402
f 6397 6402 6410
f 6402 6399 6410
f 6396 6397 6410
f 6396 6410 6399
f 6402 6401 6399
f 6398 6399 6401
f 3245 3370 6382
f 3377 3245 6377
f 3244 3245 3377
f 3240 3370 3245
f 3239 3236 3271
f 3236 3239 3237
f 3236 3232 3271
