<?xml version="1.0" encoding="UTF-8"?>
<!DOCTYPE X3D PUBLIC "ISO//Web3D//DTD X3D 3.0//EN" "http://www.web3d.org/specifications/x3d-3.0.dtd">
<X3D version="3.0" profile="Immersive" xmlns:xsd="http://www.w3.org/2001/XMLSchema-instance" xsd:noNamespaceSchemaLocation="http://www.web3d.org/specifications/x3d-3.0.xsd">
	<head>
		<meta name="filename" content="Low Poly Person.x3d" />
		<meta name="generator" content="Blender 3.6.1" />
	</head>
	<Scene>
		<NavigationInfo headlight="true"
		                visibilityLimit="0.0"
		                type='"EXAMINE", "ANY"'
		                avatarSize="0.25, 1.75, 0.75"
		                />
		<Background DEF="WO_World"
		            groundColor="0.051 0.051 0.051"
		            skyColor="0.051 0.051 0.051"
		            />
		<Transform DEF="Body_TRANSFORM"
		           translation="11.679022 -1.310393 154.205673"
		           scale="1.000000 1.000000 1.000000"
		           rotation="0.049322 0.696365 0.715991 1.632942"
		           >
			<Transform DEF="Body_ifs_TRANSFORM"
			           translation="-0.000001 0.000002 -0.000002"
			           scale="1.000000 1.000000 1.000000"
			           rotation="-0.000000 -0.000000 0.000000 0.000000"
			           >
				<Group DEF="group_ME_Body">
					<Shape>
						<Appearance>
							<Material DEF="MA_Material"
							          diffuseColor="0.800 0.800 0.800"
							          specularColor="0.401 0.401 0.401"
							          emissiveColor="0.000 0.000 0.000"
							          ambientIntensity="0.000"
							          shininess="0.500"
							          transparency="0.0"
							          />
						</Appearance>
						<IndexedFaceSet solid="false"
						                colorPerVertex="false"
						                texCoordIndex="0 1 2 3 -1 4 5 6 7 -1 8 9 10 11 -1 12 13 14 15 -1 16 17 18 19 -1 20 21 22 23 -1 24 25 26 27 -1 28 29 30 31 -1 32 33 34 35 -1 36 37 38 39 -1 40 41 42 43 -1 44 45 46 47 -1 48 49 50 -1 51 52 53 -1 54 55 56 57 -1 58 59 60 61 -1 62 63 64 65 -1 66 67 68 69 -1 70 71 72 73 -1 74 75 76 77 -1 78 79 80 81 -1 82 83 84 85 -1 86 87 88 89 -1 90 91 92 93 -1 94 95 96 97 -1 98 99 100 101 -1 102 103 104 105 -1 106 107 108 109 -1 110 111 112 113 -1 114 115 116 117 -1 118 119 120 121 -1 122 123 124 125 -1 126 127 128 129 -1 130 131 132 133 -1 134 135 136 137 -1 138 139 140 141 -1 142 143 144 145 -1 146 147 148 149 -1 150 151 152 153 -1 154 155 156 157 -1 158 159 160 161 -1 162 163 164 165 -1 166 167 168 169 -1 170 171 172 173 -1 174 175 176 177 -1 178 179 180 181 -1 182 183 184 185 -1 186 187 188 189 -1 190 191 192 193 -1 194 195 196 197 -1 198 199 200 201 -1 202 203 204 205 -1 206 207 208 209 -1 210 211 212 213 -1 214 215 216 217 -1 218 219 220 221 -1 222 223 224 225 -1 226 227 228 229 -1 230 231 232 233 -1 234 235 236 237 -1 238 239 240 241 -1 242 243 244 245 -1 246 247 248 249 -1 250 251 252 253 -1 254 255 256 257 -1 258 259 260 261 -1 262 263 264 265 -1 266 267 268 269 -1 270 271 272 273 -1 274 275 276 277 -1 278 279 280 281 -1 282 283 284 285 -1 286 287 288 289 -1 290 291 292 293 -1 294 295 296 297 -1 298 299 300 301 -1 302 303 304 305 -1 306 307 308 309 -1 310 311 312 313 -1 314 315 316 317 -1 318 319 320 321 -1 322 323 324 325 -1 326 327 328 329 -1 330 331 332 333 -1 334 335 336 337 -1 338 339 340 341 -1 342 343 344 345 -1 346 347 348 349 350 351 352 353 354 355 356 357 358 359 360 361 362 363 364 365 366 367 368 369 370 371 372 373 374 375 376 377 378 379 380 381 382 383 384 385 386 387 388 389 390 391 392 393 394 395 396 397 398 399 400 401 402 403 404 405 406 407 408 409 410 411 412 413 414 415 416 417 418 419 420 421 422 423 424 425 426 427 428 429 430 431 432 433 434 435 436 437 438 439 440 441 442 443 444 445 446 447 448 449 450 451 452 453 454 455 456 457 458 459 460 461 462 463 464 -1 465 466 467 468 -1 469 470 471 472 -1 473 474 475 476 -1 477 478 479 480 -1 481 482 483 484 -1 485 486 487 488 489 490 491 492 493 494 495 496 497 498 499 500 501 502 503 504 505 506 507 508 509 510 511 512 513 514 515 516 517 518 519 520 521 522 523 524 525 526 527 528 529 530 531 532 533 534 535 536 537 538 539 540 541 542 543 544 545 546 547 548 549 550 551 552 553 554 555 556 557 558 559 560 561 562 563 564 565 566 567 568 569 570 571 572 573 574 575 576 577 578 579 580 581 582 583 584 585 586 587 588 589 590 591 592 593 594 595 596 597 598 599 600 601 602 603 604 605 606 607 608 609 610 611 612 613 614 615 616 617 618 619 620 621 622 623 624 625 626 627 628 629 630 631 632 633 634 635 636 637 638 639 640 641 642 643 644 645 646 647 648 649 650 651 652 653 654 655 656 657 658 659 660 661 662 663 664 665 666 667 668 669 670 671 672 673 674 675 676 677 678 679 680 681 682 683 684 685 -1 686 687 688 689 690 691 692 693 694 695 696 697 698 699 700 701 702 703 704 705 706 707 708 709 710 711 712 713 714 715 716 717 718 719 720 721 722 723 724 725 -1 726 727 728 729 730 731 732 733 734 735 736 737 738 739 740 741 742 743 744 745 746 747 748 749 750 751 752 753 754 755 756 -1 757 758 759 760 761 762 763 764 765 766 767 768 769 770 771 772 773 774 775 776 777 778 -1 779 780 781 782 -1 783 784 785 786 -1 787 788 789 790 791 792 793 794 795 796 797 798 799 800 801 802 803 804 805 806 807 808 809 810 811 812 813 814 815 816 817 818 819 820 821 822 823 824 825 826 827 828 829 830 831 832 833 834 835 836 837 838 839 840 841 842 843 844 845 846 847 848 849 850 851 852 853 854 855 856 857 858 859 860 861 862 863 864 865 866 867 868 869 870 871 872 873 874 875 876 877 878 879 880 881 882 883 884 885 886 887 888 889 890 891 892 893 894 895 896 897 898 899 900 901 902 903 904 905 906 907 908 909 910 911 912 913 914 915 916 917 918 919 920 921 922 923 924 925 926 927 928 929 930 931 932 933 934 935 936 937 938 939 940 941 942 943 944 945 946 947 948 949 950 951 952 953 954 955 956 957 958 959 960 961 962 963 964 965 966 967 968 969 970 971 972 973 974 975 976 977 978 979 980 981 982 983 984 985 986 987 988 989 990 991 992 993 994 995 996 997 998 999 1000 1001 1002 1003 1004 1005 1006 1007 1008 1009 1010 1011 1012 1013 1014 1015 1016 1017 1018 1019 1020 1021 1022 1023 1024 1025 1026 1027 1028 1029 1030 1031 1032 1033 1034 1035 1036 1037 1038 1039 1040 1041 1042 1043 1044 1045 1046 1047 1048 1049 1050 1051 1052 1053 1054 1055 1056 1057 1058 1059 1060 1061 1062 1063 1064 1065 1066 1067 1068 1069 1070 1071 1072 1073 1074 1075 1076 1077 1078 1079 1080 1081 1082 1083 1084 1085 1086 1087 1088 1089 1090 1091 1092 1093 1094 1095 1096 1097 1098 1099 1100 1101 1102 1103 1104 1105 1106 1107 1108 1109 1110 1111 1112 1113 1114 1115 1116 1117 1118 1119 1120 1121 1122 1123 1124 1125 1126 1127 1128 1129 1130 1131 1132 1133 1134 1135 1136 1137 1138 1139 1140 1141 1142 1143 1144 1145 1146 1147 1148 1149 1150 1151 1152 1153 1154 1155 1156 1157 1158 1159 1160 1161 1162 1163 1164 1165 1166 1167 1168 1169 1170 1171 1172 1173 1174 1175 1176 1177 1178 1179 1180 1181 1182 1183 1184 1185 1186 1187 1188 1189 1190 1191 1192 1193 1194 1195 1196 1197 1198 1199 1200 1201 1202 1203 1204 1205 1206 1207 1208 1209 1210 1211 1212 1213 1214 1215 1216 1217 1218 1219 1220 1221 1222 1223 1224 1225 1226 1227 1228 1229 1230 1231 1232 1233 1234 1235 1236 1237 1238 1239 1240 1241 1242 1243 1244 1245 1246 1247 1248 1249 1250 1251 1252 1253 1254 1255 1256 1257 1258 1259 1260 1261 1262 1263 1264 1265 1266 1267 1268 1269 1270 1271 1272 1273 1274 1275 1276 1277 1278 1279 1280 1281 1282 1283 1284 1285 1286 1287 1288 1289 1290 1291 1292 1293 1294 1295 1296 1297 1298 1299 1300 1301 1302 1303 1304 1305 1306 1307 1308 1309 1310 1311 1312 1313 1314 1315 1316 1317 1318 1319 1320 1321 1322 1323 1324 1325 1326 1327 1328 1329 1330 1331 1332 1333 1334 1335 1336 1337 1338 1339 1340 1341 1342 1343 1344 1345 1346 1347 1348 1349 1350 1351 1352 1353 1354 1355 1356 1357 1358 1359 1360 1361 1362 1363 1364 1365 1366 1367 1368 1369 1370 1371 1372 1373 1374 1375 1376 1377 1378 1379 1380 1381 1382 1383 1384 1385 1386 1387 1388 1389 1390 1391 1392 1393 1394 1395 1396 1397 1398 1399 1400 1401 1402 1403 1404 1405 1406 1407 1408 1409 1410 1411 1412 1413 1414 1415 1416 1417 1418 1419 1420 1421 1422 1423 1424 1425 1426 1427 1428 1429 1430 1431 1432 1433 1434 1435 1436 1437 1438 1439 1440 1441 1442 1443 1444 1445 1446 1447 1448 1449 1450 1451 1452 1453 1454 1455 1456 1457 1458 1459 1460 1461 1462 1463 1464 1465 1466 1467 1468 1469 1470 1471 1472 1473 1474 1475 1476 1477 1478 1479 1480 1481 1482 1483 1484 1485 1486 1487 1488 1489 1490 1491 1492 1493 1494 1495 1496 1497 1498 1499 1500 1501 1502 1503 1504 1505 1506 1507 1508 1509 1510 1511 1512 1513 1514 1515 1516 1517 1518 1519 1520 1521 1522 1523 1524 -1 1525 1526 1527 1528 1529 1530 1531 1532 1533 1534 1535 1536 1537 1538 1539 1540 1541 1542 1543 1544 1545 1546 1547 1548 1549 1550 1551 1552 1553 1554 1555 1556 1557 1558 1559 1560 1561 1562 1563 1564 1565 1566 1567 1568 1569 1570 1571 1572 1573 1574 1575 1576 1577 1578 1579 1580 1581 1582 1583 1584 1585 1586 1587 1588 1589 1590 1591 -1 1592 1593 1594 1595 1596 1597 1598 1599 1600 1601 -1 1602 1603 1604 1605 1606 1607 1608 1609 1610 1611 1612 1613 1614 1615 1616 1617 1618 1619 1620 1621 1622 1623 1624 1625 1626 1627 1628 1629 1630 1631 1632 1633 1634 1635 1636 1637 1638 1639 1640 1641 1642 1643 1644 1645 1646 1647 1648 1649 1650 1651 1652 1653 1654 1655 1656 1657 1658 1659 1660 1661 1662 1663 1664 1665 1666 1667 1668 1669 1670 1671 1672 1673 1674 1675 1676 1677 1678 1679 1680 1681 1682 1683 1684 1685 1686 1687 1688 1689 1690 1691 1692 1693 1694 1695 1696 1697 1698 1699 1700 1701 1702 1703 1704 1705 1706 1707 1708 1709 1710 1711 1712 1713 1714 1715 1716 1717 1718 1719 1720 1721 1722 1723 1724 1725 1726 1727 1728 1729 1730 1731 1732 1733 -1 1734 1735 1736 1737 1738 1739 1740 1741 1742 1743 1744 1745 1746 1747 1748 1749 1750 1751 1752 1753 1754 1755 1756 1757 1758 1759 1760 1761 1762 1763 1764 1765 1766 1767 1768 1769 1770 1771 1772 1773 1774 1775 1776 1777 1778 1779 1780 1781 1782 1783 1784 1785 1786 1787 1788 1789 1790 1791 1792 1793 1794 1795 1796 1797 1798 1799 1800 1801 1802 1803 1804 1805 1806 1807 1808 1809 1810 1811 1812 1813 1814 1815 1816 1817 1818 1819 1820 1821 1822 1823 1824 1825 1826 1827 1828 1829 1830 1831 1832 1833 1834 1835 1836 1837 1838 1839 1840 1841 1842 1843 -1 1844 1845 1846 1847 -1 1848 1849 1850 1851 -1 1852 1853 1854 1855 -1 1856 1857 1858 1859 -1 1860 1861 1862 1863 -1 1864 1865 1866 1867 -1 1868 1869 1870 1871 -1 1872 1873 1874 1875 -1 1876 1877 1878 1879 -1 1880 1881 1882 1883 -1 1884 1885 1886 1887 1888 1889 1890 1891 1892 1893 1894 1895 1896 1897 1898 1899 1900 1901 1902 1903 1904 1905 1906 1907 1908 1909 1910 1911 1912 1913 1914 1915 1916 1917 1918 1919 1920 1921 1922 1923 1924 1925 1926 1927 1928 1929 1930 1931 1932 1933 1934 1935 1936 1937 1938 1939 1940 1941 1942 1943 1944 1945 1946 1947 1948 1949 1950 1951 1952 1953 1954 1955 1956 1957 1958 1959 1960 1961 1962 1963 1964 -1 1965 1966 1967 1968 -1 1969 1970 1971 1972 -1 1973 1974 1975 1976 -1 1977 1978 1979 1980 -1 1981 1982 1983 1984 -1 1985 1986 1987 1988 -1 1989 1990 1991 1992 -1 1993 1994 1995 1996 -1 1997 1998 1999 2000 -1 2001 2002 2003 2004 -1 2005 2006 2007 2008 -1 2009 2010 2011 2012 -1 2013 2014 2015 -1 2016 2017 2018 -1 2019 2020 2021 2022 -1 2023 2024 2025 2026 -1 2027 2028 2029 2030 -1 2031 2032 2033 2034 -1 2035 2036 2037 2038 -1 2039 2040 2041 2042 -1 2043 2044 2045 2046 -1 2047 2048 2049 2050 -1 2051 2052 2053 2054 -1 2055 2056 2057 2058 -1 2059 2060 2061 2062 -1 2063 2064 2065 2066 -1 2067 2068 2069 2070 -1 2071 2072 2073 2074 -1 2075 2076 2077 2078 -1 2079 2080 2081 2082 -1 2083 2084 2085 2086 -1 2087 2088 2089 2090 -1 2091 2092 2093 2094 -1 2095 2096 2097 2098 -1 2099 2100 2101 2102 -1 2103 2104 2105 2106 -1 2107 2108 2109 2110 -1 2111 2112 2113 2114 -1 2115 2116 2117 2118 -1 2119 2120 2121 2122 -1 2123 2124 2125 2126 -1 2127 2128 2129 2130 -1 2131 2132 2133 2134 -1 2135 2136 2137 2138 -1 2139 2140 2141 2142 -1 2143 2144 2145 2146 -1 2147 2148 2149 2150 -1 2151 2152 2153 2154 -1 2155 2156 2157 2158 -1 2159 2160 2161 2162 -1 2163 2164 2165 2166 -1 2167 2168 2169 2170 -1 2171 2172 2173 2174 -1 2175 2176 2177 2178 -1 2179 2180 2181 2182 -1 2183 2184 2185 2186 -1 2187 2188 2189 2190 -1 2191 2192 2193 2194 -1 2195 2196 2197 2198 -1 2199 2200 2201 2202 -1 2203 2204 2205 2206 -1 2207 2208 2209 2210 -1 2211 2212 2213 2214 -1 2215 2216 2217 2218 -1 2219 2220 2221 2222 -1 2223 2224 2225 2226 -1 2227 2228 2229 2230 -1 2231 2232 2233 2234 -1 2235 2236 2237 2238 -1 2239 2240 2241 2242 -1 2243 2244 2245 2246 -1 2247 2248 2249 2250 -1 2251 2252 2253 2254 -1 2255 2256 2257 2258 -1 2259 2260 2261 2262 -1 2263 2264 2265 2266 -1 2267 2268 2269 2270 -1 2271 2272 2273 2274 -1 2275 2276 2277 2278 -1 2279 2280 2281 2282 -1 2283 2284 2285 2286 -1 2287 2288 2289 2290 -1 2291 2292 2293 2294 -1 2295 2296 2297 2298 -1 2299 2300 2301 2302 -1 2303 2304 2305 2306 -1 2307 2308 2309 2310 -1 2311 2312 2313 2314 -1 2315 2316 2317 2318 -1 2319 2320 2321 2322 -1 2323 2324 2325 2326 -1 2327 2328 2329 2330 -1 2331 2332 2333 2334 -1 2335 2336 2337 2338 -1 2339 2340 2341 2342 -1 2343 2344 2345 2346 -1 2347 2348 2349 2350 -1 2351 2352 2353 2354 -1 2355 2356 2357 2358 -1 2359 2360 2361 2362 -1 2363 2364 2365 2366 -1 2367 2368 2369 2370 -1 2371 2372 2373 2374 -1 2375 2376 2377 2378 -1 2379 2380 2381 2382 -1 2383 2384 2385 2386 -1 2387 2388 2389 2390 -1 2391 2392 2393 2394 -1 2395 2396 2397 2398 -1 2399 2400 2401 2402 -1 2403 2404 2405 2406 -1 2407 2408 2409 2410 -1 2411 2412 2413 2414 -1 2415 2416 2417 2418 -1 2419 2420 2421 2422 -1 2423 2424 2425 2426 -1 2427 2428 2429 2430 -1 2431 2432 2433 2434 -1 2435 2436 2437 2438 -1 2439 2440 2441 2442 -1 2443 2444 2445 2446 -1 2447 2448 2449 2450 -1 2451 2452 2453 2454 -1 2455 2456 2457 2458 -1 2459 2460 2461 -1 2462 2463 2464 -1 2465 2466 2467 2468 -1 2469 2470 2471 2472 -1 2473 2474 2475 2476 -1 2477 2478 2479 2480 -1 2481 2482 2483 2484 -1 2485 2486 2487 2488 -1 2489 2490 2491 2492 -1 2493 2494 2495 2496 -1 2497 2498 2499 2500 -1 2501 2502 2503 2504 -1 2505 2506 2507 2508 -1 2509 2510 2511 2512 -1 2513 2514 2515 2516 -1 2517 2518 2519 2520 -1 2521 2522 2523 2524 -1 2525 2526 2527 2528 -1 2529 2530 2531 2532 -1 2533 2534 2535 2536 -1 2537 2538 2539 2540 -1 2541 2542 2543 2544 -1 2545 2546 2547 2548 -1 2549 2550 2551 2552 -1 2553 2554 2555 2556 -1 2557 2558 2559 2560 -1 2561 2562 2563 2564 -1 2565 2566 2567 2568 -1 2569 2570 2571 2572 -1 2573 2574 2575 2576 -1 2577 2578 2579 2580 -1 2581 2582 2583 2584 -1 2585 2586 2587 2588 -1 2589 2590 2591 2592 -1 2593 2594 2595 2596 -1 2597 2598 2599 2600 -1 2601 2602 2603 2604 -1 2605 2606 2607 2608 -1 2609 2610 2611 2612 -1 2613 2614 2615 2616 -1 2617 2618 2619 2620 -1 2621 2622 2623 2624 -1 2625 2626 2627 -1 2628 2629 2630 -1 2631 2632 2633 2634 -1 2635 2636 2637 2638 -1 2639 2640 2641 2642 -1 2643 2644 2645 2646 -1 2647 2648 2649 2650 -1 2651 2652 2653 2654 -1 2655 2656 2657 2658 -1 2659 2660 2661 2662 -1 2663 2664 2665 2666 -1 2667 2668 2669 2670 -1 2671 2672 2673 2674 -1 2675 2676 2677 2678 -1 2679 2680 2681 2682 -1 2683 2684 2685 2686 -1 2687 2688 2689 2690 -1 2691 2692 2693 2694 -1 2695 2696 2697 2698 -1 2699 2700 2701 2702 -1 2703 2704 2705 2706 -1 2707 2708 2709 2710 -1 2711 2712 2713 2714 -1 2715 2716 2717 2718 -1 2719 2720 2721 2722 -1 2723 2724 2725 2726 -1 2727 2728 2729 2730 -1 2731 2732 2733 2734 -1 2735 2736 2737 2738 -1 2739 2740 2741 2742 -1 2743 2744 2745 2746 -1 2747 2748 2749 2750 -1 2751 2752 2753 2754 -1 2755 2756 2757 2758 -1 2759 2760 2761 2762 -1 2763 2764 2765 2766 -1 2767 2768 2769 2770 -1 2771 2772 2773 2774 -1 2775 2776 2777 2778 -1 2779 2780 2781 2782 -1 2783 2784 2785 2786 -1 2787 2788 2789 2790 -1 2791 2792 2793 2794 -1 2795 2796 2797 2798 -1 2799 2800 2801 2802 -1 2803 2804 2805 2806 -1 2807 2808 2809 -1 2810 2811 2812 2813 -1 2814 2815 2816 2817 -1 2818 2819 2820 2821 -1 2822 2823 2824 2825 -1 2826 2827 2828 2829 -1 2830 2831 2832 -1 2833 2834 2835 2836 2837 2838 2839 2840 2841 2842 2843 2844 2845 2846 2847 2848 2849 2850 2851 2852 2853 2854 2855 2856 2857 2858 2859 2860 2861 2862 2863 2864 2865 2866 2867 2868 2869 2870 2871 2872 2873 2874 2875 2876 2877 2878 2879 2880 2881 2882 2883 2884 2885 2886 2887 2888 2889 2890 2891 2892 2893 2894 2895 2896 2897 2898 2899 2900 2901 2902 2903 2904 2905 2906 2907 2908 2909 2910 2911 2912 2913 2914 2915 2916 2917 2918 2919 2920 2921 2922 2923 2924 2925 2926 2927 2928 2929 2930 2931 2932 2933 2934 2935 2936 2937 2938 2939 2940 2941 2942 2943 2944 2945 2946 2947 2948 2949 2950 2951 2952 2953 2954 2955 2956 2957 2958 2959 2960 2961 2962 2963 2964 2965 2966 2967 2968 2969 2970 2971 2972 2973 2974 2975 2976 2977 2978 2979 2980 2981 2982 2983 2984 2985 2986 2987 2988 2989 2990 2991 2992 2993 2994 2995 2996 2997 2998 2999 3000 3001 3002 3003 3004 3005 3006 3007 3008 3009 3010 3011 3012 3013 3014 3015 3016 3017 3018 3019 3020 3021 3022 3023 3024 3025 3026 3027 3028 3029 3030 3031 3032 3033 3034 3035 3036 3037 3038 3039 3040 3041 3042 3043 3044 3045 3046 3047 3048 3049 3050 3051 3052 3053 3054 3055 3056 3057 3058 3059 3060 3061 3062 3063 3064 3065 3066 3067 3068 3069 3070 3071 3072 3073 3074 3075 3076 3077 3078 3079 3080 3081 3082 3083 3084 3085 3086 3087 3088 3089 3090 3091 3092 3093 3094 3095 3096 3097 3098 3099 3100 3101 3102 3103 3104 3105 3106 3107 3108 3109 3110 3111 3112 3113 3114 3115 3116 3117 3118 3119 3120 3121 3122 3123 3124 3125 3126 3127 3128 3129 3130 3131 -1 3132 3133 3134 3135 3136 3137 3138 3139 3140 3141 3142 3143 3144 3145 3146 3147 3148 3149 3150 3151 3152 3153 3154 3155 3156 3157 3158 3159 3160 3161 3162 3163 3164 3165 3166 3167 3168 3169 3170 3171 3172 3173 3174 3175 3176 3177 3178 3179 3180 3181 3182 3183 3184 3185 3186 3187 3188 3189 3190 3191 3192 3193 3194 3195 3196 3197 3198 3199 3200 3201 3202 3203 3204 3205 3206 3207 3208 3209 3210 3211 3212 3213 3214 3215 3216 3217 3218 3219 -1 3220 3221 3222 3223 3224 3225 3226 3227 3228 3229 3230 3231 3232 3233 3234 3235 3236 3237 -1 3238 3239 3240 3241 3242 3243 3244 3245 3246 3247 -1 "
						                coordIndex="0 19 9 4 -1 19 472 7 9 -1 12 17 19 0 -1 17 481 472 19 -1 474 476 481 17 -1 13 474 17 12 -1 0 4 15 12 -1 16 13 22 25 -1 21 23 30 27 -1 12 15 23 21 -1 13 12 21 22 -1 53 50 39 45 -1 29 22 34 -1 29 34 37 -1 25 22 29 31 -1 70 68 60 57 -1 22 21 33 34 -1 51 48 41 43 -1 21 27 36 33 -1 43 41 113 116 -1 41 46 119 113 -1 48 54 46 41 -1 50 55 42 39 -1 54 53 45 46 -1 37 36 53 54 -1 27 30 55 50 -1 29 37 54 48 -1 31 29 48 51 -1 36 27 50 53 -1 62 58 76 80 -1 72 70 57 58 -1 73 72 58 62 -1 68 73 62 60 -1 36 37 67 63 -1 37 34 66 67 -1 34 33 64 66 -1 33 36 63 64 -1 63 67 73 68 -1 67 66 72 73 -1 66 64 70 72 -1 64 63 68 70 -1 80 76 82 86 -1 60 62 80 78 -1 57 60 78 75 -1 58 57 75 76 -1 81 84 90 87 -1 78 80 86 84 -1 78 84 96 93 -1 76 75 81 82 -1 87 90 108 105 -1 82 81 87 88 -1 86 82 88 92 -1 84 86 92 90 -1 98 95 101 104 -1 84 81 98 96 -1 81 75 95 98 -1 75 78 93 95 -1 101 99 102 104 -1 96 98 104 102 -1 93 96 102 99 -1 95 93 99 101 -1 106 105 108 109 -1 88 87 105 106 -1 92 88 106 109 -1 90 92 109 108 -1 119 117 126 128 -1 117 111 121 126 -1 45 39 111 117 -1 46 45 117 119 -1 39 42 114 111 -1 121 123 125 122 -1 145 142 129 132 -1 111 114 123 121 -1 113 119 128 122 -1 116 113 122 125 -1 167 166 150 152 -1 146 145 132 134 -1 142 143 131 129 -1 143 146 134 131 -1 122 128 139 140 -1 121 122 140 136 -1 128 126 137 139 -1 126 121 136 137 -1 140 139 146 143 -1 136 140 143 142 -1 139 137 145 146 -1 137 136 142 145 -1 1808 148 149 152 150 1296 1295 1294 1301 1377 1434 1438 1463 1447 1448 1460 1461 1560 1493 1492 1504 1502 1511 1509 1525 1524 1522 1531 1527 1528 1551 1549 1538 1533 1534 1542 1546 1543 1578 1580 1588 1590 1592 1595 1596 1597 1631 1672 1670 1668 1666 1625 1623 1621 1619 1617 1615 1612 1611 1608 1609 1610 1613 1614 1616 1618 1620 1622 1624 1665 1667 1669 1671 1673 1674 1675 1676 1677 1678 1679 1680 1681 1682 1683 1684 1685 1686 1687 1689 1691 1694 1696 1698 1700 1702 1704 1706 1709 1712 1714 1862 1865 1867 1869 1870 1871 1872 1873 1874 1875 1846 1817 1801 1802 1803 1804 1805 1806 1807 -1 169 167 152 149 -1 170 169 149 148 -1 176 159 154 171 -1 171 173 158 157 -1 174 162 158 173 -1 2097 2095 2096 2168 2070 2071 2072 2073 2067 2065 2066 2068 2069 2074 2062 2063 2064 2075 2076 2077 2078 2079 2058 2060 2061 2090 2091 2092 2093 2094 2040 2042 2048 2047 2046 2045 2022 2021 2020 2019 2018 2017 2016 2015 2014 2013 2012 2011 2010 2009 2008 2007 2006 2005 2004 2003 2002 2001 2000 1999 1998 1997 1996 1995 1994 1993 1992 1991 1990 1989 1968 1966 1967 1979 1955 1956 1957 1961 1950 1951 1952 1953 1954 1978 1965 1963 1964 1972 1969 1970 1971 1973 1983 1984 1982 1980 1981 1988 1987 1985 1986 1974 1975 1976 1977 1958 1959 1960 1962 1941 1937 1938 1939 1940 1934 1932 1933 1935 1936 1942 1927 1928 1929 1930 1931 1943 1944 1945 1920 1921 1923 1924 1919 1926 1912 1916 1949 1948 1947 1894 1893 1892 1886 1885 1884 1883 1881 1880 1882 161 157 158 162 2156 2155 2157 2158 2152 2150 2151 2153 2154 2159 2147 2148 2149 2160 2161 2162 2163 2164 2138 2139 2140 2141 2142 2143 2144 2145 2146 2133 2134 2137 2167 2166 2121 2120 2129 2128 2127 2126 2125 2124 2123 2105 2098 2099 2100 2102 2101 2103 -1 2029 2041 2039 2038 2037 2036 2034 2033 2035 2059 2053 2052 2050 2049 2051 2057 2055 2054 2056 2081 2080 2082 2083 2084 2085 2086 2087 2088 2089 2043 2025 2024 2023 2044 2028 2027 2026 2032 2031 2030 -1 1898 1909 1903 1902 1904 1908 1906 1905 1907 1946 1914 1913 1915 1910 1911 1925 1917 1918 1922 2333 1890 1888 1887 1889 1891 1896 1895 1897 1901 1900 1899 -1 2109 2119 2115 2114 2113 2122 2117 2116 2118 2165 2136 2135 2131 2130 2132 2104 2108 2107 2106 2112 2111 2110 -1 159 164 155 154 -1 132 129 164 159 -1 2759 2760 2786 2787 2788 2789 2790 2791 2792 2793 2794 2795 2796 2797 2798 2842 2834 2962 2963 2964 2965 2848 2849 2874 2877 2922 2925 2927 2931 2932 2857 2855 2856 2870 2867 2866 2862 2860 2861 2933 2863 2864 2865 2868 2869 2871 2858 2859 2852 2853 2854 2879 2845 2843 2844 2850 2851 2934 2972 2971 2968 2967 2825 2824 2823 2829 2817 2816 2815 2835 2810 2809 2811 2812 2804 2803 2805 2806 2807 2813 2814 2969 2970 2973 2974 2975 2976 2977 2978 2979 2831 2830 2827 2826 2820 2821 2822 2828 2818 2819 2102 2100 2935 2899 2896 2880 2893 3003 3005 2999 3000 3039 3040 3041 3042 3029 3028 3032 3033 3034 3036 3037 3057 3058 3059 3060 3043 3044 3047 3049 3050 3051 3052 3053 3054 3055 3083 3082 3086 3087 3090 3091 3093 3094 3098 3163 3099 3100 3081 3079 3080 3164 3165 3166 3167 3168 3169 3170 3171 3172 3173 3174 3175 3176 3177 3178 3179 3180 3181 3182 3183 3184 3185 3186 3187 3188 3189 3190 3067 3068 3069 2156 162 148 1808 2256 2257 2258 2259 2260 2261 2262 2263 2264 2265 2266 2267 2268 2269 2270 2271 2272 2273 2252 2253 2254 2255 3119 3120 3121 3122 3123 3124 3125 3126 3127 3128 3129 3130 3131 3132 3116 3117 3115 3113 3114 3118 3110 3108 3109 3111 3112 3133 3104 3105 3106 3107 3101 3102 3103 3155 3154 3153 3152 3151 3150 3149 3148 3147 3146 3145 3144 3143 3142 3141 3140 3139 3138 3137 3136 3134 3135 3097 3096 3095 3092 3089 3088 3085 3084 3162 3161 3160 3159 3158 3156 3157 3035 3031 3030 3038 3056 3204 3203 2892 2894 2895 2886 2882 2881 2888 2889 2890 2891 2930 2929 2928 2926 2924 2923 2921 2878 2876 2875 2873 2872 2847 2846 2952 2954 2956 2957 2958 2959 2960 2961 2833 2832 2836 2837 2838 2839 2840 2808 2799 2800 2802 2801 2841 2785 2784 2783 2782 2781 2780 2779 2777 2775 2773 2771 2769 2766 2765 2955 2953 2951 2950 2949 2948 2947 2946 2945 2944 2943 2942 2731 2729 2728 2725 2723 2721 2720 2740 2739 2756 2755 2754 2305 2304 2303 2302 2301 2300 2299 2298 2240 2239 2238 2237 2236 2201 2200 2199 2198 2197 2196 2195 2194 2193 2192 2191 2190 2189 2188 2187 2186 2185 2183 2182 2181 2180 2179 2178 2177 2176 2175 2174 2173 2172 2171 2170 2184 1296 150 161 1882 2310 2312 2311 2169 2334 2390 2391 2392 2514 2515 2516 2517 2518 2519 2520 2521 2522 2523 2524 2525 2526 2527 2528 2529 2530 2432 2433 2436 2438 2440 2441 2457 2458 2461 2462 2464 2465 2467 2468 2469 2470 2472 2473 2475 2476 2477 2478 2479 2480 2482 2483 2485 2486 2487 2488 2489 2491 2492 2494 2495 2496 2552 2497 2498 2499 2500 2501 2502 2503 2504 2505 2506 2507 2508 2509 2510 2511 2512 2513 2455 2454 2449 2450 2445 2430 2431 1974 1986 2448 2447 2451 2452 2453 2456 2534 2535 2531 2532 2533 2539 2536 2537 2538 2638 2639 2640 2584 2583 2579 2580 2566 2567 2568 2577 2573 2574 2575 2632 2587 2585 2586 2597 2593 2591 2592 2609 2598 2599 2600 2606 2604 2605 2601 2602 2603 2642 2081 2056 2753 2752 2751 2750 2749 2748 2747 2746 2745 2744 2743 2738 2737 2672 2671 2670 2637 2636 2635 2634 2633 2631 2630 2641 2618 2619 2620 2627 2624 2625 2621 2622 2623 2742 2648 2647 2646 2650 2654 2652 2651 2655 2669 2668 2666 2665 2736 2735 2734 2693 2690 2689 2688 2719 2715 2714 2704 2712 2709 2710 2708 2966 2706 2705 2707 2711 2702 2701 2703 2713 2698 2697 2699 2700 2695 2694 2696 2718 2685 2684 2686 2682 2674 2673 2675 2677 2678 2691 2692 2733 2662 2660 2661 2663 2664 2667 2658 2659 2657 2656 2653 2649 2643 2741 2615 2616 2610 2611 2629 2608 2589 2590 2596 2569 2572 2564 2565 2559 2560 2562 2556 2554 2557 2582 2548 2550 2549 2551 2545 2546 2543 2553 2542 2540 2541 2544 2547 2581 2555 2561 2558 2578 2563 2576 2570 2571 2595 2594 2588 2607 2628 2614 2612 2613 2617 2626 2644 2645 2722 2724 2726 2727 2730 2732 2676 2687 2679 2680 2681 2683 2716 2717 2767 2768 2770 2772 2774 2776 2778 2763 2762 2764 2758 2757 -1 2205 2231 2230 2229 2228 2227 2225 2224 2221 2219 2217 2215 2309 2308 2307 2306 2285 2284 2286 2287 2288 2289 2290 2291 2292 2293 2294 2295 2296 2297 2246 2245 2242 1571 1300 2274 2275 2276 2277 2278 2279 2280 2281 2282 2283 2232 2233 2234 2235 2214 2213 2216 2218 2220 2222 2223 2226 2211 2210 2203 2202 2204 2212 2209 2208 2207 2206 -1 2249 1861 1487 2241 2243 2244 2248 2247 2250 2251 -1 2393 2368 2367 2369 2371 2370 2372 2365 2364 2366 2373 2362 2361 2363 2396 2397 2400 2401 2404 2405 2407 2335 2336 2337 2338 2339 2340 2341 2342 2343 2344 2345 2346 2347 2348 2349 2350 2351 2352 2353 2354 2355 2356 2357 2358 2321 2322 2323 2324 2325 2326 2327 2328 2329 2330 2331 2332 2316 2317 2318 2319 2314 2313 2315 2320 2333 1922 2360 2359 2417 2416 2415 2414 2413 2412 2410 2409 2384 2383 2385 2389 2388 2387 2386 2446 2420 2419 2418 2426 2423 2422 2421 2425 2424 2444 2427 2429 2428 2493 2490 2484 2481 2474 2471 2466 2463 2460 2459 2443 2442 2439 2437 2435 2434 2411 2408 2406 2403 2402 2399 2398 2395 2394 2378 2377 2379 2381 2380 2382 2376 2375 2374 -1 2990 3004 2987 2986 2988 2989 2984 2983 2985 3008 3009 3011 3013 3014 3061 3062 3063 3064 2897 2898 2900 2901 2902 2903 2904 2905 2906 2907 2908 2909 2910 2911 2912 2913 2914 2915 2936 2937 2938 2939 2940 2941 2917 2916 2919 2920 2883 2885 2884 2887 2104 2132 2918 3205 2981 2980 2982 3078 3077 3076 3075 3074 3073 3072 3071 3070 3065 3066 3202 3201 3200 3199 3198 3197 3196 3195 3194 3193 3192 3191 3025 3024 3022 3021 3023 3026 3020 3019 3018 3027 3017 3016 3015 3048 3046 3045 3012 3010 3007 3006 3002 3001 2995 2994 2993 2997 2996 2998 2992 2991 -1 170 148 162 174 -1 166 132 159 176 -1 150 166 176 161 -1 129 170 174 164 -1 164 174 173 155 -1 154 155 173 171 -1 161 176 171 157 -1 129 131 169 170 -1 131 134 167 169 -1 134 132 166 167 -1 1334 1332 1331 1333 1339 1341 1343 1311 1312 1313 1314 1315 1316 1317 1318 1319 1320 1321 1322 1323 1324 1325 1326 1327 1328 1329 1330 1302 1303 1304 1305 1306 1307 1308 1309 1310 1297 1298 1299 1300 1571 1471 1424 1423 1422 1421 1420 1419 1418 1417 1416 1415 1414 1413 1412 1411 1410 1408 1406 1404 1401 1400 1398 1397 1396 1395 1352 1351 1350 1349 1348 1347 1346 1345 1344 1342 1340 1338 1337 1336 1335 -1 177 4 9 184 -1 184 9 7 179 -1 180 177 184 183 -1 183 184 179 508 -1 182 183 508 506 -1 501 180 183 182 -1 177 180 15 4 -1 16 25 188 501 -1 187 189 30 23 -1 180 187 23 15 -1 501 188 187 180 -1 208 202 199 206 -1 191 194 188 -1 191 197 194 -1 25 31 191 188 -1 224 210 214 223 -1 188 194 192 187 -1 51 43 200 205 -1 187 192 196 189 -1 43 116 267 200 -1 200 267 270 203 -1 205 200 203 209 -1 206 199 42 55 -1 209 203 202 208 -1 197 209 208 196 -1 189 206 55 30 -1 191 205 209 197 -1 31 51 205 191 -1 196 208 206 189 -1 215 233 230 212 -1 225 212 210 224 -1 227 215 212 225 -1 223 214 215 227 -1 196 217 221 197 -1 197 221 219 194 -1 194 219 218 192 -1 192 218 217 196 -1 217 223 227 221 -1 221 227 225 219 -1 219 225 224 218 -1 218 224 223 217 -1 233 239 236 230 -1 214 231 233 215 -1 210 229 231 214 -1 212 230 229 210 -1 235 241 244 237 -1 231 237 239 233 -1 231 246 249 237 -1 230 236 235 229 -1 241 258 261 244 -1 236 242 241 235 -1 239 245 242 236 -1 237 244 245 239 -1 251 257 254 248 -1 237 249 251 235 -1 235 251 248 229 -1 229 248 246 231 -1 254 257 255 252 -1 249 255 257 251 -1 246 252 255 249 -1 248 254 252 246 -1 260 263 261 258 -1 242 260 258 241 -1 245 263 260 242 -1 244 261 263 245 -1 270 275 274 268 -1 268 274 271 264 -1 202 268 264 199 -1 203 270 268 202 -1 199 264 114 42 -1 271 272 125 123 -1 292 280 277 289 -1 264 271 123 114 -1 267 272 275 270 -1 116 125 272 267 -1 314 299 298 313 -1 294 282 280 292 -1 289 277 278 291 -1 291 278 282 294 -1 272 288 286 275 -1 271 283 288 272 -1 275 286 285 274 -1 274 285 283 271 -1 288 291 294 286 -1 283 289 291 288 -1 286 294 292 285 -1 285 292 289 283 -1 295 298 299 296 -1 316 296 299 314 -1 317 295 296 316 -1 323 319 301 307 -1 319 304 305 320 -1 322 320 305 310 -1 310 305 304 308 -1 307 301 302 312 -1 280 307 312 277 -1 295 310 308 298 -1 317 322 310 295 -1 313 323 307 280 -1 298 308 323 313 -1 277 312 322 317 -1 312 302 320 322 -1 301 319 320 302 -1 308 304 319 323 -1 277 317 316 278 -1 278 316 314 282 -1 282 314 313 280 -1 326 351 392 394 -1 357 351 326 334 -1 353 356 333 327 -1 356 357 334 333 -1 333 334 348 347 -1 327 333 347 339 -1 334 326 341 348 -1 348 341 342 350 -1 367 362 342 359 -1 341 361 384 380 -1 344 359 389 386 -1 364 367 359 344 -1 338 336 357 356 -1 330 338 356 353 -1 336 328 351 357 -1 328 346 398 400 -1 367 364 371 372 -1 350 342 362 -1 350 362 363 -1 369 368 372 371 -1 364 331 369 371 -1 331 355 368 369 -1 355 367 372 368 -1 377 376 374 379 -1 362 367 379 374 -1 367 355 377 379 -1 383 382 380 384 -1 361 359 383 384 -1 359 342 382 383 -1 342 341 380 382 -1 386 389 391 388 -1 359 361 391 389 -1 346 344 386 388 -1 361 346 388 391 -1 397 395 394 392 -1 361 341 395 397 -1 341 326 394 395 -1 351 361 397 392 -1 398 401 402 400 -1 351 328 400 402 -1 361 351 402 401 -1 346 361 401 398 -1 404 460 459 420 -1 426 409 404 420 -1 421 406 407 425 -1 425 407 409 426 -1 407 415 417 409 -1 406 411 415 407 -1 409 417 412 404 -1 417 418 414 412 -1 433 427 414 431 -1 412 447 451 429 -1 344 453 456 427 -1 364 344 427 433 -1 338 425 426 336 -1 330 421 425 338 -1 336 426 420 328 -1 328 466 465 346 -1 433 440 438 364 -1 418 432 431 -1 418 431 414 -1 437 438 440 435 -1 364 438 437 331 -1 331 437 435 423 -1 423 435 440 433 -1 444 445 441 442 -1 431 441 445 433 -1 433 445 444 423 -1 450 451 447 448 -1 429 451 450 427 -1 427 450 448 414 -1 414 448 447 412 -1 453 454 457 456 -1 427 456 457 429 -1 346 454 453 344 -1 429 457 454 346 -1 463 459 460 462 -1 429 463 462 412 -1 412 462 460 404 -1 420 459 463 429 -1 465 466 470 468 -1 420 470 466 328 -1 429 468 470 420 -1 346 465 468 429 -1 503 529 534 515 -1 511 526 525 496 -1 519 520 522 517 -1 511 517 522 516 -1 526 528 523 525 -1 496 525 523 504 -1 504 523 528 516 -1 516 528 526 511 -1 533 534 529 531 -1 515 534 533 516 -1 516 533 531 504 -1 504 531 529 503 -1 536 537 540 539 -1 516 539 540 515 -1 546 541 543 545 -1 515 546 545 503 -1 327 339 13 2 -1 348 350 481 476 -1 347 348 476 474 -1 339 347 474 13 -1 353 327 2 477 -1 350 363 481 -1 411 406 498 501 -1 418 417 506 508 -1 417 415 182 506 -1 415 411 501 182 -1 406 421 510 498 -1 432 418 508 -1 1353 1359 1354 1358 1393 1394 1362 1363 1368 1370 1371 1373 1366 1390 1391 1392 1385 1386 1387 1399 1402 1403 1405 1407 1409 1427 1428 1430 1432 1441 1442 1443 1444 1445 1446 1465 1466 1467 1468 1563 1564 1565 1566 1567 1568 1569 1570 1469 1470 1472 1473 1474 1475 1476 1477 1478 1479 1480 1481 1482 1483 1484 1485 1459 1457 1453 1451 1452 1456 1455 1454 1458 1501 1500 1499 1498 1497 1496 1491 1490 1489 1488 1486 1519 1520 1521 1517 1516 1514 1513 1508 1506 1553 1554 1555 1556 1557 1558 1559 1878 1879 1632 1630 1628 1626 1639 1637 1635 1633 1661 1663 1641 1642 1654 1649 1645 1646 1876 1877 1726 1729 1731 1733 1735 1737 1767 1769 1771 1773 1775 1744 1745 1747 1749 1758 1760 1763 1765 1753 1752 1751 1750 1754 1756 1755 1764 1762 1761 1759 1757 1748 1746 1743 1742 1774 1772 1770 1768 1766 1736 1734 1732 1730 1728 1727 1849 1848 1847 1844 1845 1653 1652 1651 1662 1660 1659 1658 1657 1656 1724 1723 1722 1721 1720 1719 1718 1717 1868 1866 1864 1863 1716 1715 1713 1711 1710 1708 1707 1705 1703 1701 1699 1697 1695 1693 1692 1690 1688 1607 1606 1605 1604 1603 1602 1601 1600 1599 1598 1585 1584 1583 1587 1586 1594 1593 1591 1589 1582 1581 1579 1577 1544 1545 1547 1540 1541 1548 1535 1536 1537 1539 1550 1529 1530 1532 1523 1526 1552 1510 1512 1515 1503 1505 1518 1494 1495 1561 1562 1462 1449 1450 1464 1439 1440 1435 1433 1436 1437 1431 1429 1426 1425 1572 1573 1574 1575 1576 1378 1375 1376 1384 1383 1382 1381 1379 1380 1365 1364 1374 1372 1369 1367 1361 1360 1388 1389 1357 1356 1355 -1 1796 1795 1794 1818 1825 1826 1827 1828 1829 1830 1831 1832 1833 1778 1780 1782 1784 1786 1788 1789 1791 1792 1776 1777 1738 1739 1740 1741 1850 1851 1647 1648 1650 1655 1643 1644 1664 1634 1636 1638 1640 1725 1627 1629 1507 1487 1861 1860 1859 1858 1857 1856 1855 1854 1853 1852 1843 1842 1841 1840 1839 1838 1837 1836 1835 1834 1793 1790 1787 1785 1783 1781 1779 1824 1823 1822 1821 1820 1819 1816 1815 1814 1813 1812 1811 1810 1809 1799 -1 442 441 431 432 508 179 7 472 481 363 362 374 376 377 355 331 423 444 -1 13 16 501 498 510 421 330 353 477 2 -1 "
						                >
							<Coordinate DEF="coords_ME_Body"
							            point="-0.335287 0.679101 10.675322 -1.599637 0.360660 0.052374 -0.187542 -0.475078 10.794710 -1.598688 0.362209 0.052374 0.000000 0.923711 10.612711 -1.597957 0.363915 0.052374 -1.597434 0.365764 0.052374 0.000000 1.127350 12.157978 -1.597110 0.367743 0.052374 0.000000 1.479037 11.728484 -1.596977 0.369836 0.052374 -1.597026 0.372030 0.052374 -0.447822 0.333333 10.593010 -0.339912 -0.227199 10.701586 -1.597248 0.374310 0.052374 -0.000000 0.562865 10.646822 0.000000 -0.333333 10.738774 -0.987394 0.333333 11.703272 -1.597634 0.376662 0.052374 -0.836119 0.861332 11.703275 -1.598862 0.381525 0.052374 -0.547144 0.441892 10.110667 -0.709752 -0.492939 10.283176 -0.000000 0.626756 10.115794 -1.600638 0.386503 0.052374 -0.000000 -0.599073 10.212362 -1.602892 0.391483 0.052374 -0.610775 0.947530 9.596924 -1.605552 0.396350 0.052374 -0.593730 -0.947092 9.669861 -0.000000 1.013966 9.543771 0.000000 -0.698293 9.555638 -1.608547 0.400990 0.052374 -1.614580 0.489309 9.919265 -1.817906 -0.482883 10.034197 -1.611806 0.405288 0.052374 -1.024898 0.307738 9.642086 -1.154335 -0.610631 9.782653 -1.615257 0.409130 0.052374 -0.594926 0.369711 6.735324 -1.618829 0.412401 0.052374 -0.161297 -0.865745 7.024152 0.000000 0.388699 6.581953 0.000000 -0.817804 7.015316 -1.620638 0.413787 0.052374 -0.990287 0.241604 7.061333 -0.980720 -0.565157 7.151101 -1.622451 0.414987 0.052374 -0.613087 -0.786295 8.549238 -1.624259 0.415987 0.052374 -0.639033 0.729995 8.411124 0.000000 -0.827249 8.458961 -1.626052 0.416773 0.052374 -0.979734 0.389245 8.567813 -0.971290 -0.602808 8.669285 -0.000000 0.746252 8.370226 -1.627822 0.417331 0.052374 -2.257675 0.177809 6.708739 -2.354027 -0.184879 6.670154 -1.629560 0.417645 0.052374 -1.953358 0.139100 6.619205 -1.631256 0.417703 0.052374 -1.994551 -0.228050 6.588412 -1.533268 0.183649 8.223577 -1.923093 0.277050 8.360010 -1.632903 0.417489 0.052374 -2.071188 -0.346277 8.422660 -1.604996 -0.363850 8.284378 -1.601463 0.270385 7.819277 -1.632949 0.379702 0.052374 -2.042248 0.368465 7.966884 -1.631548 0.376449 0.052374 -2.194793 -0.286936 7.998500 -1.675066 -0.342150 7.878649 -1.630206 0.373388 0.052374 -2.416245 0.444212 6.360926 -2.447001 -0.311100 6.324852 -1.628918 0.370517 0.052374 -2.059987 0.363599 6.290236 -1.627683 0.367835 0.052374 -2.042686 -0.401005 6.260951 -2.496474 0.486796 5.860728 -2.598535 -0.283367 5.843032 -1.626495 0.365339 0.052374 -2.155502 0.406182 5.802270 -1.625352 0.363027 0.052374 -2.209505 -0.373272 5.791363 -2.496968 0.358166 5.400893 -2.541935 -0.141687 5.358912 -1.624249 0.360898 0.052374 -2.375010 0.304818 5.353592 -1.623184 0.358948 0.052374 -2.395593 -0.201184 5.323479 -2.085978 0.523233 6.061620 -1.622153 0.357176 0.052374 -2.344058 0.588743 6.191331 -2.199046 0.558676 5.710020 -1.621152 0.355580 0.052374 -2.457127 0.624186 5.839731 -2.136654 0.758134 5.682326 -1.619227 0.352907 0.052374 -2.305021 0.809699 5.714236 -2.237637 0.698204 5.518761 -1.617380 0.350912 0.052374 -2.406005 0.749768 5.550670 -2.504990 0.236758 5.274098 -2.528781 -0.027705 5.251888 -1.615584 0.349577 0.052374 -2.440465 0.208533 5.249073 -2.451355 -0.059184 5.233140 -1.614697 0.349152 0.052374 -0.619062 0.516951 5.870440 -1.613811 0.348886 0.052374 -0.326603 -1.034748 6.303755 0.000000 0.543701 5.899880 -1.612923 0.348777 0.052374 0.000000 -0.851618 6.283624 -1.289075 0.336473 6.185413 -1.612031 0.348823 0.052374 -1.275596 -0.733305 6.297035 -1.611129 0.349020 0.052374 -0.222323 0.604387 5.619613 -0.160931 -0.762968 5.786178 0.000000 0.484936 5.316837 -1.610216 0.349369 0.052374 0.000000 -0.804434 5.617440 -1.335965 0.393517 5.648268 -1.608339 0.350508 0.052374 -1.320217 -0.665522 5.736268 -1.337926 0.197156 0.554197 -1.606371 0.352224 0.052374 -1.013799 -0.590355 0.939649 -1.947689 -0.144572 0.555024 -1.604283 0.354499 0.052374 -1.686532 -0.744415 0.940476 -1.602048 0.357317 0.052374 -0.882860 0.497545 3.853721 -1.374861 0.404398 3.861011 -1.635080 0.416955 0.052374 -1.655700 -0.680686 3.951058 -0.573283 -0.787795 3.935023 -1.636966 0.416307 0.052374 -0.869155 0.189553 3.293018 -0.859049 -0.794931 3.355978 -1.638563 0.415516 0.052374 -1.663742 0.039133 3.299215 -1.653636 -0.716312 3.362175 -1.639870 0.414556 0.052374 -1.214194 0.154227 0.012987 -0.992960 -0.823624 0.012987 -2.013532 -0.187501 0.012987 -1.640886 0.413397 0.052374 -1.586859 -0.927374 0.012987 -1.641613 0.412014 0.052374 -2.306558 0.601071 0.514207 -1.696796 0.942798 0.513380 -1.642051 0.410378 0.052374 -2.477407 0.763740 0.012987 -1.608118 1.128196 0.012987 -2.088271 0.242385 0.598548 -1.642198 0.408461 0.052374 -2.190229 0.176759 0.012987 -1.390892 0.518486 0.012987 -1.642056 0.406236 0.052374 -1.478508 0.584113 0.597721 -1.641623 0.403674 0.052374 -1.993356 -0.178369 0.281089 -1.634160 -0.877992 0.510755 -1.640902 0.400750 0.052374 -0.972703 -0.743359 0.510032 -1.257500 0.178543 0.280225 -2.423007 0.707772 0.242842 -1.639890 0.397433 0.052374 -1.687151 1.064683 0.241978 -1.423189 0.548896 0.337402 -1.638589 0.393698 0.052374 -2.159045 0.191985 0.338266 0.335287 0.679101 10.675322 -1.636998 0.389517 0.052374 0.593764 0.809429 12.411076 0.447822 0.333333 10.593010 -1.635118 0.384861 0.052374 0.987393 -0.333333 11.703273 0.987393 0.333334 11.703273 0.836119 0.861332 11.703274 -1.611651 0.302475 0.052374 -1.655758 0.283634 0.052374 0.547144 0.441892 10.110667 0.709549 -0.492939 10.283067 0.610775 0.947530 9.596923 -1.540320 0.385997 0.052374 0.593730 -0.947092 9.669860 1.614580 0.489309 9.919264 -1.539964 0.379182 0.052374 1.817925 -0.482883 10.034185 -1.540155 0.372687 0.052374 1.024899 0.307737 9.642086 1.154337 -0.610631 9.782653 -1.540913 0.366490 0.052374 0.594927 0.369711 6.735323 0.161297 -0.865745 7.024152 -1.542258 0.360568 0.052374 0.990287 0.241604 7.061333 0.980720 -0.565157 7.151100 -1.544211 0.354897 0.052374 0.613087 -0.786295 8.549238 0.639033 0.729995 8.411124 -1.546793 0.349454 0.052374 0.979734 0.389245 8.567813 0.971290 -0.602808 8.669284 2.257677 0.177807 6.708740 -1.550023 0.344216 0.052374 2.354029 -0.184880 6.670154 -1.551888 0.341667 0.052374 1.953359 0.139098 6.619205 1.994555 -0.228051 6.588412 -1.553922 0.339161 0.052374 1.533269 0.183648 8.223577 1.923094 0.277049 8.360010 2.071188 -0.346278 8.422660 -1.556129 0.336693 0.052374 1.604997 -0.363851 8.284378 -1.558511 0.334263 0.052374 1.601462 0.270384 7.819276 2.042248 0.368465 7.966883 2.194793 -0.286937 7.998500 -1.561070 0.331867 0.052374 1.675065 -0.342151 7.878649 -1.563810 0.329501 0.052374 2.416245 0.444210 6.360926 2.447001 -0.311102 6.324853 2.059987 0.363597 6.290237 -1.566732 0.327164 0.052374 2.042686 -0.401007 6.260952 -1.569839 0.324852 0.052374 2.496474 0.486794 5.860729 2.598535 -0.283369 5.843033 2.155500 0.406181 5.802270 -1.573133 0.322562 0.052374 2.209505 -0.373274 5.791364 -1.576618 0.320291 0.052374 2.496967 0.358164 5.400893 2.541935 -0.141689 5.358912 -1.580296 0.318037 0.052374 2.375010 0.304816 5.353593 2.395594 -0.201187 5.323480 2.085975 0.523232 6.061620 -1.584169 0.315796 0.052374 2.344057 0.588741 6.191331 2.199046 0.558675 5.710019 -1.588240 0.313566 0.052374 2.457127 0.624184 5.839731 2.136656 0.758132 5.682326 -1.592511 0.311344 0.052374 2.305023 0.809697 5.714236 2.237638 0.698202 5.518761 -1.596985 0.309127 0.052374 2.406006 0.749767 5.550669 2.504989 0.236756 5.274099 -1.601665 0.306911 0.052374 2.528782 -0.027707 5.251888 2.440464 0.208530 5.249073 -1.606552 0.304695 0.052374 2.451356 -0.059186 5.233140 0.619062 0.516951 5.870439 -1.668260 0.451844 0.052374 -1.661374 0.454329 0.052374 0.326603 -1.034748 6.303755 1.289075 0.336473 6.185411 -1.654650 0.456511 0.052374 1.275596 -0.733305 6.297034 0.222323 0.604387 5.619612 0.160931 -0.762968 5.786178 -1.648090 0.458390 0.052374 1.335965 0.393517 5.648267 1.320217 -0.665523 5.736267 -1.641697 0.459967 0.052374 1.337926 0.197156 0.554197 1.013799 -0.590355 0.939649 -1.635473 0.461243 0.052374 1.947689 -0.144572 0.555024 -1.629421 0.462219 0.052374 1.686533 -0.744415 0.940475 0.882860 0.497545 3.853720 -1.623543 0.462897 0.052374 1.374861 0.404398 3.861010 1.655700 -0.680687 3.951057 -1.617842 0.463277 0.052374 0.573283 -0.787795 3.935022 0.869156 0.189553 3.293017 -1.612319 0.463361 0.052374 0.859050 -0.794931 3.355978 1.663742 0.039133 3.299214 -1.606978 0.463150 0.052374 1.653636 -0.716312 3.362174 1.214194 0.154227 0.012987 0.992960 -0.823624 0.012987 -1.601821 0.462644 0.052374 2.013532 -0.187501 0.012987 1.586859 -0.927374 0.012987 -1.596850 0.461845 0.052374 2.306558 0.601071 0.514207 1.696796 0.942798 0.513380 -1.592068 0.460754 0.052374 2.477407 0.763739 0.012987 1.608118 1.128195 0.012987 -1.587477 0.459372 0.052374 2.088271 0.242385 0.598548 2.190229 0.176759 0.012987 -1.583079 0.457701 0.052374 1.390892 0.518486 0.012987 -1.578878 0.455740 0.052374 1.478508 0.584113 0.597721 1.993356 -0.178369 0.281089 1.634160 -0.877992 0.510755 -1.574875 0.453492 0.052374 0.972704 -0.743359 0.510032 1.257500 0.178543 0.280225 -1.571074 0.450957 0.052374 2.423007 0.707772 0.242842 1.687151 1.064683 0.241978 -1.567475 0.448137 0.052374 1.423189 0.548896 0.337402 2.159045 0.191985 0.338266 -1.564083 0.445033 0.052374 -1.560899 0.441645 0.052374 -0.422941 -0.656329 12.842704 -0.202880 -0.495216 10.778610 0.000000 -0.849077 13.013130 -1.557925 0.437975 0.052374 0.000000 -0.649348 10.760118 0.000000 1.001874 12.896292 -1.555165 0.434024 0.052374 -0.791471 -0.858518 11.695504 -0.804317 -0.820475 12.363836 -1.552621 0.429793 0.052374 -0.000000 -0.991759 12.361012 -1.550294 0.425283 0.052374 -0.000000 -1.029629 11.748995 -0.361308 -0.239744 10.684708 -1.548188 0.420495 0.052374 -0.646380 -0.341965 13.008001 -0.642391 0.339380 13.014078 -1.546305 0.415431 0.052374 0.000000 0.344277 13.227064 -1.544648 0.410091 0.052374 0.000000 -0.334665 13.229101 -1.013095 -0.346247 11.694746 -1.026268 -0.342710 12.379651 -1.543218 0.404477 0.052374 -1.014727 0.333333 12.394739 -0.204751 -0.758373 12.930807 -1.542018 0.398589 0.052374 -0.096661 -0.578528 10.770211 -1.541052 0.392429 0.052374 -0.232875 0.869116 12.847438 -0.372597 -0.951104 11.724216 -0.379078 -0.913005 12.362315 -1.714537 0.433875 0.052374 -0.293559 0.349623 13.126985 -1.684985 0.358374 0.052374 -0.301199 -0.327006 13.130163 -0.634171 0.336663 13.020235 -1.010922 0.341681 12.395268 0.000000 0.331976 13.229100 -1.709315 0.261657 0.052374 -1.713593 0.257894 0.052374 -0.297962 0.331447 13.131439 -0.196793 1.188332 13.170712 -0.102779 1.232784 13.190442 -1.717574 0.254447 0.052374 -0.100076 1.023681 13.294639 -0.219408 1.023184 13.258031 -1.721186 0.251370 0.052374 -0.578026 0.966181 13.203133 -1.724356 0.248713 0.052374 -0.521110 1.107214 13.121829 -0.408199 1.162806 13.148554 -1.725752 0.247558 0.052374 -0.433565 0.964762 13.253671 -0.621771 0.280109 13.301827 -1.727011 0.246528 0.052374 -0.616300 0.576964 13.289286 -0.457172 0.576798 13.341829 -0.459854 0.280077 13.354978 -1.728123 0.245630 0.052374 -0.161335 0.564928 13.395083 -1.729079 0.244869 0.052374 -0.164851 0.290367 13.409251 -0.296509 0.564767 13.350138 -1.729870 0.244252 0.052374 -0.302389 0.290339 13.363206 -0.409390 -0.400598 13.313217 -1.730487 0.243786 0.052374 -0.558233 -0.345662 13.252160 -0.689551 -0.135596 13.342907 -1.730921 0.243477 0.052374 -0.470296 -0.131725 13.418871 -0.197757 -0.135479 13.465342 -1.731162 0.243332 0.052374 -0.203049 -0.394087 13.377663 -0.358687 -0.137375 13.409822 -0.314388 -0.350794 13.329777 -1.709778 0.328001 0.052374 0.422941 -0.656329 12.842704 -1.707689 0.326835 0.052374 0.202880 -0.495216 10.778610 0.791470 -0.858518 11.695504 -1.705733 0.325544 0.052374 0.804317 -0.820475 12.363836 -1.702222 0.322616 0.052374 0.361308 -0.239744 10.684708 0.646380 -0.341965 13.008001 -1.699246 0.319270 0.052374 0.642391 0.339380 13.014078 1.013094 -0.346247 11.694746 -1.696806 0.315558 0.052374 1.026268 -0.342710 12.379651 1.014727 0.333333 12.394740 -1.694901 0.311533 0.052374 0.204751 -0.758373 12.930807 0.096661 -0.578528 10.770211 -1.693532 0.307248 0.052374 0.232875 0.869115 12.847438 -1.692698 0.302754 0.052374 0.372597 -0.951104 11.724216 0.379078 -0.913005 12.362315 0.293559 0.349622 13.126985 -1.692400 0.298106 0.052374 0.301199 -0.327007 13.130163 -1.692639 0.293356 0.052374 0.634171 0.336663 13.020235 1.010922 0.341680 12.395269 0.297962 0.331447 13.131439 -1.693412 0.288556 0.052374 0.196794 1.188332 13.170712 -1.694722 0.283758 0.052374 0.102779 1.232784 13.190442 0.100076 1.023680 13.294639 -1.696568 0.279016 0.052374 0.219408 1.023184 13.258031 0.578026 0.966180 13.203133 0.521110 1.107214 13.121829 -1.698950 0.274382 0.052374 0.408199 1.162805 13.148554 0.433566 0.964761 13.253671 -1.701869 0.269909 0.052374 0.621771 0.280109 13.301827 0.616300 0.576964 13.289286 -1.705324 0.265650 0.052374 0.457172 0.576798 13.341829 0.459854 0.280077 13.354978 -1.717345 0.356241 0.052374 0.161336 0.564928 13.395083 0.164851 0.290367 13.409251 -1.718288 0.353243 0.052374 0.296509 0.564767 13.350138 0.302389 0.290339 13.363206 -1.719070 0.350501 0.052374 0.409390 -0.400598 13.313217 0.558234 -0.345662 13.252160 -1.719684 0.347997 0.052374 0.689551 -0.135596 13.342907 0.470296 -0.131725 13.418871 -1.720125 0.345711 0.052374 0.197757 -0.135479 13.465342 0.203049 -0.394087 13.377663 -1.720387 0.343622 0.052374 0.358687 -0.137375 13.409822 -1.720464 0.341711 0.052374 0.314388 -0.350794 13.329777 -1.720351 0.339957 0.052374 -0.593763 0.809430 12.411075 -1.720041 0.338342 0.052374 -0.987394 -0.333333 11.703273 -1.719528 0.336845 0.052374 -1.000000 -0.333333 12.368604 -0.088604 -0.552489 10.782743 -1.718807 0.335446 0.052374 -1.717872 0.334125 0.052374 -1.716717 0.332863 0.052374 -1.000000 0.333333 12.368604 -1.715336 0.331640 0.052374 -1.713723 0.330435 0.052374 -1.711872 0.329228 0.052374 -1.825137 0.381236 0.052374 -1.821187 0.385701 0.052374 -1.817000 0.389763 0.052374 -1.812603 0.393429 0.052374 -1.808025 0.396706 0.052374 -1.803292 0.399599 0.052374 -1.798432 0.402116 0.052374 -1.793473 0.404262 0.052374 -1.788441 0.406044 0.052374 -1.783364 0.407469 0.052374 -1.778271 0.408542 0.052374 0.470539 0.697451 12.804008 -1.773187 0.409271 0.052374 0.187542 -0.475078 10.794710 -1.523308 -0.232815 0.052374 -1.768141 0.409661 0.052374 0.339912 -0.227199 10.701586 -1.763160 0.409719 0.052374 0.621813 -0.333333 12.993102 0.621813 0.333333 12.993102 -1.758271 0.409451 0.052374 1.000000 -0.333333 12.368604 -1.753502 0.408864 0.052374 1.000000 0.333333 12.368605 -1.748881 0.407965 0.052374 0.088604 -0.552489 10.782743 0.222304 0.843760 12.859495 -1.523515 -0.232905 0.052374 -1.744434 0.406758 0.052374 -1.740189 0.405252 0.052374 0.293774 -0.333333 13.101793 0.293774 0.333333 13.101793 0.175927 1.166889 13.168526 -1.736174 0.403452 0.052374 0.111272 1.204996 13.182978 0.111272 1.018436 13.267304 -1.732415 0.401365 0.052374 0.196713 1.018436 13.238995 0.552845 0.960577 13.187818 -1.728942 0.398997 0.052374 0.501242 1.084785 13.123314 0.416564 1.134695 13.142241 -1.725780 0.396355 0.052374 0.440944 0.960577 13.224895 0.599367 0.284298 13.282321 -1.722957 0.393444 0.052374 0.599367 0.553199 13.282321 -1.720501 0.390272 0.052374 0.467052 0.553199 13.326161 0.467052 0.284298 13.326161 -1.718439 0.386845 0.052374 0.170799 0.540752 13.380051 0.170799 0.293827 13.380051 -1.716799 0.383168 0.052374 0.279609 0.540752 13.343998 0.279609 0.293827 13.343998 0.416027 -0.383838 13.289237 -1.715607 0.379250 0.052374 0.541039 -0.325829 13.237635 -1.714892 0.375095 0.052374 0.665658 -0.150748 13.332932 0.474903 -0.150748 13.396135 -1.714681 0.370710 0.052374 -1.715001 0.366102 0.052374 -1.715880 0.361277 0.052374 -1.811953 0.329318 0.052374 -1.814959 0.328929 0.052374 -1.817806 0.328709 0.052374 -1.820493 0.328654 0.052374 -1.823020 0.328760 0.052374 -1.825385 0.329024 0.052374 -1.827588 0.329440 0.052374 -1.829628 0.330006 0.052374 -1.831505 0.330718 0.052374 -1.833216 0.331571 0.052374 -1.834762 0.332561 0.052374 -1.836141 0.333685 0.052374 -1.837353 0.334939 0.052374 -1.838396 0.336319 0.052374 -1.839271 0.337821 0.052374 -1.839975 0.339441 0.052374 -1.840509 0.341174 0.052374 -1.840872 0.343018 0.052374 -1.841062 0.344969 0.052374 -1.841078 0.347021 0.052374 -1.840921 0.349172 0.052374 -1.840588 0.351418 0.052374 -1.840080 0.353754 0.052374 -1.839395 0.356177 0.052374 -1.838532 0.358683 0.052374 -1.837491 0.361267 0.052374 -1.836271 0.363926 0.052374 -1.834871 0.366657 0.052374 -1.833289 0.369454 0.052374 -1.831526 0.372315 0.052374 -1.829580 0.375235 0.052374 -1.827451 0.378210 0.052374 -1.785543 0.349591 0.052374 -1.786023 0.347458 0.052374 -1.786646 0.345451 0.052374 -1.787456 0.343590 0.052374 -1.788331 0.341811 0.052374 -1.789400 0.340171 0.052374 -1.790622 0.338649 0.052374 -1.792001 0.337242 0.052374 -1.793540 0.335947 0.052374 -1.795242 0.334761 0.052374 -1.797110 0.333683 0.052374 -1.799146 0.332709 0.052374 -1.801353 0.331837 0.052374 -1.803734 0.331064 0.052374 -1.806293 0.330389 0.052374 -1.809032 0.329808 0.052374 -1.772718 0.359566 0.052374 -1.773890 0.360309 0.052374 -1.775004 0.360867 0.052374 -1.776064 0.361241 0.052374 -1.777070 0.361430 0.052374 -1.778023 0.361437 0.052374 -1.778927 0.361260 0.052374 -1.779782 0.360902 0.052374 -1.780590 0.360362 0.052374 -1.781352 0.359642 0.052374 -1.782070 0.358741 0.052374 -1.782745 0.357661 0.052374 -1.783380 0.356402 0.052374 -1.783976 0.354965 0.052374 -1.784534 0.353351 0.052374 -1.785056 0.351559 0.052374 -1.771014 0.332418 0.052374 -1.769725 0.336785 0.052374 -1.768877 0.341100 0.052374 -1.768465 0.345251 0.052374 -1.768483 0.349123 0.052374 -1.768923 0.352604 0.052374 -1.769779 0.355580 0.052374 -1.770362 0.356844 0.052374 -1.771047 0.357938 0.052374 -1.771832 0.358850 0.052374 -1.758773 0.307972 0.052374 -1.762065 0.308648 0.052374 -1.764950 0.309301 0.052374 -1.767443 0.309961 0.052374 -1.769559 0.310657 0.052374 -1.771312 0.311418 0.052374 -1.772719 0.312274 0.052374 -1.773793 0.313253 0.052374 -1.774551 0.314384 0.052374 -1.775007 0.315697 0.052374 -1.775176 0.317220 0.052374 -1.775073 0.318984 0.052374 -1.774714 0.321016 0.052374 -1.774113 0.323347 0.052374 -1.773286 0.326004 0.052374 -1.772248 0.329018 0.052374 -1.743262 0.294815 0.052374 -1.743037 0.295647 0.052374 -1.743009 0.296510 0.052374 -1.743172 0.297398 0.052374 -1.743515 0.298304 0.052374 -1.744714 0.300138 0.052374 -1.746538 0.301958 0.052374 -1.748922 0.303708 0.052374 -1.751800 0.305331 0.052374 -1.755106 0.306771 0.052374 -1.756729 0.292660 0.052374 -1.754682 0.291388 0.052374 -1.752581 0.290581 0.052374 -1.750505 0.290228 0.052374 -1.748533 0.290315 0.052374 -1.746744 0.290830 0.052374 -1.745943 0.291244 0.052374 -1.745216 0.291760 0.052374 -1.744576 0.292377 0.052374 -1.744029 0.293093 0.052374 -1.743588 0.293906 0.052374 -1.808448 0.264273 0.052374 -1.808609 0.264748 0.052374 -1.808664 0.266296 0.052374 -1.808365 0.267422 0.052374 -1.807816 0.268612 0.052374 -1.807033 0.269858 0.052374 -1.806033 0.271151 0.052374 -1.804832 0.272482 0.052374 -1.803445 0.273843 0.052374 -1.800181 0.276618 0.052374 -1.796371 0.279406 0.052374 -1.792144 0.282138 0.052374 -1.787630 0.284743 0.052374 -1.782958 0.287152 0.052374 -1.778259 0.289296 0.052374 -1.773661 0.291103 0.052374 -1.769294 0.292505 0.052374 -1.765288 0.293431 0.052374 -1.763460 0.293694 0.052374 -1.761772 0.293813 0.052374 -1.760238 0.293777 0.052374 -1.758875 0.293579 0.052374 -1.757700 0.293209 0.052374 -1.750602 0.240424 0.052374 -1.754037 0.239927 0.052374 -1.757819 0.239833 0.052374 -1.761880 0.240114 0.052374 -1.766149 0.240738 0.052374 -1.770558 0.241677 0.052374 -1.775038 0.242900 0.052374 -1.779518 0.244379 0.052374 -1.783930 0.246083 0.052374 -1.788204 0.247983 0.052374 -1.792272 0.250049 0.052374 -1.796063 0.252252 0.052374 -1.799508 0.254561 0.052374 -1.802539 0.256948 0.052374 -1.805085 0.259382 0.052374 -1.807078 0.261833 0.052374 -1.731452 0.243398 0.052374 -1.731908 0.243430 0.052374 -1.733283 0.243396 0.052374 -1.735213 0.243230 0.052374 -1.737623 0.242933 0.052374 -1.740442 0.242504 0.052374 -1.743593 0.241943 0.052374 -1.747005 0.241249 0.052374 -1.758111 -0.169277 0.052374 -1.757917 -0.169265 0.052374 -1.757775 -0.169185 0.052374 -1.757399 -0.168898 0.052374 -1.756902 -0.168445 0.052374 -1.756288 -0.167832 0.052374 -1.755560 -0.167060 0.052374 -1.754721 -0.166135 0.052374 -1.753773 -0.165059 0.052374 -1.751567 -0.162474 0.052374 -1.748967 -0.159334 0.052374 -1.745998 -0.155670 0.052374 -1.742685 -0.151513 0.052374 -1.739053 -0.146894 0.052374 -1.735128 -0.141842 0.052374 -1.730935 -0.136388 0.052374 -1.726498 -0.130563 0.052374 -1.721844 -0.124397 0.052374 -1.716996 -0.117921 0.052374 -1.711981 -0.111165 0.052374 -1.706823 -0.104160 0.052374 -1.791721 -0.092766 0.052374 -1.788526 -0.100245 0.052374 -1.785407 -0.107544 0.052374 -1.782379 -0.114623 0.052374 -1.779457 -0.121445 0.052374 -1.776656 -0.127970 0.052374 -1.773991 -0.134161 0.052374 -1.771478 -0.139980 0.052374 -1.769131 -0.145388 0.052374 -1.766966 -0.150346 0.052374 -1.764997 -0.154816 0.052374 -1.763239 -0.158760 0.052374 -1.761708 -0.162140 0.052374 -1.760419 -0.164917 0.052374 -1.759870 -0.166068 0.052374 -1.759387 -0.167053 0.052374 -1.758971 -0.167869 0.052374 -1.758626 -0.168510 0.052374 -1.758352 -0.168971 0.052374 -1.817242 -0.005652 0.052374 -1.817978 -0.007729 0.052374 -1.818426 -0.010185 0.052374 -1.818583 -0.013036 0.052374 -1.818442 -0.016295 0.052374 -1.817999 -0.019979 0.052374 -1.817249 -0.024101 0.052374 -1.816186 -0.028678 0.052374 -1.814805 -0.033724 0.052374 -1.813102 -0.039253 0.052374 -1.811071 -0.045281 0.052374 -1.808708 -0.051824 0.052374 -1.806006 -0.058895 0.052374 -1.802962 -0.066509 0.052374 -1.799570 -0.074683 0.052374 -1.795824 -0.083430 0.052374 -1.766880 0.068015 0.052374 -1.775975 0.055692 0.052374 -1.784689 0.043660 0.052374 -1.788837 0.037845 0.052374 -1.792812 0.032216 0.052374 -1.796586 0.026810 0.052374 -1.800134 0.021663 0.052374 -1.803430 0.016814 0.052374 -1.806448 0.012299 0.052374 -1.809160 0.008158 0.052374 -1.811543 0.004426 0.052374 -1.813568 0.001141 0.052374 -1.815210 -0.001658 0.052374 -1.816444 -0.003935 0.052374 -1.816899 -0.004866 0.052374 -1.722830 0.129094 0.052374 -1.657879 -0.035595 0.052374 -1.590086 -0.004839 0.052374 -1.500626 -0.014285 0.052374 -1.626800 0.074796 0.052374 -1.663839 0.155191 0.052374 -1.471451 0.138455 0.052374 -1.434737 0.058820 0.052374 -1.404757 -0.021892 0.052374 -1.404548 -0.021796 0.052374 -1.404395 -0.021583 0.052374 -1.404323 -0.021378 0.052374 -1.404252 -0.020819 0.052374 -1.404274 -0.020065 0.052374 -1.404389 -0.019122 0.052374 -1.404594 -0.017995 0.052374 -1.404886 -0.016690 0.052374 -1.405265 -0.015210 0.052374 -1.405727 -0.013563 0.052374 -1.406271 -0.011752 0.052374 -1.407595 -0.007662 0.052374 -1.409222 -0.002981 0.052374 -1.411134 0.002248 0.052374 -1.413316 0.007984 0.052374 -1.415750 0.014184 0.052374 -1.418420 0.020808 0.052374 -1.421310 0.027814 0.052374 -1.424403 0.035160 0.052374 -1.427683 0.042804 0.052374 -1.431133 0.050705 0.052374 -1.491460 -0.015361 0.052374 -1.482480 -0.016365 0.052374 -1.473736 -0.017298 0.052374 -1.465280 -0.018155 0.052374 -1.457162 -0.018935 0.052374 -1.449434 -0.019637 0.052374 -1.442146 -0.020258 0.052374 -1.435349 -0.020797 0.052374 -1.429093 -0.021251 0.052374 -1.423431 -0.021618 0.052374 -1.418412 -0.021897 0.052374 -1.416160 -0.022002 0.052374 -1.414088 -0.022085 0.052374 -1.412203 -0.022144 0.052374 -1.410510 -0.022180 0.052374 -1.409016 -0.022193 0.052374 -1.407728 -0.022181 0.052374 -1.406651 -0.022146 0.052374 -1.405793 -0.022086 0.052374 -1.405160 -0.022002 0.052374 -1.600048 -0.072040 0.052374 -1.600895 -0.072918 0.052374 -1.601841 -0.073942 0.052374 -1.604021 -0.076408 0.052374 -1.606559 -0.079398 0.052374 -1.609424 -0.082871 0.052374 -1.612589 -0.086788 0.052374 -1.616022 -0.091107 0.052374 -1.619696 -0.095789 0.052374 -1.623581 -0.100793 0.052374 -1.627646 -0.106078 0.052374 -1.631864 -0.111604 0.052374 -1.636205 -0.117332 0.052374 -1.640638 -0.123220 0.052374 -1.649668 -0.135316 0.052374 -1.658719 -0.147570 0.052374 -1.667556 -0.159658 0.052374 -1.671821 -0.165540 0.052374 -1.675944 -0.171259 0.052374 -1.679896 -0.176775 0.052374 -1.683648 -0.182049 0.052374 -1.687171 -0.187038 0.052374 -1.690434 -0.191704 0.052374 -1.693409 -0.196006 0.052374 -1.696067 -0.199903 0.052374 -1.698377 -0.203355 0.052374 -1.700311 -0.206322 0.052374 -1.701839 -0.208763 0.052374 -1.702442 -0.209774 0.052374 -1.702932 -0.210639 0.052374 -1.703307 -0.211351 0.052374 -1.703561 -0.211907 0.052374 -1.703692 -0.212302 0.052374 -1.703696 -0.212529 0.052374 -1.422323 -0.092341 0.052374 -1.422429 -0.092161 0.052374 -1.422595 -0.091976 0.052374 -1.423102 -0.091594 0.052374 -1.423836 -0.091196 0.052374 -1.424789 -0.090782 0.052374 -1.425954 -0.090355 0.052374 -1.427324 -0.089914 0.052374 -1.428891 -0.089461 0.052374 -1.430647 -0.088996 0.052374 -1.434699 -0.088036 0.052374 -1.439418 -0.087039 0.052374 -1.444746 -0.086015 0.052374 -1.450622 -0.084969 0.052374 -1.456986 -0.083909 0.052374 -1.463778 -0.082843 0.052374 -1.470939 -0.081776 0.052374 -1.478407 -0.080717 0.052374 -1.486124 -0.079672 0.052374 -1.494028 -0.078648 0.052374 -1.510161 -0.076695 0.052374 -1.526326 -0.074913 0.052374 -1.534271 -0.074104 0.052374 -1.542043 -0.073360 0.052374 -1.549584 -0.072687 0.052374 -1.556832 -0.072092 0.052374 -1.563728 -0.071584 0.052374 -1.570212 -0.071168 0.052374 -1.576224 -0.070852 0.052374 -1.581704 -0.070643 0.052374 -1.586592 -0.070549 0.052374 -1.590828 -0.070576 0.052374 -1.592682 -0.070637 0.052374 -1.594351 -0.070731 0.052374 -1.595827 -0.070859 0.052374 -1.597102 -0.071022 0.052374 -1.598170 -0.071221 0.052374 -1.599021 -0.071456 0.052374 -1.599650 -0.071729 0.052374 -1.599878 -0.071879 0.052374 -1.469968 -0.163948 0.052374 -1.464849 -0.157224 0.052374 -1.459906 -0.150624 0.052374 -1.455162 -0.144186 0.052374 -1.450642 -0.137947 0.052374 -1.446368 -0.131945 0.052374 -1.442364 -0.126218 0.052374 -1.438653 -0.120803 0.052374 -1.435259 -0.115739 0.052374 -1.432205 -0.111061 0.052374 -1.429515 -0.106810 0.052374 -1.427212 -0.103021 0.052374 -1.425320 -0.099733 0.052374 -1.424535 -0.098288 0.052374 -1.423861 -0.096983 0.052374 -1.423302 -0.095822 0.052374 -1.422860 -0.094810 0.052374 -1.422538 -0.093951 0.052374 -1.422340 -0.093250 0.052374 -1.422267 -0.092712 0.052374 -1.422279 -0.092505 0.052374 -1.523118 -0.232370 0.052374 -1.522747 -0.231956 0.052374 -1.522256 -0.231382 0.052374 -1.521646 -0.230650 0.052374 -1.520922 -0.229765 0.052374 -1.520087 -0.228731 0.052374 -1.518096 -0.226235 0.052374 -1.515699 -0.223197 0.052374 -1.512922 -0.219652 0.052374 -1.509791 -0.215634 0.052374 -1.506332 -0.211179 0.052374 -1.502571 -0.206320 0.052374 -1.498534 -0.201093 0.052374 -1.494247 -0.195533 0.052374 -1.489736 -0.189674 0.052374 -1.485026 -0.183551 0.052374 -1.480145 -0.177199 0.052374 -1.475117 -0.170653 0.052374 -1.703587 -0.212667 0.052374 -1.703416 -0.212809 0.052374 -1.702898 -0.213107 0.052374 -1.702147 -0.213424 0.052374 -1.701173 -0.213758 0.052374 -1.699983 -0.214107 0.052374 -1.698585 -0.214473 0.052374 -1.696985 -0.214853 0.052374 -1.695193 -0.215246 0.052374 -1.693215 -0.215652 0.052374 -1.691059 -0.216071 0.052374 -1.686245 -0.216940 0.052374 -1.680811 -0.217846 0.052374 -1.674821 -0.218784 0.052374 -1.668334 -0.219745 0.052374 -1.661412 -0.220723 0.052374 -1.654117 -0.221711 0.052374 -1.646509 -0.222703 0.052374 -1.638651 -0.223690 0.052374 -1.630604 -0.224667 0.052374 -1.614187 -0.226563 0.052374 -1.597749 -0.228333 0.052374 -1.589676 -0.229154 0.052374 -1.581782 -0.229924 0.052374 -1.574129 -0.230635 0.052374 -1.566777 -0.231280 0.052374 -1.559789 -0.231853 0.052374 -1.553225 -0.232347 0.052374 -1.547147 -0.232754 0.052374 -1.541616 -0.233068 0.052374 -1.536694 -0.233283 0.052374 -1.534481 -0.233351 0.052374 -1.532443 -0.233391 0.052374 -1.530587 -0.233403 0.052374 -1.528922 -0.233385 0.052374 -1.527456 -0.233337 0.052374 -1.526195 -0.233259 0.052374 -1.525148 -0.233148 0.052374 -1.524322 -0.233005 0.052374 -1.523725 -0.232828 0.052374 -1.402775 -0.180208 0.052374 -1.411224 -0.191481 0.052374 -1.419610 -0.202520 0.052374 -1.427880 -0.213262 0.052374 -1.435983 -0.223645 0.052374 -1.443864 -0.233607 0.052374 -1.451473 -0.243086 0.052374 -1.458755 -0.252020 0.052374 -1.462258 -0.256263 0.052374 -1.465659 -0.260347 0.052374 -1.468953 -0.264264 0.052374 -1.472133 -0.268006 0.052374 -1.475192 -0.271565 0.052374 -1.478123 -0.274934 0.052374 -1.480920 -0.278104 0.052374 -1.483577 -0.281069 0.052374 -1.486086 -0.283820 0.052374 -1.488442 -0.286349 0.052374 -1.490638 -0.288649 0.052374 -1.492666 -0.290713 0.052374 -1.494522 -0.292532 0.052374 -1.496197 -0.294098 0.052374 -1.497686 -0.295404 0.052374 -1.498981 -0.296443 0.052374 -1.500077 -0.297205 0.052374 -1.500967 -0.297684 0.052374 -1.319794 -0.069228 0.052374 -1.372409 0.060266 0.052374 -1.440878 0.194933 0.052374 -1.438002 0.193447 0.052374 -1.435206 0.191484 0.052374 -1.432416 0.188906 0.052374 -1.431000 0.187344 0.052374 -1.429559 0.185578 0.052374 -1.428081 0.183589 0.052374 -1.426559 0.181362 0.052374 -1.424983 0.178878 0.052374 -1.423343 0.176121 0.052374 -1.421631 0.173074 0.052374 -1.419837 0.169719 0.052374 -1.417951 0.166040 0.052374 -1.415965 0.162019 0.052374 -1.413870 0.157639 0.052374 -1.411655 0.152884 0.052374 -1.409312 0.147735 0.052374 -1.406831 0.142176 0.052374 -1.404203 0.136190 0.052374 -1.401419 0.129759 0.052374 -1.398469 0.122867 0.052374 -1.395345 0.115497 0.052374 -1.392037 0.107631 0.052374 -1.388535 0.099252 0.052374 -1.384831 0.090343 0.052374 -1.380914 0.080887 0.052374 -1.376777 0.070867 0.052374 -1.720736 0.228806 0.052374 -1.719838 0.228904 0.052374 -1.718614 0.228957 0.052374 -1.717077 0.228966 0.052374 -1.715236 0.228933 0.052374 -1.713101 0.228859 0.052374 -1.710684 0.228745 0.052374 -1.707993 0.228592 0.052374 -1.705041 0.228401 0.052374 -1.701837 0.228175 0.052374 -1.698391 0.227913 0.052374 -1.694715 0.227617 0.052374 -1.690818 0.227289 0.052374 -1.686711 0.226929 0.052374 -1.682404 0.226540 0.052374 -1.677908 0.226121 0.052374 -1.668391 0.225202 0.052374 -1.658241 0.224182 0.052374 -1.647543 0.223070 0.052374 -1.636381 0.221878 0.052374 -1.624836 0.220614 0.052374 -1.612994 0.219288 0.052374 -1.588748 0.216491 0.052374 -1.564310 0.213565 0.052374 -1.552228 0.212078 0.052374 -1.540348 0.210589 0.052374 -1.528753 0.209107 0.052374 -1.517527 0.207641 0.052374 -1.506754 0.206203 0.052374 -1.496516 0.204801 0.052374 -1.486898 0.203445 0.052374 -1.482347 0.202788 0.052374 -1.477982 0.202146 0.052374 -1.473814 0.201520 0.052374 -1.469852 0.200912 0.052374 -1.466108 0.200323 0.052374 -1.462592 0.199755 0.052374 -1.459313 0.199207 0.052374 -1.456284 0.198683 0.052374 -1.453513 0.198182 0.052374 -1.451012 0.197706 0.052374 -1.448791 0.197257 0.052374 -1.446860 0.196835 0.052374 -1.445229 0.196443 0.052374 -1.883888 0.013539 0.052374 -1.882679 0.015427 0.052374 -1.881318 0.017507 0.052374 -1.879812 0.019771 0.052374 -1.878166 0.022213 0.052374 -1.876384 0.024825 0.052374 -1.874472 0.027600 0.052374 -1.872436 0.030533 0.052374 -1.870280 0.033614 0.052374 -1.865631 0.040198 0.052374 -1.860567 0.047295 0.052374 -1.855131 0.054850 0.052374 -1.849364 0.062807 0.052374 -1.843309 0.071110 0.052374 -1.837008 0.079702 0.052374 -1.830503 0.088528 0.052374 -1.823836 0.097532 0.052374 -1.796389 0.134204 0.052374 -1.789543 0.143256 0.052374 -1.782788 0.152150 0.052374 -1.776165 0.160829 0.052374 -1.769717 0.169238 0.052374 -1.763486 0.177321 0.052374 -1.757514 0.185021 0.052374 -1.751843 0.192282 0.052374 -1.746516 0.199049 0.052374 -1.743994 0.202230 0.052374 -1.741573 0.205266 0.052374 -1.739259 0.208150 0.052374 -1.737058 0.210876 0.052374 -1.734974 0.213436 0.052374 -1.733012 0.215823 0.052374 -1.731179 0.218031 0.052374 -1.729478 0.220052 0.052374 -1.727916 0.221880 0.052374 -1.726498 0.223507 0.052374 -1.725228 0.224926 0.052374 -1.724113 0.226130 0.052374 -1.723157 0.227113 0.052374 -1.722366 0.227867 0.052374 -1.897924 -0.010441 0.052374 -1.840857 -0.139831 0.052374 -1.782704 -0.269657 0.052374 -1.649602 -0.286539 0.052374 -1.501950 -0.297926 0.052374 -1.503264 -0.298124 0.052374 -1.504900 -0.298279 0.052374 -1.506847 -0.298391 0.052374 -1.509097 -0.298461 0.052374 -1.511640 -0.298489 0.052374 -1.514466 -0.298477 0.052374 -1.517567 -0.298425 0.052374 -1.520932 -0.298332 0.052374 -1.524553 -0.298201 0.052374 -1.528419 -0.298030 0.052374 -1.532521 -0.297822 0.052374 -1.536850 -0.297576 0.052374 -1.541396 -0.297294 0.052374 -1.546151 -0.296975 0.052374 -1.551103 -0.296620 0.052374 -1.556245 -0.296230 0.052374 -1.561566 -0.295805 0.052374 -1.572708 -0.294854 0.052374 -1.584455 -0.293771 0.052374 -1.596730 -0.292561 0.052374 -1.609458 -0.291228 0.052374 -1.622563 -0.289777 0.052374 -1.635970 -0.288213 0.052374 -1.886325 0.244496 0.052374 -1.884897 0.248232 0.052374 -1.883833 0.251976 0.052374 -1.883128 0.255707 0.052374 -1.882773 0.259403 0.052374 -1.882763 0.263042 0.052374 -1.883090 0.266600 0.052374 -1.883748 0.270057 0.052374 -1.884730 0.273391 0.052374 -1.886028 0.276578 0.052374 -1.887637 0.279597 0.052374 -1.889549 0.282426 0.052374 -1.891758 0.285043 0.052374 -1.894257 0.287425 0.052374 -1.897038 0.289551 0.052374 -1.900096 0.291398 0.052374 -1.903423 0.292944 0.052374 -1.921601 0.255505 0.052374 -1.920158 0.252183 0.052374 -1.918752 0.249060 0.052374 -1.917380 0.246135 0.052374 -1.916042 0.243408 0.052374 -1.914736 0.240878 0.052374 -1.913461 0.238544 0.052374 -1.912215 0.236406 0.052374 -1.910997 0.234463 0.052374 -1.909806 0.232714 0.052374 -1.908639 0.231159 0.052374 -1.907495 0.229797 0.052374 -1.906374 0.228626 0.052374 -1.905273 0.227647 0.052374 -1.904191 0.226859 0.052374 -1.903126 0.226261 0.052374 -1.902079 0.225853 0.052374 -1.901045 0.225632 0.052374 -1.900025 0.225600 0.052374 -1.899017 0.225756 0.052374 -1.898019 0.226097 0.052374 -1.897030 0.226625 0.052374 -1.896048 0.227338 0.052374 -1.895073 0.228235 0.052374 -1.894102 0.229316 0.052374 -1.893134 0.230580 0.052374 -1.892168 0.232026 0.052374 -1.891202 0.233655 0.052374 -1.890235 0.235464 0.052374 -1.889265 0.237453 0.052374 -1.888291 0.239622 0.052374 -1.887312 0.241970 0.052374 -1.905905 0.293895 0.052374 -1.908263 0.294703 0.052374 -1.910497 0.295371 0.052374 -1.912607 0.295897 0.052374 -1.914593 0.296284 0.052374 -1.916456 0.296531 0.052374 -1.918195 0.296639 0.052374 -1.919811 0.296608 0.052374 -1.921303 0.296439 0.052374 -1.923917 0.295689 0.052374 -1.925038 0.295108 0.052374 -1.926036 0.294391 0.052374 -1.926911 0.293538 0.052374 -1.927662 0.292550 0.052374 -1.928290 0.291427 0.052374 -1.928795 0.290170 0.052374 -1.929176 0.288778 0.052374 -1.929435 0.287253 0.052374 -1.929570 0.285596 0.052374 -1.929582 0.283805 0.052374 -1.929471 0.281883 0.052374 -1.929237 0.279829 0.052374 -1.928880 0.277645 0.052374 -1.928400 0.275329 0.052374 -1.927797 0.272884 0.052374 -1.927072 0.270309 0.052374 -1.926223 0.267604 0.052374 -1.925252 0.264771 0.052374 -1.924158 0.261810 0.052374 -1.922941 0.258721 0.052374 -1.896065 0.180987 0.052374 -1.944735 0.160198 0.052374 -1.826027 0.273850 0.052374 -1.825403 0.270059 0.052374 -1.824951 0.266341 0.052374 -1.824669 0.262696 0.052374 -1.824560 0.259121 0.052374 -1.824624 0.255615 0.052374 -1.824864 0.252176 0.052374 -1.825279 0.248802 0.052374 -1.825871 0.245492 0.052374 -1.826641 0.242245 0.052374 -1.827590 0.239058 0.052374 -1.828720 0.235930 0.052374 -1.830031 0.232860 0.052374 -1.831524 0.229845 0.052374 -1.833201 0.226884 0.052374 -1.835063 0.223976 0.052374 -1.837111 0.221119 0.052374 -1.839346 0.218311 0.052374 -1.841769 0.215550 0.052374 -1.844381 0.212836 0.052374 -1.847183 0.210166 0.052374 -1.850177 0.207538 0.052374 -1.853364 0.204951 0.052374 -1.856744 0.202404 0.052374 -1.860319 0.199895 0.052374 -1.864090 0.197422 0.052374 -1.868058 0.194984 0.052374 -1.872224 0.192578 0.052374 -1.876589 0.190204 0.052374 -1.881155 0.187859 0.052374 -1.885922 0.185543 0.052374 -1.890892 0.183253 0.052374 -1.891092 0.344072 0.052374 -1.888554 0.343790 0.052374 -1.885991 0.343322 0.052374 -1.880817 0.341852 0.052374 -1.875615 0.339711 0.052374 -1.870431 0.336950 0.052374 -1.865308 0.333620 0.052374 -1.860293 0.329771 0.052374 -1.855432 0.325454 0.052374 -1.850768 0.320719 0.052374 -1.846348 0.315616 0.052374 -1.842216 0.310197 0.052374 -1.838419 0.304511 0.052374 -1.835001 0.298609 0.052374 -1.832007 0.292541 0.052374 -1.829484 0.286358 0.052374 -1.827475 0.280111 0.052374 -1.957998 0.328082 0.052374 -1.948292 0.331687 0.052374 -1.938422 0.334982 0.052374 -1.928663 0.337894 0.052374 -1.923910 0.339182 0.052374 -1.919287 0.340346 0.052374 -1.914828 0.341377 0.052374 -1.910568 0.342265 0.052374 -1.906541 0.343001 0.052374 -1.902780 0.343575 0.052374 -1.899321 0.343979 0.052374 -1.896197 0.344203 0.052374 -1.893442 0.344237 0.052374 -2.003515 0.310438 0.052374 -1.973963 0.234938 0.052374 -1.800117 -0.230784 0.012987 -1.840857 -0.139831 0.012987 -1.850561 -0.117829 0.012987 -1.787592 -0.102431 0.012987 -1.788526 -0.100245 0.012987 -1.790764 -0.095005 0.012987 -1.791721 -0.092766 0.012987 -1.782704 -0.269657 0.012987 -1.773991 -0.134161 0.012987 -1.775858 -0.129824 0.012987 -1.776656 -0.127970 0.012987 -1.778618 -0.123399 0.012987 -1.779457 -0.121445 0.012987 -1.781504 -0.116666 0.012987 -1.782379 -0.114623 0.012987 -1.784500 -0.109663 0.012987 -1.785407 -0.107544 0.012987 -1.758971 -0.167869 0.012987 -1.759262 -0.167297 0.012987 -1.759387 -0.167053 0.012987 -1.759725 -0.166363 0.012987 -1.759870 -0.166068 0.012987 -1.760255 -0.165262 0.012987 -1.760419 -0.164917 0.012987 -1.761322 -0.162972 0.012987 -1.761708 -0.162140 0.012987 -1.762781 -0.159772 0.012987 -1.763239 -0.158760 0.012987 -1.764470 -0.155997 0.012987 -1.764997 -0.154816 0.012987 -1.766376 -0.151684 0.012987 -1.766966 -0.150346 0.012987 -1.768483 -0.146872 0.012987 -1.769131 -0.145388 0.012987 -1.770775 -0.141599 0.012987 -1.771478 -0.139980 0.012987 -1.773239 -0.135904 0.012987 -1.758293 -0.169054 0.012987 -1.758152 -0.169248 0.012987 -1.758352 -0.168971 0.012987 -1.758027 -0.169303 0.012987 -1.757874 -0.169241 0.012987 -1.757775 -0.169185 0.012987 -1.757662 -0.169099 0.012987 -1.757399 -0.168898 0.012987 -1.758544 -0.168648 0.012987 -1.757250 -0.168762 0.012987 -1.758626 -0.168510 0.012987 -1.756902 -0.168445 0.012987 -1.758868 -0.168061 0.012987 -1.756718 -0.168262 0.012987 -1.756288 -0.167832 0.012987 -1.756070 -0.167601 0.012987 -1.755560 -0.167060 0.012987 -1.755309 -0.166783 0.012987 -1.754721 -0.166135 0.012987 -1.754437 -0.165813 0.012987 -1.753773 -0.165059 0.012987 -1.753113 -0.164285 0.012987 -1.703704 -0.212501 0.012987 -1.703600 -0.212025 0.012987 -1.703536 -0.212709 0.012987 -1.703416 -0.212809 0.012987 -1.703261 -0.212898 0.012987 -1.703561 -0.211907 0.012987 -1.703698 -0.212342 0.012987 -1.702147 -0.213424 0.012987 -1.701856 -0.213524 0.012987 -1.703045 -0.210852 0.012987 -1.702932 -0.210639 0.012987 -1.698585 -0.214473 0.012987 -1.698106 -0.214586 0.012987 -1.700769 -0.207053 0.012987 -1.701173 -0.213758 0.012987 -1.702589 -0.210033 0.012987 -1.700817 -0.213862 0.012987 -1.702442 -0.209774 0.012987 -1.702020 -0.209066 0.012987 -1.699983 -0.214107 0.012987 -1.701839 -0.208763 0.012987 -1.699564 -0.214217 0.012987 -1.689617 -0.216331 0.012987 -1.691059 -0.216071 0.012987 -1.689457 -0.281484 0.012987 -1.686245 -0.216940 0.012987 -1.696448 -0.214970 0.012987 -1.696985 -0.214853 0.012987 -1.695193 -0.215246 0.012987 -1.694600 -0.215368 0.012987 -1.693215 -0.215652 0.012987 -1.692569 -0.215778 0.012987 -1.696758 -0.200937 0.012987 -1.696067 -0.199903 0.012987 -1.694205 -0.197173 0.012987 -1.702673 -0.213202 0.012987 -1.702898 -0.213107 0.012987 -1.700311 -0.206322 0.012987 -1.698956 -0.204244 0.012987 -1.698377 -0.203355 0.012987 -1.703383 -0.211518 0.012987 -1.703307 -0.211351 0.012987 -1.751567 -0.162474 0.012987 -1.750789 -0.161534 0.012987 -1.748967 -0.159334 0.012987 -1.748078 -0.158237 0.012987 -1.693409 -0.196006 0.012987 -1.745998 -0.155670 0.012987 -1.745006 -0.154426 0.012987 -1.691325 -0.192992 0.012987 -1.690434 -0.191704 0.012987 -1.742685 -0.151513 0.012987 -1.688148 -0.188435 0.012987 -1.741598 -0.150130 0.012987 -1.687171 -0.187038 0.012987 -1.739053 -0.146894 0.012987 -1.684703 -0.183543 0.012987 -1.737878 -0.145381 0.012987 -1.735128 -0.141842 0.012987 -1.733873 -0.140209 0.012987 -1.730935 -0.136388 0.012987 -1.729606 -0.134644 0.012987 -1.726498 -0.130563 0.012987 -1.725105 -0.128717 0.012987 -1.721844 -0.124397 0.012987 -1.720392 -0.122458 0.012987 -1.716996 -0.117921 0.012987 -1.715494 -0.115898 0.012987 -1.711981 -0.111165 0.012987 -1.710437 -0.109068 0.012987 -1.706823 -0.104160 0.012987 -1.692168 -0.083630 0.012987 -1.668334 -0.219745 0.012987 -1.666261 -0.220038 0.012987 -1.683648 -0.182049 0.012987 -1.681020 -0.178354 0.012987 -1.661412 -0.220723 0.012987 -1.679896 -0.176775 0.012987 -1.659227 -0.221019 0.012987 -1.677127 -0.172911 0.012987 -1.646509 -0.222703 0.012987 -1.649602 -0.286539 0.012987 -1.644156 -0.222998 0.012987 -1.651839 -0.222008 0.012987 -1.654117 -0.221711 0.012987 -1.640052 -0.287711 0.012987 -1.636241 -0.223983 0.012987 -1.638651 -0.223690 0.012987 -1.675944 -0.171259 0.012987 -1.673055 -0.167252 0.012987 -1.671821 -0.165540 0.012987 -1.668833 -0.161419 0.012987 -1.667556 -0.159658 0.012987 -1.661365 -0.151189 0.012987 -1.626578 -0.289309 0.012987 -1.622563 -0.289777 0.012987 -1.614187 -0.226563 0.012987 -1.625688 -0.225235 0.012987 -1.599929 -0.071927 0.012987 -1.599718 -0.071774 0.012987 -1.600048 -0.072040 0.012987 -1.598425 -0.071291 0.012987 -1.599021 -0.071456 0.012987 -1.599210 -0.071538 0.012987 -1.600302 -0.072303 0.012987 -1.598170 -0.071221 0.012987 -1.600895 -0.072918 0.012987 -1.613382 -0.290794 0.012987 -1.609458 -0.291228 0.012987 -1.609265 -0.227093 0.012987 -1.635970 -0.288213 0.012987 -1.630604 -0.224667 0.012987 -1.658719 -0.147570 0.012987 -1.652378 -0.138985 0.012987 -1.649668 -0.135316 0.012987 -1.643342 -0.126842 0.012987 -1.623581 -0.100793 0.012987 -1.620859 -0.097287 0.012987 -1.657879 -0.035595 0.012987 -1.619696 -0.095789 0.012987 -1.617122 -0.092509 0.012987 -1.616022 -0.091107 0.012987 -1.613617 -0.088081 0.012987 -1.612589 -0.086788 0.012987 -1.610372 -0.084044 0.012987 -1.609424 -0.082871 0.012987 -1.607417 -0.080438 0.012987 -1.606559 -0.079398 0.012987 -1.604781 -0.077303 0.012987 -1.604021 -0.076408 0.012987 -1.602494 -0.074680 0.012987 -1.601841 -0.073942 0.012987 -1.601178 -0.073224 0.012987 -1.587860 -0.070557 0.012987 -1.587023 -0.005163 0.012987 -1.590828 -0.070576 0.012987 -1.591383 -0.070594 0.012987 -1.592682 -0.070637 0.012987 -1.593182 -0.070665 0.012987 -1.588130 -0.293409 0.012987 -1.596730 -0.292561 0.012987 -1.587313 -0.229385 0.012987 -1.589676 -0.229154 0.012987 -1.594351 -0.070731 0.012987 -1.594793 -0.070770 0.012987 -1.595827 -0.070859 0.012987 -1.596209 -0.070908 0.012987 -1.597102 -0.071022 0.012987 -1.597422 -0.071082 0.012987 -1.576225 -0.294530 0.012987 -1.574129 -0.230635 0.012987 -1.584455 -0.293771 0.012987 -1.579491 -0.230137 0.012987 -1.563728 -0.071584 0.012987 -1.563299 -0.007668 0.012987 -1.565670 -0.071459 0.012987 -1.564902 -0.295520 0.012987 -1.564685 -0.231452 0.012987 -1.572708 -0.294854 0.012987 -1.566777 -0.231280 0.012987 -1.570212 -0.071168 0.012987 -1.572013 -0.071073 0.012987 -1.571928 -0.230828 0.012987 -1.576224 -0.070852 0.012987 -1.577865 -0.070790 0.012987 -1.581782 -0.229924 0.012987 -1.586592 -0.070549 0.012987 -1.583168 -0.070615 0.012987 -1.581704 -0.070643 0.012987 -1.556245 -0.296230 0.012987 -1.553225 -0.232347 0.012987 -1.557838 -0.296103 0.012987 -1.561566 -0.295805 0.012987 -1.557823 -0.232001 0.012987 -1.551103 -0.296620 0.012987 -1.547634 -0.296868 0.012987 -1.545491 -0.232848 0.012987 -1.547147 -0.232754 0.012987 -1.552643 -0.296503 0.012987 -1.551405 -0.232469 0.012987 -1.538211 -0.297492 0.012987 -1.536850 -0.297576 0.012987 -1.534481 -0.233351 0.012987 -1.536031 -0.233303 0.012987 -1.536694 -0.233283 0.012987 -1.541396 -0.297294 0.012987 -1.540142 -0.233133 0.012987 -1.531887 -0.233394 0.012987 -1.532443 -0.233391 0.012987 -1.533817 -0.297749 0.012987 -1.529647 -0.297968 0.012987 -1.528922 -0.233385 0.012987 -1.530089 -0.233397 0.012987 -1.532521 -0.297822 0.012987 -1.530587 -0.233403 0.012987 -1.533870 -0.233363 0.012987 -1.542820 -0.297198 0.012987 -1.541616 -0.233068 0.012987 -1.546151 -0.296975 0.012987 -1.559789 -0.231853 0.012987 -1.558897 -0.071940 0.012987 -1.556832 -0.072092 0.012987 -1.551754 -0.072509 0.012987 -1.549584 -0.072687 0.012987 -1.544301 -0.073158 0.012987 -1.542043 -0.073360 0.012987 -1.536598 -0.073881 0.012987 -1.600541 -0.292162 0.012987 -1.595332 -0.228579 0.012987 -1.597749 -0.228333 0.012987 -1.640638 -0.123220 0.012987 -1.637532 -0.119095 0.012987 -1.636205 -0.117332 0.012987 -1.633164 -0.113319 0.012987 -1.631864 -0.111604 0.012987 -1.628909 -0.107733 0.012987 -1.627646 -0.106078 0.012987 -1.624798 -0.102375 0.012987 -1.657926 -0.035475 0.012987 -1.672878 -0.219072 0.012987 -1.674821 -0.218784 0.012987 -1.679018 -0.218127 0.012987 -1.680811 -0.217846 0.012987 -1.684618 -0.217211 0.012987 -1.528483 -0.233371 0.012987 -1.528419 -0.298030 0.012987 -1.527456 -0.233337 0.012987 -1.525710 -0.298150 0.012987 -1.527078 -0.233314 0.012987 -1.526195 -0.233259 0.012987 -1.523470 -0.232694 0.012987 -1.523365 -0.232617 0.012987 -1.523291 -0.232543 0.012987 -1.524143 -0.232952 0.012987 -1.523725 -0.232828 0.012987 -1.524553 -0.298201 0.012987 -1.525882 -0.233225 0.012987 -1.522016 -0.298293 0.012987 -1.525148 -0.233148 0.012987 -1.520932 -0.298332 0.012987 -1.524901 -0.233105 0.012987 -1.524322 -0.233005 0.012987 -1.518575 -0.298397 0.012987 -1.517567 -0.298425 0.012987 -1.515395 -0.298461 0.012987 -1.523118 -0.232370 0.012987 -1.523007 -0.232246 0.012987 -1.522747 -0.231956 0.012987 -1.522600 -0.231784 0.012987 -1.522256 -0.231382 0.012987 -1.522073 -0.231162 0.012987 -1.521646 -0.230650 0.012987 -1.521429 -0.230385 0.012987 -1.520922 -0.229765 0.012987 -1.520672 -0.229455 0.012987 -1.501261 -0.297757 0.012987 -1.500967 -0.297684 0.012987 -1.500343 -0.297349 0.012987 -1.501950 -0.297926 0.012987 -1.502343 -0.297985 0.012987 -1.500077 -0.297205 0.012987 -1.499309 -0.296671 0.012987 -1.503264 -0.298124 0.012987 -1.498981 -0.296443 0.012987 -1.503754 -0.298170 0.012987 -1.498073 -0.295715 0.012987 -1.504900 -0.298279 0.012987 -1.497686 -0.295404 0.012987 -1.505483 -0.298312 0.012987 -1.496643 -0.294489 0.012987 -1.506847 -0.298391 0.012987 -1.496197 -0.294098 0.012987 -1.507521 -0.298412 0.012987 -1.498859 -0.078063 0.012987 -1.497881 -0.014607 0.012987 -1.510161 -0.076695 0.012987 -1.500626 -0.014285 0.012987 -1.515001 -0.076161 0.012987 -1.514466 -0.298477 0.012987 -1.526326 -0.074913 0.012987 -1.480718 -0.080404 0.012987 -1.473736 -0.017298 0.012987 -1.486124 -0.079672 0.012987 -1.479862 -0.016645 0.012987 -1.488490 -0.079365 0.012987 -1.482480 -0.016365 0.012987 -1.494028 -0.078648 0.012987 -1.488771 -0.015661 0.012987 -1.470939 -0.081776 0.012987 -1.465922 -0.082523 0.012987 -1.462849 -0.018389 0.012987 -1.465280 -0.018155 0.012987 -1.456986 -0.083909 0.012987 -1.452528 -0.084652 0.012987 -1.447252 -0.019823 0.012987 -1.449434 -0.019637 0.012987 -1.459020 -0.083590 0.012987 -1.454848 -0.019146 0.012987 -1.449362 -0.136150 0.012987 -1.446368 -0.131945 0.012987 -1.445169 -0.130231 0.012987 -1.463778 -0.082843 0.012987 -1.457162 -0.018935 0.012987 -1.463369 -0.155248 0.012987 -1.459906 -0.150624 0.012987 -1.458485 -0.148697 0.012987 -1.455162 -0.144186 0.012987 -1.453809 -0.142318 0.012987 -1.478407 -0.080717 0.012987 -1.450642 -0.137947 0.012987 -1.473175 -0.081459 0.012987 -1.471204 -0.017554 0.012987 -1.495023 -0.293001 0.012987 -1.509097 -0.298461 0.012987 -1.494522 -0.292532 0.012987 -1.509858 -0.298469 0.012987 -1.493222 -0.291258 0.012987 -1.511640 -0.298489 0.012987 -1.492666 -0.290713 0.012987 -1.512486 -0.298486 0.012987 -1.491245 -0.289267 0.012987 -1.490638 -0.288649 0.012987 -1.489100 -0.287038 0.012987 -1.488442 -0.286349 0.012987 -1.486792 -0.284577 0.012987 -1.486086 -0.283820 0.012987 -1.484328 -0.281893 0.012987 -1.483577 -0.281069 0.012987 -1.481716 -0.278992 0.012987 -1.480920 -0.278104 0.012987 -1.478960 -0.275883 0.012987 -1.478123 -0.274934 0.012987 -1.476069 -0.272574 0.012987 -1.475192 -0.271565 0.012987 -1.473049 -0.269072 0.012987 -1.520087 -0.228731 0.012987 -1.472133 -0.268006 0.012987 -1.519491 -0.227984 0.012987 -1.469905 -0.265384 0.012987 -1.518096 -0.226235 0.012987 -1.517378 -0.225326 0.012987 -1.468953 -0.264264 0.012987 -1.515699 -0.223197 0.012987 -1.466646 -0.261520 0.012987 -1.514868 -0.222136 0.012987 -1.465659 -0.260347 0.012987 -1.512922 -0.219652 0.012987 -1.463276 -0.257486 0.012987 -1.511985 -0.218449 0.012987 -1.462258 -0.256263 0.012987 -1.509791 -0.215634 0.012987 -1.459804 -0.253291 0.012987 -1.508756 -0.214300 0.012987 -1.458755 -0.252020 0.012987 -1.506332 -0.211179 0.012987 -1.505206 -0.209724 0.012987 -1.453653 -0.245761 0.012987 -1.502571 -0.206320 0.012987 -1.501363 -0.204755 0.012987 -1.451473 -0.243086 0.012987 -1.498534 -0.201093 0.012987 -1.446142 -0.236445 0.012987 -1.497251 -0.199428 0.012987 -1.494247 -0.195533 0.012987 -1.483565 -0.181649 0.012987 -1.480145 -0.177199 0.012987 -1.478639 -0.175239 0.012987 -1.475117 -0.170653 0.012987 -1.473575 -0.168646 0.012987 -1.469968 -0.163948 0.012987 -1.468435 -0.161935 0.012987 -1.464849 -0.157224 0.012987 -1.491460 -0.015361 0.012987 -1.444746 -0.086015 0.012987 -1.434345 -0.114338 0.012987 -1.432205 -0.111061 0.012987 -1.441014 -0.086733 0.012987 -1.431400 -0.109788 0.012987 -1.439418 -0.087039 0.012987 -1.429515 -0.106810 0.012987 -1.436112 -0.087737 0.012987 -1.428826 -0.105675 0.012987 -1.434699 -0.088036 0.012987 -1.427212 -0.103021 0.012987 -1.431860 -0.088709 0.012987 -1.427398 -0.021361 0.012987 -1.429093 -0.021251 0.012987 -1.433475 -0.020933 0.012987 -1.435349 -0.020797 0.012987 -1.423861 -0.096983 0.012987 -1.423694 -0.096636 0.012987 -1.426364 -0.090223 0.012987 -1.425954 -0.090355 0.012987 -1.423302 -0.095822 0.012987 -1.425138 -0.090654 0.012987 -1.423170 -0.095519 0.012987 -1.424789 -0.090782 0.012987 -1.422355 -0.092287 0.012987 -1.422429 -0.092161 0.012987 -1.422595 -0.091976 0.012987 -1.422747 -0.091861 0.012987 -1.422279 -0.092505 0.012987 -1.422318 -0.093089 0.012987 -1.422267 -0.092712 0.012987 -1.422860 -0.094810 0.012987 -1.424121 -0.091072 0.012987 -1.422764 -0.094552 0.012987 -1.423836 -0.091196 0.012987 -1.422538 -0.093951 0.012987 -1.422479 -0.093741 0.012987 -1.423322 -0.091475 0.012987 -1.422340 -0.093250 0.012987 -1.423102 -0.091594 0.012987 -1.426646 -0.102036 0.012987 -1.430647 -0.088996 0.012987 -1.425320 -0.099733 0.012987 -1.429417 -0.089322 0.012987 -1.425085 -0.099300 0.012987 -1.428891 -0.089461 0.012987 -1.424535 -0.098288 0.012987 -1.427793 -0.089778 0.012987 -1.424333 -0.097898 0.012987 -1.427324 -0.089914 0.012987 -1.421928 -0.021701 0.012987 -1.423431 -0.021618 0.012987 -1.410510 -0.022180 0.012987 -1.405403 -0.014717 0.012987 -1.411696 -0.022155 0.012987 -1.405727 -0.013563 0.012987 -1.412203 -0.022144 0.012987 -1.405890 -0.013021 0.012987 -1.413524 -0.022102 0.012987 -1.406271 -0.011752 0.012987 -1.414088 -0.022085 0.012987 -1.406667 -0.010527 0.012987 -1.415540 -0.022027 0.012987 -1.416160 -0.022002 0.012987 -1.407595 -0.007662 0.012987 -1.417738 -0.021928 0.012987 -1.418412 -0.021897 0.012987 -1.408082 -0.006260 0.012987 -1.405039 -0.021969 0.012987 -1.404757 -0.021892 0.012987 -1.404593 -0.021827 0.012987 -1.808662 0.265248 0.052374 -1.922689 0.296174 0.052374 -1.404491 -0.021738 0.012987 -1.443923 0.196037 0.052374 -1.319794 -0.069228 0.012987 -1.356655 0.021492 0.012987 -1.372409 0.060266 0.012987 -1.375469 0.067693 0.012987 -1.376777 0.070867 0.012987 -1.379676 0.077887 0.012987 -1.380914 0.080887 0.012987 -1.381641 0.082641 0.012987 -1.404395 -0.021583 0.012987 -1.404323 -0.021378 0.012987 -1.404302 -0.021211 0.012987 -1.404252 -0.020819 0.012987 -1.404259 -0.020593 0.012987 -1.404274 -0.020065 0.012987 -1.404309 -0.019783 0.012987 -1.404389 -0.019122 0.012987 -1.344641 -0.102458 0.012987 -1.405160 -0.022002 0.012987 -1.404450 -0.018785 0.012987 -1.404594 -0.017995 0.012987 -1.404681 -0.017604 0.012987 -1.404886 -0.016690 0.012987 -1.404999 -0.016247 0.012987 -1.405265 -0.015210 0.012987 -1.405604 -0.022061 0.012987 -1.405793 -0.022086 0.012987 -1.406394 -0.022128 0.012987 -1.406651 -0.022146 0.012987 -1.407406 -0.022171 0.012987 -1.407728 -0.022181 0.012987 -1.408630 -0.022189 0.012987 -1.409016 -0.022193 0.012987 -1.410063 -0.022184 0.012987 -1.409222 -0.002981 0.012987 -1.409794 -0.001415 0.012987 -1.411134 0.002248 0.012987 -1.411787 0.003965 0.012987 -1.413316 0.007984 0.012987 -1.414044 0.009840 0.012987 -1.415750 0.014184 0.012987 -1.416549 0.016168 0.012987 -1.418420 0.020808 0.012987 -1.419286 0.022906 0.012987 -1.441253 -0.124597 0.012987 -1.442364 -0.126218 0.012987 -1.402775 -0.180208 0.012987 -1.438653 -0.120803 0.012987 -1.437637 -0.119287 0.012987 -1.435259 -0.115739 0.012987 -1.440111 -0.020420 0.012987 -1.442146 -0.020258 0.012987 -1.421310 0.027814 0.012987 -1.422236 0.030014 0.012987 -1.424403 0.035160 0.012987 -1.425385 0.037449 0.012987 -1.427683 0.042804 0.012987 -1.428716 0.045170 0.012987 -1.431133 0.050705 0.012987 -1.432212 0.053135 0.012987 -1.434737 0.058820 0.012987 -1.435169 0.059757 0.012987 -1.443864 -0.233607 0.012987 -1.492896 -0.193778 0.012987 -1.489736 -0.189674 0.012987 -1.438343 -0.226628 0.012987 -1.488326 -0.187840 0.012987 -1.435983 -0.223645 0.012987 -1.485026 -0.183551 0.012987 -1.430306 -0.216371 0.012987 -1.427880 -0.213262 0.012987 -1.422086 -0.205737 0.012987 -1.419610 -0.202520 0.012987 -1.413735 -0.194787 0.012987 -1.411224 -0.191481 0.012987 -1.405305 -0.183583 0.012987 -1.450622 -0.084969 0.012987 -1.446506 -0.085702 0.012987 -1.534271 -0.074104 0.012987 -1.528705 -0.074671 0.012987 -2.003515 0.310438 0.012987 -1.989886 0.315721 0.012987 -1.985456 0.264302 0.012987 -1.957998 0.328082 0.012987 -1.955091 0.329162 0.012987 -1.948292 0.331687 0.012987 -1.945337 0.332674 0.012987 -1.928795 0.290170 0.012987 -1.928909 0.289753 0.012987 -1.928441 0.291051 0.012987 -1.929176 0.288778 0.012987 -1.928290 0.291427 0.012987 -1.938422 0.334982 0.012987 -1.935500 0.335854 0.012987 -1.928663 0.337894 0.012987 -1.927662 0.292550 0.012987 -1.927850 0.292214 0.012987 -1.927136 0.293242 0.012987 -1.925337 0.294893 0.012987 -1.926036 0.294391 0.012987 -1.926298 0.294136 0.012987 -1.926911 0.293538 0.012987 -1.923917 0.295689 0.012987 -1.924252 0.295515 0.012987 -1.923044 0.296000 0.012987 -1.921303 0.296439 0.012987 -1.921713 0.296348 0.012987 -1.920258 0.296558 0.012987 -1.922672 0.296133 0.012987 -1.925038 0.295108 0.012987 -1.916456 0.296531 0.012987 -1.915151 0.296358 0.012987 -1.917952 0.340655 0.012987 -1.918195 0.296639 0.012987 -1.918679 0.296630 0.012987 -1.916977 0.296564 0.012987 -1.919287 0.340346 0.012987 -1.913202 0.296013 0.012987 -1.912607 0.295897 0.012987 -1.913553 0.341643 0.012987 -1.905415 0.343173 0.012987 -1.906541 0.343001 0.012987 -1.911940 0.295731 0.012987 -1.909362 0.342485 0.012987 -1.910568 0.342265 0.012987 -1.914593 0.296284 0.012987 -1.914828 0.341377 0.012987 -1.892739 0.344187 0.012987 -1.893442 0.344237 0.012987 -1.895372 0.344213 0.012987 -1.896197 0.344203 0.012987 -1.898385 0.344046 0.012987 -1.885991 0.343322 0.012987 -1.887786 0.343650 0.012987 -1.884442 0.342882 0.012987 -1.888554 0.343790 0.012987 -1.890332 0.343988 0.012987 -1.874063 0.338884 0.012987 -1.875615 0.339711 0.012987 -1.879260 0.341211 0.012987 -1.880817 0.341852 0.012987 -1.870431 0.336950 0.012987 -1.891092 0.344072 0.012987 -1.899321 0.343979 0.012987 -1.901744 0.343696 0.012987 -1.902780 0.343575 0.012987 -1.919811 0.296608 0.012987 -1.927240 0.338279 0.012987 -1.923910 0.339182 0.012987 -1.922526 0.339531 0.012987 -1.841067 0.345583 0.012987 -1.841062 0.344969 0.012987 -1.840929 0.343602 0.012987 -1.840872 0.343018 0.012987 -1.840618 0.341727 0.012987 -1.840821 0.349845 0.012987 -1.840921 0.349172 0.012987 -1.841031 0.347665 0.012987 -1.860293 0.329771 0.012987 -1.863807 0.332468 0.012987 -1.865308 0.333620 0.012987 -1.841078 0.347021 0.012987 -1.868897 0.335953 0.012987 -1.839975 0.339441 0.012987 -1.839482 0.338306 0.012987 -1.840135 0.339960 0.012987 -1.840080 0.353754 0.012987 -1.840436 0.352118 0.012987 -1.839875 0.354480 0.012987 -1.838658 0.336769 0.012987 -1.838396 0.336319 0.012987 -1.837665 0.335352 0.012987 -1.839271 0.337821 0.012987 -1.837353 0.334939 0.012987 -1.851575 0.321538 0.012987 -1.854035 0.324036 0.012987 -1.855432 0.325454 0.012987 -1.858838 0.328479 0.012987 -1.840509 0.341174 0.012987 -1.840588 0.351418 0.012987 -1.834762 0.332561 0.012987 -1.833679 0.331867 0.012987 -1.835174 0.332898 0.012987 -1.836504 0.334061 0.012987 -1.836141 0.333685 0.012987 -1.831505 0.330718 0.012987 -1.830762 0.330436 0.012987 -1.832017 0.330973 0.012987 -1.833216 0.331571 0.012987 -1.839395 0.356177 0.012987 -1.839136 0.356927 0.012987 -1.838532 0.358683 0.012987 -1.838220 0.359457 0.012987 -1.837491 0.361267 0.012987 -1.837126 0.362063 0.012987 -1.836271 0.363926 0.012987 -1.835852 0.364744 0.012987 -1.834871 0.366657 0.012987 -1.834397 0.367494 0.012987 -1.833289 0.369454 0.012987 -1.832761 0.370311 0.012987 -1.831526 0.372315 0.012987 -1.830944 0.373189 0.012987 -1.829580 0.375235 0.012987 -1.828943 0.376125 0.012987 -1.827451 0.378210 0.012987 -1.826758 0.379116 0.012987 -1.825137 0.381236 0.012987 -1.823955 0.382573 0.012987 -1.821187 0.385701 0.012987 -1.819933 0.386917 0.012987 -1.817000 0.389763 0.012987 -1.815683 0.390861 0.012987 -1.812603 0.393429 0.012987 -1.811232 0.394410 0.012987 -1.808025 0.396706 0.012987 -1.806608 0.397572 0.012987 -1.803292 0.399599 0.012987 -1.801837 0.400353 0.012987 -1.798432 0.402116 0.012987 -1.796947 0.402758 0.012987 -1.793473 0.404262 0.012987 -1.791966 0.404796 0.012987 -1.781567 0.359372 0.012987 -1.782070 0.358741 0.012987 -1.782272 0.358418 0.012987 -1.780024 0.360740 0.012987 -1.780590 0.360362 0.012987 -1.780818 0.360146 0.012987 -1.778294 0.361384 0.012987 -1.778927 0.361260 0.012987 -1.779183 0.361153 0.012987 -1.779782 0.360902 0.012987 -1.775004 0.360867 0.012987 -1.775321 0.360979 0.012987 -1.774223 0.360476 0.012987 -1.776064 0.361241 0.012987 -1.776365 0.361297 0.012987 -1.777070 0.361430 0.012987 -1.777355 0.361432 0.012987 -1.776748 0.408760 0.012987 -1.778023 0.361437 0.012987 -1.778271 0.408542 0.012987 -1.782745 0.357661 0.012987 -1.781352 0.359642 0.012987 -1.788441 0.406044 0.012987 -1.786921 0.406471 0.012987 -1.783364 0.407469 0.012987 -1.781839 0.407790 0.012987 -1.771832 0.358850 0.012987 -1.772098 0.359065 0.012987 -1.771282 0.358211 0.012987 -1.772718 0.359566 0.012987 -1.773069 0.359788 0.012987 -1.770362 0.356844 0.012987 -1.770567 0.357171 0.012987 -1.770136 0.356354 0.012987 -1.771047 0.357938 0.012987 -1.756843 0.409275 0.012987 -1.773890 0.360309 0.012987 -1.758271 0.409451 0.012987 -1.761696 0.409639 0.012987 -1.738987 0.404713 0.012987 -1.740189 0.405252 0.012987 -1.743163 0.406307 0.012987 -1.728942 0.398997 0.012987 -1.731375 0.400656 0.012987 -1.727995 0.398206 0.012987 -1.732415 0.401365 0.012987 -1.735048 0.402828 0.012987 -1.722221 0.392495 0.012987 -1.722957 0.393444 0.012987 -1.724934 0.395484 0.012987 -1.725780 0.396355 0.012987 -1.736174 0.403452 0.012987 -1.744434 0.406758 0.012987 -1.747549 0.407603 0.012987 -1.748881 0.407965 0.012987 -1.752118 0.408595 0.012987 -1.753502 0.408864 0.012987 -1.785202 0.350970 0.012987 -1.785494 0.349788 0.012987 -1.785056 0.351559 0.012987 -1.784690 0.352814 0.012987 -1.784534 0.353351 0.012987 -1.784143 0.354482 0.012987 -1.783976 0.354965 0.012987 -1.783558 0.355972 0.012987 -1.783380 0.356402 0.012987 -1.782935 0.357284 0.012987 -1.763160 0.409719 0.012987 -1.766649 0.409678 0.012987 -1.768141 0.409661 0.012987 -1.771676 0.409387 0.012987 -1.773187 0.409271 0.012987 -1.718439 0.386845 0.012987 -1.719883 0.389246 0.012987 -1.717948 0.385744 0.012987 -1.700680 0.439255 0.012987 -1.714537 0.433875 0.012987 -1.696514 0.387829 0.012987 -1.716442 0.381995 0.012987 -1.715719 0.379618 0.012987 -1.716799 0.383168 0.012987 -1.641829 0.411207 0.012987 -1.668260 0.451844 0.012987 -1.641104 0.412983 0.012987 -1.641613 0.412014 0.012987 -1.641744 0.411524 0.012987 -1.638954 0.415228 0.012987 -1.639870 0.414556 0.012987 -1.640174 0.414209 0.012987 -1.640886 0.413397 0.012987 -1.635645 0.416761 0.012987 -1.636966 0.416307 0.012987 -1.637444 0.416070 0.012987 -1.632903 0.417489 0.012987 -1.633555 0.417329 0.012987 -1.631749 0.417639 0.012987 -1.638563 0.415516 0.012987 -1.641697 0.459967 0.012987 -1.639834 0.460349 0.012987 -1.635080 0.416955 0.012987 -1.666198 0.452588 0.012987 -1.661374 0.454329 0.012987 -1.659361 0.454983 0.012987 -1.654650 0.456511 0.012987 -1.652686 0.457074 0.012987 -1.648090 0.458390 0.012987 -1.646176 0.458862 0.012987 -1.627822 0.417331 0.012987 -1.628342 0.417425 0.012987 -1.627640 0.417273 0.012987 -1.623543 0.462897 0.012987 -1.627661 0.462422 0.012987 -1.629560 0.417645 0.012987 -1.630068 0.417663 0.012987 -1.629421 0.462219 0.012987 -1.600332 0.462405 0.012987 -1.601821 0.462644 0.012987 -1.605434 0.462998 0.012987 -1.606978 0.463150 0.012987 -1.610720 0.463298 0.012987 -1.612319 0.463361 0.012987 -1.616188 0.463303 0.012987 -1.617842 0.463277 0.012987 -1.621836 0.463011 0.012987 -1.581821 0.457114 0.012987 -1.583079 0.457701 0.012987 -1.586160 0.458872 0.012987 -1.571074 0.450957 0.012987 -1.573737 0.452733 0.012987 -1.569996 0.450113 0.012987 -1.574875 0.453492 0.012987 -1.577680 0.455067 0.012987 -1.564083 0.445033 0.012987 -1.563689 0.444613 0.012987 -1.566460 0.447208 0.012987 -1.567475 0.448137 0.012987 -1.578878 0.455740 0.012987 -1.587477 0.459372 0.012987 -1.590693 0.460340 0.012987 -1.592068 0.460754 0.012987 -1.595418 0.461518 0.012987 -1.596850 0.461845 0.012987 -1.631256 0.417703 0.012987 -1.635473 0.461243 0.012987 -1.633661 0.461535 0.012987 -1.720501 0.390272 0.012987 -1.944735 0.160198 0.012987 -1.897924 -0.010441 0.012987 -1.893721 -0.003261 0.012987 -1.883888 0.013539 0.012987 -1.883526 0.014104 0.012987 -1.882679 0.015427 0.012987 -1.882272 0.016050 0.012987 -1.881318 0.017507 0.012987 -1.880867 0.018185 0.012987 -1.879812 0.019771 0.012987 -1.879319 0.020502 0.012987 -1.878166 0.022213 0.012987 -1.877632 0.022995 0.012987 -1.876384 0.024825 0.012987 -1.875812 0.025656 0.012987 -1.857944 -0.101088 0.012987 -1.874472 0.027600 0.012987 -1.873863 0.028478 0.012987 -1.872436 0.030533 0.012987 -1.871790 0.031455 0.012987 -1.870280 0.033614 0.012987 -1.868888 0.035585 0.012987 -1.865631 0.040198 0.012987 -1.864115 0.042323 0.012987 -1.860567 0.047295 0.012987 -1.858939 0.049557 0.012987 -1.855131 0.054850 0.012987 -1.853404 0.057233 0.012987 -1.849364 0.062807 0.012987 -1.847551 0.065293 0.012987 -1.843309 0.071110 0.012987 -1.841423 0.073682 0.012987 -1.837008 0.079702 0.012987 -1.818583 -0.013036 0.012987 -1.818541 -0.014012 0.012987 -1.818473 -0.011039 0.012987 -1.817001 -0.005101 0.012987 -1.817242 -0.005652 0.012987 -1.817462 -0.006274 0.012987 -1.817978 -0.007729 0.012987 -1.818112 -0.008464 0.012987 -1.818442 -0.016295 0.012987 -1.818309 -0.017398 0.012987 -1.818426 -0.010185 0.012987 -1.814805 -0.033724 0.012987 -1.814295 -0.035379 0.012987 -1.809160 0.008158 0.012987 -1.815772 -0.030189 0.012987 -1.809874 0.007040 0.012987 -1.816186 -0.028678 0.012987 -1.811543 0.004426 0.012987 -1.816930 -0.025472 0.012987 -1.812149 0.003442 0.012987 -1.817249 -0.024101 0.012987 -1.817774 -0.021213 0.012987 -1.813568 0.001141 0.012987 -1.814060 0.000303 0.012987 -1.817999 -0.019979 0.012987 -1.815210 -0.001658 0.012987 -1.815580 -0.002340 0.012987 -1.816444 -0.003935 0.012987 -1.816580 -0.004214 0.012987 -1.816899 -0.004866 0.012987 -1.810364 -0.047240 0.012987 -1.811071 -0.045281 0.012987 -1.812494 -0.041058 0.012987 -1.813102 -0.039253 0.012987 -1.835060 0.082345 0.012987 -1.830503 0.088528 0.012987 -1.828507 0.091224 0.012987 -1.823836 0.097532 0.012987 -1.815617 0.108513 0.012987 -1.590086 -0.004839 0.012987 -1.677327 0.013717 0.012987 -1.615807 0.050951 0.012987 -1.626800 0.074796 0.012987 -1.722830 0.129094 0.012987 -1.736020 0.110805 0.012987 -1.663839 0.155191 0.012987 -1.652748 0.131119 0.012987 -1.445730 0.082665 0.012987 -1.529057 0.143467 0.012987 -1.471451 0.138455 0.012987 -1.410953 0.151342 0.012987 -1.411655 0.152884 0.012987 -1.413206 0.156215 0.012987 -1.413870 0.157639 0.012987 -1.383658 0.087512 0.012987 -1.384831 0.090343 0.012987 -1.387426 0.096584 0.012987 -1.388535 0.099252 0.012987 -1.390988 0.105122 0.012987 -1.392037 0.107631 0.012987 -1.394354 0.113142 0.012987 -1.395345 0.115497 0.012987 -1.397534 0.120660 0.012987 -1.398469 0.122867 0.012987 -1.400536 0.127696 0.012987 -1.401419 0.129759 0.012987 -1.403369 0.134264 0.012987 -1.404203 0.136190 0.012987 -1.406044 0.140384 0.012987 -1.406831 0.142176 0.012987 -1.408569 0.146070 0.012987 -1.409312 0.147735 0.012987 -1.794596 -0.086225 0.012987 -1.795824 -0.083430 0.012987 -1.798448 -0.077302 0.012987 -1.799570 -0.074683 0.012987 -1.801946 -0.068957 0.012987 -1.802962 -0.066509 0.012987 -1.805095 -0.061175 0.012987 -1.806006 -0.058895 0.012987 -1.807899 -0.053941 0.012987 -1.808708 -0.051824 0.012987 -1.800134 0.021663 0.012987 -1.801121 0.020211 0.012987 -1.797649 0.025269 0.012987 -1.796586 0.026810 0.012987 -1.793942 0.030597 0.012987 -1.792812 0.032216 0.012987 -1.790027 0.036160 0.012987 -1.788837 0.037845 0.012987 -1.785931 0.041919 0.012987 -1.784689 0.043660 0.012987 -1.778584 0.052089 0.012987 -1.775975 0.055692 0.012987 -1.769603 0.064325 0.012987 -1.766880 0.068015 0.012987 -1.796389 0.134204 0.012987 -1.794339 0.136915 0.012987 -1.789543 0.143256 0.012987 -1.787520 0.145919 0.012987 -1.782788 0.152150 0.012987 -1.780805 0.154749 0.012987 -1.776165 0.160829 0.012987 -1.774234 0.163347 0.012987 -1.803430 0.016814 0.012987 -1.804334 0.015462 0.012987 -1.806448 0.012299 0.012987 -1.807260 0.011059 0.012987 -1.982811 0.257545 0.012987 -1.953487 0.182577 0.012987 -1.973963 0.234938 0.012987 -1.929570 0.285596 0.012987 -1.929574 0.285060 0.012987 -1.929475 0.286757 0.012987 -1.929401 0.281268 0.012987 -1.929471 0.281883 0.012987 -1.929549 0.283230 0.012987 -1.929582 0.283805 0.012987 -1.929435 0.287253 0.012987 -1.925932 0.266756 0.012987 -1.926223 0.267604 0.012987 -1.926818 0.269499 0.012987 -1.927072 0.270309 0.012987 -1.927580 0.272113 0.012987 -1.927797 0.272884 0.012987 -1.928220 0.274597 0.012987 -1.928400 0.275329 0.012987 -1.928737 0.276951 0.012987 -1.928880 0.277645 0.012987 -1.929130 0.279175 0.012987 -1.929237 0.279829 0.012987 -1.929254 0.288322 0.012987 -1.910639 0.174762 0.012987 -1.910640 0.233940 0.012987 -1.910997 0.234463 0.012987 -1.911851 0.235825 0.012987 -1.912215 0.236406 0.012987 -1.913088 0.237904 0.012987 -1.913461 0.238544 0.012987 -1.914355 0.240179 0.012987 -1.914736 0.240878 0.012987 -1.915651 0.242651 0.012987 -1.916042 0.243408 0.012987 -1.916980 0.245319 0.012987 -1.917380 0.246135 0.012987 -1.918341 0.248184 0.012987 -1.918752 0.249060 0.012987 -1.919737 0.251248 0.012987 -1.920158 0.252183 0.012987 -1.921169 0.254511 0.012987 -1.921601 0.255505 0.012987 -1.922540 0.257758 0.012987 -1.922941 0.258721 0.012987 -1.923793 0.260885 0.012987 -1.924158 0.261810 0.012987 -1.924924 0.263885 0.012987 -1.925252 0.264771 0.012987 -1.910497 0.295371 0.012987 -1.911129 0.295528 0.012987 -1.905273 0.227647 0.012987 -1.904949 0.227411 0.012987 -1.906044 0.228333 0.012987 -1.903126 0.226261 0.012987 -1.902813 0.226139 0.012987 -1.903872 0.226680 0.012987 -1.900025 0.225600 0.012987 -1.899723 0.225647 0.012987 -1.900740 0.225623 0.012987 -1.901769 0.225787 0.012987 -1.901045 0.225632 0.012987 -1.902079 0.225853 0.012987 -1.904191 0.226859 0.012987 -1.898718 0.225858 0.012987 -1.898019 0.226097 0.012987 -1.897723 0.226255 0.012987 -1.895073 0.228235 0.012987 -1.894782 0.228559 0.012987 -1.895756 0.227606 0.012987 -1.896736 0.226838 0.012987 -1.896048 0.227338 0.012987 -1.897030 0.226625 0.012987 -1.897038 0.289551 0.012987 -1.897954 0.290104 0.012987 -1.895090 0.288062 0.012987 -1.890211 0.283210 0.012987 -1.891758 0.285043 0.012987 -1.892506 0.285756 0.012987 -1.894257 0.287425 0.012987 -1.896065 0.180987 0.012987 -1.892441 0.182574 0.012987 -1.890892 0.183253 0.012987 -1.899017 0.225756 0.012987 -1.894102 0.229316 0.012987 -1.893812 0.229694 0.012987 -1.906374 0.228626 0.012987 -1.907159 0.229446 0.012987 -1.893134 0.230580 0.012987 -1.892845 0.231013 0.012987 -1.907495 0.229797 0.012987 -1.908296 0.230751 0.012987 -1.892168 0.232026 0.012987 -1.891879 0.232514 0.012987 -1.908639 0.231159 0.012987 -1.909456 0.232249 0.012987 -1.891202 0.233655 0.012987 -1.909806 0.232714 0.012987 -1.890913 0.234196 0.012987 -1.900096 0.291398 0.012987 -1.901092 0.291861 0.012987 -1.890235 0.235464 0.012987 -1.903423 0.292944 0.012987 -1.904166 0.293229 0.012987 -1.905905 0.293895 0.012987 -1.906611 0.294137 0.012987 -1.908263 0.294703 0.012987 -1.908932 0.294903 0.012987 -1.886510 0.277482 0.012987 -1.887637 0.279597 0.012987 -1.888210 0.280444 0.012987 -1.884042 0.271056 0.012987 -1.884730 0.273391 0.012987 -1.885118 0.274345 0.012987 -1.883287 0.267636 0.012987 -1.883748 0.270057 0.012987 -1.886028 0.276578 0.012987 -1.882861 0.264107 0.012987 -1.882770 0.260493 0.012987 -1.882763 0.263042 0.012987 -1.849444 0.319191 0.012987 -1.850768 0.320719 0.012987 -1.853364 0.204951 0.012987 -1.851132 0.206764 0.012987 -1.889945 0.236059 0.012987 -1.889265 0.237453 0.012987 -1.850177 0.207538 0.012987 -1.888974 0.238103 0.012987 -1.848080 0.209379 0.012987 -1.888291 0.239622 0.012987 -1.847183 0.210166 0.012987 -1.845220 0.212036 0.012987 -1.887998 0.240325 0.012987 -1.887312 0.241970 0.012987 -1.883090 0.266600 0.012987 -1.846348 0.315616 0.012987 -1.889549 0.282426 0.012987 -1.829628 0.330006 0.012987 -1.830190 0.330219 0.012987 -1.842216 0.310197 0.012987 -1.845111 0.313994 0.012987 -1.828199 0.329610 0.012987 -1.827588 0.329440 0.012987 -1.826045 0.329148 0.012987 -1.841079 0.308494 0.012987 -1.838419 0.304511 0.012987 -1.825385 0.329024 0.012987 -1.844381 0.212836 0.012987 -1.842551 0.214738 0.012987 -1.887016 0.242726 0.012987 -1.886325 0.244496 0.012987 -1.841769 0.215550 0.012987 -1.840071 0.217484 0.012987 -1.885898 0.245615 0.012987 -1.839346 0.218311 0.012987 -1.837780 0.220278 0.012987 -1.884897 0.248232 0.012987 -1.837111 0.221119 0.012987 -1.835677 0.223121 0.012987 -1.835063 0.223976 0.012987 -1.833759 0.226014 0.012987 -1.884578 0.249353 0.012987 -1.833201 0.226884 0.012987 -1.832026 0.228959 0.012987 -1.883833 0.251976 0.012987 -1.831524 0.229845 0.012987 -1.830478 0.231957 0.012987 -1.830031 0.232860 0.012987 -1.829112 0.235011 0.012987 -1.828720 0.235930 0.012987 -1.827928 0.238122 0.012987 -1.883622 0.253093 0.012987 -1.827590 0.239058 0.012987 -1.826925 0.241291 0.012987 -1.883128 0.255707 0.012987 -1.826641 0.242245 0.012987 -1.826101 0.244520 0.012987 -1.825871 0.245492 0.012987 -1.825456 0.247811 0.012987 -1.825279 0.248802 0.012987 -1.883022 0.256814 0.012987 -1.824988 0.251165 0.012987 -1.824864 0.252176 0.012987 -1.882773 0.259403 0.012987 -1.824696 0.254585 0.012987 -1.824624 0.255615 0.012987 -1.824579 0.258071 0.012987 -1.824636 0.261625 0.012987 -1.824669 0.262696 0.012987 -1.824866 0.265250 0.012987 -1.824951 0.266341 0.012987 -1.825268 0.268945 0.012987 -1.825403 0.270059 0.012987 -1.825840 0.272714 0.012987 -1.826027 0.273850 0.012987 -1.827041 0.278236 0.012987 -1.827475 0.280111 0.012987 -1.828882 0.284488 0.012987 -1.829484 0.286358 0.012987 -1.831252 0.290690 0.012987 -1.832007 0.292541 0.012987 -1.834104 0.296792 0.012987 -1.835001 0.298609 0.012987 -1.837395 0.302743 0.012987 -1.887410 0.184857 0.012987 -1.885922 0.185543 0.012987 -1.882582 0.187166 0.012987 -1.881155 0.187859 0.012987 -1.877956 0.189502 0.012987 -1.876589 0.190204 0.012987 -1.873531 0.191867 0.012987 -1.872224 0.192578 0.012987 -1.869305 0.194263 0.012987 -1.868058 0.194984 0.012987 -1.865278 0.196692 0.012987 -1.864090 0.197422 0.012987 -1.861448 0.199155 0.012987 -1.860319 0.199895 0.012987 -1.857815 0.201653 0.012987 -1.856744 0.202404 0.012987 -1.854376 0.204189 0.012987 -1.821250 0.328686 0.012987 -1.820493 0.328654 0.012987 -1.818610 0.328693 0.012987 -1.823728 0.328839 0.012987 -1.823020 0.328760 0.012987 -1.815811 0.328863 0.012987 -1.814959 0.328929 0.012987 -1.812853 0.329202 0.012987 -1.817806 0.328709 0.012987 -1.808609 0.264748 0.012987 -1.808496 0.264415 0.012987 -1.808635 0.264896 0.012987 -1.808687 0.265559 0.012987 -1.808448 0.264273 0.012987 -1.808575 0.266633 0.012987 -1.808664 0.266296 0.012987 -1.807488 0.262564 0.012987 -1.807582 0.268985 0.012987 -1.808201 0.267778 0.012987 -1.807816 0.268612 0.012987 -1.808365 0.267422 0.012987 -1.824560 0.259121 0.012987 -1.808697 0.265244 0.012987 -1.806033 0.271151 0.012987 -1.805682 0.260116 0.012987 -1.805673 0.271550 0.012987 -1.806734 0.270245 0.012987 -1.803301 0.257676 0.012987 -1.803445 0.273843 0.012987 -1.804416 0.272890 0.012987 -1.805085 0.259382 0.012987 -1.804832 0.272482 0.012987 -1.800416 0.255276 0.012987 -1.800181 0.276618 0.012987 -1.802468 0.274674 0.012987 -1.802066 0.331605 0.012987 -1.801353 0.331837 0.012987 -1.799807 0.332448 0.012987 -1.796371 0.279406 0.012987 -1.797094 0.252943 0.012987 -1.796063 0.252252 0.012987 -1.799040 0.277452 0.012987 -1.797719 0.333391 0.012987 -1.797110 0.333683 0.012987 -1.795801 0.334438 0.012987 -1.799508 0.254561 0.012987 -1.799146 0.332709 0.012987 -1.802539 0.256948 0.012987 -1.804501 0.330862 0.012987 -1.803734 0.331064 0.012987 -1.807078 0.261833 0.012987 -1.807033 0.269858 0.012987 -1.806293 0.330389 0.012987 -1.807113 0.330215 0.012987 -1.793540 0.335947 0.012987 -1.792462 0.336854 0.012987 -1.794050 0.335592 0.012987 -1.789422 0.248602 0.012987 -1.790792 0.282918 0.012987 -1.792144 0.282138 0.012987 -1.790622 0.338649 0.012987 -1.789765 0.339716 0.012987 -1.791035 0.338228 0.012987 -1.792272 0.250049 0.012987 -1.793407 0.250709 0.012987 -1.795105 0.280224 0.012987 -1.792001 0.337242 0.012987 -1.788651 0.341320 0.012987 -1.788331 0.341811 0.012987 -1.787689 0.343043 0.012987 -1.786210 0.346857 0.012987 -1.786023 0.347458 0.012987 -1.785687 0.348952 0.012987 -1.786876 0.344888 0.012987 -1.786646 0.345451 0.012987 -1.787415 0.343570 0.012987 -1.788204 0.247983 0.012987 -1.787630 0.284743 0.012987 -1.789400 0.340171 0.012987 -1.781551 0.287794 0.012987 -1.782958 0.287152 0.012987 -1.780839 0.244889 0.012987 -1.779518 0.244379 0.012987 -1.783930 0.246083 0.012987 -1.776882 0.289837 0.012987 -1.778259 0.289296 0.012987 -1.776379 0.243343 0.012987 -1.775145 0.317748 0.012987 -1.775176 0.317220 0.012987 -1.775057 0.316153 0.012987 -1.774020 0.313591 0.012987 -1.773793 0.313253 0.012987 -1.773040 0.312567 0.012987 -1.774687 0.314777 0.012987 -1.774551 0.314384 0.012987 -1.775038 0.242900 0.012987 -1.775007 0.315697 0.012987 -1.785210 0.246652 0.012987 -1.786231 0.285464 0.012987 -1.774966 0.319592 0.012987 -1.774714 0.321016 0.012987 -1.795242 0.334761 0.012987 -1.774534 0.321714 0.012987 -1.774113 0.323347 0.012987 -1.773866 0.324142 0.012987 -1.773286 0.326004 0.012987 -1.772976 0.326907 0.012987 -1.811953 0.329318 0.012987 -1.809906 0.329661 0.012987 -1.809032 0.329808 0.012987 -1.775073 0.318984 0.012987 -1.785543 0.349591 0.012987 -1.772353 0.291523 0.012987 -1.771900 0.242043 0.012987 -1.770558 0.241677 0.012987 -1.770084 0.310885 0.012987 -1.771312 0.311418 0.012987 -1.771733 0.311675 0.012987 -1.769294 0.292505 0.012987 -1.769559 0.310657 0.012987 -1.765697 0.309499 0.012987 -1.767443 0.309961 0.012987 -1.768094 0.292782 0.012987 -1.768077 0.310170 0.012987 -1.764950 0.309301 0.012987 -1.765288 0.293431 0.012987 -1.764740 0.293510 0.012987 -1.762955 0.293730 0.012987 -1.763460 0.293694 0.012987 -1.758875 0.293579 0.012987 -1.759830 0.293717 0.012987 -1.758523 0.293468 0.012987 -1.760238 0.293777 0.012987 -1.761312 0.293802 0.012987 -1.758773 0.307972 0.012987 -1.759759 0.308174 0.012987 -1.761772 0.293813 0.012987 -1.762065 0.308648 0.012987 -1.762929 0.308843 0.012987 -1.772248 0.329018 0.012987 -1.771878 0.330036 0.012987 -1.771014 0.332418 0.012987 -1.752581 0.290581 0.012987 -1.751960 0.290476 0.012987 -1.754053 0.291146 0.012987 -1.755170 0.239899 0.012987 -1.754682 0.291388 0.012987 -1.756116 0.292279 0.012987 -1.751631 0.240275 0.012987 -1.750602 0.240424 0.012987 -1.748082 0.241002 0.012987 -1.750505 0.290228 0.012987 -1.747005 0.241249 0.012987 -1.748533 0.290315 0.012987 -1.747998 0.290469 0.012987 -1.749915 0.290254 0.012987 -1.754037 0.239927 0.012987 -1.747252 0.302482 0.012987 -1.748922 0.303708 0.012987 -1.749784 0.304194 0.012987 -1.756729 0.292660 0.012987 -1.757409 0.293045 0.012987 -1.751800 0.305331 0.012987 -1.745943 0.291244 0.012987 -1.745725 0.291399 0.012987 -1.746504 0.290954 0.012987 -1.744576 0.292377 0.012987 -1.744412 0.292591 0.012987 -1.745025 0.291945 0.012987 -1.745216 0.291760 0.012987 -1.743588 0.293906 0.012987 -1.743490 0.294178 0.012987 -1.743897 0.293336 0.012987 -1.743874 0.298853 0.012987 -1.743037 0.295647 0.012987 -1.743029 0.295906 0.012987 -1.743194 0.295064 0.012987 -1.743058 0.296776 0.012987 -1.743275 0.297669 0.012987 -1.743172 0.297398 0.012987 -1.743262 0.294815 0.012987 -1.743515 0.298304 0.012987 -1.744029 0.293093 0.012987 -1.744714 0.300138 0.012987 -1.745260 0.300683 0.012987 -1.744615 0.241735 0.012987 -1.743593 0.241943 0.012987 -1.746744 0.290830 0.012987 -1.746538 0.301958 0.012987 -1.755816 0.187195 0.012987 -1.751843 0.192282 0.012987 -1.767470 0.241019 0.012987 -1.750248 0.194308 0.012987 -1.766149 0.240738 0.012987 -1.746516 0.199049 0.012987 -1.763158 0.240301 0.012987 -1.761880 0.240114 0.012987 -1.745760 0.200002 0.012987 -1.743994 0.202230 0.012987 -1.759035 0.239917 0.012987 -1.743269 0.203139 0.012987 -1.757819 0.239833 0.012987 -1.757700 0.293209 0.012987 -1.752790 0.305762 0.012987 -1.755106 0.306771 0.012987 -1.756204 0.307130 0.012987 -1.770628 0.333725 0.012987 -1.769725 0.336785 0.012987 -1.761698 0.179626 0.012987 -1.757514 0.185021 0.012987 -1.773661 0.291103 0.012987 -1.772719 0.312274 0.012987 -1.769471 0.338077 0.012987 -1.768877 0.341100 0.012987 -1.768754 0.342343 0.012987 -1.768465 0.345251 0.012987 -1.768471 0.346410 0.012987 -1.768483 0.349123 0.012987 -1.768614 0.350165 0.012987 -1.768923 0.352604 0.012987 -1.769179 0.353495 0.012987 -1.769779 0.355580 0.012987 -1.769954 0.355958 0.012987 -1.769717 0.169238 0.012987 -1.767851 0.171658 0.012987 -1.763486 0.177321 0.012987 -1.731452 0.243398 0.012987 -1.731589 0.243407 0.012987 -1.731249 0.243352 0.012987 -1.730993 0.243434 0.012987 -1.721262 0.228590 0.052374 -1.732320 0.243420 0.012987 -1.733283 0.243396 0.012987 -1.731908 0.243430 0.012987 -1.729478 0.220052 0.012987 -1.729010 0.220599 0.012987 -1.741385 0.242336 0.012987 -1.740442 0.242504 0.012987 -1.727916 0.221880 0.012987 -1.738467 0.242804 0.012987 -1.727491 0.222367 0.012987 -1.737623 0.242933 0.012987 -1.726498 0.223507 0.012987 -1.735934 0.243141 0.012987 -1.726117 0.223932 0.012987 -1.735213 0.243230 0.012987 -1.725228 0.224926 0.012987 -1.733861 0.243346 0.012987 -1.724894 0.225286 0.012987 -1.724113 0.226130 0.012987 -1.723827 0.226425 0.012987 -1.723157 0.227113 0.012987 -1.722920 0.227339 0.012987 -1.722366 0.227867 0.012987 -1.722180 0.228023 0.012987 -1.730617 0.243694 0.012987 -1.730487 0.243786 0.012987 -1.730055 0.244113 0.012987 -1.729870 0.244252 0.012987 -1.729316 0.244684 0.012987 -1.729079 0.244869 0.012987 -1.728409 0.245402 0.012987 -1.728123 0.245630 0.012987 -1.727344 0.246259 0.012987 -1.727011 0.246528 0.012987 -1.726129 0.247250 0.012987 -1.725752 0.247558 0.012987 -1.724774 0.248367 0.012987 -1.720736 0.228806 0.012987 -1.721130 0.228705 0.012987 -1.721611 0.228469 0.012987 -1.721299 0.228662 0.012987 -1.720351 0.339957 0.012987 -1.720258 0.339474 0.012987 -1.720430 0.341186 0.012987 -1.720464 0.341711 0.012987 -1.720410 0.343050 0.012987 -1.720467 0.228835 0.012987 -1.719528 0.336845 0.012987 -1.719312 0.336426 0.012987 -1.719887 0.337894 0.012987 -1.720041 0.338342 0.012987 -1.720387 0.343622 0.012987 -1.720204 0.345085 0.012987 -1.718527 0.335051 0.012987 -1.717872 0.334125 0.012987 -1.717526 0.333748 0.012987 -1.715393 0.378005 0.012987 -1.715607 0.379250 0.012987 -1.714777 0.369330 0.012987 -1.714681 0.370710 0.012987 -1.714829 0.373782 0.012987 -1.716303 0.332497 0.012987 -1.715336 0.331640 0.012987 -1.714853 0.331279 0.012987 -1.715001 0.366102 0.012987 -1.715265 0.364657 0.012987 -1.714892 0.375095 0.012987 -1.716717 0.332863 0.012987 -1.715880 0.361277 0.012987 -1.716319 0.359769 0.012987 -1.716526 0.228956 0.012987 -1.715236 0.228933 0.012987 -1.722135 0.250574 0.012987 -1.718807 0.335446 0.012987 -1.717077 0.228966 0.012987 -1.718154 0.228960 0.012987 -1.718614 0.228957 0.012987 -1.719471 0.228920 0.012987 -1.719838 0.228904 0.012987 -1.721745 0.228386 0.012987 -1.724356 0.248713 0.012987 -1.705733 0.325544 0.012987 -1.707103 0.326448 0.012987 -1.704681 0.324667 0.012987 -1.704081 0.228334 0.012987 -1.701837 0.228175 0.012987 -1.713593 0.257894 0.012987 -1.710596 0.260530 0.012987 -1.707689 0.326835 0.012987 -1.709153 0.327652 0.012987 -1.698516 0.318158 0.012987 -1.699246 0.319270 0.012987 -1.701331 0.321614 0.012987 -1.696568 0.279016 0.012987 -1.695275 0.282338 0.012987 -1.697281 0.277629 0.012987 -1.696236 0.314353 0.012987 -1.696806 0.315558 0.012987 -1.692639 0.293356 0.012987 -1.692472 0.296684 0.012987 -1.692870 0.291918 0.012987 -1.692609 0.301363 0.012987 -1.692698 0.302754 0.012987 -1.693282 0.305902 0.012987 -1.693412 0.288556 0.012987 -1.693805 0.287119 0.012987 -1.693532 0.307248 0.012987 -1.694491 0.310250 0.012987 -1.694722 0.283758 0.012987 -1.694901 0.311533 0.012987 -1.700805 0.228096 0.012987 -1.698391 0.227913 0.012987 -1.709315 0.261657 0.012987 -1.697290 0.227824 0.012987 -1.694715 0.227617 0.012987 -1.706519 0.264454 0.012987 -1.693548 0.227519 0.012987 -1.702222 0.322616 0.012987 -1.655758 0.283634 0.012987 -1.655038 0.223849 0.012987 -1.647543 0.223070 0.012987 -1.642155 0.407794 0.012987 -1.642095 0.409804 0.012987 -1.642198 0.408461 0.012987 -1.644201 0.222713 0.012987 -1.642051 0.410378 0.012987 -1.658241 0.224182 0.012987 -1.665352 0.224896 0.012987 -1.668391 0.225202 0.012987 -1.675058 0.225846 0.012987 -1.624836 0.220614 0.012987 -1.624858 0.296833 0.012987 -1.632924 0.221499 0.012987 -1.636381 0.221878 0.012987 -1.664509 0.306014 0.012987 -1.625022 0.362390 0.012987 -1.625352 0.363027 0.012987 -1.684985 0.358374 0.012987 -1.626153 0.364647 0.012987 -1.626495 0.365339 0.012987 -1.627327 0.367087 0.012987 -1.627683 0.367835 0.012987 -1.628548 0.369714 0.012987 -1.628918 0.370517 0.012987 -1.629820 0.372528 0.012987 -1.630206 0.373388 0.012987 -1.631146 0.375532 0.012987 -1.631548 0.376449 0.012987 -1.632529 0.378728 0.012987 -1.632949 0.379702 0.012987 -1.634469 0.383316 0.012987 -1.635118 0.384861 0.012987 -1.636435 0.388122 0.012987 -1.636998 0.389517 0.012987 -1.641623 0.403674 0.012987 -1.641407 0.402799 0.012987 -1.626582 0.416940 0.012987 -1.641926 0.405469 0.012987 -1.642056 0.406236 0.012987 -1.690818 0.227289 0.012987 -1.705324 0.265650 0.012987 -1.689588 0.227181 0.012987 -1.686711 0.226929 0.012987 -1.702904 0.268634 0.012987 -1.685421 0.226813 0.012987 -1.701869 0.269909 0.012987 -1.682404 0.226540 0.012987 -1.681058 0.226414 0.012987 -1.677908 0.226121 0.012987 -1.699824 0.273043 0.012987 -1.698950 0.274382 0.012987 -1.692400 0.298106 0.012987 -1.709778 0.328001 0.012987 -1.693834 0.380981 0.012987 -1.638113 0.392446 0.012987 -1.638589 0.393698 0.012987 -1.639501 0.396315 0.012987 -1.639890 0.397433 0.012987 -1.640599 0.399757 0.012987 -1.640902 0.400750 0.012987 -1.741573 0.205266 0.012987 -1.740880 0.206129 0.012987 -1.739259 0.208150 0.012987 -1.738600 0.208966 0.012987 -1.737058 0.210876 0.012987 -1.736434 0.211642 0.012987 -1.734974 0.213436 0.012987 -1.734386 0.214151 0.012987 -1.733012 0.215823 0.012987 -1.732463 0.216484 0.012987 -1.705041 0.228401 0.012987 -1.731179 0.218031 0.012987 -1.707109 0.228535 0.012987 -1.730669 0.218636 0.012987 -1.707993 0.228592 0.012987 -1.709878 0.228699 0.012987 -1.710684 0.228745 0.012987 -1.712377 0.228825 0.012987 -1.713101 0.228859 0.012987 -1.714597 0.228911 0.012987 -1.721186 0.251370 0.012987 -1.718656 0.253526 0.012987 -1.717574 0.254447 0.012987 -1.714785 0.256862 0.012987 -1.743009 0.296510 0.012987 -1.713723 0.330435 0.012987 -1.713169 0.330073 0.012987 -1.720125 0.345711 0.012987 -1.719816 0.347313 0.012987 -1.711872 0.329228 0.012987 -1.711245 0.328861 0.012987 -1.719684 0.347997 0.012987 -1.719254 0.349751 0.012987 -1.719070 0.350501 0.012987 -1.718522 0.352422 0.012987 -1.718288 0.353243 0.012987 -1.717628 0.355344 0.012987 -1.717345 0.356241 0.012987 -1.624259 0.415987 0.012987 -1.624796 0.416222 0.012987 -1.622992 0.415286 0.012987 -1.617380 0.350912 0.012987 -1.616843 0.350512 0.012987 -1.618674 0.352310 0.012987 -1.614697 0.349152 0.012987 -1.614431 0.349073 0.012987 -1.615319 0.349450 0.012987 -1.615584 0.349577 0.012987 -1.613545 0.348854 0.012987 -1.612923 0.348777 0.012987 -1.612656 0.348791 0.012987 -1.610856 0.349125 0.012987 -1.610216 0.349369 0.012987 -1.609654 0.349710 0.012987 -1.611761 0.348882 0.012987 -1.611129 0.349020 0.012987 -1.612031 0.348823 0.012987 -1.606552 0.304695 0.012987 -1.603128 0.306248 0.012987 -1.608339 0.350508 0.012987 -1.607749 0.351022 0.012987 -1.611651 0.302475 0.012987 -1.613811 0.348886 0.012987 -1.608079 0.304030 0.012987 -1.606371 0.352224 0.012987 -1.605746 0.352905 0.012987 -1.619227 0.352907 0.012987 -1.620576 0.354780 0.012987 -1.604283 0.354499 0.012987 -1.621152 0.355580 0.012987 -1.603614 0.355343 0.012987 -1.621853 0.356698 0.012987 -1.622153 0.357176 0.012987 -1.599353 0.361124 0.012987 -1.598688 0.362209 0.012987 -1.598469 0.362720 0.012987 -1.597800 0.364468 0.012987 -1.597434 0.365764 0.012987 -1.597337 0.366357 0.012987 -1.596977 0.369836 0.012987 -1.596992 0.370493 0.012987 -1.597070 0.368369 0.012987 -1.597026 0.372030 0.012987 -1.597093 0.372713 0.012987 -1.597110 0.367743 0.012987 -1.597957 0.363915 0.012987 -1.589519 0.312901 0.012987 -1.592511 0.311344 0.012987 -1.581431 0.215615 0.012987 -1.564310 0.213565 0.012987 -1.588240 0.313566 0.012987 -1.585388 0.315129 0.012987 -1.584169 0.315796 0.012987 -1.560692 0.213120 0.012987 -1.581456 0.317366 0.012987 -1.580296 0.318037 0.012987 -1.588748 0.216491 0.012987 -1.601665 0.306911 0.012987 -1.598386 0.308463 0.012987 -1.596985 0.309127 0.012987 -1.593851 0.310680 0.012987 -1.570825 0.324166 0.012987 -1.569839 0.324852 0.012987 -1.602048 0.357317 0.012987 -1.601326 0.358318 0.012987 -1.567662 0.326472 0.012987 -1.599637 0.360660 0.012987 -1.566732 0.327164 0.012987 -1.564685 0.328801 0.012987 -1.563810 0.329501 0.012987 -1.561891 0.331159 0.012987 -1.561070 0.331867 0.012987 -1.559277 0.333546 0.012987 -1.558511 0.334263 0.012987 -1.605734 0.218450 0.012987 -1.577719 0.319616 0.012987 -1.576618 0.320291 0.012987 -1.574177 0.321882 0.012987 -1.573133 0.322562 0.012987 -1.622875 0.358418 0.012987 -1.623184 0.358948 0.012987 -1.623930 0.360314 0.012987 -1.624249 0.360898 0.012987 -1.609523 0.402277 0.012987 -1.608547 0.400990 0.012987 -1.560008 0.440546 0.012987 -1.560899 0.441645 0.012987 -1.563130 0.444018 0.012987 -1.611806 0.405288 0.012987 -1.612839 0.406439 0.012987 -1.615257 0.409130 0.012987 -1.616327 0.410109 0.012987 -1.618829 0.412401 0.012987 -1.619371 0.412816 0.012987 -1.620638 0.413787 0.012987 -1.621181 0.414146 0.012987 -1.622451 0.414987 0.012987 -1.542258 0.360568 0.012987 -1.541315 0.364717 0.012987 -1.542843 0.358870 0.012987 -1.556129 0.336693 0.012987 -1.556842 0.335966 0.012987 -1.514301 0.207210 0.012987 -1.506754 0.206203 0.012987 -1.554583 0.338422 0.012987 -1.553922 0.339161 0.012987 -1.503688 0.205783 0.012987 -1.496516 0.204801 0.012987 -1.552497 0.340917 0.012987 -1.551888 0.341667 0.012987 -1.493636 0.204395 0.012987 -1.550581 0.343453 0.012987 -1.550023 0.344216 0.012987 -1.486898 0.203445 0.012987 -1.485535 0.203248 0.012987 -1.482347 0.202788 0.012987 -1.547760 0.347886 0.012987 -1.544984 0.353267 0.012987 -1.544211 0.354897 0.012987 -1.444834 0.196334 0.012987 -1.445229 0.196443 0.012987 -1.446371 0.196718 0.012987 -1.440017 0.194488 0.012987 -1.440878 0.194933 0.012987 -1.443002 0.195736 0.012987 -1.443910 0.196080 0.012987 -1.432416 0.188906 0.012987 -1.434370 0.190712 0.012987 -1.431992 0.188439 0.012987 -1.435206 0.191484 0.012987 -1.437164 0.192859 0.012987 -1.429559 0.185578 0.012987 -1.430569 0.186816 0.012987 -1.429116 0.184983 0.012987 -1.427625 0.182922 0.012987 -1.428081 0.183589 0.012987 -1.431000 0.187344 0.012987 -1.415338 0.160708 0.012987 -1.415965 0.162019 0.012987 -1.417357 0.164836 0.012987 -1.417951 0.166040 0.012987 -1.419272 0.168618 0.012987 -1.419837 0.169719 0.012987 -1.421094 0.172070 0.012987 -1.421631 0.173074 0.012987 -1.422830 0.175209 0.012987 -1.423343 0.176121 0.012987 -1.424492 0.178053 0.012987 -1.424983 0.178878 0.012987 -1.426087 0.180618 0.012987 -1.426559 0.181362 0.012987 -1.438002 0.193447 0.012987 -1.477982 0.202146 0.012987 -1.481040 0.202595 0.012987 -1.476734 0.201958 0.012987 -1.473814 0.201520 0.012987 -1.472628 0.201338 0.012987 -1.469852 0.200912 0.012987 -1.468731 0.200736 0.012987 -1.466108 0.200323 0.012987 -1.465055 0.200153 0.012987 -1.462592 0.199755 0.012987 -1.461610 0.199591 0.012987 -1.459313 0.199207 0.012987 -1.458406 0.199050 0.012987 -1.456284 0.198683 0.012987 -1.455454 0.198533 0.012987 -1.453513 0.198182 0.012987 -1.452764 0.198040 0.012987 -1.451012 0.197706 0.012987 -1.450347 0.197572 0.012987 -1.448791 0.197257 0.012987 -1.448212 0.197131 0.012987 -1.446860 0.196835 0.012987 -1.548671 0.211632 0.012987 -1.552228 0.212078 0.012987 -1.540348 0.210589 0.012987 -1.536876 0.210145 0.012987 -1.528753 0.209107 0.012987 -1.525392 0.208668 0.012987 -1.517527 0.207641 0.012987 -1.546793 0.349454 0.012987 -1.540913 0.366490 0.012987 -1.540382 0.370831 0.012987 -1.540155 0.372687 0.012987 -1.540021 0.377237 0.012987 -1.539964 0.379182 0.012987 -1.540214 0.383957 0.012987 -1.540320 0.385997 0.012987 -1.540833 0.390503 0.012987 -1.541052 0.392429 0.012987 -1.541729 0.396744 0.012987 -1.542018 0.398589 0.012987 -1.542859 0.402714 0.012987 -1.543218 0.404477 0.012987 -1.544219 0.408410 0.012987 -1.544648 0.410091 0.012987 -1.545809 0.413832 0.012987 -1.546305 0.415431 0.012987 -1.547624 0.418979 0.012987 -1.548188 0.420495 0.012987 -1.549664 0.423850 0.012987 -1.550294 0.425283 0.012987 -1.551924 0.428443 0.012987 -1.552621 0.429793 0.012987 -1.554403 0.432757 0.012987 -1.555165 0.434024 0.012987 -1.557099 0.436792 0.012987 -1.557925 0.437975 0.012987 -1.597248 0.374310 0.012987 -1.597364 0.375014 0.012987 -1.597634 0.376662 0.012987 -1.598002 0.378118 0.012987 -1.598862 0.381525 0.012987 -1.599394 0.383015 0.012987 -1.600638 0.386503 0.012987 -1.601313 0.387994 0.012987 -1.602892 0.391483 0.012987 -1.603689 0.392941 0.012987 -1.605552 0.396350 0.012987 -1.606449 0.397740 0.012987 -1.621290 0.220217 0.012987 -1.612994 0.219288 0.012987 -1.626052 0.416773 0.012987 -1.721717 0.228348 0.052374 "
							            />
							<TextureCoordinate point="0.7622 0.7158 0.8295 0.7085 0.8273 0.7652 0.7586 0.7401 0.8295 0.7085 0.8701 0.7141 0.8581 0.7544 0.8273 0.7652 0.7499 0.6929 0.8276 0.6785 0.8295 0.7085 0.7622 0.7158 0.8276 0.6785 0.8657 0.6772 0.8701 0.7141 0.8295 0.7085 0.8244 0.6409 0.8634 0.6382 0.8657 0.6772 0.8276 0.6785 0.7571 0.6551 0.8244 0.6409 0.8276 0.6785 0.7499 0.6929 0.7622 0.7158 0.7586 0.7401 0.7446 0.7260 0.7499 0.6929 0.7732 0.6395 0.7571 0.6551 0.7233 0.6376 0.7487 0.6119 0.0003 0.1805 0.0047 0.1478 0.0424 0.1478 0.0440 0.1789 0.7499 0.6929 0.7446 0.7260 0.7181 0.7249 0.7169 0.6962 0.7571 0.6551 0.7499 0.6929 0.7169 0.6962 0.7233 0.6376 0.1092 0.2216 0.1085 0.1870 0.2137 0.1860 0.1945 0.2151 0.5864 0.1842 0.6314 0.1835 0.6399 0.2321 0.5864 0.1842 0.6399 0.2321 0.5932 0.2385 0.6305 0.1478 0.6314 0.1835 0.5864 0.1842 0.5887 0.1478 0.3040 0.7198 0.3087 0.6956 0.3776 0.7042 0.3747 0.7230 0.6314 0.1835 0.6896 0.1720 0.7027 0.2251 0.6399 0.2321 0.5178 0.1478 0.5171 0.1917 0.4195 0.1589 0.4190 0.1478 0.0003 0.1805 0.0440 0.1789 0.0468 0.2411 0.0085 0.2289 0.4190 0.1478 0.4195 0.1589 0.3717 0.1716 0.3692 0.1478 0.4195 0.1589 0.4306 0.2188 0.3692 0.2354 0.3717 0.1716 0.5171 0.1917 0.5188 0.2266 0.4306 0.2188 0.4195 0.1589 0.1085 0.1870 0.1085 0.1478 0.2221 0.1478 0.2137 0.1860 0.1154 0.2804 0.1092 0.2216 0.1945 0.2151 0.1907 0.2655 0.0503 0.2953 0.0468 0.2411 0.1092 0.2216 0.1154 0.2804 0.0440 0.1789 0.0424 0.1478 0.1085 0.1478 0.1085 0.1870 0.5864 0.1842 0.5932 0.2385 0.5188 0.2266 0.5171 0.1917 0.5887 0.1478 0.5864 0.1842 0.5171 0.1917 0.5178 0.1478 0.0468 0.2411 0.0440 0.1789 0.1085 0.1870 0.1092 0.2216 0.9102 0.1427 0.9101 0.1425 0.9102 0.1422 0.9105 0.1426 0.3039 0.7560 0.3040 0.7198 0.3747 0.7230 0.3794 0.7446 0.3103 0.7861 0.3039 0.7560 0.3794 0.7446 0.3846 0.7654 0.3087 0.6956 0.3108 0.6604 0.3846 0.6838 0.3776 0.7042 0.1858 0.6757 0.1944 0.6174 0.2867 0.6554 0.2829 0.6910 0.1927 0.8200 0.1783 0.7773 0.2786 0.7608 0.2860 0.7897 0.1783 0.7773 0.1771 0.7163 0.2792 0.7195 0.2786 0.7608 0.1771 0.7163 0.1858 0.6757 0.2829 0.6910 0.2792 0.7195 0.2829 0.6910 0.2867 0.6554 0.3108 0.6604 0.3087 0.6956 0.2860 0.7897 0.2786 0.7608 0.3039 0.7560 0.3103 0.7861 0.2786 0.7608 0.2792 0.7195 0.3040 0.7198 0.3039 0.7560 0.2792 0.7195 0.2829 0.6910 0.3087 0.6956 0.3040 0.7198 0.9105 0.1426 0.9102 0.1422 0.9165 0.1344 0.9202 0.1416 0.9100 0.1429 0.9102 0.1427 0.9104 0.1428 0.8838 0.1988 0.9098 0.1426 0.9100 0.1429 0.8838 0.1988 0.8586 0.1261 0.9101 0.1425 0.9098 0.1426 0.8586 0.1261 0.9102 0.1422 0.9001 0.0922 0.9279 0.0675 0.9473 0.1104 0.9355 0.1111 0.8838 0.1988 0.9104 0.1428 0.9202 0.1418 0.9514 0.1879 0.9568 0.0324 0.9271 0.0690 0.9120 0.0649 0.9326 0.0421 0.9102 0.1422 0.8586 0.1261 0.9001 0.0922 0.9165 0.1344 0.9355 0.1111 0.9473 0.1104 0.9437 0.1248 0.9389 0.1209 0.9165 0.1344 0.9001 0.0922 0.9355 0.1111 0.9272 0.1322 0.9202 0.1416 0.9165 0.1344 0.9272 0.1322 0.9288 0.1361 0.9514 0.1879 0.9202 0.1418 0.9288 0.1361 0.9568 0.1307 0.8930 0.0802 0.8614 0.1016 0.8875 0.0496 0.9000 0.0623 0.9271 0.0690 0.9001 0.0922 0.8930 0.0802 0.9120 0.0649 0.9001 0.0922 0.8586 0.1261 0.8614 0.1016 0.8930 0.0802 0.9408 0.0003 0.9568 0.0324 0.9326 0.0421 0.9246 0.0159 0.8875 0.0496 0.9045 0.0557 0.9022 0.0603 0.9000 0.0623 0.9120 0.0649 0.8930 0.0802 0.9000 0.0623 0.9022 0.0603 0.9326 0.0421 0.9120 0.0649 0.9022 0.0603 0.9045 0.0557 0.9246 0.0159 0.9326 0.0421 0.9045 0.0557 0.8875 0.0496 0.9308 0.1312 0.9389 0.1209 0.9437 0.1248 0.9312 0.1329 0.9272 0.1322 0.9355 0.1111 0.9389 0.1209 0.9308 0.1312 0.9288 0.1361 0.9272 0.1322 0.9308 0.1312 0.9312 0.1329 0.9568 0.1307 0.9288 0.1361 0.9312 0.1329 0.9437 0.1248 0.2379 0.2781 0.2512 0.2225 0.2803 0.2232 0.2685 0.2784 0.2512 0.2225 0.2668 0.1833 0.2806 0.1603 0.2803 0.2232 0.1945 0.2151 0.2137 0.1860 0.2668 0.1833 0.2512 0.2225 0.1907 0.2655 0.1945 0.2151 0.2512 0.2225 0.2379 0.2781 0.2137 0.1860 0.2221 0.1478 0.2643 0.1478 0.2668 0.1833 0.2806 0.1603 0.2899 0.1478 0.3299 0.1478 0.3347 0.1586 0.3910 0.4666 0.3378 0.4698 0.3674 0.2962 0.4092 0.2959 0.2668 0.1833 0.2643 0.1478 0.2899 0.1478 0.2806 0.1603 0.3717 0.1716 0.3692 0.2354 0.3297 0.2371 0.3347 0.1586 0.3692 0.1478 0.3717 0.1716 0.3347 0.1586 0.3299 0.1478 0.7363 0.0614 0.7444 0.1166 0.7281 0.1248 0.7034 0.0718 0.4379 0.4691 0.3910 0.4666 0.4092 0.2959 0.4464 0.3222 0.3378 0.4698 0.2729 0.4592 0.3160 0.3126 0.3674 0.2962 0.2729 0.4592 0.2284 0.4374 0.2766 0.2983 0.3160 0.3126 0.2359 0.6034 0.1771 0.5669 0.2121 0.4668 0.2669 0.4974 0.3169 0.6168 0.2359 0.6034 0.2669 0.4974 0.3437 0.5101 0.4464 0.6092 0.3843 0.6096 0.3720 0.5061 0.4376 0.5035 0.3843 0.6096 0.3169 0.6168 0.3437 0.5101 0.3720 0.5061 0.2669 0.4974 0.2121 0.4668 0.2284 0.4374 0.2729 0.4592 0.3437 0.5101 0.2669 0.4974 0.2729 0.4592 0.3378 0.4698 0.4376 0.5035 0.3720 0.5061 0.3910 0.4666 0.4379 0.4691 0.3720 0.5061 0.3437 0.5101 0.3378 0.4698 0.3910 0.4666 0.7630 0.2828 0.7631 0.2938 0.7034 0.2833 0.7115 0.2477 0.7627 0.2412 0.7628 0.2520 0.7613 0.2520 0.7553 0.2521 0.7527 0.2522 0.7499 0.2571 0.7487 0.2592 0.7484 0.2597 0.7483 0.2599 0.7480 0.2604 0.7479 0.2606 0.7476 0.2611 0.7475 0.2613 0.7472 0.2618 0.7471 0.2620 0.7468 0.2625 0.7467 0.2627 0.7465 0.2631 0.7464 0.2633 0.7462 0.2637 0.7461 0.2639 0.7460 0.2641 0.7459 0.2642 0.7458 0.2644 0.7458 0.2645 0.7457 0.2647 0.7457 0.2647 0.7456 0.2649 0.7455 0.2650 0.7455 0.2652 0.7454 0.2652 0.7453 0.2654 0.7453 0.2655 0.7452 0.2656 0.7452 0.2657 0.7451 0.2658 0.7451 0.2659 0.7450 0.2660 0.7450 0.2661 0.7449 0.2662 0.7449 0.2663 0.7449 0.2664 0.7448 0.2665 0.7448 0.2666 0.7448 0.2666 0.7447 0.2667 0.7447 0.2668 0.7447 0.2669 0.7447 0.2669 0.7446 0.2670 0.7446 0.2670 0.7446 0.2671 0.7446 0.2671 0.7446 0.2672 0.7446 0.2672 0.7446 0.2672 0.7446 0.2672 0.7446 0.2673 0.7446 0.2673 0.7446 0.2674 0.7446 0.2674 0.7446 0.2674 0.7446 0.2675 0.7446 0.2676 0.7447 0.2676 0.7447 0.2677 0.7447 0.2677 0.7447 0.2678 0.7448 0.2679 0.7448 0.2680 0.7448 0.2680 0.7449 0.2681 0.7449 0.2682 0.7450 0.2683 0.7450 0.2684 0.7451 0.2685 0.7451 0.2686 0.7452 0.2687 0.7452 0.2688 0.7453 0.2690 0.7453 0.2690 0.7454 0.2692 0.7454 0.2693 0.7455 0.2695 0.7456 0.2695 0.7456 0.2697 0.7457 0.2698 0.7458 0.2700 0.7458 0.2701 0.7459 0.2703 0.7460 0.2704 0.7461 0.2706 0.7461 0.2707 0.7464 0.2711 0.7465 0.2713 0.7467 0.2717 0.7468 0.2719 0.7471 0.2724 0.7472 0.2726 0.7475 0.2731 0.7476 0.2733 0.7479 0.2738 0.7480 0.2740 0.7483 0.2745 0.7484 0.2747 0.7487 0.2752 0.7488 0.2755 0.7518 0.2805 0.7531 0.2827 0.7590 0.2827 0.7615 0.2828 0.7620 0.2828 0.7622 0.2828 0.7627 0.2828 0.7629 0.2828 0.8254 0.0441 0.8236 0.0003 0.8580 0.0023 0.8580 0.0433 0.8279 0.1079 0.8254 0.0441 0.8580 0.0433 0.8463 0.1093 0.7582 0.1382 0.7728 0.1322 0.7768 0.1512 0.7727 0.1656 0.7727 0.1656 0.8111 0.1612 0.8209 0.1716 0.7690 0.1793 0.8197 0.1321 0.8394 0.1362 0.8209 0.1716 0.8111 0.1612 0.7877 0.2711 0.7878 0.2711 0.7880 0.2711 0.7881 0.2711 0.7882 0.2710 0.7883 0.2710 0.7884 0.2710 0.7885 0.2709 0.7887 0.2708 0.7887 0.2708 0.7889 0.2707 0.7889 0.2707 0.7891 0.2706 0.7892 0.2705 0.7893 0.2704 0.7893 0.2703 0.7895 0.2702 0.7895 0.2701 0.7897 0.2700 0.7897 0.2699 0.7898 0.2697 0.7899 0.2697 0.7900 0.2695 0.7900 0.2694 0.7901 0.2692 0.7901 0.2692 0.7902 0.2690 0.7902 0.2689 0.7903 0.2687 0.7903 0.2686 0.7904 0.2684 0.7904 0.2683 0.7905 0.2681 0.7905 0.2680 0.7905 0.2678 0.7905 0.2677 0.7905 0.2674 0.7905 0.2673 0.7905 0.2671 0.7905 0.2670 0.7905 0.2668 0.7905 0.2667 0.7905 0.2664 0.7905 0.2663 0.7904 0.2661 0.7904 0.2660 0.7903 0.2658 0.7903 0.2657 0.7902 0.2655 0.7902 0.2654 0.7900 0.2651 0.7900 0.2650 0.7899 0.2649 0.7899 0.2648 0.7898 0.2647 0.7898 0.2646 0.7897 0.2645 0.7896 0.2645 0.7896 0.2644 0.7895 0.2643 0.7894 0.2642 0.7894 0.2642 0.7893 0.2641 0.7893 0.2640 0.7892 0.2639 0.7892 0.2639 0.7891 0.2638 0.7890 0.2638 0.7890 0.2637 0.7889 0.2637 0.7888 0.2636 0.7888 0.2636 0.7887 0.2635 0.7887 0.2635 0.7886 0.2634 0.7886 0.2634 0.7885 0.2634 0.7885 0.2633 0.7884 0.2633 0.7883 0.2633 0.7883 0.2633 0.7882 0.2633 0.7882 0.2632 0.7881 0.2632 0.7880 0.2632 0.7880 0.2632 0.7879 0.2632 0.7879 0.2632 0.7878 0.2632 0.7878 0.2632 0.7877 0.2633 0.7877 0.2633 0.7876 0.2633 0.7876 0.2633 0.7875 0.2633 0.7875 0.2634 0.7874 0.2634 0.7874 0.2634 0.7874 0.2635 0.7873 0.2635 0.7873 0.2635 0.7873 0.2622 0.7875 0.2621 0.7876 0.2620 0.7878 0.2619 0.7879 0.2619 0.7882 0.2617 0.7883 0.2617 0.7885 0.2615 0.7886 0.2615 0.7888 0.2613 0.7889 0.2612 0.7890 0.2611 0.7891 0.2610 0.7892 0.2608 0.7893 0.2608 0.7894 0.2607 0.7894 0.2606 0.7894 0.2605 0.7895 0.2605 0.7895 0.2604 0.7895 0.2604 0.7896 0.2603 0.7896 0.2602 0.7896 0.2601 0.7897 0.2600 0.7897 0.2599 0.7897 0.2598 0.7897 0.2597 0.7898 0.2596 0.7898 0.2594 0.7898 0.2594 0.7899 0.2592 0.7899 0.2591 0.7899 0.2589 0.7899 0.2588 0.7899 0.2586 0.7900 0.2585 0.7900 0.2583 0.7900 0.2582 0.7900 0.2578 0.7901 0.2576 0.7901 0.2572 0.7901 0.2570 0.7901 0.2566 0.7901 0.2564 0.7902 0.2543 0.7902 0.2534 0.7872 0.2534 0.7871 0.2399 0.8266 0.2376 0.8266 0.2946 0.7875 0.2924 0.7874 0.2811 0.7874 0.2811 0.7876 0.2810 0.7877 0.2810 0.7879 0.2809 0.7879 0.2808 0.7881 0.2807 0.7882 0.2807 0.7883 0.2806 0.7884 0.2805 0.7885 0.2804 0.7886 0.2803 0.7887 0.2802 0.7888 0.2801 0.7889 0.2800 0.7890 0.2799 0.7891 0.2797 0.7892 0.2796 0.7893 0.2795 0.7893 0.2794 0.7894 0.2792 0.7895 0.2791 0.7896 0.2789 0.7896 0.2788 0.7897 0.2786 0.7897 0.2785 0.7898 0.2783 0.7898 0.2782 0.7899 0.2779 0.7899 0.2778 0.7900 0.2776 0.7900 0.2775 0.7901 0.2772 0.7901 0.2771 0.7901 0.2768 0.7902 0.2767 0.7902 0.2764 0.7902 0.2763 0.7902 0.2760 0.7902 0.2759 0.7903 0.2756 0.7903 0.2754 0.7903 0.2733 0.7903 0.2724 0.7874 0.2724 0.7873 0.2711 0.7875 0.2711 0.7876 0.2711 0.7878 0.2672 0.7878 0.2672 0.7878 0.2672 0.7878 0.2673 0.7877 0.2673 0.7877 0.2673 0.7877 0.2673 0.7877 0.2674 0.7876 0.2674 0.7876 0.2674 0.7876 0.2674 0.7876 0.2674 0.7875 0.2675 0.7875 0.2675 0.7875 0.2675 0.7874 0.2675 0.7874 0.2675 0.7874 0.2675 0.7873 0.2675 0.7873 0.2665 0.7874 0.2666 0.7874 0.2666 0.7875 0.2666 0.7875 0.2666 0.7875 0.2667 0.7876 0.2667 0.7876 0.2668 0.7876 0.2668 0.7877 0.2668 0.7877 0.2668 0.7877 0.2669 0.7877 0.2669 0.7878 0.2670 0.7878 0.2670 0.7878 0.2670 0.7878 0.2670 0.7878 0.2671 0.7878 0.2671 0.7878 0.2671 0.7878 0.2671 0.7875 0.2574 0.7875 0.2575 0.7875 0.2575 0.7875 0.2575 0.7875 0.2576 0.7875 0.2576 0.7875 0.2577 0.7875 0.2577 0.7875 0.2578 0.7875 0.2578 0.7875 0.2578 0.7875 0.2579 0.7874 0.2579 0.7874 0.2580 0.7874 0.2580 0.7873 0.2581 0.7873 0.2581 0.7873 0.2582 0.7873 0.2582 0.7872 0.2571 0.7873 0.2571 0.7873 0.2571 0.7873 0.2571 0.7874 0.2572 0.7874 0.2572 0.7874 0.2572 0.7874 0.2572 0.7875 0.2573 0.7875 0.2573 0.7875 0.2574 0.7875 0.2574 0.7875 0.2762 0.7875 0.2762 0.7875 0.2763 0.7876 0.2763 0.7875 0.2764 0.7875 0.2765 0.7875 0.2766 0.7875 0.2766 0.7875 0.2767 0.7875 0.2767 0.7875 0.2768 0.7875 0.2768 0.7874 0.2768 0.7874 0.2769 0.7874 0.2769 0.7874 0.2760 0.7874 0.2760 0.7874 0.2760 0.7875 0.2760 0.7875 0.2761 0.7875 0.2761 0.7875 0.2761 0.7728 0.1322 0.8053 0.1318 0.8032 0.1495 0.7768 0.1512 0.7622 0.1097 0.8082 0.1075 0.8053 0.1318 0.7728 0.1322 0.7801 0.2670 0.7801 0.2671 0.7801 0.2671 0.7801 0.2671 0.7801 0.2671 0.7801 0.2671 0.7801 0.2672 0.7801 0.2672 0.7802 0.2673 0.7802 0.2673 0.7802 0.2673 0.7802 0.2674 0.7802 0.2674 0.7802 0.2674 0.7802 0.2675 0.7803 0.2676 0.7803 0.2677 0.7803 0.2678 0.7804 0.2680 0.7804 0.2681 0.7805 0.2683 0.7805 0.2684 0.7806 0.2686 0.7806 0.2687 0.7807 0.2689 0.7808 0.2690 0.7809 0.2692 0.7809 0.2693 0.7810 0.2695 0.7811 0.2696 0.7812 0.2697 0.7813 0.2698 0.7814 0.2700 0.7815 0.2700 0.7817 0.2702 0.7817 0.2702 0.7819 0.2703 0.7820 0.2704 0.7822 0.2705 0.7823 0.2705 0.7824 0.2706 0.7825 0.2706 0.7827 0.2706 0.7828 0.2706 0.7830 0.2707 0.7831 0.2707 0.7833 0.2707 0.7833 0.2707 0.7835 0.2706 0.7836 0.2706 0.7838 0.2705 0.7839 0.2705 0.7840 0.2704 0.7841 0.2704 0.7842 0.2703 0.7842 0.2703 0.7843 0.2702 0.7843 0.2702 0.7844 0.2702 0.7844 0.2701 0.7845 0.2701 0.7846 0.2701 0.7846 0.2700 0.7847 0.2700 0.7847 0.2700 0.7848 0.2699 0.7848 0.2699 0.7849 0.2699 0.7849 0.2699 0.7850 0.2699 0.7850 0.2699 0.7851 0.2699 0.7851 0.2699 0.7851 0.2699 0.7852 0.2699 0.7852 0.2699 0.7853 0.2699 0.7853 0.2699 0.7854 0.2700 0.7854 0.2700 0.7855 0.2700 0.7856 0.2701 0.7856 0.2701 0.7857 0.2701 0.7858 0.2702 0.7858 0.2702 0.7859 0.2703 0.7859 0.2703 0.7860 0.2704 0.7861 0.2705 0.7863 0.2706 0.7863 0.2707 0.7865 0.2708 0.7866 0.2708 0.7868 0.2709 0.7868 0.2709 0.7870 0.2710 0.7871 0.2710 0.7872 0.2711 0.7873 0.2711 0.7873 0.2711 0.7874 0.2724 0.7869 0.2723 0.7854 0.2723 0.7820 0.2722 0.7806 0.2722 0.7806 0.2742 0.7806 0.2751 0.7806 0.2753 0.7806 0.2754 0.7806 0.2757 0.7806 0.2758 0.7806 0.2760 0.7806 0.2761 0.7807 0.2763 0.7807 0.2764 0.7807 0.2766 0.7807 0.2767 0.7807 0.2769 0.7807 0.2769 0.7807 0.2771 0.7807 0.2772 0.7808 0.2774 0.7808 0.2775 0.7808 0.2776 0.7808 0.2777 0.7809 0.2779 0.7809 0.2779 0.7809 0.2781 0.7809 0.2782 0.7810 0.2783 0.7810 0.2784 0.7810 0.2785 0.7811 0.2786 0.7811 0.2787 0.7811 0.2788 0.7812 0.2789 0.7812 0.2790 0.7813 0.2791 0.7813 0.2792 0.7814 0.2793 0.7814 0.2793 0.7815 0.2795 0.7815 0.2795 0.7817 0.2797 0.7817 0.2798 0.7819 0.2800 0.7820 0.2801 0.7821 0.2802 0.7822 0.2803 0.7824 0.2805 0.7825 0.2805 0.7828 0.2807 0.7829 0.2807 0.7831 0.2808 0.7832 0.2809 0.7835 0.2810 0.7836 0.2810 0.7839 0.2811 0.7840 0.2811 0.7842 0.2812 0.7843 0.2812 0.7846 0.2813 0.7847 0.2813 0.7849 0.2813 0.7850 0.2813 0.7853 0.2814 0.7854 0.2814 0.7856 0.2814 0.7857 0.2814 0.7859 0.2814 0.7860 0.2814 0.7862 0.2814 0.7863 0.2814 0.7865 0.2813 0.7866 0.2813 0.7868 0.2813 0.7869 0.2813 0.7871 0.2812 0.7872 0.2812 0.7874 0.2811 0.7874 0.2811 0.7875 0.2924 0.7631 0.2938 0.7630 0.2828 0.7633 0.2828 0.7635 0.2828 0.7639 0.2828 0.7641 0.2828 0.7645 0.2828 0.7646 0.2828 0.7650 0.2828 0.7651 0.2828 0.7655 0.2828 0.7656 0.2828 0.7659 0.2828 0.7661 0.2828 0.7664 0.2828 0.7665 0.2828 0.7668 0.2828 0.7669 0.2828 0.7671 0.2828 0.7673 0.2828 0.7675 0.2827 0.7676 0.2827 0.7678 0.2827 0.7679 0.2827 0.7681 0.2827 0.7682 0.2827 0.7684 0.2827 0.7685 0.2827 0.7687 0.2827 0.7687 0.2827 0.7689 0.2827 0.7690 0.2827 0.7691 0.2826 0.7692 0.2826 0.7693 0.2826 0.7694 0.2826 0.7695 0.2826 0.7695 0.2826 0.7696 0.2826 0.7697 0.2825 0.7698 0.2825 0.7698 0.2825 0.7699 0.2825 0.7700 0.2825 0.7701 0.2824 0.7701 0.2824 0.7702 0.2824 0.7703 0.2823 0.7704 0.2823 0.7705 0.2822 0.7706 0.2821 0.7706 0.2821 0.7707 0.2820 0.7708 0.2820 0.7708 0.2819 0.7708 0.2819 0.7709 0.2818 0.7709 0.2818 0.7709 0.2817 0.7709 0.2817 0.7710 0.2816 0.7710 0.2816 0.7711 0.2815 0.7711 0.2815 0.7712 0.2814 0.7712 0.2813 0.7713 0.2812 0.7713 0.2812 0.7714 0.2811 0.7714 0.2810 0.7715 0.2809 0.7715 0.2808 0.7716 0.2807 0.7716 0.2806 0.7717 0.2805 0.7718 0.2804 0.7719 0.2803 0.7719 0.2802 0.7720 0.2800 0.7720 0.2800 0.7721 0.2798 0.7722 0.2797 0.7724 0.2794 0.7725 0.2792 0.7727 0.2789 0.7728 0.2787 0.7730 0.2783 0.7731 0.2781 0.7734 0.2777 0.7735 0.2775 0.7737 0.2771 0.7738 0.2769 0.7741 0.2765 0.7742 0.2763 0.7744 0.2758 0.7746 0.2757 0.7751 0.2747 0.7753 0.2744 0.7758 0.2735 0.7760 0.2731 0.7763 0.2726 0.7764 0.2724 0.7766 0.2720 0.7767 0.2718 0.7769 0.2714 0.7770 0.2712 0.7772 0.2708 0.7773 0.2707 0.7775 0.2703 0.7776 0.2701 0.7778 0.2698 0.7779 0.2696 0.7780 0.2694 0.7780 0.2694 0.7781 0.2692 0.7782 0.2691 0.7782 0.2690 0.7783 0.2689 0.7783 0.2688 0.7784 0.2687 0.7785 0.2686 0.7785 0.2685 0.7786 0.2684 0.7786 0.2683 0.7786 0.2682 0.7787 0.2682 0.7787 0.2680 0.7787 0.2680 0.7788 0.2679 0.7788 0.2678 0.7789 0.2678 0.7789 0.2677 0.7789 0.2676 0.7789 0.2676 0.7790 0.2675 0.7790 0.2675 0.7790 0.2674 0.7790 0.2674 0.7790 0.2674 0.7790 0.2673 0.7791 0.2673 0.7791 0.2673 0.7791 0.2673 0.7791 0.2673 0.7791 0.2672 0.7791 0.2672 0.7790 0.2672 0.7790 0.2672 0.7790 0.2671 0.7790 0.2671 0.7790 0.2671 0.7790 0.2670 0.7790 0.2670 0.7789 0.2669 0.7789 0.2669 0.7789 0.2668 0.7789 0.2668 0.7788 0.2667 0.7788 0.2666 0.7788 0.2666 0.7787 0.2665 0.7787 0.2665 0.7786 0.2663 0.7786 0.2663 0.7786 0.2662 0.7785 0.2661 0.7785 0.2660 0.7784 0.2660 0.7784 0.2658 0.7783 0.2658 0.7783 0.2656 0.7782 0.2656 0.7782 0.2654 0.7781 0.2654 0.7780 0.2652 0.7780 0.2652 0.7778 0.2648 0.7777 0.2647 0.7776 0.2644 0.7775 0.2642 0.7773 0.2639 0.7772 0.2637 0.7770 0.2633 0.7769 0.2632 0.7767 0.2628 0.7766 0.2626 0.7763 0.2622 0.7762 0.2620 0.7760 0.2616 0.7759 0.2615 0.7757 0.2610 0.7756 0.2609 0.7746 0.2592 0.7741 0.2585 0.7739 0.2581 0.7738 0.2579 0.7736 0.2575 0.7735 0.2573 0.7732 0.2569 0.7731 0.2568 0.7729 0.2564 0.7728 0.2562 0.7726 0.2559 0.7725 0.2557 0.7723 0.2554 0.7722 0.2553 0.7720 0.2549 0.7719 0.2548 0.7717 0.2545 0.7717 0.2544 0.7716 0.2543 0.7715 0.2542 0.7715 0.2541 0.7714 0.2540 0.7714 0.2539 0.7713 0.2538 0.7713 0.2537 0.7712 0.2537 0.7712 0.2536 0.7711 0.2535 0.7711 0.2534 0.7710 0.2534 0.7710 0.2533 0.7709 0.2533 0.7709 0.2532 0.7709 0.2532 0.7702 0.2522 0.7699 0.2518 0.7639 0.2519 0.7628 0.2520 0.7627 0.2412 0.7871 0.2399 0.7872 0.2534 0.7868 0.2534 0.7853 0.2533 0.7819 0.2532 0.7805 0.2532 0.7805 0.2554 0.7805 0.2564 0.7805 0.2566 0.7805 0.2567 0.7805 0.2570 0.7805 0.2571 0.7805 0.2573 0.7805 0.2574 0.7805 0.2576 0.7805 0.2577 0.7806 0.2579 0.7806 0.2580 0.7806 0.2582 0.7806 0.2583 0.7806 0.2585 0.7807 0.2586 0.7807 0.2588 0.7807 0.2588 0.7807 0.2590 0.7808 0.2591 0.7808 0.2593 0.7808 0.2593 0.7809 0.2595 0.7809 0.2596 0.7809 0.2597 0.7810 0.2598 0.7810 0.2600 0.7811 0.2600 0.7811 0.2602 0.7811 0.2602 0.7812 0.2604 0.7812 0.2604 0.7813 0.2606 0.7813 0.2606 0.7814 0.2608 0.7815 0.2608 0.7815 0.2609 0.7816 0.2610 0.7817 0.2611 0.7817 0.2611 0.7818 0.2612 0.7818 0.2613 0.7819 0.2614 0.7820 0.2614 0.7821 0.2615 0.7821 0.2616 0.7822 0.2617 0.7823 0.2617 0.7824 0.2618 0.7824 0.2618 0.7826 0.2619 0.7826 0.2619 0.7827 0.2620 0.7828 0.2620 0.7829 0.2621 0.7830 0.2621 0.7831 0.2622 0.7832 0.2622 0.7833 0.2623 0.7834 0.2623 0.7835 0.2623 0.7836 0.2624 0.7837 0.2624 0.7838 0.2624 0.7840 0.2625 0.7840 0.2625 0.7843 0.2625 0.7844 0.2625 0.7847 0.2626 0.7848 0.2626 0.7851 0.2626 0.7852 0.2626 0.7855 0.2626 0.7856 0.2626 0.7859 0.2625 0.7860 0.2625 0.7863 0.2624 0.7864 0.2624 0.7867 0.2623 0.7868 0.2623 0.7871 0.2622 0.7872 0.2622 0.7873 0.2622 0.7873 0.2635 0.7873 0.2636 0.7872 0.2636 0.7872 0.2637 0.7872 0.2637 0.7871 0.2638 0.7871 0.2638 0.7870 0.2639 0.7870 0.2639 0.7870 0.2640 0.7870 0.2641 0.7869 0.2642 0.7869 0.2642 0.7869 0.2643 0.7868 0.2644 0.7868 0.2645 0.7868 0.2646 0.7868 0.2647 0.7868 0.2647 0.7867 0.2648 0.7867 0.2649 0.7867 0.2650 0.7867 0.2651 0.7867 0.2652 0.7867 0.2652 0.7867 0.2653 0.7867 0.2653 0.7867 0.2654 0.7867 0.2655 0.7867 0.2656 0.7867 0.2656 0.7867 0.2657 0.7867 0.2657 0.7868 0.2658 0.7868 0.2659 0.7868 0.2659 0.7868 0.2660 0.7869 0.2660 0.7869 0.2661 0.7869 0.2661 0.7869 0.2662 0.7870 0.2662 0.7870 0.2663 0.7871 0.2663 0.7871 0.2663 0.7872 0.2664 0.7872 0.2664 0.7873 0.2665 0.7873 0.2665 0.7873 0.2665 0.7873 0.2675 0.7873 0.2675 0.7873 0.2675 0.7871 0.2675 0.7871 0.2675 0.7869 0.2675 0.7869 0.2674 0.7867 0.2674 0.7867 0.2674 0.7865 0.2673 0.7864 0.2672 0.7863 0.2671 0.7862 0.2671 0.7861 0.2670 0.7860 0.2669 0.7859 0.2668 0.7858 0.2668 0.7857 0.2667 0.7857 0.2666 0.7856 0.2666 0.7856 0.2665 0.7855 0.2665 0.7855 0.2664 0.7854 0.2664 0.7854 0.2664 0.7853 0.2663 0.7853 0.2663 0.7852 0.2663 0.7852 0.2663 0.7851 0.2663 0.7851 0.2663 0.7850 0.2663 0.7850 0.2663 0.7849 0.2663 0.7849 0.2663 0.7849 0.2664 0.7848 0.2664 0.7848 0.2665 0.7848 0.2665 0.7847 0.2666 0.7847 0.2666 0.7846 0.2667 0.7846 0.2667 0.7845 0.2668 0.7845 0.2669 0.7844 0.2670 0.7844 0.2670 0.7843 0.2671 0.7842 0.2672 0.7841 0.2673 0.7840 0.2673 0.7839 0.2674 0.7839 0.2675 0.7838 0.2675 0.7837 0.2676 0.7836 0.2676 0.7836 0.2676 0.7835 0.2676 0.7835 0.2676 0.7834 0.2676 0.7834 0.2676 0.7834 0.2676 0.7834 0.2676 0.7833 0.2676 0.7833 0.2676 0.7833 0.2676 0.7833 0.2676 0.7832 0.2676 0.7832 0.2675 0.7832 0.2675 0.7832 0.2675 0.7832 0.2675 0.7832 0.2674 0.7831 0.2674 0.7831 0.2674 0.7831 0.2674 0.7831 0.2673 0.7831 0.2673 0.7831 0.2673 0.7831 0.2672 0.7831 0.2672 0.7832 0.2671 0.7832 0.2671 0.7832 0.2670 0.7832 0.2670 0.7833 0.2669 0.7833 0.2669 0.7834 0.2668 0.7835 0.2668 0.7835 0.2667 0.7835 0.2667 0.7835 0.2667 0.7836 0.2667 0.7836 0.2666 0.7836 0.2666 0.7836 0.2665 0.7836 0.2665 0.7837 0.2665 0.7837 0.2664 0.7837 0.2664 0.7837 0.2663 0.7837 0.2661 0.7837 0.2661 0.7838 0.2659 0.7838 0.2658 0.7838 0.2656 0.7838 0.2655 0.7838 0.2653 0.7838 0.2652 0.7837 0.2650 0.7837 0.2649 0.7837 0.2647 0.7837 0.2646 0.7837 0.2643 0.7836 0.2643 0.7836 0.2641 0.7836 0.2640 0.7835 0.2638 0.7835 0.2637 0.7835 0.2637 0.7835 0.2636 0.7834 0.2636 0.7834 0.2635 0.7834 0.2635 0.7834 0.2634 0.7833 0.2634 0.7833 0.2634 0.7833 0.2633 0.7833 0.2633 0.7832 0.2633 0.7832 0.2633 0.7832 0.2632 0.7831 0.2632 0.7831 0.2632 0.7831 0.2632 0.7831 0.2632 0.7831 0.2632 0.7830 0.2632 0.7829 0.2632 0.7828 0.2633 0.7827 0.2633 0.7826 0.2634 0.7825 0.2634 0.7824 0.2635 0.7823 0.2635 0.7822 0.2636 0.7821 0.2636 0.7820 0.2638 0.7819 0.2638 0.7818 0.2639 0.7817 0.2640 0.7816 0.2641 0.7815 0.2642 0.7814 0.2643 0.7813 0.2644 0.7812 0.2645 0.7811 0.2646 0.7810 0.2647 0.7809 0.2648 0.7808 0.2650 0.7808 0.2650 0.7807 0.2652 0.7806 0.2653 0.7806 0.2654 0.7805 0.2655 0.7805 0.2656 0.7805 0.2657 0.7804 0.2658 0.7804 0.2659 0.7804 0.2661 0.7804 0.2661 0.7803 0.2663 0.7803 0.2663 0.7803 0.2665 0.7803 0.2665 0.7803 0.2666 0.7802 0.2667 0.7802 0.2668 0.7802 0.2668 0.7802 0.2669 0.7802 0.2669 0.7801 0.2670 0.7801 0.2670 0.7801 0.2670 0.7801 0.2670 0.7683 0.2565 0.7683 0.2565 0.7683 0.2565 0.7683 0.2565 0.7684 0.2566 0.7684 0.2566 0.7685 0.2567 0.7685 0.2568 0.7686 0.2569 0.7687 0.2570 0.7688 0.2571 0.7688 0.2572 0.7689 0.2574 0.7690 0.2575 0.7691 0.2576 0.7692 0.2577 0.7693 0.2579 0.7694 0.2580 0.7695 0.2582 0.7696 0.2583 0.7697 0.2586 0.7698 0.2587 0.7699 0.2589 0.7700 0.2590 0.7702 0.2593 0.7702 0.2594 0.7706 0.2599 0.7707 0.2602 0.7710 0.2607 0.7712 0.2610 0.7728 0.2637 0.7735 0.2648 0.7661 0.2647 0.7629 0.2646 0.7628 0.2558 0.7632 0.2558 0.7634 0.2558 0.7638 0.2558 0.7640 0.2558 0.7644 0.2558 0.7645 0.2558 0.7649 0.2558 0.7650 0.2558 0.7653 0.2558 0.7655 0.2558 0.7658 0.2558 0.7659 0.2558 0.7662 0.2559 0.7663 0.2559 0.7665 0.2559 0.7666 0.2559 0.7668 0.2559 0.7669 0.2560 0.7671 0.2560 0.7672 0.2560 0.7674 0.2560 0.7675 0.2561 0.7676 0.2561 0.7677 0.2561 0.7678 0.2562 0.7679 0.2562 0.7680 0.2562 0.7680 0.2563 0.7681 0.2563 0.7681 0.2563 0.7682 0.2564 0.7682 0.2564 0.7645 0.2792 0.7630 0.2793 0.7629 0.2693 0.7630 0.2691 0.7667 0.2690 0.7683 0.2689 0.7720 0.2688 0.7736 0.2687 0.7698 0.2760 0.7682 0.2791 0.7831 0.2573 0.7831 0.2572 0.7831 0.2572 0.7831 0.2572 0.7831 0.2572 0.7831 0.2571 0.7831 0.2571 0.7832 0.2571 0.7832 0.2571 0.7832 0.2570 0.7832 0.2570 0.7833 0.2570 0.7833 0.2570 0.7834 0.2569 0.7834 0.2569 0.7834 0.2569 0.7835 0.2569 0.7835 0.2569 0.7836 0.2569 0.7837 0.2569 0.7837 0.2568 0.7838 0.2568 0.7838 0.2568 0.7839 0.2568 0.7840 0.2568 0.7841 0.2568 0.7841 0.2568 0.7842 0.2568 0.7843 0.2568 0.7844 0.2567 0.7844 0.2567 0.7846 0.2567 0.7846 0.2567 0.7848 0.2567 0.7848 0.2567 0.7850 0.2567 0.7850 0.2567 0.7852 0.2567 0.7852 0.2567 0.7854 0.2567 0.7854 0.2567 0.7856 0.2567 0.7857 0.2567 0.7858 0.2567 0.7858 0.2567 0.7860 0.2567 0.7860 0.2567 0.7861 0.2568 0.7862 0.2568 0.7863 0.2568 0.7864 0.2568 0.7865 0.2568 0.7865 0.2568 0.7866 0.2568 0.7866 0.2568 0.7867 0.2569 0.7868 0.2569 0.7869 0.2569 0.7869 0.2569 0.7870 0.2569 0.7870 0.2569 0.7871 0.2570 0.7871 0.2570 0.7872 0.2570 0.7872 0.2570 0.7872 0.2571 0.7873 0.2582 0.7872 0.2582 0.7872 0.2583 0.7871 0.2583 0.7871 0.2584 0.7870 0.2585 0.7870 0.2585 0.7869 0.2586 0.7869 0.2586 0.7868 0.2587 0.7867 0.2588 0.7866 0.2588 0.7866 0.2589 0.7864 0.2590 0.7864 0.2590 0.7862 0.2590 0.7862 0.2591 0.7861 0.2591 0.7860 0.2591 0.7858 0.2592 0.7858 0.2592 0.7856 0.2592 0.7856 0.2592 0.7854 0.2592 0.7854 0.2592 0.7852 0.2592 0.7852 0.2592 0.7850 0.2591 0.7850 0.2591 0.7848 0.2591 0.7848 0.2591 0.7846 0.2590 0.7845 0.2590 0.7844 0.2589 0.7844 0.2589 0.7842 0.2588 0.7842 0.2587 0.7840 0.2586 0.7840 0.2586 0.7839 0.2585 0.7838 0.2584 0.7837 0.2583 0.7837 0.2583 0.7836 0.2582 0.7836 0.2582 0.7835 0.2581 0.7835 0.2581 0.7834 0.2580 0.7834 0.2580 0.7833 0.2579 0.7833 0.2579 0.7833 0.2578 0.7832 0.2578 0.7832 0.2577 0.7832 0.2577 0.7832 0.2577 0.7831 0.2576 0.7831 0.2576 0.7831 0.2576 0.7831 0.2575 0.7831 0.2575 0.7831 0.2574 0.7831 0.2574 0.7831 0.2574 0.7830 0.2573 0.7831 0.2573 0.7832 0.2761 0.7833 0.2761 0.7833 0.2760 0.7833 0.2760 0.7833 0.2760 0.7833 0.2760 0.7834 0.2759 0.7834 0.2759 0.7836 0.2759 0.7836 0.2759 0.7837 0.2758 0.7838 0.2758 0.7839 0.2758 0.7839 0.2758 0.7840 0.2758 0.7840 0.2758 0.7841 0.2758 0.7842 0.2758 0.7843 0.2757 0.7843 0.2757 0.7844 0.2757 0.7845 0.2757 0.7846 0.2757 0.7846 0.2757 0.7848 0.2757 0.7848 0.2757 0.7849 0.2757 0.7850 0.2757 0.7851 0.2757 0.7852 0.2757 0.7854 0.2757 0.7854 0.2757 0.7857 0.2757 0.7858 0.2757 0.7860 0.2757 0.7861 0.2757 0.7862 0.2757 0.7863 0.2757 0.7865 0.2757 0.7866 0.2757 0.7867 0.2758 0.7868 0.2758 0.7869 0.2758 0.7870 0.2758 0.7871 0.2758 0.7871 0.2758 0.7872 0.2759 0.7872 0.2759 0.7873 0.2759 0.7873 0.2759 0.7874 0.2760 0.7874 0.2769 0.7873 0.2769 0.7873 0.2770 0.7873 0.2770 0.7872 0.2770 0.7872 0.2771 0.7871 0.2771 0.7871 0.2772 0.7870 0.2772 0.7869 0.2772 0.7869 0.2773 0.7867 0.2773 0.7866 0.2774 0.7864 0.2775 0.7863 0.2775 0.7861 0.2775 0.7860 0.2776 0.7858 0.2776 0.7857 0.2776 0.7855 0.2777 0.7854 0.2777 0.7851 0.2777 0.7850 0.2777 0.7848 0.2777 0.7847 0.2777 0.7845 0.2776 0.7844 0.2776 0.7843 0.2776 0.7843 0.2776 0.7842 0.2775 0.7841 0.2775 0.7841 0.2775 0.7840 0.2775 0.7839 0.2774 0.7839 0.2774 0.7838 0.2774 0.7838 0.2774 0.7837 0.2773 0.7837 0.2773 0.7837 0.2772 0.7836 0.2772 0.7836 0.2772 0.7836 0.2771 0.7835 0.2770 0.7834 0.2769 0.7834 0.2768 0.7833 0.2767 0.7833 0.2766 0.7833 0.2766 0.7832 0.2764 0.7832 0.2764 0.7832 0.2763 0.7832 0.2763 0.7832 0.2762 0.7832 0.2762 0.7832 0.2762 0.7832 0.2762 0.7832 0.2761 0.7832 0.2761 0.8279 0.1079 0.8463 0.1093 0.8394 0.1362 0.8197 0.1321 0.7444 0.1166 0.7622 0.1097 0.7728 0.1322 0.7582 0.1382 0.7281 0.1248 0.7444 0.1166 0.7582 0.1382 0.7407 0.1493 0.8082 0.1075 0.8279 0.1079 0.8197 0.1321 0.8053 0.1318 0.8053 0.1318 0.8197 0.1321 0.8111 0.1612 0.8032 0.1495 0.7768 0.1512 0.8032 0.1495 0.8111 0.1612 0.7727 0.1656 0.7407 0.1493 0.7582 0.1382 0.7727 0.1656 0.7690 0.1793 0.8082 0.1075 0.7957 0.0461 0.8254 0.0441 0.8279 0.1079 0.7957 0.0461 0.7935 0.0004 0.8236 0.0003 0.8254 0.0441 0.7672 0.0579 0.7622 0.1097 0.7444 0.1166 0.7363 0.0614 0.7577 0.2559 0.7577 0.2559 0.7578 0.2559 0.7578 0.2559 0.7578 0.2559 0.7578 0.2559 0.7578 0.2559 0.7578 0.2559 0.7579 0.2559 0.7579 0.2559 0.7579 0.2559 0.7580 0.2559 0.7580 0.2559 0.7580 0.2559 0.7582 0.2559 0.7582 0.2559 0.7584 0.2559 0.7584 0.2559 0.7586 0.2559 0.7587 0.2559 0.7589 0.2559 0.7590 0.2559 0.7592 0.2558 0.7593 0.2558 0.7596 0.2558 0.7597 0.2558 0.7600 0.2558 0.7601 0.2558 0.7604 0.2558 0.7605 0.2558 0.7608 0.2558 0.7609 0.2558 0.7612 0.2558 0.7614 0.2558 0.7617 0.2558 0.7618 0.2558 0.7622 0.2558 0.7623 0.2558 0.7626 0.2558 0.7628 0.2558 0.7629 0.2646 0.7628 0.2646 0.7610 0.2616 0.7602 0.2603 0.7600 0.2600 0.7599 0.2598 0.7597 0.2595 0.7596 0.2594 0.7595 0.2591 0.7594 0.2590 0.7592 0.2587 0.7592 0.2586 0.7590 0.2583 0.7589 0.2582 0.7588 0.2579 0.7587 0.2578 0.7586 0.2576 0.7585 0.2575 0.7584 0.2573 0.7584 0.2572 0.7583 0.2570 0.7582 0.2569 0.7581 0.2567 0.7581 0.2566 0.7580 0.2565 0.7580 0.2564 0.7579 0.2563 0.7579 0.2562 0.7578 0.2562 0.7578 0.2562 0.7578 0.2561 0.7578 0.2561 0.7578 0.2561 0.7578 0.2560 0.7578 0.2560 0.7578 0.2560 0.7577 0.2560 0.7577 0.2560 0.7577 0.2559 0.7577 0.2559 0.7577 0.2559 0.7622 0.5073 0.7586 0.4830 0.8273 0.4578 0.8295 0.5146 0.8295 0.5146 0.8273 0.4578 0.8581 0.4687 0.8701 0.5090 0.7499 0.5302 0.7622 0.5073 0.8295 0.5146 0.8276 0.5445 0.8276 0.5445 0.8295 0.5146 0.8701 0.5090 0.8657 0.5459 0.8244 0.5822 0.8276 0.5445 0.8657 0.5459 0.8634 0.5849 0.7571 0.5680 0.7499 0.5302 0.8276 0.5445 0.8244 0.5822 0.7622 0.5073 0.7499 0.5302 0.7446 0.4971 0.7586 0.4830 0.7732 0.5835 0.7487 0.6112 0.7233 0.5855 0.7571 0.5680 0.0003 0.1151 0.0439 0.1167 0.0424 0.1478 0.0047 0.1478 0.7499 0.5302 0.7169 0.5269 0.7181 0.4982 0.7446 0.4971 0.7571 0.5680 0.7233 0.5855 0.7169 0.5269 0.7499 0.5302 0.1092 0.0740 0.1945 0.0805 0.2137 0.1096 0.1084 0.1086 0.5864 0.1113 0.6398 0.0634 0.6314 0.1120 0.5864 0.1113 0.5932 0.0570 0.6398 0.0634 0.6305 0.1478 0.5887 0.1478 0.5864 0.1113 0.6314 0.1120 0.5121 0.7176 0.5828 0.7145 0.5857 0.7333 0.5168 0.7418 0.6314 0.1120 0.6398 0.0634 0.7027 0.0704 0.6896 0.1235 0.5178 0.1478 0.4190 0.1478 0.4195 0.1366 0.5171 0.1038 0.0003 0.1151 0.0085 0.0667 0.0468 0.0545 0.0439 0.1167 0.4190 0.1478 0.3692 0.1478 0.3717 0.1240 0.4195 0.1366 0.4195 0.1366 0.3717 0.1240 0.3691 0.0601 0.4306 0.0767 0.5171 0.1038 0.4195 0.1366 0.4306 0.0767 0.5188 0.0689 0.1084 0.1086 0.2137 0.1096 0.2221 0.1478 0.1085 0.1478 0.1154 0.0152 0.1907 0.0300 0.1945 0.0805 0.1092 0.0740 0.0503 0.0003 0.1154 0.0152 0.1092 0.0740 0.0468 0.0545 0.0439 0.1167 0.1084 0.1086 0.1085 0.1478 0.0424 0.1478 0.5864 0.1113 0.5171 0.1038 0.5188 0.0689 0.5932 0.0570 0.5887 0.1478 0.5178 0.1478 0.5171 0.1038 0.5864 0.1113 0.0468 0.0545 0.1092 0.0740 0.1084 0.1086 0.0439 0.1167 0.6497 0.6729 0.6523 0.6738 0.6494 0.6768 0.6483 0.6736 0.5120 0.6815 0.5875 0.6929 0.5828 0.7145 0.5121 0.7176 0.5184 0.6513 0.5927 0.6720 0.5875 0.6929 0.5120 0.6815 0.5168 0.7418 0.5857 0.7333 0.5927 0.7536 0.5189 0.7771 0.3939 0.7617 0.4910 0.7464 0.4948 0.7820 0.4025 0.8200 0.4008 0.6174 0.4941 0.6478 0.4867 0.6766 0.3864 0.6601 0.3864 0.6601 0.4867 0.6766 0.4873 0.7180 0.3852 0.7212 0.3852 0.7212 0.4873 0.7180 0.4910 0.7464 0.3939 0.7617 0.4910 0.7464 0.5168 0.7418 0.5189 0.7771 0.4948 0.7820 0.4941 0.6478 0.5184 0.6513 0.5120 0.6815 0.4867 0.6766 0.4867 0.6766 0.5120 0.6815 0.5121 0.7176 0.4873 0.7180 0.4873 0.7180 0.5121 0.7176 0.5168 0.7418 0.4910 0.7464 0.6523 0.6738 0.6565 0.6764 0.6537 0.6821 0.6494 0.6768 0.6485 0.6705 0.6400 0.6174 0.6523 0.6737 0.6497 0.6729 0.6458 0.6722 0.5933 0.6813 0.6400 0.6174 0.6485 0.6705 0.6483 0.6736 0.6494 0.6768 0.5933 0.6813 0.6458 0.6722 0.6348 0.7232 0.6716 0.7026 0.6835 0.7025 0.6653 0.7479 0.6400 0.6174 0.6864 0.6362 0.6566 0.6763 0.6523 0.6737 0.6899 0.7951 0.6646 0.7817 0.6447 0.7544 0.6617 0.7517 0.6494 0.6768 0.6537 0.6821 0.6348 0.7232 0.5933 0.6813 0.6716 0.7026 0.6741 0.6927 0.6785 0.6884 0.6835 0.7025 0.6537 0.6821 0.6616 0.6830 0.6716 0.7026 0.6348 0.7232 0.6565 0.6764 0.6620 0.6798 0.6616 0.6830 0.6537 0.6821 0.6864 0.6362 0.6899 0.6813 0.6620 0.6797 0.6566 0.6763 0.6256 0.7355 0.6313 0.7558 0.6161 0.7683 0.5935 0.7085 0.6617 0.7517 0.6447 0.7544 0.6256 0.7355 0.6348 0.7232 0.6348 0.7232 0.6256 0.7355 0.5935 0.7085 0.5933 0.6813 0.6688 0.8284 0.6528 0.8094 0.6646 0.7817 0.6899 0.7951 0.6161 0.7683 0.6313 0.7558 0.6334 0.7583 0.6354 0.7636 0.6447 0.7544 0.6334 0.7583 0.6313 0.7558 0.6256 0.7355 0.6646 0.7817 0.6354 0.7636 0.6334 0.7583 0.6447 0.7544 0.6528 0.8094 0.6161 0.7683 0.6354 0.7636 0.6646 0.7817 0.6654 0.6836 0.6658 0.6818 0.6785 0.6884 0.6741 0.6927 0.6616 0.6830 0.6654 0.6836 0.6741 0.6927 0.6716 0.7026 0.6620 0.6798 0.6658 0.6818 0.6654 0.6836 0.6616 0.6830 0.6899 0.6813 0.6785 0.6884 0.6658 0.6818 0.6620 0.6797 0.2378 0.0174 0.2685 0.0171 0.2802 0.0723 0.2511 0.0730 0.2511 0.0730 0.2802 0.0723 0.2806 0.1352 0.2668 0.1123 0.1945 0.0805 0.2511 0.0730 0.2668 0.1123 0.2137 0.1096 0.1907 0.0300 0.2378 0.0174 0.2511 0.0730 0.1945 0.0805 0.2137 0.1096 0.2668 0.1123 0.2643 0.1478 0.2221 0.1478 0.2806 0.1352 0.3347 0.1370 0.3299 0.1478 0.2899 0.1478 0.6609 0.4460 0.6791 0.6168 0.6373 0.6165 0.6077 0.4429 0.2668 0.1123 0.2806 0.1352 0.2899 0.1478 0.2643 0.1478 0.3717 0.1240 0.3347 0.1370 0.3296 0.0584 0.3691 0.0601 0.3692 0.1478 0.3299 0.1478 0.3347 0.1370 0.3717 0.1240 0.2101 0.9386 0.1771 0.9282 0.2018 0.8752 0.2181 0.8834 0.7078 0.4435 0.7162 0.5905 0.6791 0.6168 0.6609 0.4460 0.6077 0.4429 0.6373 0.6165 0.5859 0.6000 0.5428 0.4535 0.5428 0.4535 0.5859 0.6000 0.5465 0.6144 0.4982 0.4753 0.5058 0.3093 0.5367 0.4153 0.4820 0.4459 0.4470 0.3458 0.5868 0.2959 0.6136 0.4026 0.5367 0.4153 0.5058 0.3093 0.7162 0.3035 0.7075 0.4092 0.6419 0.4066 0.6542 0.3030 0.6542 0.3030 0.6419 0.4066 0.6136 0.4026 0.5868 0.2959 0.5367 0.4153 0.5428 0.4535 0.4982 0.4753 0.4820 0.4459 0.6136 0.4026 0.6077 0.4429 0.5428 0.4535 0.5367 0.4153 0.7075 0.4092 0.7078 0.4435 0.6609 0.4460 0.6419 0.4066 0.6419 0.4066 0.6609 0.4460 0.6077 0.4429 0.6136 0.4026 0.7631 0.1808 0.7627 0.2333 0.7115 0.2268 0.7034 0.1913 0.2992 0.9559 0.3317 0.9567 0.3317 0.9977 0.2973 0.9997 0.3016 0.8921 0.3200 0.8907 0.3317 0.9567 0.2992 0.9559 0.2319 0.8618 0.2465 0.8344 0.2506 0.8488 0.2465 0.8678 0.2465 0.8344 0.2427 0.8207 0.2947 0.8284 0.2848 0.8388 0.2934 0.8679 0.2848 0.8388 0.2947 0.8284 0.3132 0.8638 0.7875 0.1821 0.8266 0.1800 0.8266 0.2370 0.7871 0.2347 0.2465 0.8678 0.2506 0.8488 0.2769 0.8505 0.2791 0.8682 0.2359 0.8903 0.2465 0.8678 0.2791 0.8682 0.2820 0.8925 0.7631 0.1808 0.7875 0.1821 0.7871 0.2347 0.7627 0.2333 0.3016 0.8921 0.2934 0.8679 0.3132 0.8638 0.3200 0.8907 0.2181 0.8834 0.2319 0.8618 0.2465 0.8678 0.2359 0.8903 0.2018 0.8752 0.2144 0.8507 0.2319 0.8618 0.2181 0.8834 0.2820 0.8925 0.2791 0.8682 0.2934 0.8679 0.3016 0.8921 0.2791 0.8682 0.2769 0.8505 0.2848 0.8388 0.2934 0.8679 0.2506 0.8488 0.2465 0.8344 0.2848 0.8388 0.2769 0.8505 0.2144 0.8507 0.2427 0.8207 0.2465 0.8344 0.2319 0.8618 0.2820 0.8925 0.3016 0.8921 0.2992 0.9559 0.2695 0.9539 0.2695 0.9539 0.2992 0.9559 0.2973 0.9997 0.2672 0.9996 0.2409 0.9421 0.2101 0.9386 0.2181 0.8834 0.2359 0.8903 0.1258 0.7895 0.1307 0.7862 0.1340 0.7955 0.1328 0.7958 0.1127 0.7733 0.1290 0.7836 0.1237 0.7880 0.1004 0.7845 0.0646 0.6684 0.0956 0.7455 0.0761 0.7603 0.0434 0.6675 0.0956 0.7455 0.1127 0.7733 0.1004 0.7845 0.0761 0.7603 0.0761 0.7603 0.1004 0.7845 0.0944 0.8083 0.0439 0.7823 0.0434 0.6675 0.0761 0.7603 0.0439 0.7823 0.0012 0.6613 0.1004 0.7845 0.1237 0.7880 0.1241 0.7971 0.0944 0.8083 0.0944 0.8083 0.1241 0.7971 0.1383 0.8101 0.1174 0.8290 0.1441 0.8063 0.1388 0.8090 0.1383 0.8101 0.1435 0.8060 0.1304 0.7972 0.1369 0.7957 0.1402 0.8059 0.1391 0.8067 0.1478 0.8034 0.1435 0.8060 0.1451 0.8041 0.1453 0.8036 0.1480 0.8039 0.1441 0.8063 0.1435 0.8060 0.1478 0.8034 0.1140 0.7400 0.1239 0.7689 0.1127 0.7733 0.0956 0.7455 0.0824 0.6712 0.1140 0.7400 0.0956 0.7455 0.0646 0.6684 0.1239 0.7689 0.1321 0.7795 0.1290 0.7836 0.1127 0.7733 0.1338 0.7828 0.1428 0.7944 0.1395 0.7940 0.1396 0.7943 0.1441 0.8063 0.1480 0.8039 0.1491 0.8086 0.1492 0.8088 0.1174 0.8290 0.1383 0.8101 0.1388 0.8090 0.1174 0.8290 0.1388 0.8090 0.1189 0.8285 0.1494 0.8089 0.1494 0.8088 0.1492 0.8088 0.1491 0.8086 0.1480 0.8039 0.1509 0.8090 0.1494 0.8089 0.1491 0.8086 0.1509 0.8090 0.1481 0.8110 0.1494 0.8088 0.1494 0.8089 0.1481 0.8110 0.1441 0.8063 0.1492 0.8088 0.1494 0.8088 0.1460 0.8116 0.1459 0.8115 0.1460 0.8117 0.1457 0.8114 0.1388 0.8090 0.1441 0.8063 0.1457 0.8114 0.1460 0.8117 0.1441 0.8063 0.1481 0.8110 0.1460 0.8116 0.1457 0.8114 0.1405 0.8070 0.1397 0.8070 0.1391 0.8067 0.1402 0.8059 0.1369 0.7957 0.1435 0.8060 0.1405 0.8070 0.1402 0.8059 0.1435 0.8060 0.1383 0.8101 0.1397 0.8070 0.1405 0.8070 0.1383 0.8101 0.1304 0.7972 0.1391 0.8067 0.1397 0.8070 0.1453 0.8036 0.1451 0.8041 0.1444 0.8036 0.1453 0.8032 0.1435 0.8060 0.1369 0.7957 0.1444 0.8036 0.1451 0.8041 0.1428 0.7944 0.1478 0.8034 0.1453 0.8036 0.1453 0.8032 0.1369 0.7957 0.1428 0.7944 0.1453 0.8032 0.1444 0.8036 0.1334 0.7957 0.1327 0.7955 0.1328 0.7958 0.1340 0.7955 0.1369 0.7957 0.1304 0.7972 0.1327 0.7955 0.1334 0.7957 0.1304 0.7972 0.1258 0.7895 0.1328 0.7958 0.1327 0.7955 0.1307 0.7862 0.1369 0.7957 0.1334 0.7957 0.1340 0.7955 0.1395 0.7940 0.1392 0.7944 0.1388 0.7947 0.1396 0.7943 0.1307 0.7862 0.1338 0.7828 0.1396 0.7943 0.1388 0.7947 0.1369 0.7957 0.1307 0.7862 0.1388 0.7947 0.1392 0.7944 0.1428 0.7944 0.1369 0.7957 0.1392 0.7944 0.1395 0.7940 0.1452 0.7810 0.1497 0.7907 0.1491 0.7916 0.1407 0.7824 0.1377 0.7623 0.1514 0.7602 0.1438 0.7780 0.1400 0.7811 0.0963 0.6698 0.1116 0.6692 0.1470 0.7320 0.1280 0.7347 0.1280 0.7347 0.1470 0.7320 0.1514 0.7602 0.1377 0.7623 0.1470 0.7320 0.1749 0.7243 0.1707 0.7681 0.1514 0.7602 0.1116 0.6692 0.1288 0.6565 0.1749 0.7243 0.1470 0.7320 0.1514 0.7602 0.1707 0.7681 0.1514 0.7861 0.1438 0.7780 0.1707 0.7681 0.1755 0.7926 0.1567 0.7998 0.1514 0.7861 0.1519 0.8022 0.1518 0.8017 0.1567 0.7998 0.1563 0.7996 0.1517 0.7890 0.1543 0.7990 0.1532 0.7996 0.1488 0.7942 0.1478 0.8034 0.1493 0.8018 0.1498 0.8020 0.1518 0.8017 0.1480 0.8039 0.1478 0.8034 0.1518 0.8017 0.1519 0.8022 0.1111 0.7423 0.1280 0.7347 0.1377 0.7623 0.1274 0.7676 0.0824 0.6712 0.0963 0.6698 0.1280 0.7347 0.1111 0.7423 0.1274 0.7676 0.1377 0.7623 0.1400 0.7811 0.1339 0.7830 0.1345 0.7836 0.1502 0.7960 0.1562 0.8026 0.1460 0.7960 0.1519 0.8022 0.1515 0.8074 0.1514 0.8073 0.1480 0.8039 0.1755 0.7926 0.1738 0.7938 0.1563 0.7996 0.1755 0.7926 0.1563 0.7996 0.1567 0.7998 0.1515 0.8076 0.1514 0.8073 0.1515 0.8074 0.1514 0.8076 0.1480 0.8039 0.1514 0.8073 0.1515 0.8076 0.1509 0.8090 0.1509 0.8090 0.1515 0.8076 0.1514 0.8076 0.1538 0.8074 0.1538 0.8074 0.1514 0.8076 0.1515 0.8074 0.1519 0.8022 0.1551 0.8059 0.1551 0.8056 0.1552 0.8059 0.1550 0.8058 0.1563 0.7996 0.1552 0.8059 0.1551 0.8056 0.1519 0.8022 0.1519 0.8022 0.1551 0.8056 0.1551 0.8059 0.1538 0.8074 0.1538 0.8001 0.1532 0.7996 0.1543 0.7990 0.1542 0.7995 0.1488 0.7942 0.1532 0.7996 0.1538 0.8001 0.1518 0.8017 0.1518 0.8017 0.1538 0.8001 0.1542 0.7995 0.1567 0.7998 0.1567 0.7998 0.1542 0.7995 0.1543 0.7990 0.1517 0.7890 0.1493 0.8018 0.1490 0.8016 0.1499 0.8013 0.1498 0.8020 0.1518 0.8017 0.1498 0.8020 0.1499 0.8013 0.1488 0.7942 0.1460 0.7960 0.1490 0.8016 0.1493 0.8018 0.1478 0.8034 0.1488 0.7942 0.1499 0.8013 0.1490 0.8016 0.1460 0.7960 0.1496 0.7912 0.1491 0.7916 0.1497 0.7907 0.1495 0.7906 0.1488 0.7942 0.1496 0.7912 0.1495 0.7906 0.1517 0.7890 0.1517 0.7890 0.1495 0.7906 0.1497 0.7907 0.1452 0.7810 0.1407 0.7824 0.1491 0.7916 0.1496 0.7912 0.1488 0.7942 0.1562 0.8026 0.1502 0.7960 0.1506 0.7967 0.1543 0.7998 0.1407 0.7824 0.1506 0.7967 0.1502 0.7960 0.1345 0.7836 0.1488 0.7942 0.1543 0.7998 0.1506 0.7967 0.1407 0.7824 0.1460 0.7960 0.1562 0.8026 0.1543 0.7998 0.1488 0.7942 0.1553 0.8101 0.1552 0.8096 0.1550 0.8096 0.1551 0.8102 0.1538 0.8080 0.1548 0.8081 0.1548 0.8083 0.1563 0.8076 0.1523 0.8091 0.1524 0.8091 0.1526 0.8091 0.1524 0.8093 0.1538 0.8080 0.1524 0.8093 0.1526 0.8091 0.1547 0.8096 0.1548 0.8081 0.1548 0.8081 0.1549 0.8081 0.1548 0.8083 0.1563 0.8076 0.1548 0.8083 0.1549 0.8081 0.1555 0.8094 0.1555 0.8094 0.1549 0.8081 0.1548 0.8081 0.1547 0.8096 0.1547 0.8096 0.1548 0.8081 0.1548 0.8081 0.1538 0.8080 0.1551 0.8096 0.1550 0.8096 0.1552 0.8096 0.1552 0.8096 0.1551 0.8102 0.1550 0.8096 0.1551 0.8096 0.1547 0.8096 0.1547 0.8096 0.1551 0.8096 0.1552 0.8096 0.1555 0.8094 0.1555 0.8094 0.1552 0.8096 0.1552 0.8096 0.1553 0.8101 0.1546 0.8100 0.1545 0.8100 0.1546 0.8099 0.1546 0.8099 0.1547 0.8096 0.1546 0.8099 0.1546 0.8099 0.1551 0.8102 0.1552 0.8102 0.1552 0.8102 0.1552 0.8102 0.1552 0.8102 0.1551 0.8102 0.1552 0.8102 0.1552 0.8102 0.1553 0.8101 0.0434 0.6675 0.0012 0.6613 0.0003 0.6600 0.0433 0.6626 0.0944 0.8083 0.1174 0.8290 0.1177 0.8300 0.0931 0.8098 0.0439 0.7823 0.0944 0.8083 0.0931 0.8098 0.0420 0.7836 0.0012 0.6613 0.0439 0.7823 0.0420 0.7836 0.0003 0.6600 0.0646 0.6684 0.0434 0.6675 0.0433 0.6626 0.0637 0.6644 0.1174 0.8290 0.1189 0.8285 0.1177 0.8300 0.1288 0.6565 0.1116 0.6692 0.1114 0.6663 0.1290 0.6553 0.1755 0.7926 0.1707 0.7681 0.1722 0.7679 0.1757 0.7935 0.1707 0.7681 0.1749 0.7243 0.1765 0.7238 0.1722 0.7679 0.1749 0.7243 0.1288 0.6565 0.1290 0.6553 0.1765 0.7238 0.1116 0.6692 0.0963 0.6698 0.0968 0.6666 0.1114 0.6663 0.1738 0.7938 0.1755 0.7926 0.1757 0.7935 0.7541 0.2579 0.7541 0.2579 0.7541 0.2579 0.7541 0.2579 0.7541 0.2580 0.7541 0.2580 0.7541 0.2580 0.7541 0.2580 0.7542 0.2580 0.7542 0.2581 0.7542 0.2581 0.7542 0.2581 0.7543 0.2582 0.7543 0.2583 0.7544 0.2584 0.7544 0.2584 0.7545 0.2586 0.7546 0.2586 0.7547 0.2588 0.7547 0.2589 0.7549 0.2591 0.7549 0.2592 0.7550 0.2594 0.7551 0.2594 0.7552 0.2597 0.7553 0.2598 0.7554 0.2600 0.7555 0.2601 0.7556 0.2603 0.7557 0.2604 0.7559 0.2607 0.7559 0.2608 0.7561 0.2611 0.7562 0.2612 0.7565 0.2617 0.7566 0.2620 0.7570 0.2625 0.7571 0.2627 0.7574 0.2633 0.7576 0.2635 0.7577 0.2638 0.7578 0.2639 0.7579 0.2642 0.7580 0.2643 0.7581 0.2645 0.7582 0.2647 0.7584 0.2649 0.7584 0.2650 0.7585 0.2652 0.7586 0.2653 0.7587 0.2656 0.7588 0.2657 0.7589 0.2659 0.7589 0.2659 0.7590 0.2661 0.7591 0.2662 0.7592 0.2664 0.7592 0.2665 0.7593 0.2666 0.7593 0.2667 0.7594 0.2668 0.7594 0.2668 0.7594 0.2669 0.7594 0.2669 0.7595 0.2670 0.7595 0.2670 0.7595 0.2670 0.7595 0.2670 0.7595 0.2670 0.7595 0.2671 0.7595 0.2671 0.7595 0.2671 0.7595 0.2672 0.7595 0.2672 0.7594 0.2672 0.7594 0.2673 0.7594 0.2673 0.7594 0.2673 0.7594 0.2674 0.7594 0.2674 0.7593 0.2675 0.7593 0.2675 0.7593 0.2677 0.7592 0.2678 0.7591 0.2680 0.7591 0.2680 0.7590 0.2683 0.7590 0.2683 0.7589 0.2686 0.7588 0.2687 0.7587 0.2689 0.7586 0.2690 0.7585 0.2693 0.7585 0.2694 0.7583 0.2697 0.7582 0.2698 0.7581 0.2701 0.7580 0.2702 0.7579 0.2705 0.7578 0.2706 0.7577 0.2709 0.7576 0.2710 0.7572 0.2716 0.7571 0.2719 0.7568 0.2725 0.7566 0.2727 0.7564 0.2730 0.7564 0.2732 0.7562 0.2734 0.7561 0.2736 0.7560 0.2738 0.7559 0.2740 0.7557 0.2742 0.7557 0.2743 0.7555 0.2746 0.7555 0.2747 0.7553 0.2749 0.7553 0.2750 0.7551 0.2752 0.7551 0.2753 0.7549 0.2755 0.7549 0.2756 0.7548 0.2758 0.7547 0.2758 0.7546 0.2760 0.7546 0.2760 0.7545 0.2761 0.7545 0.2761 0.7544 0.2762 0.7544 0.2762 0.7544 0.2762 0.7544 0.2763 0.7543 0.2763 0.7543 0.2763 0.7543 0.2763 0.7543 0.2764 0.7543 0.2764 0.7542 0.2764 0.7542 0.2764 0.7542 0.2764 0.7542 0.2764 0.7542 0.2764 0.7542 0.2764 0.7542 0.2764 0.7541 0.2764 0.7541 0.2764 0.7541 0.2764 0.7541 0.2764 0.7541 0.2763 0.7541 0.2763 0.7540 0.2763 0.7540 0.2763 0.7540 0.2762 0.7540 0.2762 0.7539 0.2762 0.7539 0.2762 0.7539 0.2761 0.7538 0.2761 0.7537 0.2760 0.7537 0.2759 0.7536 0.2757 0.7535 0.2757 0.7534 0.2755 0.7534 0.2754 0.7532 0.2752 0.7532 0.2752 0.7530 0.2749 0.7530 0.2748 0.7528 0.2746 0.7528 0.2745 0.7526 0.2743 0.7525 0.2742 0.7524 0.2739 0.7523 0.2738 0.7521 0.2735 0.7521 0.2734 0.7519 0.2731 0.7518 0.2730 0.7516 0.2727 0.7516 0.2725 0.7514 0.2722 0.7513 0.2721 0.7511 0.2718 0.7510 0.2716 0.7509 0.2713 0.7508 0.2712 0.7506 0.2709 0.7506 0.2708 0.7504 0.2705 0.7503 0.2704 0.7502 0.2701 0.7501 0.2700 0.7500 0.2697 0.7499 0.2696 0.7498 0.2694 0.7497 0.2693 0.7496 0.2691 0.7495 0.2690 0.7494 0.2688 0.7494 0.2687 0.7492 0.2685 0.7492 0.2684 0.7491 0.2682 0.7491 0.2682 0.7490 0.2680 0.7490 0.2680 0.7489 0.2678 0.7489 0.2678 0.7488 0.2677 0.7488 0.2677 0.7488 0.2677 0.7488 0.2677 0.7488 0.2676 0.7488 0.2676 0.7487 0.2676 0.7487 0.2676 0.7487 0.2675 0.7487 0.2675 0.7487 0.2675 0.7487 0.2675 0.7487 0.2675 0.7487 0.2675 0.7487 0.2675 0.7487 0.2674 0.7487 0.2674 0.7487 0.2674 0.7487 0.2674 0.7488 0.2673 0.7488 0.2673 0.7488 0.2673 0.7488 0.2672 0.7488 0.2672 0.7488 0.2671 0.7488 0.2671 0.7489 0.2670 0.7489 0.2670 0.7489 0.2669 0.7489 0.2669 0.7490 0.2668 0.7490 0.2668 0.7491 0.2666 0.7491 0.2665 0.7492 0.2663 0.7493 0.2662 0.7494 0.2659 0.7494 0.2659 0.7496 0.2656 0.7496 0.2655 0.7498 0.2652 0.7498 0.2651 0.7500 0.2648 0.7500 0.2647 0.7502 0.2644 0.7502 0.2643 0.7504 0.2640 0.7505 0.2639 0.7506 0.2636 0.7507 0.2635 0.7510 0.2628 0.7512 0.2626 0.7515 0.2620 0.7517 0.2617 0.7518 0.2614 0.7519 0.2613 0.7521 0.2610 0.7522 0.2609 0.7523 0.2606 0.7524 0.2605 0.7525 0.2602 0.7526 0.2601 0.7528 0.2598 0.7528 0.2597 0.7530 0.2595 0.7530 0.2594 0.7532 0.2592 0.7532 0.2591 0.7533 0.2589 0.7534 0.2588 0.7535 0.2586 0.7536 0.2585 0.7536 0.2585 0.7536 0.2584 0.7537 0.2584 0.7537 0.2583 0.7537 0.2583 0.7538 0.2582 0.7538 0.2582 0.7538 0.2582 0.7539 0.2581 0.7539 0.2581 0.7539 0.2581 0.7539 0.2580 0.7540 0.2580 0.7540 0.2580 0.7540 0.2580 0.7540 0.2580 0.7540 0.2579 0.7540 0.2579 0.7540 0.2579 0.7577 0.2791 0.7577 0.2790 0.7577 0.2790 0.7577 0.2790 0.7577 0.2790 0.7577 0.2790 0.7577 0.2789 0.7577 0.2789 0.7577 0.2789 0.7577 0.2789 0.7578 0.2788 0.7578 0.2788 0.7578 0.2787 0.7578 0.2787 0.7578 0.2787 0.7579 0.2786 0.7579 0.2786 0.7579 0.2785 0.7579 0.2784 0.7580 0.2784 0.7580 0.2783 0.7580 0.2783 0.7581 0.2781 0.7581 0.2780 0.7583 0.2778 0.7583 0.2777 0.7584 0.2775 0.7585 0.2774 0.7586 0.2771 0.7587 0.2770 0.7588 0.2767 0.7589 0.2766 0.7590 0.2763 0.7591 0.2762 0.7592 0.2759 0.7593 0.2758 0.7595 0.2754 0.7596 0.2753 0.7597 0.2750 0.7598 0.2748 0.7600 0.2745 0.7601 0.2744 0.7603 0.2740 0.7604 0.2739 0.7622 0.2705 0.7629 0.2693 0.7630 0.2793 0.7629 0.2793 0.7625 0.2793 0.7624 0.2793 0.7620 0.2793 0.7618 0.2793 0.7615 0.2793 0.7613 0.2793 0.7610 0.2793 0.7609 0.2793 0.7605 0.2793 0.7604 0.2793 0.7601 0.2793 0.7600 0.2793 0.7597 0.2793 0.7596 0.2793 0.7593 0.2793 0.7592 0.2793 0.7590 0.2792 0.7589 0.2792 0.7586 0.2792 0.7586 0.2792 0.7584 0.2792 0.7583 0.2792 0.7582 0.2792 0.7582 0.2792 0.7581 0.2792 0.7581 0.2792 0.7580 0.2792 0.7580 0.2792 0.7579 0.2792 0.7579 0.2791 0.7579 0.2791 0.7578 0.2791 0.7578 0.2791 0.7578 0.2791 0.7578 0.2791 0.7577 0.2791 0.7577 0.2791 0.7577 0.2791 0.7577 0.2791 0.7577 0.2791 0.1550 0.8058 0.1552 0.8059 0.1563 0.7996 0.1738 0.7938 0.1757 0.7935 0.8701 0.5090 0.8581 0.4687 0.8701 0.7141 0.8657 0.6772 0.1189 0.8285 0.1388 0.8090 0.1460 0.8117 0.1459 0.8115 0.1460 0.8116 0.1481 0.8110 0.1509 0.8090 0.1538 0.8074 0.1551 0.8059 0.0000 0.0000 0.0000 0.0000 0.0000 0.0000 0.0000 0.0000 0.0000 0.0000 0.0000 0.0000 0.0000 0.0000 0.0000 0.0000 0.0000 0.0000 0.0000 0.0000 " />
							<ColorRGBA color="0.000 0.000 0.000 1.000 0.000 0.000 0.000 1.000 0.000 0.000 0.000 1.000 0.000 0.000 0.000 1.000 0.000 0.000 0.000 1.000 0.024 0.004 0.004 1.000 0.000 0.000 0.000 1.000 0.149 0.149 0.149 1.000 0.000 0.000 0.000 1.000 0.000 0.000 0.000 1.000 0.024 0.004 0.004 1.000 0.000 0.000 0.000 1.000 0.000 0.000 0.000 1.000 0.000 0.000 0.000 1.000 0.000 0.000 0.000 1.000 0.000 0.000 0.000 1.000 0.000 0.000 0.000 1.000 0.000 0.000 0.000 1.000 0.000 0.000 0.000 1.000 0.000 0.000 0.000 1.000 0.000 0.000 0.000 1.000 0.000 0.000 0.000 1.000 0.000 0.000 0.000 1.000 0.000 0.000 0.000 1.000 0.000 0.000 0.000 1.000 0.000 0.000 0.000 1.000 0.000 0.000 0.000 1.000 0.000 0.000 0.000 1.000 0.000 0.000 0.000 1.000 0.000 0.000 0.000 1.000 0.000 0.000 0.000 1.000 0.000 0.000 0.000 1.000 0.000 0.000 0.000 1.000 0.000 0.000 0.000 1.000 0.000 0.000 0.000 1.000 0.000 0.000 0.000 1.000 0.000 0.000 0.000 1.000 0.004 0.000 0.000 1.000 0.000 0.000 0.000 1.000 0.000 0.000 0.000 1.000 0.000 0.000 0.000 1.000 0.000 0.000 0.000 1.000 0.000 0.000 0.000 1.000 0.000 0.000 0.000 1.000 0.000 0.000 0.000 1.000 0.000 0.000 0.000 1.000 0.000 0.000 0.000 1.000 0.000 0.000 0.000 1.000 0.000 0.000 0.000 1.000 0.000 0.000 0.000 1.000 0.000 0.000 0.000 1.000 0.000 0.000 0.000 1.000 0.016 0.016 0.016 1.000 0.000 0.000 0.000 1.000 0.016 0.016 0.016 1.000 0.000 0.000 0.000 1.000 0.000 0.000 0.000 1.000 0.000 0.000 0.000 1.000 0.369 0.369 0.369 1.000 0.031 0.031 0.031 1.000 0.000 0.000 0.000 1.000 0.000 0.000 0.000 1.000 0.000 0.000 0.000 1.000 0.000 0.000 0.000 1.000 0.000 0.000 0.000 1.000 0.000 0.000 0.000 1.000 0.000 0.000 0.000 1.000 0.000 0.000 0.000 1.000 0.000 0.000 0.000 1.000 0.000 0.000 0.000 1.000 0.000 0.000 0.000 1.000 0.000 0.000 0.000 1.000 0.000 0.000 0.000 1.000 0.000 0.000 0.000 1.000 0.000 0.000 0.000 1.000 0.000 0.000 0.000 1.000 0.000 0.000 0.000 1.000 0.000 0.000 0.000 1.000 0.000 0.000 0.000 1.000 0.259 0.259 0.259 1.000 0.000 0.000 0.000 1.000 0.012 0.012 0.012 1.000 0.000 0.000 0.000 1.000 0.000 0.000 0.000 1.000 0.000 0.000 0.000 1.000 0.000 0.000 0.000 1.000 0.000 0.000 0.000 1.000 0.012 0.012 0.012 1.000 0.000 0.000 0.000 1.000 0.000 0.000 0.000 1.000 0.000 0.000 0.000 1.000 0.000 0.000 0.000 1.000 0.000 0.000 0.000 1.000 0.051 0.051 0.051 1.000 0.059 0.059 0.059 1.000 0.082 0.082 0.082 1.000 0.039 0.039 0.039 1.000 0.000 0.000 0.000 1.000 0.000 0.000 0.000 1.000 0.047 0.047 0.047 1.000 0.043 0.043 0.043 1.000 0.016 0.016 0.016 1.000 0.075 0.075 0.075 1.000 0.035 0.035 0.035 1.000 0.000 0.000 0.000 1.000 0.000 0.000 0.000 1.000 0.047 0.047 0.047 1.000 0.000 0.000 0.000 1.000 0.000 0.000 0.000 1.000 0.000 0.000 0.000 1.000 0.122 0.122 0.122 1.000 0.000 0.000 0.000 1.000 0.000 0.000 0.000 1.000 0.000 0.000 0.000 1.000 0.047 0.047 0.047 1.000 0.000 0.000 0.000 1.000 0.000 0.000 0.000 1.000 0.000 0.000 0.000 1.000 0.000 0.000 0.000 1.000 0.000 0.000 0.000 1.000 0.024 0.004 0.004 1.000 0.000 0.000 0.000 1.000 0.149 0.149 0.149 1.000 0.000 0.000 0.000 1.000 0.000 0.000 0.000 1.000 0.024 0.004 0.004 1.000 0.000 0.000 0.000 1.000 0.000 0.000 0.000 1.000 0.000 0.000 0.000 1.000 0.000 0.000 0.000 1.000 0.000 0.000 0.000 1.000 0.000 0.000 0.000 1.000 0.000 0.000 0.000 1.000 0.000 0.000 0.000 1.000 0.000 0.000 0.000 1.000 0.000 0.000 0.000 1.000 0.000 0.000 0.000 1.000 0.000 0.000 0.000 1.000 0.000 0.000 0.000 1.000 0.000 0.000 0.000 1.000 0.000 0.000 0.000 1.000 0.000 0.000 0.000 1.000 0.000 0.000 0.000 1.000 0.000 0.000 0.000 1.000 0.000 0.000 0.000 1.000 0.000 0.000 0.000 1.000 0.000 0.000 0.000 1.000 0.000 0.000 0.000 1.000 0.000 0.000 0.000 1.000 0.000 0.000 0.000 1.000 0.000 0.000 0.000 1.000 0.000 0.000 0.000 1.000 0.004 0.000 0.000 1.000 0.000 0.000 0.000 1.000 0.000 0.000 0.000 1.000 0.000 0.000 0.000 1.000 0.000 0.000 0.000 1.000 0.000 0.000 0.000 1.000 0.000 0.000 0.000 1.000 0.000 0.000 0.000 1.000 0.000 0.000 0.000 1.000 0.000 0.000 0.000 1.000 0.000 0.000 0.000 1.000 0.000 0.000 0.000 1.000 0.000 0.000 0.000 1.000 0.000 0.000 0.000 1.000 0.000 0.000 0.000 1.000 0.016 0.016 0.016 1.000 0.000 0.000 0.000 1.000 0.016 0.016 0.016 1.000 0.000 0.000 0.000 1.000 0.000 0.000 0.000 1.000 0.000 0.000 0.000 1.000 0.369 0.369 0.369 1.000 0.031 0.031 0.031 1.000 0.000 0.000 0.000 1.000 0.000 0.000 0.000 1.000 0.000 0.000 0.000 1.000 0.000 0.000 0.000 1.000 0.000 0.000 0.000 1.000 0.000 0.000 0.000 1.000 0.000 0.000 0.000 1.000 0.000 0.000 0.000 1.000 0.000 0.000 0.000 1.000 0.000 0.000 0.000 1.000 0.000 0.000 0.000 1.000 0.000 0.000 0.000 1.000 0.000 0.000 0.000 1.000 0.000 0.000 0.000 1.000 0.000 0.000 0.000 1.000 0.000 0.000 0.000 1.000 0.000 0.000 0.000 1.000 0.000 0.000 0.000 1.000 0.000 0.000 0.000 1.000 0.255 0.255 0.255 1.000 0.000 0.000 0.000 1.000 0.012 0.012 0.012 1.000 0.000 0.000 0.000 1.000 0.000 0.000 0.000 1.000 0.000 0.000 0.000 1.000 0.000 0.000 0.000 1.000 0.000 0.000 0.000 1.000 0.000 0.000 0.000 1.000 0.000 0.000 0.000 1.000 0.000 0.000 0.000 1.000 0.000 0.000 0.000 1.000 0.000 0.000 0.000 1.000 0.000 0.000 0.000 1.000 0.000 0.000 0.000 1.000 0.000 0.000 0.000 1.000 0.000 0.000 0.000 1.000 0.000 0.000 0.000 1.000 0.000 0.000 0.000 1.000 0.000 0.000 0.000 1.000 0.047 0.047 0.047 1.000 0.000 0.000 0.000 1.000 0.000 0.000 0.000 1.000 0.000 0.000 0.000 1.000 0.122 0.122 0.122 1.000 0.000 0.000 0.000 1.000 0.000 0.000 0.000 1.000 0.000 0.000 0.000 1.000 0.000 0.000 0.000 1.000 0.000 0.000 0.000 1.000 0.149 0.016 0.055 1.000 0.000 0.000 0.000 1.000 0.000 0.000 0.000 1.000 0.176 0.020 0.055 1.000 0.000 0.000 0.000 1.000 0.004 0.000 0.000 1.000 0.000 0.000 0.000 1.000 0.000 0.000 0.000 1.000 0.149 0.020 0.004 1.000 1.000 1.000 1.000 1.000 0.000 0.000 0.000 1.000 0.035 0.008 0.031 1.000 0.000 0.000 0.000 1.000 0.000 0.000 0.000 1.000 0.000 0.000 0.000 1.000 0.000 0.000 0.000 1.000 0.000 0.000 0.000 1.000 0.039 0.008 0.000 1.000 1.000 1.000 1.000 1.000 0.000 0.000 0.000 1.000 0.071 0.008 0.008 1.000 0.012 0.000 0.000 1.000 0.000 0.000 0.000 1.000 0.000 0.000 0.000 1.000 0.000 0.000 0.000 1.000 0.000 0.000 0.000 1.000 0.859 0.792 0.792 1.000 0.000 0.000 0.000 1.000 0.000 0.000 0.000 1.000 0.859 0.792 0.792 1.000 0.000 0.000 0.000 1.000 0.000 0.000 0.000 1.000 0.000 0.000 0.000 1.000 0.000 0.000 0.000 1.000 0.000 0.000 0.000 1.000 0.000 0.000 0.000 1.000 0.000 0.000 0.000 1.000 0.000 0.000 0.000 1.000 0.000 0.000 0.000 1.000 0.000 0.000 0.000 1.000 0.000 0.000 0.000 1.000 0.000 0.000 0.000 1.000 0.153 0.016 0.059 1.000 0.000 0.000 0.000 1.000 0.000 0.000 0.000 1.000 0.165 0.016 0.047 1.000 0.000 0.000 0.000 1.000 0.004 0.000 0.000 1.000 0.000 0.000 0.000 1.000 0.000 0.000 0.000 1.000 0.149 0.020 0.004 1.000 1.000 1.000 1.000 1.000 0.000 0.000 0.000 1.000 0.035 0.008 0.031 1.000 0.000 0.000 0.000 1.000 0.000 0.000 0.000 1.000 0.000 0.000 0.000 1.000 0.000 0.000 0.000 1.000 0.000 0.000 0.000 1.000 0.039 0.008 0.000 1.000 1.000 1.000 1.000 1.000 0.000 0.000 0.000 1.000 0.000 0.000 0.000 1.000 0.012 0.000 0.000 1.000 0.000 0.000 0.000 1.000 0.000 0.000 0.000 1.000 0.000 0.000 0.000 1.000 0.000 0.000 0.000 1.000 0.835 0.576 0.576 1.000 0.000 0.000 0.000 1.000 0.000 0.000 0.000 1.000 0.835 0.576 0.576 1.000 0.000 0.000 0.000 1.000 0.000 0.000 0.000 1.000 0.000 0.000 0.000 1.000 0.000 0.000 0.000 1.000 0.000 0.000 0.000 1.000 0.000 0.000 0.000 1.000 0.000 0.000 0.000 1.000 0.000 0.000 0.000 1.000 0.000 0.000 0.000 1.000 0.000 0.000 0.000 1.000 0.643 0.635 0.635 1.000 0.647 0.647 0.647 1.000 0.961 0.961 0.961 1.000 0.647 0.647 0.647 1.000 1.000 1.000 1.000 1.000 0.000 0.000 0.000 1.000 0.000 0.000 0.000 1.000 0.882 0.882 0.882 1.000 0.945 0.824 0.824 1.000 1.000 1.000 1.000 1.000 0.882 0.882 0.882 1.000 0.000 0.000 0.000 1.000 0.992 0.976 0.973 1.000 0.882 0.882 0.882 1.000 0.412 0.349 0.349 1.000 1.000 1.000 1.000 1.000 0.176 0.020 0.055 1.000 0.004 0.000 0.000 1.000 0.000 0.000 0.000 1.000 0.016 0.004 0.004 1.000 0.149 0.016 0.055 1.000 0.000 0.000 0.000 1.000 0.020 0.004 0.004 1.000 0.000 0.000 0.000 1.000 0.004 0.000 0.000 1.000 0.000 0.000 0.000 1.000 0.165 0.016 0.047 1.000 0.000 0.000 0.000 1.000 0.055 0.055 0.055 1.000 0.020 0.020 0.020 1.000 0.024 0.000 0.000 1.000 1.000 1.000 1.000 1.000 " />
						</IndexedFaceSet>
					</Shape>
					<Shape>
						<Appearance>
						</Appearance>
						<IndexedFaceSet solid="false"
						                colorPerVertex="false"
						                texCoordIndex="0 1 2 -1 3 4 5 6 -1 7 8 9 -1 10 11 12 13 -1 14 15 16 -1 17 18 19 20 -1 21 22 23 -1 24 25 26 27 -1 28 29 30 -1 31 32 33 34 -1 35 36 37 -1 38 39 40 41 -1 42 43 44 -1 45 46 47 48 -1 49 50 51 -1 52 53 54 55 -1 56 57 58 -1 59 60 61 62 -1 63 64 65 -1 66 67 68 69 -1 70 71 72 -1 73 74 75 76 -1 77 78 79 -1 80 81 82 83 -1 84 85 86 -1 87 88 89 90 -1 91 92 93 -1 94 95 96 97 -1 98 99 100 -1 101 102 103 104 -1 105 106 107 -1 108 109 110 111 -1 112 113 114 -1 115 116 117 118 -1 119 120 121 -1 122 123 124 125 -1 126 127 128 -1 129 130 131 132 -1 133 134 135 -1 136 137 138 139 -1 140 141 142 -1 143 144 145 146 -1 147 148 149 -1 150 151 152 153 154 -1 155 156 157 -1 158 159 160 161 -1 162 163 164 -1 165 166 167 168 -1 169 170 171 -1 172 173 174 175 -1 176 177 178 -1 179 180 181 182 -1 183 184 185 -1 186 187 188 189 -1 190 191 192 -1 193 194 195 196 -1 197 198 199 -1 200 201 202 203 -1 204 205 206 -1 207 208 209 210 -1 211 212 213 -1 214 215 216 217 -1 218 219 220 -1 221 222 223 224 -1 225 226 227 -1 228 229 230 231 -1 232 233 234 -1 235 236 237 238 -1 239 240 241 -1 242 243 244 245 -1 246 247 248 -1 249 250 251 252 -1 253 254 255 -1 256 257 258 259 -1 260 261 262 -1 263 264 265 266 -1 267 268 269 -1 270 271 272 273 -1 274 275 276 -1 277 278 279 280 -1 281 282 283 -1 284 285 286 287 -1 288 289 290 -1 291 292 293 294 -1 295 296 297 -1 298 299 300 301 -1 302 303 304 -1 305 306 307 308 -1 309 310 311 -1 312 313 314 315 -1 316 317 318 -1 319 320 321 322 -1 323 324 325 -1 326 327 328 329 -1 330 331 332 -1 333 334 335 336 -1 337 338 339 -1 340 341 342 343 -1 344 345 346 -1 347 348 349 350 -1 351 352 353 -1 354 355 356 357 -1 358 359 360 -1 361 362 363 364 -1 365 366 367 -1 368 369 370 371 -1 372 373 374 -1 375 376 377 378 -1 379 380 381 -1 382 383 384 385 -1 386 387 388 -1 389 390 391 392 393 -1 394 395 396 -1 397 398 399 400 -1 401 402 403 -1 404 405 406 407 -1 408 409 410 -1 411 412 413 414 -1 415 416 417 -1 418 419 420 421 -1 422 423 424 -1 425 426 427 428 -1 429 430 431 -1 432 433 434 435 -1 436 437 438 -1 439 440 441 442 -1 443 444 445 -1 446 447 448 449 -1 450 451 452 -1 453 454 455 456 -1 457 458 459 -1 460 461 462 463 -1 464 465 466 -1 467 468 469 470 -1 471 472 473 -1 474 475 476 477 -1 478 479 480 -1 481 482 483 484 -1 485 486 487 -1 488 489 490 491 -1 492 493 494 -1 495 496 497 498 -1 499 500 501 -1 502 503 504 505 -1 506 507 508 -1 509 510 511 512 -1 513 514 515 -1 516 517 518 519 -1 520 521 522 -1 523 524 525 526 -1 527 528 529 -1 530 531 532 533 -1 534 535 536 -1 537 538 539 540 -1 541 542 543 -1 544 545 546 547 -1 548 549 550 -1 551 552 553 554 -1 555 556 557 -1 558 559 560 561 -1 562 563 564 -1 565 566 567 568 -1 569 570 571 -1 572 573 574 575 -1 576 577 578 -1 579 580 581 582 -1 583 584 585 -1 586 587 588 589 -1 590 591 592 -1 593 594 595 596 -1 597 598 599 -1 600 601 602 603 -1 604 605 606 -1 607 608 609 610 -1 611 612 613 -1 614 615 616 617 -1 618 619 620 -1 621 622 623 624 -1 625 626 627 -1 628 629 630 631 -1 632 633 634 -1 635 636 637 638 -1 639 640 641 -1 642 643 644 645 -1 646 647 648 -1 649 650 651 652 -1 653 654 655 -1 656 657 658 659 -1 660 661 662 -1 663 664 665 666 -1 667 668 669 -1 670 671 672 673 -1 674 675 676 -1 677 678 679 680 -1 681 682 683 -1 684 685 686 687 -1 688 689 690 -1 691 692 693 694 -1 695 696 697 -1 698 699 700 701 -1 702 703 704 -1 705 706 707 708 -1 709 710 711 -1 712 713 714 715 -1 716 717 718 -1 719 720 721 722 -1 723 724 725 -1 726 727 728 729 -1 730 731 732 -1 733 734 735 736 -1 737 738 739 -1 740 741 742 743 -1 744 745 746 -1 747 748 749 750 -1 751 752 753 -1 754 755 756 757 -1 758 759 760 -1 761 762 763 764 -1 765 766 767 -1 768 769 770 771 -1 772 773 774 -1 775 776 777 778 -1 779 780 781 782 -1 783 784 785 786 -1 787 788 789 -1 790 791 792 793 -1 794 795 796 -1 797 798 799 800 -1 801 802 803 -1 804 805 806 807 -1 808 809 810 -1 811 812 813 814 -1 815 816 817 -1 818 819 820 821 -1 822 823 824 -1 825 826 827 828 -1 829 830 831 -1 832 833 834 835 -1 836 837 838 -1 839 840 841 842 -1 843 844 845 -1 846 847 848 849 -1 850 851 852 -1 853 854 855 856 -1 857 858 859 -1 860 861 862 863 -1 864 865 866 -1 867 868 869 870 -1 871 872 873 -1 874 875 876 877 878 -1 879 880 881 -1 882 883 884 885 -1 886 887 888 -1 889 890 891 -1 892 893 894 -1 895 896 897 -1 898 899 900 -1 901 902 903 -1 904 905 906 -1 907 908 909 -1 910 911 912 -1 913 914 915 -1 916 917 918 -1 919 920 921 -1 922 923 924 -1 925 926 927 -1 928 929 930 -1 931 932 933 -1 934 935 936 -1 937 938 939 -1 940 941 942 -1 943 944 945 -1 946 947 948 -1 949 950 951 -1 952 953 954 -1 955 956 957 -1 958 959 960 -1 961 962 963 -1 964 965 966 -1 967 968 969 -1 970 971 972 -1 973 974 975 -1 976 977 978 -1 979 980 981 -1 982 983 984 -1 985 986 987 -1 988 989 990 -1 991 992 993 -1 994 995 996 -1 997 998 999 -1 1000 1001 1002 -1 1003 1004 1005 -1 1006 1007 1008 -1 1009 1010 1011 -1 1012 1013 1014 -1 1015 1016 1017 -1 1018 1019 1020 -1 1021 1022 1023 -1 1024 1025 1026 -1 1027 1028 1029 -1 1030 1031 1032 -1 1033 1034 1035 -1 1036 1037 1038 -1 1039 1040 1041 -1 1042 1043 1044 -1 1045 1046 1047 -1 1048 1049 1050 -1 1051 1052 1053 -1 1054 1055 1056 -1 1057 1058 1059 -1 1060 1061 1062 -1 1063 1064 1065 -1 1066 1067 1068 -1 1069 1070 1071 -1 1072 1073 1074 -1 1075 1076 1077 -1 1078 1079 1080 -1 1081 1082 1083 -1 1084 1085 1086 -1 1087 1088 1089 -1 1090 1091 1092 -1 1093 1094 1095 -1 1096 1097 1098 -1 1099 1100 1101 -1 1102 1103 1104 -1 1105 1106 1107 -1 1108 1109 1110 -1 1111 1112 1113 -1 1114 1115 1116 -1 1117 1118 1119 -1 1120 1121 1122 -1 1123 1124 1125 -1 1126 1127 1128 -1 1129 1130 1131 -1 1132 1133 1134 -1 1135 1136 1137 -1 1138 1139 1140 -1 1141 1142 1143 -1 1144 1145 1146 -1 1147 1148 1149 -1 1150 1151 1152 -1 1153 1154 1155 -1 1156 1157 1158 -1 1159 1160 1161 -1 1162 1163 1164 -1 1165 1166 1167 -1 1168 1169 1170 -1 1171 1172 1173 -1 1174 1175 1176 -1 1177 1178 1179 -1 1180 1181 1182 -1 1183 1184 1185 -1 1186 1187 1188 -1 1189 1190 1191 -1 1192 1193 1194 -1 1195 1196 1197 -1 1198 1199 1200 -1 1201 1202 1203 -1 1204 1205 1206 -1 1207 1208 1209 -1 1210 1211 1212 -1 1213 1214 1215 -1 1216 1217 1218 -1 1219 1220 1221 -1 1222 1223 1224 -1 1225 1226 1227 -1 1228 1229 1230 -1 1231 1232 1233 -1 1234 1235 1236 -1 1237 1238 1239 -1 1240 1241 1242 -1 1243 1244 1245 -1 1246 1247 1248 -1 1249 1250 1251 -1 1252 1253 1254 -1 1255 1256 1257 -1 1258 1259 1260 -1 1261 1262 1263 -1 1264 1265 1266 1267 -1 1268 1269 1270 -1 1271 1272 1273 1274 -1 1275 1276 1277 -1 1278 1279 1280 1281 -1 1282 1283 1284 -1 1285 1286 1287 1288 -1 1289 1290 1291 -1 1292 1293 1294 1295 -1 1296 1297 1298 -1 1299 1300 1301 1302 -1 1303 1304 1305 -1 1306 1307 1308 1309 -1 1310 1311 1312 -1 1313 1314 1315 1316 -1 1317 1318 1319 -1 1320 1321 1322 1323 -1 1324 1325 1326 -1 1327 1328 1329 1330 -1 1331 1332 1333 -1 1334 1335 1336 1337 -1 1338 1339 1340 1341 -1 1342 1343 1344 -1 1345 1346 1347 1348 -1 1349 1350 1351 -1 1352 1353 1354 1355 -1 1356 1357 1358 -1 1359 1360 1361 1362 -1 1363 1364 1365 -1 1366 1367 1368 1369 -1 1370 1371 1372 -1 1373 1374 1375 1376 -1 1377 1378 1379 -1 1380 1381 1382 1383 -1 1384 1385 1386 -1 1387 1388 1389 1390 -1 1391 1392 1393 -1 1394 1395 1396 1397 -1 1398 1399 1400 -1 1401 1402 1403 1404 -1 1405 1406 1407 -1 1408 1409 1410 1411 -1 1412 1413 1414 -1 1415 1416 1417 1418 -1 1419 1420 1421 -1 1422 1423 1424 1425 -1 1426 1427 1428 -1 1429 1430 1431 1432 -1 1433 1434 1435 -1 1436 1437 1438 1439 -1 1440 1441 1442 -1 1443 1444 1445 1446 -1 1447 1448 1449 -1 1450 1451 1452 1453 -1 1454 1455 1456 -1 1457 1458 1459 1460 -1 1461 1462 1463 -1 1464 1465 1466 1467 -1 1468 1469 1470 -1 1471 1472 1473 1474 -1 1475 1476 1477 -1 1478 1479 1480 1481 -1 1482 1483 1484 -1 1485 1486 1487 1488 -1 1489 1490 1491 -1 1492 1493 1494 1495 -1 1496 1497 1498 -1 1499 1500 1501 1502 -1 1503 1504 1505 -1 1506 1507 1508 1509 -1 1510 1511 1512 -1 1513 1514 1515 1516 -1 1517 1518 1519 -1 1520 1521 1522 1523 -1 1524 1525 1526 -1 1527 1528 1529 1530 -1 1531 1532 1533 -1 1534 1535 1536 1537 -1 1538 1539 1540 -1 1541 1542 1543 1544 -1 1545 1546 1547 -1 1548 1549 1550 1551 -1 1552 1553 1554 -1 1555 1556 1557 1558 -1 1559 1560 1561 -1 1562 1563 1564 1565 -1 1566 1567 1568 -1 1569 1570 1571 1572 -1 1573 1574 1575 -1 1576 1577 1578 1579 -1 1580 1581 1582 -1 1583 1584 1585 1586 -1 1587 1588 1589 -1 1590 1591 1592 1593 -1 1594 1595 1596 -1 1597 1598 1599 1600 -1 1601 1602 1603 -1 1604 1605 1606 1607 -1 1608 1609 1610 -1 1611 1612 1613 1614 -1 1615 1616 1617 -1 1618 1619 1620 1621 -1 1622 1623 1624 -1 1625 1626 1627 1628 -1 1629 1630 1631 -1 1632 1633 1634 1635 -1 1636 1637 1638 -1 1639 1640 1641 1642 -1 1643 1644 1645 -1 1646 1647 1648 1649 -1 1650 1651 1652 -1 1653 1654 1655 1656 -1 1657 1658 1659 -1 1660 1661 1662 1663 -1 1664 1665 1666 -1 1667 1668 1669 1670 -1 1671 1672 1673 -1 1674 1675 1676 1677 -1 1678 1679 1680 -1 1681 1682 1683 1684 -1 1685 1686 1687 -1 1688 1689 1690 1691 -1 1692 1693 1694 -1 1695 1696 1697 1698 -1 1699 1700 1701 -1 1702 1703 1704 1705 -1 1706 1707 1708 -1 1709 1710 1711 1712 -1 1713 1714 1715 -1 1716 1717 1718 1719 -1 1720 1721 1722 -1 1723 1724 1725 1726 -1 1727 1728 1729 -1 1730 1731 1732 1733 -1 1734 1735 1736 -1 1737 1738 1739 1740 -1 1741 1742 1743 -1 1744 1745 1746 1747 -1 1748 1749 1750 -1 1751 1752 1753 1754 -1 1755 1756 1757 -1 1758 1759 1760 1761 1762 -1 1763 1764 1765 -1 1766 1767 1768 1769 -1 1770 1771 1772 -1 1773 1774 1775 1776 -1 1777 1778 1779 -1 1780 1781 1782 1783 -1 1784 1785 1786 -1 1787 1788 1789 1790 -1 1791 1792 1793 -1 1794 1795 1796 1797 -1 1798 1799 1800 -1 1801 1802 1803 1804 -1 1805 1806 1807 -1 1808 1809 1810 1811 -1 1812 1813 1814 -1 1815 1816 1817 1818 -1 1819 1820 1821 -1 1822 1823 1824 1825 -1 1826 1827 1828 -1 1829 1830 1831 1832 -1 1833 1834 1835 -1 1836 1837 1838 1839 -1 1840 1841 1842 -1 1843 1844 1845 1846 -1 1847 1848 1849 -1 1850 1851 1852 1853 1854 -1 1855 1856 1857 -1 1858 1859 1860 1861 -1 1862 1863 1864 -1 1865 1866 1867 1868 -1 1869 1870 1871 -1 1872 1873 1874 1875 -1 1876 1877 1878 -1 1879 1880 1881 1882 -1 1883 1884 1885 -1 1886 1887 1888 1889 -1 1890 1891 1892 -1 1893 1894 1895 1896 -1 1897 1898 1899 -1 1900 1901 1902 1903 -1 1904 1905 1906 -1 1907 1908 1909 1910 -1 1911 1912 1913 -1 1914 1915 1916 1917 -1 1918 1919 1920 -1 1921 1922 1923 1924 -1 1925 1926 1927 -1 1928 1929 1930 1931 -1 1932 1933 1934 -1 1935 1936 1937 1938 -1 1939 1940 1941 -1 1942 1943 1944 1945 -1 1946 1947 1948 -1 1949 1950 1951 1952 -1 1953 1954 1955 -1 1956 1957 1958 1959 -1 1960 1961 1962 -1 1963 1964 1965 1966 -1 1967 1968 1969 -1 1970 1971 1972 1973 -1 1974 1975 1976 -1 1977 1978 1979 1980 -1 1981 1982 1983 -1 1984 1985 1986 1987 -1 1988 1989 1990 -1 1991 1992 1993 1994 -1 1995 1996 1997 -1 1998 1999 2000 2001 -1 2002 2003 2004 -1 2005 2006 2007 2008 -1 2009 2010 2011 -1 2012 2013 2014 2015 -1 2016 2017 2018 -1 2019 2020 2021 2022 -1 2023 2024 2025 -1 2026 2027 2028 2029 -1 2030 2031 2032 -1 2033 2034 2035 2036 -1 2037 2038 2039 -1 2040 2041 2042 2043 -1 2044 2045 2046 -1 2047 2048 2049 2050 -1 2051 2052 2053 -1 2054 2055 2056 2057 -1 2058 2059 2060 -1 2061 2062 2063 2064 -1 2065 2066 2067 -1 2068 2069 2070 2071 -1 2072 2073 2074 -1 2075 2076 2077 2078 -1 2079 2080 2081 -1 2082 2083 2084 2085 -1 2086 2087 2088 -1 2089 2090 2091 2092 -1 2093 2094 2095 -1 2096 2097 2098 2099 -1 2100 2101 2102 -1 2103 2104 2105 2106 -1 2107 2108 2109 -1 2110 2111 2112 2113 -1 2114 2115 2116 -1 2117 2118 2119 2120 -1 2121 2122 2123 -1 2124 2125 2126 2127 -1 2128 2129 2130 -1 2131 2132 2133 2134 -1 2135 2136 2137 -1 2138 2139 2140 2141 -1 2142 2143 2144 -1 2145 2146 2147 2148 -1 2149 2150 2151 -1 2152 2153 2154 2155 -1 2156 2157 2158 -1 2159 2160 2161 2162 -1 2163 2164 2165 -1 2166 2167 2168 2169 -1 2170 2171 2172 -1 2173 2174 2175 2176 -1 2177 2178 2179 -1 2180 2181 2182 2183 -1 2184 2185 2186 -1 2187 2188 2189 2190 -1 2191 2192 2193 -1 2194 2195 2196 2197 -1 2198 2199 2200 -1 2201 2202 2203 2204 -1 2205 2206 2207 -1 2208 2209 2210 2211 -1 2212 2213 2214 -1 2215 2216 2217 2218 -1 2219 2220 2221 -1 2222 2223 2224 2225 -1 2226 2227 2228 -1 2229 2230 2231 2232 -1 2233 2234 2235 -1 2236 2237 2238 2239 -1 2240 2241 2242 -1 2243 2244 2245 2246 2247 -1 2248 2249 2250 -1 2251 2252 2253 2254 -1 2255 2256 2257 -1 2258 2259 2260 2261 -1 2262 2263 2264 -1 2265 2266 2267 2268 -1 2269 2270 2271 -1 2272 2273 2274 2275 -1 2276 2277 2278 -1 2279 2280 2281 2282 -1 2283 2284 2285 -1 2286 2287 2288 2289 -1 2290 2291 2292 -1 2293 2294 2295 2296 2297 -1 2298 2299 2300 -1 2301 2302 2303 2304 -1 2305 2306 2307 -1 2308 2309 2310 2311 -1 2312 2313 2314 -1 2315 2316 2317 2318 -1 2319 2320 2321 -1 2322 2323 2324 2325 -1 2326 2327 2328 -1 2329 2330 2331 2332 -1 2333 2334 2335 -1 2336 2337 2338 2339 -1 2340 2341 2342 -1 2343 2344 2345 2346 -1 2347 2348 2349 -1 2350 2351 2352 2353 -1 2354 2355 2356 -1 2357 2358 2359 2360 -1 2361 2362 2363 -1 2364 2365 2366 2367 -1 2368 2369 2370 -1 2371 2372 2373 2374 -1 2375 2376 2377 -1 2378 2379 2380 2381 -1 2382 2383 2384 -1 2385 2386 2387 2388 -1 2389 2390 2391 -1 2392 2393 2394 2395 -1 2396 2397 2398 -1 2399 2400 2401 2402 -1 2403 2404 2405 -1 2406 2407 2408 2409 -1 2410 2411 2412 -1 2413 2414 2415 2416 -1 2417 2418 2419 -1 2420 2421 2422 2423 -1 2424 2425 2426 -1 2427 2428 2429 2430 -1 2431 2432 2433 -1 2434 2435 2436 2437 -1 2438 2439 2440 -1 2441 2442 2443 2444 -1 2445 2446 2447 -1 2448 2449 2450 2451 -1 2452 2453 2454 -1 2455 2456 2457 2458 -1 2459 2460 2461 -1 2462 2463 2464 2465 -1 2466 2467 2468 -1 2469 2470 2471 2472 -1 2473 2474 2475 -1 2476 2477 2478 2479 -1 2480 2481 2482 -1 2483 2484 2485 2486 -1 2487 2488 2489 -1 2490 2491 2492 2493 -1 2494 2495 2496 -1 2497 2498 2499 2500 -1 2501 2502 2503 -1 2504 2505 2506 2507 -1 2508 2509 2510 -1 2511 2512 2513 2514 -1 2515 2516 2517 -1 2518 2519 2520 2521 -1 2522 2523 2524 -1 2525 2526 2527 2528 -1 2529 2530 2531 -1 2532 2533 2534 2535 -1 2536 2537 2538 -1 2539 2540 2541 2542 -1 2543 2544 2545 -1 2546 2547 2548 2549 -1 2550 2551 2552 -1 2553 2554 2555 2556 -1 2557 2558 2559 -1 2560 2561 2562 2563 -1 2564 2565 2566 -1 2567 2568 2569 2570 -1 2571 2572 2573 -1 2574 2575 2576 2577 -1 2578 2579 2580 -1 2581 2582 2583 2584 -1 2585 2586 2587 -1 2588 2589 2590 2591 -1 2592 2593 2594 -1 2595 2596 2597 2598 -1 2599 2600 2601 -1 2602 2603 2604 2605 -1 2606 2607 2608 -1 2609 2610 2611 2612 -1 2613 2614 2615 -1 2616 2617 2618 2619 -1 2620 2621 2622 -1 2623 2624 2625 2626 -1 2627 2628 2629 -1 2630 2631 2632 2633 -1 2634 2635 2636 -1 2637 2638 2639 2640 -1 2641 2642 2643 -1 2644 2645 2646 2647 -1 2648 2649 2650 -1 2651 2652 2653 2654 -1 2655 2656 2657 -1 2658 2659 2660 2661 -1 2662 2663 2664 -1 2665 2666 2667 2668 -1 2669 2670 2671 -1 2672 2673 2674 2675 -1 2676 2677 2678 -1 2679 2680 2681 2682 -1 2683 2684 2685 -1 2686 2687 2688 2689 -1 2690 2691 2692 -1 2693 2694 2695 2696 -1 2697 2698 2699 -1 2700 2701 2702 2703 -1 2704 2705 2706 -1 2707 2708 2709 2710 -1 2711 2712 2713 -1 2714 2715 2716 2717 -1 2718 2719 2720 -1 2721 2722 2723 2724 -1 2725 2726 2727 -1 2728 2729 2730 2731 -1 2732 2733 2734 -1 2735 2736 2737 2738 -1 2739 2740 2741 -1 2742 2743 2744 2745 -1 2746 2747 2748 -1 2749 2750 2751 2752 -1 2753 2754 2755 -1 2756 2757 2758 2759 -1 2760 2761 2762 -1 2763 2764 2765 2766 -1 2767 2768 2769 -1 2770 2771 2772 2773 -1 2774 2775 2776 -1 2777 2778 2779 2780 -1 2781 2782 2783 -1 2784 2785 2786 2787 -1 2788 2789 2790 -1 2791 2792 2793 2794 -1 2795 2796 2797 -1 2798 2799 2800 2801 -1 2802 2803 2804 -1 2805 2806 2807 2808 -1 2809 2810 2811 -1 2812 2813 2814 2815 -1 2816 2817 2818 -1 2819 2820 2821 2822 -1 2823 2824 2825 -1 2826 2827 2828 2829 -1 2830 2831 2832 -1 2833 2834 2835 2836 -1 2837 2838 2839 -1 2840 2841 2842 2843 -1 2844 2845 2846 -1 2847 2848 2849 2850 -1 2851 2852 2853 -1 2854 2855 2856 2857 -1 2858 2859 2860 2861 -1 2862 2863 2864 -1 2865 2866 2867 2868 -1 2869 2870 2871 -1 2872 2873 2874 2875 -1 2876 2877 2878 -1 2879 2880 2881 2882 -1 2883 2884 2885 -1 2886 2887 2888 2889 -1 2890 2891 2892 -1 2893 2894 2895 2896 -1 2897 2898 2899 -1 2900 2901 2902 2903 -1 2904 2905 2906 -1 2907 2908 2909 2910 -1 2911 2912 2913 -1 2914 2915 2916 2917 -1 2918 2919 2920 -1 2921 2922 2923 -1 2924 2925 2926 -1 2927 2928 2929 -1 2930 2931 2932 -1 2933 2934 2935 -1 2936 2937 2938 -1 2939 2940 2941 -1 2942 2943 2944 -1 2945 2946 2947 -1 2948 2949 2950 -1 2951 2952 2953 -1 2954 2955 2956 -1 2957 2958 2959 -1 2960 2961 2962 -1 2963 2964 2965 -1 2966 2967 2968 -1 2969 2970 2971 -1 2972 2973 2974 -1 2975 2976 2977 -1 2978 2979 2980 -1 2981 2982 2983 -1 2984 2985 2986 -1 2987 2988 2989 -1 2990 2991 2992 -1 2993 2994 2995 -1 2996 2997 2998 -1 2999 3000 3001 -1 3002 3003 3004 -1 3005 3006 3007 -1 3008 3009 3010 -1 3011 3012 3013 -1 3014 3015 3016 -1 3017 3018 3019 -1 3020 3021 3022 -1 3023 3024 3025 -1 3026 3027 3028 -1 3029 3030 3031 -1 3032 3033 3034 -1 3035 3036 3037 3038 -1 3039 3040 3041 -1 3042 3043 3044 -1 3045 3046 3047 -1 3048 3049 3050 -1 3051 3052 3053 -1 3054 3055 3056 -1 3057 3058 3059 -1 3060 3061 3062 -1 3063 3064 3065 -1 3066 3067 3068 -1 3069 3070 3071 -1 3072 3073 3074 -1 3075 3076 3077 -1 3078 3079 3080 -1 3081 3082 3083 -1 3084 3085 3086 -1 3087 3088 3089 -1 3090 3091 3092 -1 3093 3094 3095 -1 3096 3097 3098 -1 3099 3100 3101 -1 3102 3103 3104 -1 3105 3106 3107 -1 3108 3109 3110 -1 3111 3112 3113 -1 3114 3115 3116 -1 3117 3118 3119 -1 3120 3121 3122 -1 3123 3124 3125 -1 3126 3127 3128 -1 3129 3130 3131 -1 3132 3133 3134 -1 3135 3136 3137 -1 3138 3139 3140 -1 3141 3142 3143 -1 3144 3145 3146 -1 3147 3148 3149 -1 3150 3151 3152 -1 3153 3154 3155 -1 3156 3157 3158 -1 3159 3160 3161 -1 3162 3163 3164 -1 3165 3166 3167 -1 3168 3169 3170 -1 3171 3172 3173 -1 3174 3175 3176 -1 3177 3178 3179 -1 3180 3181 3182 -1 3183 3184 3185 -1 3186 3187 3188 -1 3189 3190 3191 -1 3192 3193 3194 -1 3195 3196 3197 -1 3198 3199 3200 -1 3201 3202 3203 -1 3204 3205 3206 -1 3207 3208 3209 -1 3210 3211 3212 -1 3213 3214 3215 -1 3216 3217 3218 -1 3219 3220 3221 -1 3222 3223 3224 -1 3225 3226 3227 -1 3228 3229 3230 -1 3231 3232 3233 -1 3234 3235 3236 -1 3237 3238 3239 -1 3240 3241 3242 -1 3243 3244 3245 -1 3246 3247 3248 -1 3249 3250 3251 -1 3252 3253 3254 -1 3255 3256 3257 -1 3258 3259 3260 -1 3261 3262 3263 -1 3264 3265 3266 -1 3267 3268 3269 -1 3270 3271 3272 -1 3273 3274 3275 -1 3276 3277 3278 -1 3279 3280 3281 -1 3282 3283 3284 -1 3285 3286 3287 -1 3288 3289 3290 -1 3291 3292 3293 -1 3294 3295 3296 -1 3297 3298 3299 -1 3300 3301 3302 -1 3303 3304 3305 -1 3306 3307 3308 -1 3309 3310 3311 -1 3312 3313 3314 -1 3315 3316 3317 -1 3318 3319 3320 -1 3321 3322 3323 -1 3324 3325 3326 -1 3327 3328 3329 -1 3330 3331 3332 -1 3333 3334 3335 -1 3336 3337 3338 -1 3339 3340 3341 -1 3342 3343 3344 -1 3345 3346 3347 -1 3348 3349 3350 -1 3351 3352 3353 -1 3354 3355 3356 -1 3357 3358 3359 -1 3360 3361 3362 -1 3363 3364 3365 -1 3366 3367 3368 -1 3369 3370 3371 -1 3372 3373 3374 -1 3375 3376 3377 -1 3378 3379 3380 -1 3381 3382 3383 -1 3384 3385 3386 -1 3387 3388 3389 -1 3390 3391 3392 -1 3393 3394 3395 -1 3396 3397 3398 -1 3399 3400 3401 -1 3402 3403 3404 -1 3405 3406 3407 -1 3408 3409 3410 -1 3411 3412 3413 -1 3414 3415 3416 -1 3417 3418 3419 -1 3420 3421 3422 -1 3423 3424 3425 -1 3426 3427 3428 -1 3429 3430 3431 -1 3432 3433 3434 -1 3435 3436 3437 -1 3438 3439 3440 -1 3441 3442 3443 -1 3444 3445 3446 -1 3447 3448 3449 3450 -1 3451 3452 3453 -1 3454 3455 3456 -1 3457 3458 3459 -1 3460 3461 3462 -1 3463 3464 3465 -1 3466 3467 3468 -1 3469 3470 3471 -1 3472 3473 3474 -1 3475 3476 3477 -1 3478 3479 3480 -1 3481 3482 3483 -1 3484 3485 3486 -1 3487 3488 3489 -1 3490 3491 3492 -1 3493 3494 3495 -1 3496 3497 3498 -1 3499 3500 3501 -1 3502 3503 3504 -1 3505 3506 3507 -1 3508 3509 3510 -1 3511 3512 3513 -1 3514 3515 3516 -1 3517 3518 3519 -1 3520 3521 3522 -1 3523 3524 3525 -1 3526 3527 3528 -1 3529 3530 3531 -1 3532 3533 3534 -1 3535 3536 3537 -1 3538 3539 3540 -1 3541 3542 3543 -1 3544 3545 3546 -1 3547 3548 3549 -1 3550 3551 3552 -1 3553 3554 3555 -1 3556 3557 3558 -1 3559 3560 3561 -1 3562 3563 3564 -1 3565 3566 3567 -1 3568 3569 3570 -1 3571 3572 3573 -1 3574 3575 3576 -1 3577 3578 3579 -1 3580 3581 3582 -1 3583 3584 3585 -1 3586 3587 3588 -1 3589 3590 3591 -1 3592 3593 3594 -1 3595 3596 3597 -1 3598 3599 3600 -1 3601 3602 3603 -1 3604 3605 3606 -1 3607 3608 3609 -1 3610 3611 3612 -1 3613 3614 3615 -1 3616 3617 3618 -1 3619 3620 3621 -1 3622 3623 3624 3625 -1 3626 3627 3628 3629 -1 3630 3631 3632 -1 3633 3634 3635 3636 -1 3637 3638 3639 -1 3640 3641 3642 3643 -1 3644 3645 3646 -1 3647 3648 3649 3650 -1 3651 3652 3653 -1 3654 3655 3656 3657 -1 3658 3659 3660 -1 3661 3662 3663 3664 -1 3665 3666 3667 -1 3668 3669 3670 3671 -1 3672 3673 3674 -1 3675 3676 3677 3678 -1 3679 3680 3681 -1 3682 3683 3684 3685 -1 3686 3687 3688 -1 3689 3690 3691 3692 -1 3693 3694 3695 -1 3696 3697 3698 3699 -1 3700 3701 3702 -1 3703 3704 3705 3706 -1 3707 3708 3709 -1 3710 3711 3712 3713 -1 3714 3715 3716 -1 3717 3718 3719 3720 -1 3721 3722 3723 -1 3724 3725 3726 3727 -1 3728 3729 3730 -1 3731 3732 3733 3734 -1 3735 3736 3737 -1 3738 3739 3740 3741 -1 3742 3743 3744 -1 3745 3746 3747 3748 -1 3749 3750 3751 -1 3752 3753 3754 3755 -1 3756 3757 3758 -1 3759 3760 3761 3762 -1 3763 3764 3765 -1 3766 3767 3768 3769 -1 3770 3771 3772 -1 3773 3774 3775 3776 -1 3777 3778 3779 -1 3780 3781 3782 3783 -1 3784 3785 3786 -1 3787 3788 3789 3790 -1 3791 3792 3793 -1 3794 3795 3796 3797 -1 3798 3799 3800 -1 3801 3802 3803 3804 -1 3805 3806 3807 -1 3808 3809 3810 3811 -1 3812 3813 3814 -1 3815 3816 3817 3818 -1 3819 3820 3821 -1 3822 3823 3824 3825 -1 3826 3827 3828 -1 3829 3830 3831 3832 -1 3833 3834 3835 -1 3836 3837 3838 3839 -1 3840 3841 3842 -1 3843 3844 3845 3846 -1 3847 3848 3849 -1 3850 3851 3852 3853 -1 3854 3855 3856 -1 3857 3858 3859 3860 -1 3861 3862 3863 -1 3864 3865 3866 3867 -1 3868 3869 3870 -1 3871 3872 3873 3874 -1 3875 3876 3877 -1 3878 3879 3880 3881 -1 3882 3883 3884 -1 3885 3886 3887 3888 -1 3889 3890 3891 -1 3892 3893 3894 3895 -1 3896 3897 3898 -1 3899 3900 3901 3902 -1 3903 3904 3905 -1 3906 3907 3908 3909 -1 3910 3911 3912 -1 3913 3914 3915 3916 -1 3917 3918 3919 -1 3920 3921 3922 3923 -1 3924 3925 3926 -1 3927 3928 3929 3930 -1 3931 3932 3933 -1 3934 3935 3936 3937 -1 3938 3939 3940 -1 3941 3942 3943 3944 -1 3945 3946 3947 -1 3948 3949 3950 3951 -1 3952 3953 3954 -1 3955 3956 3957 3958 -1 3959 3960 3961 -1 3962 3963 3964 3965 -1 3966 3967 3968 -1 3969 3970 3971 3972 -1 3973 3974 3975 -1 3976 3977 3978 3979 -1 3980 3981 3982 -1 3983 3984 3985 3986 -1 3987 3988 3989 -1 3990 3991 3992 3993 -1 3994 3995 3996 -1 3997 3998 3999 4000 -1 4001 4002 4003 -1 4004 4005 4006 4007 -1 4008 4009 4010 -1 4011 4012 4013 4014 -1 4015 4016 4017 -1 4018 4019 4020 4021 -1 4022 4023 4024 -1 4025 4026 4027 4028 -1 4029 4030 4031 -1 4032 4033 4034 4035 -1 4036 4037 4038 -1 4039 4040 4041 4042 -1 4043 4044 4045 -1 4046 4047 4048 4049 -1 4050 4051 4052 -1 4053 4054 4055 4056 -1 4057 4058 4059 -1 4060 4061 4062 4063 -1 4064 4065 4066 -1 4067 4068 4069 4070 -1 4071 4072 4073 -1 4074 4075 4076 4077 -1 4078 4079 4080 -1 4081 4082 4083 4084 -1 4085 4086 4087 -1 4088 4089 4090 4091 -1 4092 4093 4094 -1 4095 4096 4097 4098 -1 4099 4100 4101 -1 4102 4103 4104 4105 -1 4106 4107 4108 -1 4109 4110 4111 4112 -1 4113 4114 4115 4116 -1 4117 4118 4119 4120 -1 4121 4122 4123 -1 4124 4125 4126 4127 -1 4128 4129 4130 4131 -1 4132 4133 4134 4135 -1 4136 4137 4138 -1 4139 4140 4141 4142 -1 4143 4144 4145 -1 4146 4147 4148 4149 -1 4150 4151 4152 -1 4153 4154 4155 4156 -1 4157 4158 4159 4160 -1 4161 4162 4163 4164 -1 4165 4166 4167 -1 4168 4169 4170 -1 4171 4172 4173 -1 4174 4175 4176 4177 -1 4178 4179 4180 4181 -1 4182 4183 4184 -1 4185 4186 4187 4188 -1 4189 4190 4191 -1 4192 4193 4194 4195 -1 4196 4197 4198 -1 4199 4200 4201 4202 -1 4203 4204 4205 -1 4206 4207 4208 4209 -1 4210 4211 4212 -1 4213 4214 4215 4216 -1 4217 4218 4219 -1 4220 4221 4222 4223 -1 4224 4225 4226 -1 4227 4228 4229 4230 -1 4231 4232 4233 -1 4234 4235 4236 4237 -1 4238 4239 4240 -1 4241 4242 4243 4244 -1 4245 4246 4247 -1 4248 4249 4250 4251 -1 4252 4253 4254 -1 4255 4256 4257 4258 -1 4259 4260 4261 -1 4262 4263 4264 4265 -1 4266 4267 4268 -1 4269 4270 4271 4272 -1 4273 4274 4275 -1 4276 4277 4278 4279 -1 4280 4281 4282 -1 4283 4284 4285 4286 -1 4287 4288 4289 -1 4290 4291 4292 4293 -1 4294 4295 4296 -1 4297 4298 4299 4300 -1 4301 4302 4303 -1 4304 4305 4306 4307 -1 4308 4309 4310 -1 4311 4312 4313 4314 -1 4315 4316 4317 -1 4318 4319 4320 4321 -1 4322 4323 4324 -1 4325 4326 4327 4328 -1 4329 4330 4331 -1 4332 4333 4334 4335 -1 4336 4337 4338 -1 4339 4340 4341 4342 -1 4343 4344 4345 -1 4346 4347 4348 4349 -1 4350 4351 4352 -1 4353 4354 4355 4356 -1 4357 4358 4359 -1 4360 4361 4362 4363 -1 4364 4365 4366 -1 4367 4368 4369 4370 -1 4371 4372 4373 -1 4374 4375 4376 4377 -1 4378 4379 4380 -1 4381 4382 4383 4384 -1 4385 4386 4387 -1 4388 4389 4390 4391 -1 4392 4393 4394 -1 4395 4396 4397 4398 -1 4399 4400 4401 -1 4402 4403 4404 4405 -1 4406 4407 4408 -1 4409 4410 4411 4412 -1 4413 4414 4415 -1 4416 4417 4418 4419 -1 4420 4421 4422 -1 4423 4424 4425 4426 -1 4427 4428 4429 -1 4430 4431 4432 4433 -1 4434 4435 4436 -1 4437 4438 4439 4440 -1 4441 4442 4443 -1 4444 4445 4446 4447 -1 4448 4449 4450 -1 4451 4452 4453 4454 -1 4455 4456 4457 -1 4458 4459 4460 4461 -1 4462 4463 4464 -1 4465 4466 4467 4468 -1 4469 4470 4471 -1 4472 4473 4474 4475 -1 4476 4477 4478 -1 4479 4480 4481 4482 -1 4483 4484 4485 -1 4486 4487 4488 4489 -1 4490 4491 4492 -1 4493 4494 4495 4496 -1 4497 4498 4499 -1 4500 4501 4502 4503 -1 4504 4505 4506 -1 4507 4508 4509 4510 -1 4511 4512 4513 -1 4514 4515 4516 4517 -1 4518 4519 4520 -1 4521 4522 4523 4524 -1 4525 4526 4527 -1 4528 4529 4530 4531 -1 4532 4533 4534 -1 4535 4536 4537 4538 -1 4539 4540 4541 -1 4542 4543 4544 4545 -1 4546 4547 4548 -1 4549 4550 4551 4552 -1 4553 4554 4555 -1 4556 4557 4558 4559 -1 4560 4561 4562 -1 4563 4564 4565 4566 -1 4567 4568 4569 -1 4570 4571 4572 4573 -1 4574 4575 4576 -1 4577 4578 4579 4580 -1 4581 4582 4583 -1 4584 4585 4586 4587 -1 4588 4589 4590 -1 4591 4592 4593 4594 -1 4595 4596 4597 -1 4598 4599 4600 4601 -1 4602 4603 4604 -1 4605 4606 4607 4608 -1 4609 4610 4611 -1 4612 4613 4614 4615 -1 4616 4617 4618 -1 4619 4620 4621 4622 -1 4623 4624 4625 -1 4626 4627 4628 4629 -1 4630 4631 4632 -1 4633 4634 4635 4636 -1 4637 4638 4639 -1 4640 4641 4642 4643 -1 4644 4645 4646 -1 4647 4648 4649 4650 -1 4651 4652 4653 -1 4654 4655 4656 4657 -1 4658 4659 4660 -1 4661 4662 4663 4664 -1 4665 4666 4667 -1 4668 4669 4670 4671 -1 4672 4673 4674 -1 4675 4676 4677 4678 -1 4679 4680 4681 -1 4682 4683 4684 4685 -1 4686 4687 4688 4689 -1 4690 4691 4692 4693 -1 4694 4695 4696 4697 -1 4698 4699 4700 -1 4701 4702 4703 4704 -1 4705 4706 4707 -1 4708 4709 4710 4711 -1 4712 4713 4714 -1 4715 4716 4717 4718 -1 4719 4720 4721 -1 4722 4723 4724 4725 -1 4726 4727 4728 -1 4729 4730 4731 4732 -1 4733 4734 4735 -1 4736 4737 4738 4739 -1 4740 4741 4742 -1 4743 4744 4745 4746 -1 4747 4748 4749 -1 4750 4751 4752 4753 -1 4754 4755 4756 -1 4757 4758 4759 4760 -1 4761 4762 4763 -1 4764 4765 4766 4767 -1 4768 4769 4770 -1 4771 4772 4773 4774 -1 4775 4776 4777 -1 4778 4779 4780 4781 -1 4782 4783 4784 -1 4785 4786 4787 4788 -1 4789 4790 4791 -1 4792 4793 4794 4795 -1 4796 4797 4798 -1 4799 4800 4801 4802 -1 4803 4804 4805 -1 4806 4807 4808 4809 -1 4810 4811 4812 -1 4813 4814 4815 4816 -1 4817 4818 4819 -1 4820 4821 4822 4823 -1 4824 4825 4826 -1 4827 4828 4829 4830 -1 4831 4832 4833 -1 4834 4835 4836 4837 -1 4838 4839 4840 -1 4841 4842 4843 4844 -1 4845 4846 4847 -1 4848 4849 4850 4851 -1 4852 4853 4854 -1 4855 4856 4857 4858 -1 4859 4860 4861 -1 4862 4863 4864 4865 -1 4866 4867 4868 -1 4869 4870 4871 4872 -1 4873 4874 4875 -1 4876 4877 4878 4879 -1 4880 4881 4882 -1 4883 4884 4885 4886 -1 4887 4888 4889 -1 4890 4891 4892 4893 -1 4894 4895 4896 -1 4897 4898 4899 4900 -1 4901 4902 4903 -1 4904 4905 4906 4907 -1 4908 4909 4910 -1 4911 4912 4913 4914 -1 4915 4916 4917 -1 4918 4919 4920 4921 -1 4922 4923 4924 -1 4925 4926 4927 4928 -1 4929 4930 4931 -1 4932 4933 4934 4935 -1 4936 4937 4938 -1 4939 4940 4941 4942 -1 4943 4944 4945 -1 4946 4947 4948 4949 -1 4950 4951 4952 4953 -1 4954 4955 4956 4957 -1 4958 4959 4960 -1 4961 4962 4963 4964 -1 4965 4966 4967 -1 4968 4969 4970 4971 -1 4972 4973 4974 -1 4975 4976 4977 4978 -1 4979 4980 4981 -1 4982 4983 4984 4985 -1 4986 4987 4988 -1 4989 4990 4991 4992 -1 4993 4994 4995 -1 4996 4997 4998 4999 -1 5000 5001 5002 -1 5003 5004 5005 5006 -1 5007 5008 5009 -1 5010 5011 5012 5013 -1 5014 5015 5016 -1 5017 5018 5019 5020 -1 5021 5022 5023 -1 5024 5025 5026 5027 -1 5028 5029 5030 -1 5031 5032 5033 5034 -1 5035 5036 5037 -1 5038 5039 5040 5041 -1 5042 5043 5044 -1 5045 5046 5047 5048 -1 5049 5050 5051 -1 5052 5053 5054 5055 -1 5056 5057 5058 -1 5059 5060 5061 5062 -1 5063 5064 5065 -1 5066 5067 5068 5069 -1 5070 5071 5072 -1 5073 5074 5075 5076 -1 5077 5078 5079 -1 5080 5081 5082 5083 -1 5084 5085 5086 -1 5087 5088 5089 5090 -1 5091 5092 5093 5094 -1 5095 5096 5097 5098 -1 5099 5100 5101 -1 5102 5103 5104 5105 -1 5106 5107 5108 -1 5109 5110 5111 5112 -1 5113 5114 5115 -1 5116 5117 5118 5119 -1 5120 5121 5122 -1 5123 5124 5125 5126 -1 5127 5128 5129 -1 5130 5131 5132 5133 -1 5134 5135 5136 -1 5137 5138 5139 5140 -1 5141 5142 5143 -1 5144 5145 5146 5147 -1 5148 5149 5150 -1 5151 5152 5153 5154 -1 5155 5156 5157 -1 5158 5159 5160 5161 -1 5162 5163 5164 -1 5165 5166 5167 5168 -1 5169 5170 5171 -1 5172 5173 5174 5175 -1 5176 5177 5178 -1 5179 5180 5181 5182 -1 5183 5184 5185 -1 5186 5187 5188 5189 -1 5190 5191 5192 -1 5193 5194 5195 5196 -1 5197 5198 5199 -1 5200 5201 5202 5203 -1 5204 5205 5206 -1 5207 5208 5209 5210 -1 5211 5212 5213 -1 5214 5215 5216 5217 -1 5218 5219 5220 -1 5221 5222 5223 5224 -1 5225 5226 5227 -1 5228 5229 5230 5231 -1 5232 5233 5234 5235 -1 5236 5237 5238 5239 -1 5240 5241 5242 -1 5243 5244 5245 5246 -1 5247 5248 5249 -1 5250 5251 5252 5253 -1 5254 5255 5256 -1 5257 5258 5259 5260 -1 5261 5262 5263 -1 5264 5265 5266 5267 -1 5268 5269 5270 -1 5271 5272 5273 5274 -1 5275 5276 5277 -1 5278 5279 5280 5281 -1 5282 5283 5284 -1 5285 5286 5287 5288 -1 5289 5290 5291 -1 5292 5293 5294 5295 -1 5296 5297 5298 -1 5299 5300 5301 5302 -1 5303 5304 5305 -1 5306 5307 5308 5309 -1 5310 5311 5312 -1 5313 5314 5315 5316 -1 5317 5318 5319 -1 5320 5321 5322 5323 -1 5324 5325 5326 -1 5327 5328 5329 5330 -1 5331 5332 5333 -1 5334 5335 5336 5337 -1 5338 5339 5340 -1 5341 5342 5343 5344 -1 5345 5346 5347 -1 5348 5349 5350 5351 -1 5352 5353 5354 -1 5355 5356 5357 5358 -1 5359 5360 5361 -1 5362 5363 5364 5365 -1 5366 5367 5368 -1 5369 5370 5371 5372 -1 5373 5374 5375 -1 5376 5377 5378 5379 -1 5380 5381 5382 -1 5383 5384 5385 5386 -1 5387 5388 5389 -1 5390 5391 5392 5393 -1 5394 5395 5396 -1 5397 5398 5399 5400 -1 5401 5402 5403 -1 5404 5405 5406 5407 -1 5408 5409 5410 -1 5411 5412 5413 5414 -1 5415 5416 5417 -1 5418 5419 5420 5421 -1 5422 5423 5424 -1 5425 5426 5427 5428 -1 5429 5430 5431 -1 5432 5433 5434 5435 -1 5436 5437 5438 -1 5439 5440 5441 5442 -1 5443 5444 5445 -1 5446 5447 5448 5449 -1 5450 5451 5452 -1 5453 5454 5455 5456 -1 5457 5458 5459 -1 5460 5461 5462 5463 -1 5464 5465 5466 -1 5467 5468 5469 5470 -1 5471 5472 5473 -1 5474 5475 5476 5477 -1 5478 5479 5480 -1 5481 5482 5483 5484 -1 5485 5486 5487 -1 5488 5489 5490 5491 -1 5492 5493 5494 -1 5495 5496 5497 5498 -1 5499 5500 5501 -1 5502 5503 5504 5505 -1 5506 5507 5508 5509 -1 5510 5511 5512 5513 -1 5514 5515 5516 -1 5517 5518 5519 5520 -1 5521 5522 5523 -1 5524 5525 5526 5527 -1 5528 5529 5530 -1 5531 5532 5533 5534 -1 5535 5536 5537 -1 5538 5539 5540 5541 -1 5542 5543 5544 -1 5545 5546 5547 5548 -1 5549 5550 5551 -1 5552 5553 5554 5555 -1 5556 5557 5558 -1 5559 5560 5561 5562 -1 5563 5564 5565 -1 5566 5567 5568 5569 -1 5570 5571 5572 -1 5573 5574 5575 5576 -1 5577 5578 5579 -1 5580 5581 5582 5583 -1 5584 5585 5586 -1 5587 5588 5589 5590 -1 5591 5592 5593 -1 5594 5595 5596 5597 -1 5598 5599 5600 -1 5601 5602 5603 5604 -1 5605 5606 5607 -1 5608 5609 5610 5611 -1 5612 5613 5614 -1 5615 5616 5617 5618 -1 5619 5620 5621 -1 5622 5623 5624 5625 -1 5626 5627 5628 -1 5629 5630 5631 5632 -1 5633 5634 5635 -1 5636 5637 5638 5639 -1 5640 5641 5642 -1 5643 5644 5645 5646 -1 5647 5648 5649 -1 5650 5651 5652 5653 -1 5654 5655 5656 -1 5657 5658 5659 5660 -1 5661 5662 5663 -1 5664 5665 5666 5667 -1 5668 5669 5670 -1 5671 5672 5673 5674 -1 5675 5676 5677 -1 5678 5679 5680 5681 -1 5682 5683 5684 -1 5685 5686 5687 5688 -1 5689 5690 5691 -1 5692 5693 5694 5695 -1 5696 5697 5698 -1 5699 5700 5701 5702 -1 5703 5704 5705 -1 5706 5707 5708 5709 -1 5710 5711 5712 -1 5713 5714 5715 5716 -1 5717 5718 5719 -1 5720 5721 5722 5723 -1 5724 5725 5726 -1 5727 5728 5729 5730 -1 5731 5732 5733 -1 5734 5735 5736 5737 -1 5738 5739 5740 -1 5741 5742 5743 5744 -1 5745 5746 5747 -1 5748 5749 5750 5751 -1 5752 5753 5754 -1 5755 5756 5757 5758 -1 5759 5760 5761 -1 5762 5763 5764 5765 -1 5766 5767 5768 -1 5769 5770 5771 5772 -1 5773 5774 5775 -1 5776 5777 5778 5779 -1 5780 5781 5782 -1 5783 5784 5785 5786 -1 5787 5788 5789 -1 5790 5791 5792 5793 -1 5794 5795 5796 -1 5797 5798 5799 5800 -1 5801 5802 5803 -1 5804 5805 5806 5807 -1 5808 5809 5810 -1 5811 5812 5813 5814 -1 5815 5816 5817 -1 5818 5819 5820 5821 -1 5822 5823 5824 -1 5825 5826 5827 5828 -1 5829 5830 5831 -1 5832 5833 5834 5835 -1 5836 5837 5838 -1 5839 5840 5841 5842 -1 5843 5844 5845 -1 5846 5847 5848 5849 -1 5850 5851 5852 -1 5853 5854 5855 5856 -1 5857 5858 5859 -1 5860 5861 5862 5863 -1 5864 5865 5866 -1 5867 5868 5869 5870 -1 5871 5872 5873 -1 5874 5875 5876 5877 -1 5878 5879 5880 -1 5881 5882 5883 5884 5885 -1 5886 5887 5888 -1 5889 5890 5891 5892 -1 5893 5894 5895 -1 5896 5897 5898 5899 -1 5900 5901 5902 -1 5903 5904 5905 5906 -1 5907 5908 5909 -1 5910 5911 5912 5913 -1 5914 5915 5916 -1 5917 5918 5919 5920 -1 5921 5922 5923 -1 5924 5925 5926 5927 -1 5928 5929 5930 -1 5931 5932 5933 5934 -1 5935 5936 5937 -1 5938 5939 5940 5941 -1 5942 5943 5944 -1 5945 5946 5947 5948 -1 5949 5950 5951 -1 5952 5953 5954 5955 -1 5956 5957 5958 -1 5959 5960 5961 5962 -1 5963 5964 5965 -1 5966 5967 5968 5969 -1 5970 5971 5972 -1 5973 5974 5975 5976 -1 5977 5978 5979 -1 5980 5981 5982 5983 -1 5984 5985 5986 -1 5987 5988 5989 5990 -1 5991 5992 5993 -1 5994 5995 5996 5997 -1 5998 5999 6000 -1 6001 6002 6003 6004 -1 6005 6006 6007 -1 6008 6009 6010 6011 -1 6012 6013 6014 -1 6015 6016 6017 6018 -1 6019 6020 6021 -1 6022 6023 6024 6025 -1 6026 6027 6028 -1 6029 6030 6031 6032 -1 6033 6034 6035 -1 6036 6037 6038 6039 -1 6040 6041 6042 -1 6043 6044 6045 6046 -1 6047 6048 6049 -1 6050 6051 6052 6053 -1 6054 6055 6056 -1 6057 6058 6059 6060 -1 6061 6062 6063 -1 6064 6065 6066 6067 -1 6068 6069 6070 -1 6071 6072 6073 6074 -1 6075 6076 6077 -1 6078 6079 6080 6081 -1 6082 6083 6084 -1 6085 6086 6087 6088 -1 6089 6090 6091 -1 6092 6093 6094 6095 -1 6096 6097 6098 -1 6099 6100 6101 6102 -1 6103 6104 6105 -1 6106 6107 6108 6109 -1 6110 6111 6112 -1 6113 6114 6115 6116 -1 6117 6118 6119 -1 6120 6121 6122 6123 -1 6124 6125 6126 -1 6127 6128 6129 6130 -1 6131 6132 6133 -1 6134 6135 6136 6137 -1 6138 6139 6140 -1 6141 6142 6143 6144 -1 6145 6146 6147 -1 6148 6149 6150 6151 -1 6152 6153 6154 -1 6155 6156 6157 6158 -1 6159 6160 6161 -1 6162 6163 6164 6165 -1 6166 6167 6168 -1 6169 6170 6171 6172 -1 6173 6174 6175 -1 6176 6177 6178 6179 -1 6180 6181 6182 -1 6183 6184 6185 6186 -1 6187 6188 6189 -1 6190 6191 6192 6193 -1 6194 6195 6196 -1 6197 6198 6199 6200 -1 6201 6202 6203 -1 6204 6205 6206 6207 -1 6208 6209 6210 -1 6211 6212 6213 6214 -1 6215 6216 6217 -1 6218 6219 6220 6221 -1 6222 6223 6224 -1 6225 6226 6227 6228 -1 6229 6230 6231 -1 6232 6233 6234 6235 -1 6236 6237 6238 -1 6239 6240 6241 6242 -1 6243 6244 6245 -1 6246 6247 6248 6249 -1 6250 6251 6252 -1 6253 6254 6255 6256 -1 6257 6258 6259 -1 6260 6261 6262 6263 -1 6264 6265 6266 -1 6267 6268 6269 6270 -1 6271 6272 6273 -1 6274 6275 6276 6277 -1 6278 6279 6280 -1 6281 6282 6283 6284 -1 6285 6286 6287 -1 6288 6289 6290 6291 -1 6292 6293 6294 -1 6295 6296 6297 6298 -1 6299 6300 6301 -1 6302 6303 6304 6305 -1 6306 6307 6308 -1 6309 6310 6311 6312 -1 6313 6314 6315 -1 6316 6317 6318 6319 -1 6320 6321 6322 -1 6323 6324 6325 6326 -1 6327 6328 6329 -1 6330 6331 6332 6333 -1 6334 6335 6336 -1 6337 6338 6339 6340 -1 6341 6342 6343 -1 6344 6345 6346 6347 -1 6348 6349 6350 -1 6351 6352 6353 6354 -1 6355 6356 6357 -1 6358 6359 6360 6361 -1 6362 6363 6364 -1 6365 6366 6367 6368 -1 6369 6370 6371 -1 6372 6373 6374 6375 -1 6376 6377 6378 -1 6379 6380 6381 6382 -1 6383 6384 6385 -1 6386 6387 6388 6389 -1 6390 6391 6392 -1 6393 6394 6395 6396 -1 6397 6398 6399 -1 6400 6401 6402 6403 -1 6404 6405 6406 -1 6407 6408 6409 6410 -1 6411 6412 6413 -1 6414 6415 6416 6417 -1 6418 6419 6420 -1 6421 6422 6423 6424 -1 6425 6426 6427 -1 6428 6429 6430 6431 -1 6432 6433 6434 -1 6435 6436 6437 6438 -1 6439 6440 6441 -1 6442 6443 6444 6445 -1 6446 6447 6448 -1 6449 6450 6451 6452 -1 6453 6454 6455 -1 6456 6457 6458 6459 -1 6460 6461 6462 -1 6463 6464 6465 6466 -1 6467 6468 6469 -1 6470 6471 6472 6473 -1 6474 6475 6476 -1 6477 6478 6479 6480 -1 6481 6482 6483 -1 6484 6485 6486 6487 -1 6488 6489 6490 -1 6491 6492 6493 6494 -1 6495 6496 6497 -1 6498 6499 6500 6501 -1 6502 6503 6504 -1 6505 6506 6507 6508 -1 6509 6510 6511 6512 -1 6513 6514 6515 6516 -1 6517 6518 6519 -1 6520 6521 6522 6523 -1 6524 6525 6526 -1 6527 6528 6529 6530 -1 6531 6532 6533 -1 6534 6535 6536 6537 -1 6538 6539 6540 -1 6541 6542 6543 6544 -1 6545 6546 6547 -1 6548 6549 6550 6551 -1 6552 6553 6554 -1 6555 6556 6557 6558 -1 6559 6560 6561 -1 6562 6563 6564 6565 -1 6566 6567 6568 -1 6569 6570 6571 6572 -1 6573 6574 6575 -1 6576 6577 6578 6579 -1 6580 6581 6582 -1 6583 6584 6585 6586 -1 6587 6588 6589 -1 6590 6591 6592 6593 -1 6594 6595 6596 -1 6597 6598 6599 6600 -1 6601 6602 6603 -1 6604 6605 6606 6607 -1 6608 6609 6610 -1 6611 6612 6613 6614 -1 6615 6616 6617 -1 6618 6619 6620 6621 -1 6622 6623 6624 -1 6625 6626 6627 6628 -1 6629 6630 6631 -1 6632 6633 6634 6635 -1 6636 6637 6638 -1 6639 6640 6641 6642 -1 6643 6644 6645 -1 6646 6647 6648 6649 -1 6650 6651 6652 -1 6653 6654 6655 6656 -1 6657 6658 6659 -1 6660 6661 6662 6663 -1 6664 6665 6666 -1 6667 6668 6669 6670 -1 6671 6672 6673 -1 6674 6675 6676 6677 -1 6678 6679 6680 -1 6681 6682 6683 6684 -1 6685 6686 6687 -1 6688 6689 6690 6691 -1 6692 6693 6694 -1 6695 6696 6697 6698 -1 6699 6700 6701 -1 6702 6703 6704 6705 -1 6706 6707 6708 -1 6709 6710 6711 -1 6712 6713 6714 -1 6715 6716 6717 -1 6718 6719 6720 -1 6721 6722 6723 -1 6724 6725 6726 -1 6727 6728 6729 -1 6730 6731 6732 -1 6733 6734 6735 -1 6736 6737 6738 -1 6739 6740 6741 -1 6742 6743 6744 -1 6745 6746 6747 -1 6748 6749 6750 -1 6751 6752 6753 -1 6754 6755 6756 -1 6757 6758 6759 -1 6760 6761 6762 -1 6763 6764 6765 -1 6766 6767 6768 -1 6769 6770 6771 -1 6772 6773 6774 -1 6775 6776 6777 -1 6778 6779 6780 -1 6781 6782 6783 -1 6784 6785 6786 -1 6787 6788 6789 -1 6790 6791 6792 -1 6793 6794 6795 -1 6796 6797 6798 -1 6799 6800 6801 -1 6802 6803 6804 -1 6805 6806 6807 -1 6808 6809 6810 -1 6811 6812 6813 -1 6814 6815 6816 -1 6817 6818 6819 -1 6820 6821 6822 -1 6823 6824 6825 -1 6826 6827 6828 -1 6829 6830 6831 -1 6832 6833 6834 -1 6835 6836 6837 -1 6838 6839 6840 -1 6841 6842 6843 -1 6844 6845 6846 -1 6847 6848 6849 -1 6850 6851 6852 -1 6853 6854 6855 -1 6856 6857 6858 -1 6859 6860 6861 -1 6862 6863 6864 -1 6865 6866 6867 -1 6868 6869 6870 -1 6871 6872 6873 -1 6874 6875 6876 -1 6877 6878 6879 -1 6880 6881 6882 -1 6883 6884 6885 -1 6886 6887 6888 -1 6889 6890 6891 -1 6892 6893 6894 -1 6895 6896 6897 -1 6898 6899 6900 -1 6901 6902 6903 -1 6904 6905 6906 -1 6907 6908 6909 -1 6910 6911 6912 -1 6913 6914 6915 -1 6916 6917 6918 -1 6919 6920 6921 -1 6922 6923 6924 -1 6925 6926 6927 -1 6928 6929 6930 -1 6931 6932 6933 -1 6934 6935 6936 -1 6937 6938 6939 -1 6940 6941 6942 -1 6943 6944 6945 -1 6946 6947 6948 -1 6949 6950 6951 -1 6952 6953 6954 6955 -1 6956 6957 6958 -1 6959 6960 6961 -1 6962 6963 6964 -1 6965 6966 6967 -1 6968 6969 6970 -1 6971 6972 6973 -1 6974 6975 6976 -1 6977 6978 6979 -1 6980 6981 6982 -1 6983 6984 6985 -1 6986 6987 6988 -1 6989 6990 6991 -1 6992 6993 6994 -1 6995 6996 6997 -1 6998 6999 7000 -1 7001 7002 7003 -1 7004 7005 7006 -1 7007 7008 7009 -1 7010 7011 7012 -1 7013 7014 7015 -1 7016 7017 7018 -1 7019 7020 7021 -1 7022 7023 7024 -1 7025 7026 7027 -1 7028 7029 7030 -1 7031 7032 7033 -1 7034 7035 7036 -1 7037 7038 7039 -1 7040 7041 7042 -1 7043 7044 7045 -1 7046 7047 7048 -1 7049 7050 7051 -1 7052 7053 7054 -1 7055 7056 7057 -1 7058 7059 7060 -1 7061 7062 7063 -1 7064 7065 7066 -1 7067 7068 7069 -1 7070 7071 7072 -1 7073 7074 7075 -1 7076 7077 7078 -1 7079 7080 7081 -1 7082 7083 7084 -1 7085 7086 7087 -1 7088 7089 7090 -1 7091 7092 7093 -1 7094 7095 7096 -1 7097 7098 7099 -1 7100 7101 7102 -1 7103 7104 7105 -1 7106 7107 7108 -1 7109 7110 7111 -1 7112 7113 7114 -1 7115 7116 7117 -1 7118 7119 7120 -1 7121 7122 7123 -1 7124 7125 7126 -1 7127 7128 7129 -1 7130 7131 7132 -1 7133 7134 7135 -1 7136 7137 7138 -1 7139 7140 7141 -1 7142 7143 7144 -1 7145 7146 7147 -1 7148 7149 7150 -1 7151 7152 7153 -1 7154 7155 7156 -1 7157 7158 7159 -1 7160 7161 7162 -1 7163 7164 7165 -1 7166 7167 7168 -1 7169 7170 7171 -1 7172 7173 7174 -1 7175 7176 7177 -1 7178 7179 7180 -1 7181 7182 7183 -1 7184 7185 7186 -1 7187 7188 7189 -1 7190 7191 7192 -1 7193 7194 7195 -1 7196 7197 7198 -1 7199 7200 7201 -1 7202 7203 7204 -1 7205 7206 7207 -1 7208 7209 7210 -1 7211 7212 7213 -1 7214 7215 7216 -1 7217 7218 7219 -1 7220 7221 7222 -1 7223 7224 7225 -1 7226 7227 7228 -1 7229 7230 7231 -1 7232 7233 7234 -1 7235 7236 7237 -1 7238 7239 7240 -1 7241 7242 7243 -1 7244 7245 7246 -1 7247 7248 7249 -1 7250 7251 7252 -1 7253 7254 7255 -1 7256 7257 7258 -1 7259 7260 7261 -1 7262 7263 7264 -1 7265 7266 7267 -1 7268 7269 7270 -1 7271 7272 7273 -1 7274 7275 7276 -1 7277 7278 7279 -1 7280 7281 7282 -1 7283 7284 7285 -1 7286 7287 7288 -1 7289 7290 7291 -1 7292 7293 7294 -1 7295 7296 7297 -1 7298 7299 7300 -1 7301 7302 7303 -1 7304 7305 7306 -1 7307 7308 7309 -1 7310 7311 7312 -1 7313 7314 7315 -1 7316 7317 7318 -1 7319 7320 7321 -1 7322 7323 7324 -1 7325 7326 7327 -1 7328 7329 7330 -1 7331 7332 7333 -1 7334 7335 7336 -1 7337 7338 7339 -1 7340 7341 7342 -1 7343 7344 7345 -1 7346 7347 7348 -1 7349 7350 7351 -1 7352 7353 7354 -1 7355 7356 7357 -1 7358 7359 7360 -1 7361 7362 7363 -1 7364 7365 7366 -1 7367 7368 7369 -1 7370 7371 7372 -1 7373 7374 7375 -1 7376 7377 7378 -1 7379 7380 7381 -1 7382 7383 7384 -1 7385 7386 7387 -1 7388 7389 7390 -1 7391 7392 7393 -1 7394 7395 7396 -1 7397 7398 7399 -1 7400 7401 7402 -1 7403 7404 7405 -1 7406 7407 7408 -1 7409 7410 7411 -1 7412 7413 7414 -1 7415 7416 7417 -1 7418 7419 7420 -1 7421 7422 7423 -1 7424 7425 7426 -1 7427 7428 7429 -1 7430 7431 7432 -1 7433 7434 7435 -1 7436 7437 7438 -1 7439 7440 7441 -1 7442 7443 7444 -1 7445 7446 7447 -1 7448 7449 7450 -1 7451 7452 7453 -1 7454 7455 7456 -1 7457 7458 7459 -1 7460 7461 7462 -1 7463 7464 7465 -1 7466 7467 7468 -1 7469 7470 7471 -1 7472 7473 7474 -1 7475 7476 7477 -1 7478 7479 7480 -1 7481 7482 7483 -1 7484 7485 7486 -1 7487 7488 7489 -1 7490 7491 7492 -1 7493 7494 7495 -1 7496 7497 7498 -1 7499 7500 7501 -1 7502 7503 7504 -1 7505 7506 7507 -1 7508 7509 7510 -1 7511 7512 7513 -1 7514 7515 7516 -1 7517 7518 7519 -1 7520 7521 7522 -1 7523 7524 7525 -1 7526 7527 7528 -1 7529 7530 7531 -1 7532 7533 7534 -1 7535 7536 7537 -1 7538 7539 7540 -1 7541 7542 7543 -1 7544 7545 7546 -1 7547 7548 7549 -1 7550 7551 7552 -1 7553 7554 7555 -1 7556 7557 7558 -1 7559 7560 7561 -1 7562 7563 7564 -1 7565 7566 7567 -1 7568 7569 7570 -1 7571 7572 7573 -1 7574 7575 7576 -1 7577 7578 7579 -1 7580 7581 7582 -1 7583 7584 7585 -1 7586 7587 7588 -1 7589 7590 7591 -1 7592 7593 7594 -1 7595 7596 7597 7598 -1 7599 7600 7601 -1 7602 7603 7604 -1 7605 7606 7607 -1 7608 7609 7610 -1 7611 7612 7613 -1 7614 7615 7616 -1 7617 7618 7619 -1 7620 7621 7622 -1 7623 7624 7625 -1 7626 7627 7628 -1 7629 7630 7631 -1 7632 7633 7634 -1 7635 7636 7637 -1 7638 7639 7640 -1 7641 7642 7643 -1 7644 7645 7646 -1 7647 7648 7649 -1 7650 7651 7652 -1 7653 7654 7655 -1 7656 7657 7658 -1 7659 7660 7661 -1 7662 7663 7664 -1 7665 7666 7667 -1 7668 7669 7670 -1 7671 7672 7673 -1 7674 7675 7676 -1 7677 7678 7679 -1 7680 7681 7682 -1 7683 7684 7685 -1 7686 7687 7688 -1 7689 7690 7691 -1 7692 7693 7694 -1 7695 7696 7697 -1 7698 7699 7700 -1 7701 7702 7703 -1 7704 7705 7706 -1 7707 7708 7709 -1 7710 7711 7712 -1 7713 7714 7715 -1 7716 7717 7718 -1 7719 7720 7721 -1 7722 7723 7724 -1 7725 7726 7727 -1 7728 7729 7730 -1 7731 7732 7733 -1 7734 7735 7736 -1 7737 7738 7739 -1 7740 7741 7742 -1 7743 7744 7745 -1 7746 7747 7748 -1 7749 7750 7751 -1 7752 7753 7754 -1 7755 7756 7757 -1 7758 7759 7760 -1 7761 7762 7763 -1 7764 7765 7766 -1 7767 7768 7769 -1 7770 7771 7772 -1 7773 7774 7775 -1 7776 7777 7778 -1 7779 7780 7781 -1 7782 7783 7784 -1 7785 7786 7787 -1 7788 7789 7790 -1 7791 7792 7793 -1 7794 7795 7796 -1 7797 7798 7799 -1 7800 7801 7802 -1 7803 7804 7805 -1 7806 7807 7808 -1 7809 7810 7811 -1 7812 7813 7814 -1 7815 7816 7817 -1 7818 7819 7820 -1 7821 7822 7823 -1 7824 7825 7826 -1 7827 7828 7829 -1 7830 7831 7832 -1 7833 7834 7835 -1 7836 7837 7838 -1 7839 7840 7841 -1 7842 7843 7844 -1 7845 7846 7847 -1 7848 7849 7850 -1 7851 7852 7853 -1 7854 7855 7856 -1 7857 7858 7859 -1 7860 7861 7862 -1 7863 7864 7865 -1 7866 7867 7868 -1 7869 7870 7871 -1 7872 7873 7874 -1 7875 7876 7877 -1 7878 7879 7880 -1 7881 7882 7883 -1 7884 7885 7886 -1 7887 7888 7889 -1 7890 7891 7892 -1 7893 7894 7895 -1 7896 7897 7898 -1 7899 7900 7901 -1 7902 7903 7904 -1 7905 7906 7907 -1 7908 7909 7910 -1 7911 7912 7913 -1 7914 7915 7916 -1 7917 7918 7919 -1 7920 7921 7922 -1 7923 7924 7925 -1 7926 7927 7928 7929 7930 -1 7931 7932 7933 -1 7934 7935 7936 -1 7937 7938 7939 -1 7940 7941 7942 -1 7943 7944 7945 -1 7946 7947 7948 -1 7949 7950 7951 -1 7952 7953 7954 -1 7955 7956 7957 -1 7958 7959 7960 -1 7961 7962 7963 -1 7964 7965 7966 -1 7967 7968 7969 -1 7970 7971 7972 -1 7973 7974 7975 -1 7976 7977 7978 -1 7979 7980 7981 -1 7982 7983 7984 -1 7985 7986 7987 -1 7988 7989 7990 -1 7991 7992 7993 -1 7994 7995 7996 -1 7997 7998 7999 -1 8000 8001 8002 -1 8003 8004 8005 -1 8006 8007 8008 -1 8009 8010 8011 -1 8012 8013 8014 -1 8015 8016 8017 -1 8018 8019 8020 -1 8021 8022 8023 -1 8024 8025 8026 -1 8027 8028 8029 -1 8030 8031 8032 8033 -1 8034 8035 8036 -1 8037 8038 8039 8040 -1 8041 8042 8043 -1 8044 8045 8046 8047 -1 8048 8049 8050 -1 8051 8052 8053 8054 -1 8055 8056 8057 -1 8058 8059 8060 8061 -1 8062 8063 8064 -1 8065 8066 8067 8068 -1 8069 8070 8071 -1 8072 8073 8074 8075 -1 8076 8077 8078 -1 8079 8080 8081 8082 -1 8083 8084 8085 -1 8086 8087 8088 8089 -1 8090 8091 8092 -1 8093 8094 8095 8096 -1 8097 8098 8099 -1 8100 8101 8102 8103 -1 8104 8105 8106 -1 8107 8108 8109 8110 -1 8111 8112 8113 -1 8114 8115 8116 8117 -1 8118 8119 8120 -1 8121 8122 8123 8124 -1 8125 8126 8127 -1 8128 8129 8130 8131 -1 8132 8133 8134 -1 8135 8136 8137 8138 -1 8139 8140 8141 -1 8142 8143 8144 8145 -1 8146 8147 8148 -1 8149 8150 8151 8152 -1 8153 8154 8155 -1 8156 8157 8158 8159 -1 8160 8161 8162 -1 8163 8164 8165 8166 -1 8167 8168 8169 -1 8170 8171 8172 8173 -1 8174 8175 8176 -1 8177 8178 8179 8180 -1 8181 8182 8183 -1 8184 8185 8186 8187 -1 8188 8189 8190 -1 8191 8192 8193 8194 -1 8195 8196 8197 -1 8198 8199 8200 8201 -1 8202 8203 8204 -1 8205 8206 8207 8208 -1 8209 8210 8211 -1 8212 8213 8214 8215 -1 8216 8217 8218 -1 8219 8220 8221 8222 -1 8223 8224 8225 -1 8226 8227 8228 8229 -1 8230 8231 8232 -1 8233 8234 8235 8236 -1 8237 8238 8239 -1 8240 8241 8242 8243 -1 8244 8245 8246 -1 8247 8248 8249 8250 -1 8251 8252 8253 -1 8254 8255 8256 8257 -1 8258 8259 8260 -1 8261 8262 8263 8264 -1 8265 8266 8267 -1 8268 8269 8270 8271 -1 8272 8273 8274 -1 8275 8276 8277 8278 -1 8279 8280 8281 -1 8282 8283 8284 8285 -1 8286 8287 8288 -1 8289 8290 8291 8292 -1 8293 8294 8295 -1 8296 8297 8298 8299 -1 8300 8301 8302 -1 8303 8304 8305 8306 -1 8307 8308 8309 -1 8310 8311 8312 8313 -1 8314 8315 8316 -1 8317 8318 8319 8320 -1 8321 8322 8323 -1 8324 8325 8326 8327 -1 8328 8329 8330 -1 8331 8332 8333 8334 -1 8335 8336 8337 -1 8338 8339 8340 8341 -1 8342 8343 8344 -1 8345 8346 8347 8348 -1 8349 8350 8351 -1 8352 8353 8354 8355 -1 8356 8357 8358 -1 8359 8360 8361 8362 -1 8363 8364 8365 -1 8366 8367 8368 8369 -1 8370 8371 8372 -1 8373 8374 8375 8376 -1 8377 8378 8379 -1 8380 8381 8382 8383 -1 8384 8385 8386 -1 8387 8388 8389 8390 8391 -1 8392 8393 8394 -1 8395 8396 8397 8398 -1 8399 8400 8401 -1 8402 8403 8404 8405 -1 8406 8407 8408 -1 8409 8410 8411 8412 -1 8413 8414 8415 -1 8416 8417 8418 8419 -1 8420 8421 8422 -1 8423 8424 8425 8426 -1 8427 8428 8429 -1 8430 8431 8432 8433 -1 8434 8435 8436 -1 8437 8438 8439 8440 -1 8441 8442 8443 -1 8444 8445 8446 8447 -1 8448 8449 8450 -1 8451 8452 8453 8454 -1 8455 8456 8457 -1 8458 8459 8460 8461 -1 8462 8463 8464 -1 8465 8466 8467 8468 -1 8469 8470 8471 -1 8472 8473 8474 8475 -1 8476 8477 8478 -1 8479 8480 8481 8482 -1 8483 8484 8485 -1 8486 8487 8488 8489 -1 8490 8491 8492 -1 8493 8494 8495 8496 -1 8497 8498 8499 -1 8500 8501 8502 8503 -1 8504 8505 8506 -1 8507 8508 8509 8510 -1 8511 8512 8513 -1 8514 8515 8516 8517 -1 8518 8519 8520 -1 8521 8522 8523 8524 -1 8525 8526 8527 -1 8528 8529 8530 8531 -1 8532 8533 8534 -1 8535 8536 8537 8538 -1 8539 8540 8541 -1 8542 8543 8544 8545 -1 8546 8547 8548 -1 8549 8550 8551 8552 -1 8553 8554 8555 -1 8556 8557 8558 8559 -1 8560 8561 8562 -1 8563 8564 8565 8566 -1 8567 8568 8569 -1 8570 8571 8572 8573 -1 8574 8575 8576 -1 8577 8578 8579 8580 -1 8581 8582 8583 -1 8584 8585 8586 8587 -1 8588 8589 8590 -1 8591 8592 8593 8594 -1 8595 8596 8597 -1 8598 8599 8600 8601 -1 8602 8603 8604 -1 8605 8606 8607 8608 -1 8609 8610 8611 -1 8612 8613 8614 8615 -1 8616 8617 8618 -1 8619 8620 8621 8622 -1 8623 8624 8625 -1 8626 8627 8628 8629 -1 8630 8631 8632 -1 8633 8634 8635 8636 -1 8637 8638 8639 -1 8640 8641 8642 8643 -1 8644 8645 8646 -1 8647 8648 8649 8650 -1 8651 8652 8653 -1 8654 8655 8656 8657 -1 8658 8659 8660 -1 8661 8662 8663 8664 -1 8665 8666 8667 -1 8668 8669 8670 8671 -1 8672 8673 8674 -1 8675 8676 8677 8678 -1 8679 8680 8681 -1 8682 8683 8684 8685 -1 8686 8687 8688 -1 8689 8690 8691 8692 -1 8693 8694 8695 -1 8696 8697 8698 8699 -1 8700 8701 8702 -1 8703 8704 8705 8706 -1 8707 8708 8709 -1 8710 8711 8712 8713 -1 8714 8715 8716 -1 8717 8718 8719 8720 -1 8721 8722 8723 -1 8724 8725 8726 8727 -1 8728 8729 8730 -1 8731 8732 8733 8734 -1 8735 8736 8737 -1 8738 8739 8740 8741 -1 8742 8743 8744 -1 8745 8746 8747 8748 -1 8749 8750 8751 -1 8752 8753 8754 8755 -1 8756 8757 8758 -1 8759 8760 8761 8762 -1 8763 8764 8765 -1 8766 8767 8768 8769 -1 8770 8771 8772 -1 8773 8774 8775 8776 -1 8777 8778 8779 -1 8780 8781 8782 8783 -1 8784 8785 8786 -1 8787 8788 8789 8790 -1 8791 8792 8793 -1 8794 8795 8796 8797 -1 8798 8799 8800 -1 8801 8802 8803 8804 -1 8805 8806 8807 -1 8808 8809 8810 8811 -1 8812 8813 8814 -1 8815 8816 8817 8818 -1 8819 8820 8821 -1 8822 8823 8824 8825 -1 8826 8827 8828 -1 8829 8830 8831 8832 -1 8833 8834 8835 -1 8836 8837 8838 8839 -1 8840 8841 8842 -1 8843 8844 8845 8846 -1 8847 8848 8849 -1 8850 8851 8852 8853 -1 8854 8855 8856 -1 8857 8858 8859 8860 -1 8861 8862 8863 -1 8864 8865 8866 8867 -1 8868 8869 8870 -1 8871 8872 8873 8874 -1 8875 8876 8877 -1 8878 8879 8880 8881 8882 -1 8883 8884 8885 -1 8886 8887 8888 8889 -1 8890 8891 8892 -1 8893 8894 8895 8896 -1 8897 8898 8899 -1 8900 8901 8902 8903 -1 8904 8905 8906 -1 8907 8908 8909 8910 -1 8911 8912 8913 -1 8914 8915 8916 8917 -1 8918 8919 8920 -1 8921 8922 8923 8924 -1 8925 8926 8927 -1 8928 8929 8930 8931 -1 8932 8933 8934 -1 8935 8936 8937 8938 -1 8939 8940 8941 -1 8942 8943 8944 8945 -1 8946 8947 8948 -1 8949 8950 8951 8952 -1 8953 8954 8955 -1 8956 8957 8958 8959 -1 8960 8961 8962 -1 8963 8964 8965 8966 -1 8967 8968 8969 -1 8970 8971 8972 8973 -1 8974 8975 8976 -1 8977 8978 8979 8980 -1 8981 8982 8983 -1 8984 8985 8986 8987 -1 8988 8989 8990 -1 8991 8992 8993 8994 -1 8995 8996 8997 -1 8998 8999 9000 9001 -1 9002 9003 9004 -1 9005 9006 9007 9008 -1 9009 9010 9011 -1 9012 9013 9014 9015 -1 9016 9017 9018 -1 9019 9020 9021 9022 -1 9023 9024 9025 -1 9026 9027 9028 9029 -1 9030 9031 9032 -1 9033 9034 9035 9036 -1 9037 9038 9039 -1 9040 9041 9042 9043 9044 -1 9045 9046 9047 -1 9048 9049 9050 9051 -1 9052 9053 9054 -1 9055 9056 9057 -1 9058 9059 9060 -1 9061 9062 9063 -1 9064 9065 9066 -1 9067 9068 9069 -1 9070 9071 9072 -1 9073 9074 9075 -1 9076 9077 9078 -1 9079 9080 9081 -1 9082 9083 9084 -1 9085 9086 9087 -1 9088 9089 9090 -1 9091 9092 9093 -1 9094 9095 9096 -1 9097 9098 9099 -1 9100 9101 9102 -1 9103 9104 9105 -1 9106 9107 9108 -1 9109 9110 9111 -1 9112 9113 9114 -1 9115 9116 9117 -1 9118 9119 9120 -1 9121 9122 9123 -1 9124 9125 9126 -1 9127 9128 9129 -1 9130 9131 9132 -1 9133 9134 9135 -1 9136 9137 9138 -1 9139 9140 9141 -1 9142 9143 9144 -1 9145 9146 9147 -1 9148 9149 9150 -1 9151 9152 9153 -1 9154 9155 9156 -1 9157 9158 9159 -1 9160 9161 9162 -1 9163 9164 9165 -1 9166 9167 9168 -1 9169 9170 9171 -1 9172 9173 9174 -1 9175 9176 9177 -1 9178 9179 9180 -1 9181 9182 9183 -1 9184 9185 9186 -1 9187 9188 9189 -1 9190 9191 9192 -1 9193 9194 9195 -1 9196 9197 9198 -1 9199 9200 9201 -1 9202 9203 9204 -1 9205 9206 9207 -1 9208 9209 9210 -1 9211 9212 9213 -1 9214 9215 9216 -1 9217 9218 9219 -1 9220 9221 9222 -1 9223 9224 9225 -1 9226 9227 9228 -1 9229 9230 9231 -1 9232 9233 9234 -1 9235 9236 9237 -1 9238 9239 9240 -1 9241 9242 9243 -1 9244 9245 9246 -1 9247 9248 9249 -1 9250 9251 9252 -1 9253 9254 9255 -1 9256 9257 9258 -1 9259 9260 9261 -1 9262 9263 9264 -1 9265 9266 9267 -1 9268 9269 9270 -1 9271 9272 9273 -1 9274 9275 9276 -1 9277 9278 9279 -1 9280 9281 9282 -1 9283 9284 9285 -1 9286 9287 9288 -1 9289 9290 9291 -1 9292 9293 9294 -1 9295 9296 9297 -1 9298 9299 9300 -1 9301 9302 9303 -1 9304 9305 9306 -1 9307 9308 9309 -1 9310 9311 9312 -1 9313 9314 9315 -1 9316 9317 9318 -1 9319 9320 9321 -1 9322 9323 9324 -1 9325 9326 9327 -1 9328 9329 9330 -1 9331 9332 9333 -1 9334 9335 9336 -1 9337 9338 9339 -1 9340 9341 9342 -1 9343 9344 9345 -1 9346 9347 9348 -1 9349 9350 9351 -1 9352 9353 9354 -1 9355 9356 9357 -1 9358 9359 9360 -1 9361 9362 9363 -1 9364 9365 9366 -1 9367 9368 9369 -1 9370 9371 9372 -1 9373 9374 9375 -1 9376 9377 9378 -1 9379 9380 9381 -1 9382 9383 9384 -1 9385 9386 9387 -1 9388 9389 9390 -1 9391 9392 9393 -1 9394 9395 9396 -1 9397 9398 9399 -1 9400 9401 9402 -1 9403 9404 9405 -1 9406 9407 9408 -1 9409 9410 9411 -1 9412 9413 9414 -1 9415 9416 9417 -1 9418 9419 9420 -1 9421 9422 9423 -1 9424 9425 9426 -1 9427 9428 9429 -1 9430 9431 9432 -1 9433 9434 9435 -1 9436 9437 9438 -1 9439 9440 9441 -1 9442 9443 9444 -1 9445 9446 9447 -1 9448 9449 9450 -1 9451 9452 9453 -1 9454 9455 9456 -1 9457 9458 9459 -1 9460 9461 9462 -1 9463 9464 9465 -1 9466 9467 9468 -1 9469 9470 9471 -1 9472 9473 9474 -1 9475 9476 9477 -1 9478 9479 9480 -1 9481 9482 9483 -1 9484 9485 9486 9487 -1 9488 9489 9490 -1 9491 9492 9493 -1 9494 9495 9496 -1 9497 9498 9499 -1 "
						                coordIndex="987 988 499 -1 988 989 512 499 -1 3015 1 3048 -1 3016 3 1 3015 -1 3017 3 3016 -1 3027 5 3 3017 -1 3018 5 3027 -1 3019 6 5 3018 -1 3020 6 3019 -1 3026 8 6 3020 -1 3023 8 3026 -1 3021 10 8 3023 -1 3022 10 3021 -1 3024 11 10 3022 -1 3025 11 3024 -1 3191 14 11 3025 -1 3192 14 3191 -1 3193 18 14 3192 -1 3194 18 3193 -1 3195 20 18 3194 -1 3196 20 3195 -1 3197 24 20 3196 -1 3198 24 3197 -1 3199 26 24 3198 -1 3200 26 3199 -1 3201 28 26 3200 -1 3202 28 3201 -1 3066 32 28 3202 -1 3065 32 3066 -1 3070 35 32 3065 -1 3071 35 3070 -1 3072 38 35 3071 -1 3072 3073 38 -1 3073 3074 40 38 -1 3074 3075 40 -1 3075 3076 44 40 -1 3076 3077 44 -1 3077 3078 47 44 -1 3078 2982 47 -1 2982 2980 49 47 -1 2980 2981 49 -1 2981 3205 52 49 -1 3205 2918 52 -1 56 52 2918 2132 2130 -1 2130 2131 56 -1 2131 2135 59 56 -1 2135 2136 59 -1 2136 2165 61 59 -1 2165 2118 61 -1 2118 2116 65 61 -1 2911 2910 69 -1 2910 2909 71 69 -1 2909 2908 71 -1 2908 2907 74 71 -1 2907 2906 74 -1 2906 2905 77 74 -1 2905 2904 77 -1 2904 2903 79 77 -1 2903 2902 79 -1 2902 2901 83 79 -1 2901 2900 83 -1 2900 2898 85 83 -1 2898 2897 85 -1 2897 3064 89 85 -1 3064 3063 89 -1 3063 3062 91 89 -1 3062 3061 91 -1 3061 3014 94 91 -1 3014 3013 94 -1 3013 3011 97 94 -1 3011 3009 97 -1 3009 3008 100 97 -1 3008 2985 100 -1 2985 2983 103 100 -1 2984 103 2983 -1 2989 107 103 2984 -1 2988 107 2989 -1 2986 110 107 2988 -1 2987 110 2986 -1 3004 112 110 2987 -1 2990 112 3004 -1 2991 115 112 2990 -1 2992 115 2991 -1 2998 118 115 2992 -1 2996 118 2998 -1 2997 120 118 2996 -1 2993 120 2997 -1 2994 124 120 2993 -1 2995 124 2994 -1 3001 127 124 2995 -1 3002 127 3001 -1 3006 130 127 3002 -1 3007 130 3006 -1 3010 133 130 3007 -1 3012 133 3010 -1 3045 135 133 3012 -1 3046 135 3045 -1 3048 1 135 3046 -1 2116 2117 65 -1 2117 2122 138 65 -1 2122 2113 138 -1 2113 2114 141 138 -1 2114 2115 141 -1 2115 2119 144 141 -1 2119 2109 144 -1 2109 2110 147 144 -1 2110 2111 147 -1 2111 2112 151 147 -1 2112 2106 151 -1 2106 2107 153 151 -1 2107 2108 153 -1 156 153 2108 2104 2887 -1 2887 2884 156 -1 2884 2885 160 156 -1 2885 2883 160 -1 2883 2920 163 160 -1 2920 2919 163 -1 2919 2916 165 163 -1 2916 2917 165 -1 2917 2941 168 165 -1 2941 2940 168 -1 2940 2939 172 168 -1 2939 2938 172 -1 2938 2937 175 172 -1 2937 2936 175 -1 2936 2915 178 175 -1 2915 2914 178 -1 2914 2913 181 178 -1 2913 2912 181 -1 2912 2911 69 181 -1 3003 2893 185 -1 2893 2880 186 185 -1 3170 3169 190 -1 3169 3168 193 190 -1 3168 3167 193 -1 3167 3166 195 193 -1 3166 3165 195 -1 3165 3164 198 195 -1 3164 3080 198 -1 3080 3079 201 198 -1 3079 3081 201 -1 3081 3100 204 201 -1 3100 3099 204 -1 3099 3163 207 204 -1 3163 3098 207 -1 3098 3094 211 207 -1 3094 3093 211 -1 3093 3091 213 211 -1 3091 3090 213 -1 3090 3087 216 213 -1 3087 3086 216 -1 3086 3082 220 216 -1 3082 3083 220 -1 3083 3055 222 220 -1 3055 3054 222 -1 3054 3053 226 222 -1 3053 3052 226 -1 3052 3051 228 226 -1 3051 3050 228 -1 3050 3049 232 228 -1 3049 3047 232 -1 3047 3044 234 232 -1 3044 3043 234 -1 3043 3060 238 234 -1 3060 3059 238 -1 3059 3058 240 238 -1 3058 3057 240 -1 3057 3037 243 240 -1 3037 3036 243 -1 3036 3034 247 243 -1 3034 3033 247 -1 3033 3032 250 247 -1 3032 3028 250 -1 3028 3029 253 250 -1 3029 3042 253 -1 3042 3041 256 253 -1 3041 3040 256 -1 3040 3039 259 256 -1 3039 3000 259 -1 3000 2999 262 259 -1 2999 3005 262 -1 3005 3003 185 262 -1 2123 265 2105 -1 2124 266 265 2123 -1 2125 266 2124 -1 2126 269 266 2125 -1 2127 269 2126 -1 2128 273 269 2127 -1 2129 273 2128 -1 2120 276 273 2129 -1 2121 276 2120 -1 2166 279 276 2121 -1 2167 279 2166 -1 2137 281 279 2167 -1 2134 281 2137 -1 2133 284 281 2134 -1 2146 284 2133 -1 2145 287 284 2146 -1 2144 287 2145 -1 2143 290 287 2144 -1 2142 290 2143 -1 2141 293 290 2142 -1 2140 293 2141 -1 2139 297 293 2140 -1 2138 297 2139 -1 2164 300 297 2138 -1 2163 300 2164 -1 2162 303 300 2163 -1 2161 303 2162 -1 2160 306 303 2161 -1 2149 306 2160 -1 2148 309 306 2149 -1 2147 309 2148 -1 2159 311 309 2147 -1 2154 311 2159 -1 2153 315 311 2154 -1 2151 315 2153 -1 2150 318 315 2151 -1 2152 318 2150 -1 2158 321 318 2152 -1 2157 321 2158 -1 2155 324 321 2157 -1 3069 324 2155 2156 -1 3069 3068 325 324 -1 3068 3067 325 -1 3067 3190 329 325 -1 3190 3189 329 -1 3189 3188 332 329 -1 3188 3187 332 -1 3187 3186 335 332 -1 3186 3185 335 -1 3185 3184 337 335 -1 3184 3183 337 -1 3183 3182 340 337 -1 3182 3181 340 -1 3181 3180 343 340 -1 3180 3179 343 -1 3179 3178 345 343 -1 3178 3177 345 -1 3177 3176 349 345 -1 3176 3175 349 -1 3175 3174 352 349 -1 3174 3173 352 -1 3173 3172 354 352 -1 3172 3171 354 -1 3171 3170 190 354 -1 2098 358 2099 -1 2105 265 358 2098 -1 2935 360 2899 -1 2099 358 360 2935 2100 -1 2896 186 2880 -1 2899 360 186 2896 -1 65 138 273 -1 276 65 273 -1 61 65 276 -1 279 61 276 -1 281 61 279 -1 273 138 141 -1 269 273 141 -1 144 269 141 -1 266 269 144 -1 147 266 144 -1 265 266 147 -1 151 265 147 -1 153 265 151 -1 265 153 156 -1 358 265 156 -1 160 358 156 -1 163 358 160 -1 360 358 163 -1 165 360 163 -1 168 360 165 -1 360 168 172 -1 175 360 172 -1 178 360 175 -1 360 178 181 -1 69 360 181 -1 71 360 69 -1 360 71 74 -1 77 360 74 -1 79 360 77 -1 360 79 83 -1 85 360 83 -1 89 360 85 -1 360 89 91 -1 94 360 91 -1 97 360 94 -1 360 97 100 -1 185 360 100 -1 186 360 185 -1 185 100 103 -1 107 185 103 -1 110 185 107 -1 185 110 112 -1 262 185 112 -1 115 262 112 -1 259 262 115 -1 118 259 115 -1 256 259 118 -1 120 256 118 -1 253 256 120 -1 124 253 120 -1 250 253 124 -1 127 250 124 -1 247 250 127 -1 130 247 127 -1 243 247 130 -1 133 243 130 -1 240 243 133 -1 238 240 133 -1 135 238 133 -1 234 238 135 -1 1 234 135 -1 232 234 1 -1 228 232 1 -1 3 228 1 -1 226 228 3 -1 222 226 3 -1 5 222 3 -1 220 222 5 -1 216 220 5 -1 6 216 5 -1 213 216 6 -1 211 213 6 -1 8 211 6 -1 207 211 8 -1 204 207 8 -1 10 204 8 -1 201 204 10 -1 11 201 10 -1 198 201 11 -1 195 198 11 -1 14 195 11 -1 193 195 14 -1 18 193 14 -1 190 193 18 -1 20 190 18 -1 354 190 20 -1 352 354 20 -1 24 352 20 -1 349 352 24 -1 345 349 24 -1 26 345 24 -1 343 345 26 -1 340 343 26 -1 28 340 26 -1 337 340 28 -1 335 337 28 -1 332 335 28 -1 32 332 28 -1 329 332 32 -1 325 329 32 -1 324 325 32 -1 321 324 32 -1 35 321 32 -1 318 321 35 -1 315 318 35 -1 311 315 35 -1 38 311 35 -1 40 311 38 -1 311 40 44 -1 47 311 44 -1 49 311 47 -1 311 49 52 -1 56 311 52 -1 59 311 56 -1 311 59 61 -1 309 311 61 -1 306 309 61 -1 303 306 61 -1 300 303 61 -1 297 300 61 -1 293 297 61 -1 290 293 61 -1 287 290 61 -1 284 287 61 -1 281 284 61 -1 2874 2849 365 -1 2849 2848 366 365 -1 2848 2965 366 -1 2965 2964 370 366 -1 2964 2963 370 -1 2963 2962 373 370 -1 2962 2834 373 -1 2834 2842 375 373 -1 2842 2798 375 -1 2798 2797 378 375 -1 2797 2796 378 -1 2796 2795 381 378 -1 2795 2794 381 -1 2794 2793 385 381 -1 2793 2792 385 -1 2792 2791 387 385 -1 2791 2790 387 -1 2790 2789 390 387 -1 2789 2788 390 -1 2788 2787 393 390 -1 2787 2786 393 -1 2786 2760 396 393 -1 2760 2759 399 396 -1 2851 403 2934 -1 2850 405 403 2851 -1 2844 405 2850 -1 2843 408 405 2844 -1 2845 408 2843 -1 2879 410 408 2845 -1 2879 2854 410 -1 2854 2853 413 410 -1 2853 2852 413 -1 2852 2859 416 413 -1 2859 2858 416 -1 2858 2871 419 416 -1 2871 2869 419 -1 2869 2868 422 419 -1 2868 2865 422 -1 2865 2864 424 422 -1 2864 2863 424 -1 2863 2933 428 424 -1 2933 2861 428 -1 2861 2860 430 428 -1 2860 2862 430 -1 2862 2866 434 430 -1 2866 2867 434 -1 2867 2870 436 434 -1 2870 2856 436 -1 2856 2855 439 436 -1 2855 2857 439 -1 2857 2932 443 439 -1 2932 2931 443 -1 2931 2927 446 443 -1 2927 2925 446 -1 2925 2922 449 446 -1 2922 2877 449 -1 2877 2874 365 449 -1 2979 2978 452 -1 2978 2977 455 452 -1 2977 2976 455 -1 2976 2975 458 455 -1 2975 2974 458 -1 2974 2973 461 458 -1 2973 2970 461 -1 2970 2969 464 461 -1 2969 2814 464 -1 2814 2813 467 464 -1 2813 2807 467 -1 2807 2806 469 467 -1 2806 2805 469 -1 2805 2803 471 469 -1 2803 2804 471 -1 2804 2812 473 471 -1 2812 2811 473 -1 2811 2809 475 473 -1 2809 2810 475 -1 2810 2835 478 475 -1 2835 2815 478 -1 2815 2816 479 478 -1 2816 2817 479 -1 2817 2829 480 479 -1 2823 480 2829 -1 2824 482 480 2823 -1 2825 482 2824 -1 2967 483 482 2825 -1 2968 483 2967 -1 2971 484 483 2968 -1 2972 484 2971 -1 2934 403 484 2972 -1 2008 485 2007 -1 2009 486 485 2008 -1 2010 486 2009 -1 2011 487 486 2010 -1 2012 487 2011 -1 2013 488 487 2012 -1 2014 488 2013 -1 2015 489 488 2014 -1 2016 489 2015 -1 2017 490 489 2016 -1 2018 490 2017 -1 2019 491 490 2018 -1 2020 491 2019 -1 2021 492 491 2020 -1 2022 492 2021 -1 2045 493 492 2022 -1 2046 493 2045 -1 2047 494 493 2046 -1 2048 494 2047 -1 2042 495 494 2048 -1 2040 495 2042 -1 2094 497 495 2040 -1 2093 497 2094 -1 2092 500 497 2093 -1 2091 500 2092 -1 2090 502 500 2091 -1 2061 502 2090 -1 2060 505 502 2061 -1 2058 505 2060 -1 2079 507 505 2058 -1 2078 507 2079 -1 2077 509 507 2078 -1 2076 509 2077 -1 2075 513 509 2076 -1 2064 513 2075 -1 2063 514 513 2064 -1 2062 514 2063 -1 2074 518 514 2062 -1 2069 518 2074 -1 2068 521 518 2069 -1 2066 521 2068 -1 2065 524 521 2066 -1 2067 524 2065 -1 2073 527 524 2067 -1 2073 2072 527 -1 2072 2071 530 527 -1 2071 2070 530 -1 2070 2168 532 530 -1 2168 2096 532 -1 2096 2095 535 532 -1 2095 2097 535 -1 2097 2103 538 535 -1 2103 2101 538 -1 542 538 2101 2102 2819 -1 2819 2818 542 -1 2818 2828 544 542 -1 2828 2822 544 -1 2822 2821 547 544 -1 2821 2820 547 -1 2820 2826 548 547 -1 2826 2827 548 -1 2827 2830 549 548 -1 2830 2831 549 -1 2831 2979 452 549 -1 2638 2538 550 -1 2538 2537 551 550 -1 2537 2536 551 -1 2536 2539 552 551 -1 2539 2533 552 -1 2533 2532 553 552 -1 2532 2531 553 -1 2531 2535 554 553 -1 2535 2534 554 -1 2534 2456 555 554 -1 2456 2453 555 -1 2453 2452 556 555 -1 2452 2451 556 -1 2451 2447 557 556 -1 2447 2448 557 -1 558 557 2448 1986 1985 -1 1985 1987 558 -1 1987 1988 559 558 -1 1988 1981 559 -1 1981 1980 560 559 -1 1980 1982 560 -1 1982 1984 561 560 -1 1983 561 1984 -1 1973 562 561 1983 -1 1971 562 1973 -1 1970 563 562 1971 -1 1969 563 1970 -1 1972 564 563 1969 -1 1964 564 1972 -1 1963 565 564 1964 -1 1965 565 1963 -1 1978 566 565 1965 -1 1954 566 1978 -1 1953 567 566 1954 -1 1952 567 1953 -1 1951 568 567 1952 -1 1950 568 1951 -1 1961 569 568 1950 -1 1957 569 1961 -1 1956 570 569 1957 -1 1955 570 1956 -1 1979 571 570 1955 -1 1967 571 1979 -1 1966 572 571 1967 -1 1968 572 1966 -1 1989 573 572 1968 -1 1990 573 1989 -1 1991 574 573 1990 -1 1992 574 1991 -1 1993 575 574 1992 -1 1994 575 1993 -1 1995 576 575 1994 -1 1996 576 1995 -1 1997 577 576 1996 -1 1998 577 1997 -1 1999 578 577 1998 -1 2000 578 1999 -1 2001 579 578 2000 -1 2002 579 2001 -1 2003 580 579 2002 -1 2004 580 2003 -1 2005 581 580 2004 -1 2006 581 2005 -1 2007 485 581 2006 -1 2642 2603 582 -1 2603 2602 583 582 -1 2602 2601 583 -1 2601 2605 584 583 -1 2605 2604 584 -1 2604 2606 585 584 -1 2606 2600 585 -1 2600 2599 586 585 -1 2599 2598 586 -1 2598 2609 587 586 -1 2609 2592 587 -1 2592 2591 588 587 -1 2591 2593 588 -1 2593 2597 589 588 -1 2597 2586 589 -1 2586 2585 590 589 -1 2585 2587 590 -1 2587 2632 591 590 -1 2632 2575 591 -1 2575 2574 592 591 -1 2574 2573 592 -1 2573 2577 593 592 -1 2577 2568 593 -1 2568 2567 594 593 -1 2567 2566 594 -1 2566 2580 595 594 -1 2580 2579 595 -1 2579 2583 596 595 -1 2583 2584 596 -1 2584 2640 597 596 -1 2640 2639 597 -1 2639 2638 550 597 -1 2052 2053 598 -1 2053 2059 599 598 -1 2059 2035 599 -1 2035 2033 600 599 -1 2033 2034 600 -1 2034 2036 601 600 -1 2036 2037 601 -1 2037 2038 602 601 -1 2038 2039 602 -1 2039 2041 603 602 -1 2041 2029 603 -1 2029 2030 604 603 -1 2030 2031 604 -1 2031 2032 605 604 -1 2032 2026 605 -1 2026 2027 606 605 -1 2027 2028 606 -1 2028 2044 607 606 -1 2044 2023 607 -1 2023 2024 608 607 -1 2024 2025 608 -1 2025 2043 609 608 -1 2043 2089 609 -1 2089 2088 610 609 -1 2088 2087 610 -1 2087 2086 611 610 -1 2086 2085 611 -1 2085 2084 612 611 -1 2084 2083 612 -1 2083 2082 613 612 -1 2082 2080 613 -1 582 613 2080 2081 2642 -1 2737 614 2672 -1 2738 615 614 2737 -1 2743 615 2738 -1 2744 616 615 2743 -1 2745 616 2744 -1 2746 617 616 2745 -1 2747 617 2746 -1 2748 618 617 2747 -1 2749 618 2748 -1 2750 619 618 2749 -1 2751 619 2750 -1 2752 620 619 2751 -1 2753 620 2752 -1 2054 621 620 2753 2056 -1 2055 621 2054 -1 2057 622 621 2055 -1 2051 622 2057 -1 2049 623 622 2051 -1 2049 2050 623 -1 2050 2052 598 623 -1 2665 2666 624 -1 2666 2668 625 624 -1 2668 2669 625 -1 2669 2655 626 625 -1 2655 2651 626 -1 2651 2652 627 626 -1 2652 2654 627 -1 2654 2650 628 627 -1 2650 2646 628 -1 2646 2647 629 628 -1 2647 2648 629 -1 2648 2742 630 629 -1 2742 2623 630 -1 2623 2622 631 630 -1 2621 631 2622 -1 2625 632 631 2621 -1 2624 632 2625 -1 2627 633 632 2624 -1 2620 633 2627 -1 2619 634 633 2620 -1 2618 634 2619 -1 2641 635 634 2618 -1 2630 635 2641 -1 2631 636 635 2630 -1 2633 636 2631 -1 2634 637 636 2633 -1 2635 637 2634 -1 2636 638 637 2635 -1 2637 638 2636 -1 2670 639 638 2637 -1 2671 639 2670 -1 2672 614 639 2671 -1 2707 640 2711 -1 2705 641 640 2707 -1 2706 641 2705 -1 2966 642 641 2706 -1 2708 642 2966 -1 2710 643 642 2708 -1 2709 643 2710 -1 2712 644 643 2709 -1 2704 644 2712 -1 2714 645 644 2704 -1 2714 2715 645 -1 2715 2719 646 645 -1 2719 2688 646 -1 2688 2689 647 646 -1 2689 2690 647 -1 2690 2693 648 647 -1 2693 2734 648 -1 2734 2735 649 648 -1 2735 2736 649 -1 2736 2665 624 649 -1 2678 650 2691 -1 2677 651 650 2678 -1 2675 651 2677 -1 2673 652 651 2675 -1 2674 652 2673 -1 2682 653 652 2674 -1 2686 653 2682 -1 2684 654 653 2686 -1 2685 654 2684 -1 2718 655 654 2685 -1 2696 655 2718 -1 2694 656 655 2696 -1 2695 656 2694 -1 2700 657 656 2695 -1 2699 657 2700 -1 2697 658 657 2699 -1 2698 658 2697 -1 2713 659 658 2698 -1 2703 659 2713 -1 2701 660 659 2703 -1 2702 660 2701 -1 2711 640 660 2702 -1 2541 661 2544 -1 2540 662 661 2541 -1 2542 662 2540 -1 2553 1797 662 2542 -1 2543 1797 2553 -1 2546 663 1797 2543 -1 2545 663 2546 -1 2551 664 663 2545 -1 2549 664 2551 -1 2550 665 664 2549 -1 2548 665 2550 -1 2582 666 665 2548 -1 2557 666 2582 -1 2554 667 666 2557 -1 2556 667 2554 -1 2562 668 667 2556 -1 2560 668 2562 -1 2559 669 668 2560 -1 2565 669 2559 -1 2564 670 669 2565 -1 2572 670 2564 -1 2569 671 670 2572 -1 2596 671 2569 -1 2590 672 671 2596 -1 2589 672 2590 -1 2608 673 672 2589 -1 2629 673 2608 -1 2611 674 673 2629 -1 2610 674 2611 -1 2616 675 674 2610 -1 2615 675 2616 -1 2741 676 675 2615 -1 2643 676 2741 -1 2649 677 676 2643 -1 2653 677 2649 -1 2656 678 677 2653 -1 2657 678 2656 -1 2659 679 678 2657 -1 2658 679 2659 -1 2667 680 679 2658 -1 2664 680 2667 -1 2663 681 680 2664 -1 2661 681 2663 -1 2660 682 681 2661 -1 2662 682 2660 -1 2733 683 682 2662 -1 2692 683 2733 -1 2691 650 683 2692 -1 2680 2679 684 -1 2679 2687 685 684 -1 2687 2676 685 -1 2676 2732 686 685 -1 2732 2730 686 -1 2730 2727 687 686 -1 2727 2726 687 -1 2726 2724 688 687 -1 2724 2722 688 -1 2722 2645 689 688 -1 2645 2644 689 -1 2644 2626 690 689 -1 2626 2617 690 -1 2617 2613 691 690 -1 2613 2612 691 -1 2612 2614 692 691 -1 2614 2628 692 -1 2628 2607 693 692 -1 2607 2588 693 -1 2588 2594 694 693 -1 2594 2595 694 -1 2595 2571 695 694 -1 2571 2570 695 -1 2570 2576 696 695 -1 2576 2563 696 -1 2563 2578 697 696 -1 2578 2558 697 -1 2558 2561 698 697 -1 2555 698 2561 -1 2581 699 698 2555 -1 2547 699 2581 -1 2544 661 699 2547 -1 2759 2757 700 399 -1 2757 2758 700 -1 2758 2764 701 700 -1 2764 2762 701 -1 2762 2763 702 701 -1 2763 2778 702 -1 2778 2776 703 702 -1 2776 2774 703 -1 2774 2772 704 703 -1 2772 2770 704 -1 2770 2768 705 704 -1 2768 2767 705 -1 2767 2717 706 705 -1 2717 2716 706 -1 2716 2683 707 706 -1 2683 2681 707 -1 2681 2680 684 707 -1 396 399 700 -1 393 396 700 -1 701 393 700 -1 390 393 701 -1 702 390 701 -1 387 390 702 -1 385 387 702 -1 703 385 702 -1 381 385 703 -1 655 381 703 -1 378 381 655 -1 375 378 655 -1 656 375 655 -1 373 375 656 -1 657 373 656 -1 370 373 657 -1 658 370 657 -1 659 370 658 -1 655 703 704 -1 705 655 704 -1 706 655 705 -1 655 706 707 -1 684 655 707 -1 685 655 684 -1 655 685 686 -1 687 655 686 -1 688 655 687 -1 655 688 689 -1 690 655 689 -1 691 655 690 -1 655 691 692 -1 693 655 692 -1 694 655 693 -1 661 655 694 -1 695 661 694 -1 696 661 695 -1 661 696 697 -1 698 661 697 -1 699 661 698 -1 661 662 1797 663 -1 664 661 663 -1 665 661 664 -1 661 665 666 -1 667 661 666 -1 668 661 667 -1 661 668 669 -1 670 661 669 -1 671 661 670 -1 661 671 672 -1 673 661 672 -1 652 661 673 -1 674 652 673 -1 675 652 674 -1 652 675 676 -1 651 652 676 -1 677 651 676 -1 678 651 677 -1 651 678 679 -1 680 651 679 -1 681 651 680 -1 650 651 681 -1 682 650 681 -1 683 650 682 -1 661 652 653 -1 654 661 653 -1 655 661 654 -1 366 370 659 -1 660 366 659 -1 365 366 660 -1 640 365 660 -1 641 365 640 -1 641 642 446 -1 449 641 446 -1 365 641 449 -1 642 643 439 -1 443 642 439 -1 446 642 443 -1 643 644 483 -1 484 643 483 -1 434 643 484 -1 403 434 484 -1 430 434 403 -1 428 430 403 -1 405 428 403 -1 424 428 405 -1 408 424 405 -1 422 424 408 -1 419 422 408 -1 416 419 408 -1 410 416 408 -1 413 416 410 -1 644 645 480 -1 482 644 480 -1 483 644 482 -1 479 480 645 -1 646 479 645 -1 478 479 646 -1 475 478 646 -1 647 475 646 -1 473 475 647 -1 616 473 647 -1 617 473 616 -1 616 647 648 -1 615 616 648 -1 649 615 648 -1 624 615 649 -1 624 625 639 -1 614 624 639 -1 615 624 614 -1 638 639 625 -1 626 638 625 -1 637 638 626 -1 627 637 626 -1 636 637 627 -1 628 636 627 -1 635 636 628 -1 629 635 628 -1 634 635 629 -1 630 634 629 -1 633 634 630 -1 631 633 630 -1 632 633 631 -1 471 473 617 -1 618 471 617 -1 469 471 618 -1 619 469 618 -1 467 469 619 -1 464 467 619 -1 620 464 619 -1 461 464 620 -1 458 461 620 -1 621 458 620 -1 455 458 621 -1 452 455 621 -1 527 452 621 -1 549 452 527 -1 548 549 527 -1 547 548 527 -1 530 547 527 -1 532 547 530 -1 527 621 622 -1 623 527 622 -1 598 527 623 -1 527 598 599 -1 600 527 599 -1 601 527 600 -1 527 601 602 -1 603 527 602 -1 604 527 603 -1 527 604 605 -1 568 527 605 -1 569 527 568 -1 563 568 605 -1 606 563 605 -1 607 563 606 -1 563 607 608 -1 609 563 608 -1 610 563 609 -1 563 610 611 -1 612 563 611 -1 550 563 612 -1 597 550 612 -1 596 597 612 -1 613 596 612 -1 595 596 613 -1 594 595 613 -1 593 594 613 -1 582 593 613 -1 592 593 582 -1 591 592 582 -1 590 591 582 -1 589 590 582 -1 583 589 582 -1 588 589 583 -1 584 588 583 -1 587 588 584 -1 586 587 584 585 -1 563 550 551 -1 552 563 551 -1 553 563 552 -1 563 553 554 -1 555 563 554 -1 556 563 555 -1 563 556 557 -1 558 563 557 -1 559 563 558 -1 563 559 560 -1 561 563 560 -1 562 563 561 -1 563 564 565 -1 566 563 565 -1 567 563 566 -1 563 567 568 -1 527 569 570 -1 524 527 570 -1 571 524 570 -1 521 524 571 -1 572 521 571 -1 573 521 572 -1 518 521 573 -1 574 518 573 -1 575 518 574 -1 514 518 575 -1 576 514 575 -1 577 514 576 -1 513 514 577 -1 578 513 577 -1 509 513 578 -1 579 509 578 -1 580 509 579 -1 507 509 580 -1 581 507 580 -1 505 507 581 -1 485 505 581 -1 502 505 485 -1 486 502 485 -1 500 502 486 -1 487 500 486 -1 497 500 487 -1 488 497 487 -1 495 497 488 -1 489 495 488 -1 494 495 489 -1 490 494 489 -1 493 494 490 -1 491 493 490 -1 492 493 491 -1 547 532 535 -1 544 547 535 -1 542 544 535 -1 538 542 535 -1 643 434 436 -1 439 643 436 -1 1334 708 1332 -1 1335 709 708 1334 -1 1336 710 709 1335 -1 1337 710 1336 -1 1338 711 710 1337 -1 1340 711 1338 -1 1342 712 711 1340 -1 1344 712 1342 -1 1345 713 712 1344 -1 1346 713 1345 -1 1347 714 713 1346 -1 1348 714 1347 -1 1349 715 714 1348 -1 1350 715 1349 -1 1351 716 715 1350 -1 1352 716 1351 -1 1395 717 716 1352 -1 1396 717 1395 -1 1397 718 717 1396 -1 1398 718 1397 -1 1400 719 718 1398 -1 1401 719 1400 -1 1404 720 719 1401 -1 1406 720 1404 -1 1408 721 720 1406 -1 1410 721 1408 -1 1411 722 721 1410 -1 1412 722 1411 -1 1413 723 722 1412 -1 1414 723 1413 -1 1415 724 723 1414 -1 1416 724 1415 -1 1417 725 724 1416 -1 1418 725 1417 -1 1419 726 725 1418 -1 1420 726 1419 -1 1421 727 726 1420 -1 1422 727 1421 -1 1423 728 727 1422 -1 1300 1299 729 -1 1299 1298 730 729 -1 1298 1297 730 -1 1297 1310 731 730 -1 1310 1309 731 -1 1309 1308 732 731 -1 1308 1307 732 -1 1307 1306 733 732 -1 1306 1305 733 -1 1305 1304 734 733 -1 1304 1303 734 -1 1303 1302 735 734 -1 1302 1330 735 -1 1330 1329 736 735 -1 1329 1328 736 -1 1328 1327 737 736 -1 1327 1326 737 -1 1326 1325 738 737 -1 1325 1324 738 -1 1324 1323 739 738 -1 1323 1322 739 -1 1322 1321 740 739 -1 1321 1320 740 -1 1320 1319 741 740 -1 1319 1318 741 -1 1318 1317 742 741 -1 1317 1316 742 -1 1316 1315 743 742 -1 1315 1314 743 -1 1314 1313 744 743 -1 1313 1312 744 -1 1312 1311 745 744 -1 1311 1343 745 -1 1343 1341 746 745 -1 1341 1339 746 -1 1339 1333 747 746 -1 1333 1331 747 -1 1331 1332 708 747 -1 2206 2207 748 -1 2207 2208 749 748 -1 2208 2209 749 -1 2209 2212 750 749 -1 2212 2204 750 -1 2204 2202 751 750 -1 2202 2203 751 -1 2203 2210 752 751 -1 2210 2211 752 -1 2211 2226 753 752 -1 2226 2223 753 -1 2223 2222 754 753 -1 2222 2220 754 -1 2220 2218 755 754 -1 2218 2216 755 -1 2216 2213 756 755 -1 2213 2214 756 -1 2214 2235 757 756 -1 2235 2234 757 -1 2234 2233 758 757 -1 2233 2232 758 -1 2232 2283 759 758 -1 2283 2282 759 -1 2282 2281 760 759 -1 2281 2280 760 -1 2280 2279 761 760 -1 2279 2278 761 -1 2278 2277 762 761 -1 2277 2276 762 -1 2276 2275 763 762 -1 2275 2274 763 -1 729 763 2274 1300 -1 2297 2296 764 -1 2296 2295 765 764 -1 2295 2294 765 -1 2294 2293 766 765 -1 2293 2292 766 -1 2292 2291 767 766 -1 2291 2290 767 -1 2290 2289 768 767 -1 2289 2288 768 -1 2288 2287 769 768 -1 2287 2286 769 -1 2286 2284 770 769 -1 2284 2285 770 -1 2285 2306 771 770 -1 2306 2307 771 -1 2307 2308 772 771 -1 2308 2309 772 -1 2309 2215 773 772 -1 2215 2217 773 -1 2217 2219 774 773 -1 2219 2221 774 -1 2221 2224 775 774 -1 2224 2225 775 -1 2225 2227 776 775 -1 2227 2228 776 -1 2228 2229 777 776 -1 2229 2230 777 -1 2230 2231 778 777 -1 2231 2205 778 -1 2205 2206 748 778 -1 2245 2246 779 -1 2246 2297 764 779 -1 1571 2242 780 1471 -1 2245 779 780 2242 -1 1424 728 1423 -1 1471 780 728 1424 -1 1487 1507 781 2241 -1 1629 782 781 1507 -1 2244 2243 783 -1 2243 2241 781 783 -1 2247 2248 784 -1 2248 2244 783 784 -1 2251 2250 785 -1 2250 2247 784 785 -1 1861 2249 786 1860 -1 2251 785 786 2249 -1 1796 787 1795 -1 1796 788 787 -1 1799 788 1796 -1 1809 789 788 1799 -1 1810 790 789 1809 -1 1811 790 1810 -1 1812 791 790 1811 -1 1813 791 1812 -1 1814 792 791 1813 -1 1815 792 1814 -1 1816 793 792 1815 -1 1819 793 1816 -1 1820 794 793 1819 -1 1821 794 1820 -1 1822 795 794 1821 -1 1823 795 1822 -1 1824 796 795 1823 -1 1779 796 1824 -1 1781 797 796 1779 -1 1783 797 1781 -1 1785 798 797 1783 -1 1787 798 1785 -1 1790 799 798 1787 -1 1793 799 1790 -1 1834 800 799 1793 -1 1835 800 1834 -1 1836 801 800 1835 -1 1837 801 1836 -1 1838 802 801 1837 -1 1839 802 1838 -1 1840 803 802 1839 -1 1841 803 1840 -1 1842 804 803 1841 -1 1843 804 1842 -1 1852 805 804 1843 -1 1853 805 1852 -1 1854 806 805 1853 -1 1855 806 1854 -1 1856 807 806 1855 -1 1857 807 1856 -1 1858 808 807 1857 -1 1859 808 1858 -1 1860 786 808 1859 -1 1627 782 1629 -1 1725 809 782 1627 -1 1640 809 1725 -1 1638 810 809 1640 -1 1636 810 1638 -1 1634 811 810 1636 -1 1664 811 1634 -1 1644 812 811 1664 -1 1643 812 1644 -1 1655 813 812 1643 -1 1650 813 1655 -1 1648 814 813 1650 -1 1647 814 1648 -1 1851 815 814 1647 -1 1850 815 1851 -1 1741 816 815 1850 -1 1740 816 1741 -1 1739 817 816 1740 -1 1738 817 1739 -1 1777 818 817 1738 -1 1776 818 1777 -1 1792 819 818 1776 -1 1791 819 1792 -1 1789 820 819 1791 -1 1788 820 1789 -1 1786 821 820 1788 -1 1784 821 1786 -1 1782 822 821 1784 -1 1780 822 1782 -1 1778 823 822 1780 -1 1833 823 1778 -1 1832 824 823 1833 -1 1831 824 1832 -1 1830 825 824 1831 -1 1829 825 1830 -1 1828 826 825 1829 -1 1827 826 1828 -1 1826 827 826 1827 -1 1825 827 1826 -1 1818 828 827 1825 -1 1794 828 1818 -1 1795 787 828 1794 -1 1453 1457 829 -1 1457 1459 830 829 -1 1459 1485 830 -1 1485 1484 831 830 -1 1484 1483 831 -1 1483 1482 832 831 -1 1482 1481 832 -1 1481 1480 833 832 -1 1480 1479 833 -1 1479 1478 834 833 -1 1478 1477 834 -1 1477 1476 835 834 -1 1476 1475 835 -1 1475 1474 836 835 -1 1474 1473 836 -1 1473 1472 837 836 -1 1472 1470 837 -1 1470 1469 838 837 -1 1469 1570 838 -1 1570 1569 839 838 -1 1569 1568 839 -1 1568 1567 840 839 -1 1567 1566 840 -1 1566 1565 841 840 -1 1565 1564 841 -1 1564 1563 842 841 -1 1563 1468 842 -1 1468 1467 843 842 -1 1467 1466 843 -1 1466 1465 844 843 -1 1465 1446 844 -1 1446 1445 845 844 -1 1445 1444 845 -1 1444 1443 846 845 -1 1443 1442 846 -1 1442 1441 847 846 -1 1441 1432 847 -1 1432 1430 848 847 -1 1430 1428 848 -1 1428 1427 849 848 -1 1427 1409 849 -1 1409 1407 850 849 -1 1407 1405 850 -1 1405 1403 851 850 -1 1403 1402 851 -1 1402 1399 852 851 -1 1399 1387 852 -1 1387 1386 853 852 -1 1386 1385 853 -1 1385 1392 854 853 -1 1392 1391 854 -1 1391 1390 855 854 -1 1390 1366 855 -1 1366 1373 856 855 -1 1373 1371 856 -1 1371 1370 857 856 -1 1370 1368 857 -1 1368 1363 858 857 -1 1363 1362 858 -1 1362 1394 859 858 -1 1394 1393 859 -1 1393 1358 860 859 -1 1358 1354 860 -1 1354 1359 861 860 -1 1359 1353 862 861 -1 1751 864 863 1750 -1 1752 865 864 1751 -1 1752 1753 865 -1 1753 1765 866 865 -1 1765 1763 866 -1 1763 1760 867 866 -1 1760 1758 867 -1 1758 1749 868 867 -1 1749 1747 868 -1 1747 1745 869 868 -1 1745 1744 869 -1 1744 1775 870 869 -1 1775 1773 870 -1 1773 1771 871 870 -1 1771 1769 871 -1 1769 1767 872 871 -1 1767 1737 872 -1 1737 1735 873 872 -1 1735 1733 873 -1 1733 1731 874 873 -1 1731 1729 874 -1 1729 1726 875 874 -1 1726 1877 875 -1 1877 1876 876 875 -1 1876 1646 876 -1 1646 1645 877 876 -1 1645 1649 877 -1 1649 1654 878 877 -1 1654 1642 878 -1 1642 1641 879 878 -1 1641 1663 879 -1 1663 1661 880 879 -1 1661 1633 880 -1 1633 1635 881 880 -1 1635 1637 881 -1 1637 1639 882 881 -1 1639 1626 882 -1 1626 1628 883 882 -1 1628 1630 883 -1 1630 1632 884 883 -1 1632 1879 884 -1 1879 1878 885 884 -1 1878 1559 885 -1 1559 1558 886 885 -1 1558 1557 886 -1 1557 1556 887 886 -1 1556 1555 887 -1 1555 1554 888 887 -1 1554 1553 888 -1 1553 1506 889 888 -1 1506 1508 889 -1 1508 1513 890 889 -1 1513 1514 890 -1 1514 1516 891 890 -1 1516 1517 891 -1 1517 1521 892 891 -1 1521 1520 892 -1 1520 1519 893 892 -1 1519 1486 893 -1 1486 1488 894 893 -1 1488 1489 894 -1 1489 1490 895 894 -1 1490 1491 895 -1 1491 1496 896 895 -1 1496 1497 896 -1 1497 1498 897 896 -1 1498 1499 897 -1 1499 1500 898 897 -1 1500 1501 898 -1 1501 1458 899 898 -1 1458 1454 899 -1 1454 1455 900 899 -1 1455 1456 900 -1 1456 1452 901 900 -1 1452 1451 902 901 -1 1451 1453 829 902 -1 1723 903 1722 -1 1724 904 903 1723 -1 1656 904 1724 -1 1657 905 904 1656 -1 1658 905 1657 -1 1659 906 905 1658 -1 1660 906 1659 -1 1662 907 906 1660 -1 1651 907 1662 -1 1652 908 907 1651 -1 1653 908 1652 -1 1845 909 908 1653 -1 1844 909 1845 -1 1847 910 909 1844 -1 1848 910 1847 -1 1849 911 910 1848 -1 1727 911 1849 -1 1728 912 911 1727 -1 1730 912 1728 -1 1732 913 912 1730 -1 1734 913 1732 -1 1736 914 913 1734 -1 1766 914 1736 -1 1768 915 914 1766 -1 1770 915 1768 -1 1772 916 915 1770 -1 1774 916 1772 -1 1742 917 916 1774 -1 1743 917 1742 -1 1746 918 917 1743 -1 1748 918 1746 -1 1757 919 918 1748 -1 1759 919 1757 -1 1761 920 919 1759 -1 1762 920 1761 -1 1764 921 920 1762 -1 1755 921 1764 -1 1756 922 921 1755 -1 1754 923 922 1756 -1 1750 863 923 1754 -1 1585 499 1584 -1 1598 924 499 1585 -1 1599 924 1598 -1 1600 925 924 1599 -1 1601 925 1600 -1 1602 926 925 1601 -1 1603 926 1602 -1 1604 927 926 1603 -1 1605 927 1604 -1 1606 928 927 1605 -1 1607 928 1606 -1 1688 929 928 1607 -1 1690 929 1688 -1 1692 930 929 1690 -1 1693 930 1692 -1 1695 931 930 1693 -1 1697 931 1695 -1 1699 932 931 1697 -1 1701 932 1699 -1 1703 933 932 1701 -1 1705 933 1703 -1 1707 934 933 1705 -1 1708 934 1707 -1 1710 935 934 1708 -1 1711 935 1710 -1 1713 936 935 1711 -1 1715 936 1713 -1 1716 937 936 1715 -1 1863 937 1716 -1 1864 938 937 1863 -1 1866 938 1864 -1 1868 939 938 1866 -1 1717 939 1868 -1 1718 940 939 1717 -1 1719 940 1718 -1 1720 941 940 1719 -1 1721 941 1720 -1 1722 903 941 1721 -1 1353 1355 942 862 -1 1356 943 942 1355 -1 1357 943 1356 -1 1389 944 943 1357 -1 1388 944 1389 -1 1360 945 944 1388 -1 1361 945 1360 -1 1367 946 945 1361 -1 1369 946 1367 -1 1372 947 946 1369 -1 1374 947 1372 -1 1364 948 947 1374 -1 1365 948 1364 -1 1380 949 948 1365 -1 1379 949 1380 -1 1381 950 949 1379 -1 1382 950 1381 -1 1383 951 950 1382 -1 1384 951 1383 -1 1376 952 951 1384 -1 1375 952 1376 -1 1378 953 952 1375 -1 1576 953 1378 -1 1575 954 953 1576 -1 1574 954 1575 -1 1573 955 954 1574 -1 1572 955 1573 -1 1425 956 955 1572 -1 1426 956 1425 -1 1429 957 956 1426 -1 1431 957 1429 -1 1437 958 957 1431 -1 1436 958 1437 -1 1433 959 958 1436 -1 1435 959 1433 -1 1440 960 959 1435 -1 1439 960 1440 -1 1464 961 960 1439 -1 1450 961 1464 -1 1449 962 961 1450 -1 1462 962 1449 -1 1562 963 962 1462 -1 1561 963 1562 -1 1495 964 963 1561 -1 1494 964 1495 -1 1518 965 964 1494 -1 1505 965 1518 -1 1503 966 965 1505 -1 1515 966 1503 -1 1512 967 966 1515 -1 1510 967 1512 -1 1552 968 967 1510 -1 1526 968 1552 -1 1523 969 968 1526 -1 1532 969 1523 -1 1530 970 969 1532 -1 1529 970 1530 -1 1550 971 970 1529 -1 1539 971 1550 -1 1537 972 971 1539 -1 1536 972 1537 -1 1535 973 972 1536 -1 1548 973 1535 -1 1541 974 973 1548 -1 1540 974 1541 -1 1547 975 974 1540 -1 1545 975 1547 -1 1544 976 975 1545 -1 1577 976 1544 -1 1579 977 976 1577 -1 1581 977 1579 -1 1582 978 977 1581 -1 1589 978 1582 -1 1591 979 978 1589 -1 1593 979 1591 -1 1594 980 979 1593 -1 1586 980 1594 -1 1587 981 980 1586 -1 1583 512 981 1587 -1 1584 499 512 1583 -1 1846 1875 982 -1 1875 1874 983 982 -1 1874 1873 983 -1 1873 1872 984 983 -1 1872 1871 984 -1 1871 1870 985 984 -1 1870 1869 985 -1 1869 1867 986 985 -1 1867 1865 986 -1 1865 1862 987 986 -1 1862 1714 987 -1 1714 1712 988 987 -1 1712 1709 988 -1 1709 1706 989 988 -1 1706 1704 989 -1 1704 1702 990 989 -1 1702 1700 990 -1 1700 1698 991 990 -1 1698 1696 991 -1 1696 1694 992 991 -1 1694 1691 992 -1 1691 1689 993 992 -1 1689 1687 993 -1 1687 1686 994 993 -1 1686 1685 994 -1 1685 1684 995 994 -1 1684 1683 995 -1 1683 1682 996 995 -1 1682 1681 996 -1 1681 1680 997 996 -1 1680 1679 997 -1 1679 1678 998 997 -1 1678 1677 998 -1 1677 1676 999 998 -1 1676 1675 999 -1 1675 1674 1000 999 -1 1674 1673 1000 -1 1673 1671 1001 1000 -1 1671 1669 1001 -1 1669 1667 1002 1001 -1 1667 1665 1002 -1 1665 1624 1003 1002 -1 1624 1622 1003 -1 1622 1620 1004 1003 -1 1620 1618 1004 -1 1618 1616 1005 1004 -1 1616 1614 1005 -1 1614 1613 1006 1005 -1 1613 1610 1006 -1 1610 1609 1007 1006 -1 1801 1817 1008 -1 1817 1846 982 1008 -1 1803 1802 1009 -1 1802 1801 1008 1009 -1 3106 1800 3107 -1 3105 1010 1800 3106 -1 3104 1010 3105 -1 3133 1011 1010 3104 -1 3112 1011 3133 -1 3111 1012 1011 3112 -1 3109 1012 3111 -1 3108 1013 1012 3109 -1 3108 3110 1013 -1 3110 3118 1014 1013 -1 3118 3114 1014 -1 3114 3113 1015 1014 -1 3113 3115 1015 -1 3115 3117 1016 1015 -1 3117 3116 1016 -1 3116 3132 1017 1016 -1 3132 3131 1017 -1 3131 3130 1018 1017 -1 3130 3129 1018 -1 3129 3128 1019 1018 -1 3128 3127 1019 -1 3127 3126 1020 1019 -1 3126 3125 1020 -1 3125 3124 1021 1020 -1 3124 3123 1021 -1 3123 3122 1022 1021 -1 3122 3121 1022 -1 3121 3120 1023 1022 -1 3120 3119 1023 -1 1024 1023 3119 2255 -1 2255 2254 1024 -1 2254 2253 1025 1024 -1 2253 2252 1025 -1 2252 2273 1026 1025 -1 2273 2272 1026 -1 2272 2271 1027 1026 -1 2271 2270 1027 -1 2270 2269 1028 1027 -1 2269 2268 1028 -1 2268 2267 1029 1028 -1 2267 2266 1029 -1 2266 2265 1030 1029 -1 2265 2264 1030 -1 2264 2263 1031 1030 -1 2263 2262 1031 -1 2262 2261 1032 1031 -1 2261 2260 1032 -1 2260 2259 1033 1032 -1 2259 2258 1033 -1 2258 2257 1034 1033 -1 2257 2256 1034 -1 1035 1034 2256 1808 1807 -1 1807 1806 1035 -1 1806 1805 1036 1035 -1 1805 1804 1036 -1 1804 1803 1009 1036 -1 2800 2761 2802 -1 2799 1037 2761 2800 -1 2808 1037 2799 -1 2840 1038 1037 2808 -1 2839 1038 2840 -1 2838 1039 1038 2839 -1 2837 1039 2838 -1 2836 1040 1039 2837 -1 2832 1040 2836 -1 2833 1041 1040 2832 -1 2961 1041 2833 -1 2960 1042 1041 2961 -1 2959 1042 2960 -1 2958 1043 1042 2959 -1 2957 1043 2958 -1 2956 1044 1043 2957 -1 2954 1044 2956 -1 2952 1045 1044 2954 -1 2846 1045 2952 -1 2847 1046 1045 2846 -1 2872 1046 2847 -1 2873 1047 1046 2872 -1 2875 1047 2873 -1 2876 1048 1047 2875 -1 2878 1048 2876 -1 2921 1049 1048 2878 -1 2923 1049 2921 -1 2924 1050 1049 2923 -1 2926 1050 2924 -1 2928 1051 1050 2926 -1 2929 1051 2928 -1 2930 1052 1051 2929 -1 2891 1052 2930 -1 2890 1053 1052 2891 -1 2889 1053 2890 -1 2888 1054 1053 2889 -1 2881 1054 2888 -1 2882 1055 1054 2881 -1 2886 1055 2882 -1 2895 1056 1055 2886 -1 2894 1056 2895 -1 2892 1057 1056 2894 -1 3203 1057 2892 -1 3204 1058 1057 3203 -1 3056 1058 3204 -1 3038 1059 1058 3056 -1 3030 1059 3038 -1 3031 1060 1059 3030 -1 3035 1060 3031 -1 3157 1061 1060 3035 -1 3156 1061 3157 -1 3158 1062 1061 3156 -1 3159 1062 3158 -1 3160 1063 1062 3159 -1 3161 1063 3160 -1 3162 1064 1063 3161 -1 3084 1064 3162 -1 3085 1065 1064 3084 -1 3088 1065 3085 -1 3089 1066 1065 3088 -1 3092 1066 3089 -1 3095 1067 1066 3092 -1 3096 1067 3095 -1 3097 1068 1067 3096 -1 3135 1068 3097 -1 3134 1069 1068 3135 -1 3136 1069 3134 -1 3137 1070 1069 3136 -1 3138 1070 3137 -1 3139 1071 1070 3138 -1 3140 1071 3139 -1 3141 1072 1071 3140 -1 3142 1072 3141 -1 3143 1073 1072 3142 -1 3144 1073 3143 -1 3145 1074 1073 3144 -1 3146 1074 3145 -1 3147 1075 1074 3146 -1 3148 1075 3147 -1 3149 1076 1075 3148 -1 3150 1076 3149 -1 3151 1077 1076 3150 -1 3152 1077 3151 -1 3153 1078 1077 3152 -1 3154 1078 3153 -1 3155 1079 1078 3154 -1 3103 1079 3155 -1 3102 1080 1079 3103 -1 3101 1080 3102 -1 3107 1800 1080 3101 -1 2173 1081 2172 -1 2174 1082 1081 2173 -1 2175 1082 2174 -1 2176 1083 1082 2175 -1 2177 1083 2176 -1 2178 1084 1083 2177 -1 2179 1084 2178 -1 2180 1085 1084 2179 -1 2181 1085 2180 -1 2182 1086 1085 2181 -1 2183 1086 2182 -1 2185 1087 1086 2183 -1 2186 1087 2185 -1 2187 1088 1087 2186 -1 2188 1088 2187 -1 2189 1089 1088 2188 -1 2190 1089 2189 -1 2191 1090 1089 2190 -1 2192 1090 2191 -1 2193 1091 1090 2192 -1 2194 1091 2193 -1 2195 1092 1091 2194 -1 2196 1092 2195 -1 2197 1093 1092 2196 -1 2198 1093 2197 -1 2199 1094 1093 2198 -1 2200 1094 2199 -1 2201 1095 1094 2200 -1 2236 1095 2201 -1 2237 1096 1095 2236 -1 2238 1096 2237 -1 2239 1097 1096 2238 -1 2240 1097 2239 -1 2298 1098 1097 2240 -1 2299 1098 2298 -1 2300 1099 1098 2299 -1 2301 1099 2300 -1 2302 1100 1099 2301 -1 2303 1100 2302 -1 2304 1101 1100 2303 -1 2305 1101 2304 -1 2754 1102 1101 2305 -1 2755 1102 2754 -1 2756 1103 1102 2755 -1 2739 1103 2756 -1 2740 1104 1103 2739 -1 2720 1104 2740 -1 2721 1105 1104 2720 -1 2723 1105 2721 -1 2725 1106 1105 2723 -1 2728 1106 2725 -1 2729 1107 1106 2728 -1 2731 1107 2729 -1 2942 1108 1107 2731 -1 2943 1108 2942 -1 2944 1109 1108 2943 -1 2945 1109 2944 -1 2946 1110 1109 2945 -1 2947 1110 2946 -1 2948 1111 1110 2947 -1 2949 1111 2948 -1 2950 1112 1111 2949 -1 2951 1112 2950 -1 2953 1113 1112 2951 -1 2955 1113 2953 -1 2765 1114 1113 2955 -1 2766 1114 2765 -1 2769 1115 1114 2766 -1 2771 1115 2769 -1 2773 1116 1115 2771 -1 2775 1116 2773 -1 2777 1117 1116 2775 -1 2779 1117 2777 -1 2780 1118 1117 2779 -1 2781 1118 2780 -1 2782 1119 1118 2781 -1 2783 1119 2782 -1 2784 1120 1119 2783 -1 2785 1120 2784 -1 2841 3206 1120 2785 -1 2801 3206 2841 -1 2802 2761 3206 2801 -1 2171 1121 2170 -1 2172 1081 1121 2171 -1 1296 2184 1122 1295 -1 2170 1121 1122 2184 -1 1294 1123 1301 -1 1295 1122 1123 1294 -1 1434 1377 1124 -1 1377 1301 1123 1124 -1 1609 1608 1007 -1 1608 1611 1125 1007 -1 1611 1612 1125 -1 1612 1615 1126 1125 -1 1615 1617 1126 -1 1617 1619 1127 1126 -1 1619 1621 1127 -1 1621 1623 1128 1127 -1 1623 1625 1128 -1 1625 1666 1129 1128 -1 1666 1668 1129 -1 1668 1670 1130 1129 -1 1670 1672 1130 -1 1672 1631 1131 1130 -1 1631 1597 1131 -1 1597 1596 1132 1131 -1 1596 1595 1132 -1 1595 1592 1133 1132 -1 1592 1590 1133 -1 1590 1588 1134 1133 -1 1588 1580 1134 -1 1580 1578 1135 1134 -1 1578 1543 1135 -1 1543 1546 1136 1135 -1 1546 1542 1136 -1 1542 1534 1137 1136 -1 1534 1533 1137 -1 1533 1538 1138 1137 -1 1538 1549 1138 -1 1549 1551 1139 1138 -1 1551 1528 1139 -1 1528 1527 1140 1139 -1 1527 1531 1140 -1 1531 1522 1141 1140 -1 1522 1524 1141 -1 1524 1525 1142 1141 -1 1525 1509 1142 -1 1509 1511 1143 1142 -1 1511 1502 1143 -1 1502 1504 1144 1143 -1 1504 1492 1144 -1 1492 1493 1145 1144 -1 1493 1560 1145 -1 1560 1461 1146 1145 -1 1461 1460 1146 -1 1460 1448 1147 1146 -1 1448 1447 1147 -1 1447 1463 1148 1147 -1 1463 1438 1148 -1 1438 1434 1124 1148 -1 862 942 1123 -1 708 862 1123 -1 942 943 1123 -1 943 944 1123 -1 944 945 1123 -1 945 946 1123 -1 946 1124 1123 -1 947 1124 946 -1 948 1124 947 -1 949 1124 948 -1 950 1124 949 -1 951 1124 950 -1 952 1124 951 -1 953 1124 952 -1 954 1124 953 -1 955 1124 954 -1 956 1124 955 -1 957 1124 956 -1 958 1124 957 -1 958 959 1124 -1 959 960 1124 -1 960 1148 1124 -1 960 961 1148 -1 961 1147 1148 -1 961 962 1147 -1 962 1146 1147 -1 962 963 1146 -1 963 1145 1146 -1 963 964 1145 -1 964 1144 1145 -1 964 965 1144 -1 1143 1144 965 -1 966 1143 965 -1 967 1143 966 -1 1142 1143 967 -1 968 1142 967 -1 1141 1142 968 -1 969 1141 968 -1 1140 1141 969 -1 970 1140 969 -1 1139 1140 970 -1 1138 1139 970 -1 971 1138 970 -1 1137 1138 971 -1 972 1137 971 -1 1136 1137 972 -1 973 1136 972 -1 974 1136 973 -1 1135 1136 974 -1 975 1135 974 -1 1134 1135 975 -1 976 1134 975 -1 977 1134 976 -1 1133 1134 977 -1 978 1133 977 -1 1132 1133 978 -1 979 1132 978 -1 1131 1132 979 -1 980 1131 979 -1 1130 1131 980 -1 1001 1130 980 -1 1129 1130 1001 -1 1002 1129 1001 -1 1128 1129 1002 -1 1003 1128 1002 -1 1127 1128 1003 -1 1004 1127 1003 -1 1126 1127 1004 -1 1005 1126 1004 -1 1125 1126 1005 -1 1006 1125 1005 -1 1007 1125 1006 -1 1001 980 981 -1 1000 1001 981 -1 999 1000 981 -1 998 999 981 -1 997 998 981 -1 996 997 981 -1 995 996 981 -1 994 995 981 -1 993 994 981 -1 992 993 981 -1 991 992 981 512 -1 990 991 512 -1 984 499 924 -1 925 984 924 -1 926 984 925 -1 984 926 927 -1 928 984 927 -1 929 984 928 -1 984 929 930 -1 931 984 930 -1 932 984 931 -1 984 932 933 -1 934 984 933 -1 935 984 934 -1 984 935 936 -1 937 984 936 -1 938 984 937 -1 984 938 939 -1 940 984 939 -1 941 984 940 -1 984 941 903 -1 904 984 903 -1 983 984 904 -1 905 983 904 -1 906 983 905 -1 982 983 906 -1 907 982 906 -1 908 982 907 -1 982 908 909 -1 910 982 909 -1 911 982 910 -1 982 911 912 -1 913 982 912 -1 914 982 913 -1 982 914 915 -1 916 982 915 -1 917 982 916 -1 982 917 918 -1 919 982 918 -1 1008 982 919 -1 920 1008 919 -1 921 1008 920 -1 1008 921 922 -1 923 1008 922 -1 863 1008 923 -1 863 864 787 -1 788 863 787 -1 1008 863 788 -1 828 787 864 -1 865 828 864 -1 827 828 865 -1 826 827 865 -1 825 826 865 -1 866 825 865 -1 824 825 866 -1 823 824 866 -1 822 823 866 -1 867 822 866 -1 821 822 867 -1 820 821 867 -1 868 820 867 -1 819 820 868 -1 869 819 868 -1 870 819 869 -1 818 819 870 -1 871 818 870 -1 872 818 871 -1 817 818 872 -1 873 817 872 -1 816 817 873 -1 874 816 873 -1 815 816 874 -1 875 815 874 -1 876 815 875 -1 814 815 876 -1 877 814 876 -1 813 814 877 -1 878 813 877 -1 812 813 878 -1 879 812 878 -1 811 812 879 -1 880 811 879 -1 881 811 880 -1 811 881 882 -1 883 811 882 -1 884 811 883 -1 811 884 885 -1 886 811 885 -1 887 811 886 -1 811 887 888 -1 889 811 888 -1 890 811 889 -1 811 890 891 -1 892 811 891 -1 893 811 892 -1 811 893 894 -1 895 811 894 -1 896 811 895 -1 811 896 897 -1 898 811 897 -1 899 811 898 -1 811 899 900 -1 810 811 900 -1 809 810 900 -1 782 809 900 -1 781 782 900 -1 901 781 900 -1 780 781 901 -1 902 780 901 -1 829 780 902 -1 780 829 830 -1 831 780 830 -1 832 780 831 -1 780 832 833 -1 834 780 833 -1 835 780 834 -1 780 835 836 -1 837 780 836 -1 838 780 837 -1 780 838 839 -1 840 780 839 -1 728 780 840 -1 841 728 840 -1 842 728 841 -1 728 842 843 -1 844 728 843 -1 727 728 844 -1 845 727 844 -1 726 727 845 -1 846 726 845 -1 725 726 846 -1 847 725 846 -1 724 725 847 -1 848 724 847 -1 723 724 848 -1 723 848 849 -1 723 849 722 -1 722 849 850 -1 722 850 721 -1 721 850 851 -1 721 851 720 -1 720 851 852 -1 720 852 719 -1 719 852 853 -1 719 853 854 -1 719 854 718 -1 718 854 855 -1 718 855 717 -1 717 855 856 -1 717 856 716 -1 716 856 857 -1 716 857 715 -1 715 857 858 -1 715 858 714 -1 714 858 859 -1 714 859 713 -1 713 859 860 -1 713 860 712 -1 712 860 711 -1 711 860 861 -1 711 861 710 -1 710 861 709 -1 709 861 862 -1 709 862 708 -1 1008 788 789 -1 790 1008 789 -1 1008 790 791 -1 792 1008 791 -1 793 1008 792 -1 1008 793 794 -1 795 1008 794 -1 1009 1008 795 -1 796 1009 795 -1 797 1009 796 -1 1009 797 798 -1 799 1009 798 -1 800 1009 799 -1 1009 800 801 -1 802 1009 801 -1 803 1009 802 -1 1009 803 804 -1 805 1009 804 -1 806 1009 805 -1 1009 806 807 -1 1036 1009 807 -1 808 1036 807 -1 1035 1036 808 -1 786 1035 808 -1 1034 1035 786 -1 1033 1034 786 -1 1032 1033 786 -1 1031 1032 786 -1 1030 1031 786 -1 785 1030 786 -1 1029 1030 785 -1 1028 1029 785 -1 1027 1028 785 -1 1026 1027 785 -1 1025 1026 785 -1 1024 1025 785 -1 1023 1024 785 -1 1022 1023 785 -1 1021 1022 785 -1 1020 1021 785 -1 1019 1020 785 -1 1018 1019 785 -1 1017 1018 785 -1 1016 1017 785 -1 1015 1016 785 -1 1014 1015 785 -1 1013 1014 785 -1 1012 1013 785 -1 1011 1012 785 -1 1010 1011 785 -1 1080 1800 1010 785 -1 785 784 1062 -1 1063 785 1062 -1 1064 785 1063 -1 784 783 779 -1 1108 784 779 -1 1109 784 1108 -1 780 779 783 -1 781 780 783 -1 779 764 1099 -1 1100 779 1099 -1 1101 779 1100 -1 764 765 1097 -1 1098 764 1097 -1 1099 764 1098 -1 1096 1097 765 -1 766 1096 765 -1 1095 1096 766 -1 767 1095 766 -1 768 1095 767 -1 1094 1095 768 -1 769 1094 768 -1 1093 1094 769 -1 770 1093 769 -1 771 1093 770 -1 1092 1093 771 -1 772 1092 771 -1 773 1092 772 -1 1091 1092 773 -1 774 1091 773 -1 1090 1091 774 -1 775 1090 774 -1 776 1090 775 -1 1090 776 777 -1 1089 1090 777 -1 778 1089 777 -1 748 1089 778 -1 1088 1089 748 -1 749 1088 748 -1 1087 1088 749 -1 1086 1087 749 -1 1085 1086 749 -1 750 1085 749 -1 1084 1085 750 -1 1083 1084 750 -1 751 1083 750 -1 1082 1083 751 -1 1081 1082 751 -1 752 1081 751 -1 753 1081 752 -1 1121 1081 753 -1 754 1121 753 -1 755 1121 754 -1 1121 755 756 -1 757 1121 756 -1 758 1121 757 -1 1121 758 759 -1 1122 1121 759 -1 760 1122 759 -1 761 1122 760 -1 1122 761 762 -1 763 1122 762 -1 729 1122 763 -1 1122 729 730 -1 731 1122 730 -1 732 1122 731 -1 1122 732 733 -1 734 1122 733 -1 735 1122 734 -1 1122 735 736 -1 737 1122 736 -1 738 1122 737 -1 1122 738 739 -1 740 1122 739 -1 741 1122 740 -1 1122 741 742 -1 743 1122 742 -1 744 1122 743 -1 1122 744 745 -1 746 1122 745 -1 747 1122 746 -1 747 708 1123 -1 1122 747 1123 -1 779 1101 1102 -1 1103 779 1102 -1 1104 779 1103 -1 779 1104 1105 -1 1106 779 1105 -1 1107 779 1106 -1 779 1107 1108 -1 784 1109 1110 -1 1111 784 1110 -1 1046 784 1111 -1 1112 1046 1111 -1 1045 1046 1112 -1 1113 1045 1112 -1 1044 1045 1113 -1 1114 1044 1113 -1 1043 1044 1114 -1 1115 1043 1114 -1 1042 1043 1115 -1 1116 1042 1115 -1 1041 1042 1116 -1 1117 1041 1116 -1 1040 1041 1117 -1 1118 1040 1117 -1 1039 1040 1118 -1 1119 1039 1118 -1 1038 1039 1119 -1 1120 1038 1119 -1 1037 1038 1120 3206 2761 -1 784 1046 1047 -1 1048 784 1047 -1 1049 784 1048 -1 784 1049 1050 -1 1051 784 1050 -1 1052 784 1051 -1 784 1052 1053 -1 1054 784 1053 -1 1055 784 1054 -1 784 1055 1056 -1 1057 784 1056 -1 1058 784 1057 -1 784 1058 1059 -1 1060 784 1059 -1 1061 784 1060 -1 784 1061 1062 -1 785 1064 1065 -1 1066 785 1065 -1 1067 785 1066 -1 785 1067 1068 -1 1069 785 1068 -1 1070 785 1069 -1 785 1070 1071 -1 1072 785 1071 -1 1073 785 1072 -1 785 1073 1074 -1 1075 785 1074 -1 1076 785 1075 -1 785 1076 1077 -1 1078 785 1077 -1 1079 785 1078 -1 785 1079 1080 -1 2463 1149 2460 -1 2466 1150 1149 2463 -1 2471 1150 2466 -1 2474 1151 1150 2471 -1 2481 1151 2474 -1 2484 1152 1151 2481 -1 2490 1152 2484 -1 2493 1153 1152 2490 -1 2428 1153 2493 -1 2429 1154 1153 2428 -1 2427 1154 2429 -1 2444 1155 1154 2427 -1 2424 1155 2444 -1 2425 1156 1155 2424 -1 2421 1156 2425 -1 2422 1157 1156 2421 -1 2423 1157 2422 -1 2426 1158 1157 2423 -1 2418 1158 2426 -1 2419 1159 1158 2418 -1 2420 1159 2419 -1 2446 1160 1159 2420 -1 2386 1160 2446 -1 2387 1161 1160 2386 -1 2387 2388 1161 -1 2388 2389 1162 1161 -1 2389 2385 1162 -1 2385 2383 1163 1162 -1 2383 2384 1163 -1 2384 2409 1164 1163 -1 2409 2410 1164 -1 2410 2412 1165 1164 -1 2352 2351 1166 -1 2351 2350 1167 1166 -1 2350 2349 1167 -1 2349 2348 1168 1167 -1 2348 2347 1168 -1 2347 2346 1169 1168 -1 2346 2345 1169 -1 2345 2344 1170 1169 -1 2344 2343 1170 -1 2343 2342 1171 1170 -1 2342 2341 1171 -1 2341 2340 1172 1171 -1 2340 2339 1172 -1 2339 2338 1173 1172 -1 2338 2337 1173 -1 2337 2336 1174 1173 -1 2336 2335 1174 -1 2335 2407 1175 1174 -1 2407 2405 1175 -1 2405 2404 1176 1175 -1 2404 2401 1176 -1 2401 2400 1177 1176 -1 2400 2397 1177 -1 2397 2396 1178 1177 -1 2363 1178 2396 -1 2361 1179 1178 2363 -1 2362 1179 2361 -1 2373 1180 1179 2362 -1 2366 1180 2373 -1 2364 1181 1180 2366 -1 2365 1181 2364 -1 2372 1182 1181 2365 -1 2370 1182 2372 -1 2371 1183 1182 2370 -1 2369 1183 2371 -1 2367 1184 1183 2369 -1 2368 1184 2367 -1 2393 1185 1184 2368 -1 2374 1185 2393 -1 2375 1186 1185 2374 -1 2376 1186 2375 -1 2382 1187 1186 2376 -1 2380 1187 2382 -1 2381 1188 1187 2380 -1 2379 1188 2381 -1 2377 1189 1188 2379 -1 2378 1189 2377 -1 2394 1190 1189 2378 -1 2395 1190 2394 -1 2398 1191 1190 2395 -1 2399 1191 2398 -1 2402 1192 1191 2399 -1 2403 1192 2402 -1 2406 1193 1192 2403 -1 2408 1193 2406 -1 2411 1194 1193 2408 -1 2434 1194 2411 -1 2435 1195 1194 2434 -1 2437 1195 2435 -1 2439 1196 1195 2437 -1 2442 1196 2439 -1 2443 1197 1196 2442 -1 2459 1197 2443 -1 2460 1149 1197 2459 -1 2412 2413 1165 -1 2413 2414 1198 1165 -1 2414 2415 1198 -1 2415 2416 1199 1198 -1 2416 2417 1199 -1 2417 2359 1200 1199 -1 2359 2360 1200 -1 1201 1200 2360 1922 1918 -1 1918 1917 1201 -1 1917 1925 1202 1201 -1 1925 1911 1202 -1 1911 1910 1203 1202 -1 1910 1915 1203 -1 1915 1913 1204 1203 -1 1913 1914 1204 -1 1914 1946 1205 1204 -1 1946 1907 1205 -1 1907 1905 1206 1205 -1 1905 1906 1206 -1 1906 1908 1798 1206 -1 1908 1904 1798 -1 1904 1902 1207 1798 -1 1902 1903 1207 -1 1903 1909 1208 1207 -1 1909 1898 1208 -1 1898 1899 1209 1208 -1 1899 1900 1209 -1 1900 1901 1210 1209 -1 1901 1897 1210 -1 1897 1895 1211 1210 -1 1895 1896 1211 -1 1896 1891 1212 1211 -1 1891 1889 1212 -1 1889 1887 1213 1212 -1 1887 1888 1213 -1 1888 1890 1214 1213 -1 2333 1214 1890 -1 2333 2320 1215 1214 -1 2320 2315 1215 -1 2315 2313 1216 1215 -1 2313 2314 1216 -1 2314 2319 1217 1216 -1 2319 2318 1217 -1 2318 2317 1218 1217 -1 2317 2316 1218 -1 2316 2332 1219 1218 -1 2332 2331 1219 -1 2331 2330 1220 1219 -1 2330 2329 1220 -1 2329 2328 1221 1220 -1 2328 2327 1221 -1 2327 2326 1222 1221 -1 2326 2325 1222 -1 2325 2324 1223 1222 -1 2324 2323 1223 -1 2323 2322 1224 1223 -1 2322 2321 1224 -1 2321 2358 1225 1224 -1 2358 2357 1225 -1 2357 2356 1226 1225 -1 2356 2355 1226 -1 2355 2354 1227 1226 -1 2354 2353 1227 -1 2353 2352 1166 1227 -1 2390 2334 1228 -1 1229 1228 2334 2169 -1 2504 2503 1230 -1 2503 2502 1231 1230 -1 2502 2501 1231 -1 2501 2500 1232 1231 -1 2500 2499 1232 -1 2499 2498 1233 1232 -1 2498 2497 1233 -1 2497 2552 1234 1233 -1 2552 2496 1234 -1 2496 2495 1235 1234 -1 2495 2494 1235 -1 2494 2492 1236 1235 -1 2492 2491 1236 -1 2491 2489 1237 1236 -1 2489 2488 1237 -1 2488 2487 1238 1237 -1 2487 2486 1238 -1 2486 2485 1239 1238 -1 2485 2483 1239 -1 2483 2482 1240 1239 -1 2482 2480 1240 -1 2480 2479 1241 1240 -1 2479 2478 1241 -1 2478 2477 1242 1241 -1 2477 2476 1242 -1 2476 2475 1243 1242 -1 2475 2473 1243 -1 2473 2472 1244 1243 -1 2472 2470 1244 -1 2470 2469 1245 1244 -1 2469 2468 1245 -1 2468 2467 1246 1245 -1 2467 2465 1246 -1 2465 2464 1247 1246 -1 2464 2462 1247 -1 2462 2461 1248 1247 -1 2461 2458 1248 -1 2458 2457 1249 1248 -1 2457 2441 1249 -1 2441 2440 1250 1249 -1 2440 2438 1250 -1 2438 2436 1251 1250 -1 2436 2433 1251 -1 2433 2432 1252 1251 -1 2432 2530 1252 -1 2530 2529 1253 1252 -1 2529 2528 1253 -1 2528 2527 1254 1253 -1 2527 2526 1254 -1 2526 2525 1255 1254 -1 2525 2524 1255 -1 2524 2523 1256 1255 -1 2523 2522 1256 -1 2522 2521 1257 1256 -1 2521 2520 1257 -1 2520 2519 1258 1257 -1 2519 2518 1258 -1 2518 2517 1259 1258 -1 2517 2516 1259 -1 2516 2515 1260 1259 -1 2515 2514 1260 -1 2514 2392 1261 1260 -1 2392 2391 1261 -1 2391 2390 1228 1261 -1 1936 1262 1942 -1 1935 1263 1262 1936 -1 1933 1263 1935 -1 1932 1264 1263 1933 -1 1934 1264 1932 -1 1940 1265 1264 1934 -1 1939 1265 1940 -1 1938 1266 1265 1939 -1 1937 1266 1938 -1 1941 1267 1266 1937 -1 1962 1267 1941 -1 1960 1268 1267 1962 -1 1959 1268 1960 -1 1958 1269 1268 1959 -1 1977 1269 1958 -1 1976 1270 1269 1977 -1 1976 1975 1270 -1 1271 1270 1975 1974 2431 -1 2431 2430 1271 -1 2430 2445 1272 1271 -1 2445 2450 1272 -1 2450 2449 1273 1272 -1 2449 2454 1273 -1 2454 2455 1274 1273 -1 2455 2513 1274 -1 2513 2512 1275 1274 -1 2512 2511 1275 -1 2511 2510 1276 1275 -1 2510 2509 1276 -1 2509 2508 1277 1276 -1 2508 2507 1277 -1 2507 2506 1278 1277 -1 2506 2505 1278 -1 2505 2504 1230 1278 -1 1884 1279 1883 -1 1885 1280 1279 1884 -1 1886 1280 1885 -1 1892 1281 1280 1886 -1 1893 1281 1892 -1 1894 1282 1281 1893 -1 1947 1282 1894 -1 1948 1283 1282 1947 -1 1949 1283 1948 -1 1916 1284 1283 1949 -1 1912 1284 1916 -1 1926 1285 1284 1912 -1 1919 1285 1926 -1 1924 1286 1285 1919 -1 1923 1286 1924 -1 1921 1287 1286 1923 -1 1920 1287 1921 -1 1945 1288 1287 1920 -1 1944 1288 1945 -1 1943 1289 1288 1944 -1 1931 1289 1943 -1 1930 1290 1289 1931 -1 1929 1290 1930 -1 1928 1291 1290 1929 -1 1927 1291 1928 -1 1942 1262 1291 1927 -1 1881 1292 1880 -1 1883 1279 1292 1881 -1 2310 1293 2312 -1 1880 1292 1293 2310 1882 -1 2311 1229 2169 -1 2312 1293 1229 2311 -1 1270 1164 1165 -1 1198 1270 1165 -1 1199 1270 1198 -1 1270 1199 1200 -1 1201 1270 1200 -1 1202 1270 1201 -1 1270 1202 1203 -1 1204 1270 1203 -1 1205 1270 1204 -1 1270 1205 1206 -1 1798 1270 1206 -1 1207 1208 1281 -1 1282 1207 1281 -1 1283 1207 1282 -1 1280 1281 1208 -1 1209 1280 1208 -1 1210 1280 1209 -1 1279 1280 1210 -1 1211 1279 1210 -1 1212 1279 1211 -1 1279 1212 1213 -1 1214 1279 1213 -1 1215 1279 1214 -1 1279 1215 1216 -1 1292 1279 1216 -1 1217 1292 1216 -1 1218 1292 1217 -1 1293 1292 1218 -1 1219 1293 1218 -1 1220 1293 1219 -1 1293 1220 1221 -1 1222 1293 1221 -1 1223 1293 1222 -1 1293 1223 1224 -1 1225 1293 1224 -1 1226 1293 1225 -1 1293 1226 1227 -1 1166 1293 1227 -1 1167 1293 1166 -1 1293 1167 1168 -1 1169 1293 1168 -1 1170 1293 1169 -1 1293 1170 1171 -1 1172 1293 1171 -1 1173 1293 1172 -1 1293 1173 1174 -1 1175 1293 1174 -1 1176 1293 1175 -1 1229 1293 1176 -1 1177 1229 1176 -1 1178 1229 1177 -1 1228 1229 1178 -1 1179 1228 1178 -1 1180 1228 1179 -1 1228 1180 1181 -1 1182 1228 1181 -1 1183 1228 1182 -1 1261 1228 1183 -1 1184 1261 1183 -1 1260 1261 1184 -1 1185 1260 1184 -1 1259 1260 1185 -1 1186 1259 1185 -1 1258 1259 1186 -1 1187 1258 1186 -1 1188 1258 1187 -1 1257 1258 1188 -1 1189 1257 1188 -1 1256 1257 1189 -1 1190 1256 1189 -1 1255 1256 1190 -1 1191 1255 1190 -1 1254 1255 1191 -1 1192 1254 1191 -1 1193 1254 1192 -1 1253 1254 1193 -1 1194 1253 1193 -1 1252 1253 1194 -1 1195 1252 1194 -1 1251 1252 1195 -1 1250 1251 1195 -1 1249 1250 1195 -1 1248 1249 1195 -1 1247 1248 1195 -1 1196 1247 1195 -1 1246 1247 1196 -1 1245 1246 1196 -1 1244 1245 1196 -1 1197 1244 1196 -1 1149 1244 1197 -1 1244 1149 1150 -1 1151 1244 1150 -1 1243 1244 1151 -1 1242 1243 1151 -1 1241 1242 1151 -1 1152 1241 1151 -1 1240 1241 1152 -1 1239 1240 1152 -1 1238 1239 1152 -1 1237 1238 1152 -1 1153 1237 1152 -1 1236 1237 1153 -1 1235 1236 1153 -1 1234 1235 1153 -1 1154 1234 1153 -1 1233 1234 1154 -1 1232 1233 1154 -1 1231 1232 1154 -1 1155 1231 1154 -1 1230 1231 1155 -1 1278 1230 1155 -1 1156 1278 1155 -1 1277 1278 1156 -1 1276 1277 1156 -1 1157 1276 1156 -1 1275 1276 1157 -1 1158 1275 1157 -1 1274 1275 1158 -1 1159 1274 1158 -1 1273 1274 1159 -1 1272 1273 1159 -1 1160 1272 1159 -1 1271 1272 1160 -1 1161 1271 1160 -1 1270 1271 1161 -1 1162 1270 1161 -1 1163 1270 1162 -1 1270 1163 1164 -1 1207 1283 1284 -1 1285 1207 1284 -1 1286 1207 1285 -1 1207 1286 1287 -1 1288 1207 1287 -1 1289 1207 1288 -1 1207 1289 1290 -1 1291 1207 1290 -1 1262 1207 1291 -1 1207 1262 1263 -1 1264 1207 1263 -1 1265 1207 1264 -1 1207 1265 1266 -1 1267 1207 1266 -1 1268 1207 1267 -1 1207 1268 1269 -1 1270 1798 1207 1269 -1 984 985 499 -1 985 986 499 -1 986 987 499 -1 989 990 512 -1 "
						                >
							<Coordinate USE="coords_ME_Body" />
							<TextureCoordinate point="0.0000 0.0000 0.0000 0.0000 0.0000 0.0000 0.0000 0.0000 0.0000 0.0000 0.0000 0.0000 0.0000 0.0000 0.0000 0.0000 0.0000 0.0000 0.0000 0.0000 0.0000 0.0000 0.0000 0.0000 0.0000 0.0000 0.0000 0.0000 0.0000 0.0000 0.0000 0.0000 0.0000 0.0000 0.0000 0.0000 0.0000 0.0000 0.0000 0.0000 0.0000 0.0000 0.0000 0.0000 0.0000 0.0000 0.0000 0.0000 0.0000 0.0000 0.0000 0.0000 0.0000 0.0000 0.0000 0.0000 0.0000 0.0000 0.0000 0.0000 0.0000 0.0000 0.0000 0.0000 0.0000 0.0000 0.0000 0.0000 0.0000 0.0000 0.0000 0.0000 0.0000 0.0000 0.0000 0.0000 0.0000 0.0000 0.0000 0.0000 0.0000 0.0000 0.0000 0.0000 0.0000 0.0000 0.0000 0.0000 0.0000 0.0000 0.0000 0.0000 0.0000 0.0000 0.0000 0.0000 0.0000 0.0000 0.0000 0.0000 0.0000 0.0000 0.0000 0.0000 0.0000 0.0000 0.0000 0.0000 0.0000 0.0000 0.0000 0.0000 0.0000 0.0000 0.0000 0.0000 0.0000 0.0000 0.0000 0.0000 0.0000 0.0000 0.0000 0.0000 0.0000 0.0000 0.0000 0.0000 0.0000 0.0000 0.0000 0.0000 0.0000 0.0000 0.0000 0.0000 0.0000 0.0000 0.0000 0.0000 0.0000 0.0000 0.0000 0.0000 0.0000 0.0000 0.0000 0.0000 0.0000 0.0000 0.0000 0.0000 0.0000 0.0000 0.0000 0.0000 0.0000 0.0000 0.0000 0.0000 0.0000 0.0000 0.0000 0.0000 0.0000 0.0000 0.0000 0.0000 0.0000 0.0000 0.0000 0.0000 0.0000 0.0000 0.0000 0.0000 0.0000 0.0000 0.0000 0.0000 0.0000 0.0000 0.0000 0.0000 0.0000 0.0000 0.0000 0.0000 0.0000 0.0000 0.0000 0.0000 0.0000 0.0000 0.0000 0.0000 0.0000 0.0000 0.0000 0.0000 0.0000 0.0000 0.0000 0.0000 0.0000 0.0000 0.0000 0.0000 0.0000 0.0000 0.0000 0.0000 0.0000 0.0000 0.0000 0.0000 0.0000 0.0000 0.0000 0.0000 0.0000 0.0000 0.0000 0.0000 0.0000 0.0000 0.0000 0.0000 0.0000 0.0000 0.0000 0.0000 0.0000 0.0000 0.0000 0.0000 0.0000 0.0000 0.0000 0.0000 0.0000 0.0000 0.0000 0.0000 0.0000 0.0000 0.0000 0.0000 0.0000 0.0000 0.0000 0.0000 0.0000 0.0000 0.0000 0.0000 0.0000 0.0000 0.0000 0.0000 0.0000 0.0000 0.0000 0.0000 0.0000 0.0000 0.0000 0.0000 0.0000 0.0000 0.0000 0.0000 0.0000 0.0000 0.0000 0.0000 0.0000 0.0000 0.0000 0.0000 0.0000 0.0000 0.0000 0.0000 0.0000 0.0000 0.0000 0.0000 0.0000 0.0000 0.0000 0.0000 0.0000 0.0000 0.0000 0.0000 0.0000 0.0000 0.0000 0.0000 0.0000 0.0000 0.0000 0.0000 0.0000 0.0000 0.0000 0.0000 0.0000 0.0000 0.0000 0.0000 0.0000 0.0000 0.0000 0.0000 0.0000 0.0000 0.0000 0.0000 0.0000 0.0000 0.0000 0.0000 0.0000 0.0000 0.0000 0.0000 0.0000 0.0000 0.0000 0.0000 0.0000 0.0000 0.0000 0.0000 0.0000 0.0000 0.0000 0.0000 0.0000 0.0000 0.0000 0.0000 0.0000 0.0000 0.0000 0.0000 0.0000 0.0000 0.0000 0.0000 0.0000 0.0000 0.0000 0.0000 0.0000 0.0000 0.0000 0.0000 0.0000 0.0000 0.0000 0.0000 0.0000 0.0000 0.0000 0.0000 0.0000 0.0000 0.0000 0.0000 0.0000 0.0000 0.0000 0.0000 0.0000 0.0000 0.0000 0.0000 0.0000 0.0000 0.0000 0.0000 0.0000 0.0000 0.0000 0.0000 0.0000 0.0000 0.0000 0.0000 0.0000 0.0000 0.0000 0.0000 0.0000 0.0000 0.0000 0.0000 0.0000 0.0000 0.0000 0.0000 0.0000 0.0000 0.0000 0.0000 0.0000 0.0000 0.0000 0.0000 0.0000 0.0000 0.0000 0.0000 0.0000 0.0000 0.0000 0.0000 0.0000 0.0000 0.0000 0.0000 0.0000 0.0000 0.0000 0.0000 0.0000 0.0000 0.0000 0.0000 0.0000 0.0000 0.0000 0.0000 0.0000 0.0000 0.0000 0.0000 0.0000 0.0000 0.0000 0.0000 0.0000 0.0000 0.0000 0.0000 0.0000 0.0000 0.0000 0.0000 0.0000 0.0000 0.0000 0.0000 0.0000 0.0000 0.0000 0.0000 0.0000 0.0000 0.0000 0.0000 0.0000 0.0000 0.0000 0.0000 0.0000 0.0000 0.0000 0.0000 0.0000 0.0000 0.0000 0.0000 0.0000 0.0000 0.0000 0.0000 0.0000 0.0000 0.0000 0.0000 0.0000 0.0000 0.0000 0.0000 0.0000 0.0000 0.0000 0.0000 0.0000 0.0000 0.0000 0.0000 0.0000 0.0000 0.0000 0.0000 0.0000 0.0000 0.0000 0.0000 0.0000 0.0000 0.0000 0.0000 0.0000 0.0000 0.0000 0.0000 0.0000 0.0000 0.0000 0.0000 0.0000 0.0000 0.0000 0.0000 0.0000 0.0000 0.0000 0.0000 0.0000 0.0000 0.0000 0.0000 0.0000 0.0000 0.0000 0.0000 0.0000 0.0000 0.0000 0.0000 0.0000 0.0000 0.0000 0.0000 0.0000 0.0000 0.0000 0.0000 0.0000 0.0000 0.0000 0.0000 0.0000 0.0000 0.0000 0.0000 0.0000 0.0000 0.0000 0.0000 0.0000 0.0000 0.0000 0.0000 0.0000 0.0000 0.0000 0.0000 0.0000 0.0000 0.0000 0.0000 0.0000 0.0000 0.0000 0.0000 0.0000 0.0000 0.0000 0.0000 0.0000 0.0000 0.0000 0.0000 0.0000 0.0000 0.0000 0.0000 0.0000 0.0000 0.0000 0.0000 0.0000 0.0000 0.0000 0.0000 0.0000 0.0000 0.0000 0.0000 0.0000 0.0000 0.0000 0.0000 0.0000 0.0000 0.0000 0.0000 0.0000 0.0000 0.0000 0.0000 0.0000 0.0000 0.0000 0.0000 0.0000 0.0000 0.0000 0.0000 0.0000 0.0000 0.0000 0.0000 0.0000 0.0000 0.0000 0.0000 0.0000 0.0000 0.0000 0.0000 0.0000 0.0000 0.0000 0.0000 0.0000 0.0000 0.0000 0.0000 0.0000 0.0000 0.0000 0.0000 0.0000 0.0000 0.0000 0.0000 0.0000 0.0000 0.0000 0.0000 0.0000 0.0000 0.0000 0.0000 0.0000 0.0000 0.0000 0.0000 0.0000 0.0000 0.0000 0.0000 0.0000 0.0000 0.0000 0.0000 0.0000 0.0000 0.0000 0.0000 0.0000 0.0000 0.0000 0.0000 0.0000 0.0000 0.0000 0.0000 0.0000 0.0000 0.0000 0.0000 0.0000 0.0000 0.0000 0.0000 0.0000 0.0000 0.0000 0.0000 0.0000 0.0000 0.0000 0.0000 0.0000 0.0000 0.0000 0.0000 0.0000 0.0000 0.0000 0.0000 0.0000 0.0000 0.0000 0.0000 0.0000 0.0000 0.0000 0.0000 0.0000 0.0000 0.0000 0.0000 0.0000 0.0000 0.0000 0.0000 0.0000 0.0000 0.0000 0.0000 0.0000 0.0000 0.0000 0.0000 0.0000 0.0000 0.0000 0.0000 0.0000 0.0000 0.0000 0.0000 0.0000 0.0000 0.0000 0.0000 0.0000 0.0000 0.0000 0.0000 0.0000 0.0000 0.0000 0.0000 0.0000 0.0000 0.0000 0.0000 0.0000 0.0000 0.0000 0.0000 0.0000 0.0000 0.0000 0.0000 0.0000 0.0000 0.0000 0.0000 0.0000 0.0000 0.0000 0.0000 0.0000 0.0000 0.0000 0.0000 0.0000 0.0000 0.0000 0.0000 0.0000 0.0000 0.0000 0.0000 0.0000 0.0000 0.0000 0.0000 0.0000 0.0000 0.0000 0.0000 0.0000 0.0000 0.0000 0.0000 0.0000 0.0000 0.0000 0.0000 0.0000 0.0000 0.0000 0.0000 0.0000 0.0000 0.0000 0.0000 0.0000 0.0000 0.0000 0.0000 0.0000 0.0000 0.0000 0.0000 0.0000 0.0000 0.0000 0.0000 0.0000 0.0000 0.0000 0.0000 0.0000 0.0000 0.0000 0.0000 0.0000 0.0000 0.0000 0.0000 0.0000 0.0000 0.0000 0.0000 0.0000 0.0000 0.0000 0.0000 0.0000 0.0000 0.0000 0.0000 0.0000 0.0000 0.0000 0.0000 0.0000 0.0000 0.0000 0.0000 0.0000 0.0000 0.0000 0.0000 0.0000 0.0000 0.0000 0.0000 0.0000 0.0000 0.0000 0.0000 0.0000 0.0000 0.0000 0.0000 0.0000 0.0000 0.0000 0.0000 0.0000 0.0000 0.0000 0.0000 0.0000 0.0000 0.0000 0.0000 0.0000 0.0000 0.0000 0.0000 0.0000 0.0000 0.0000 0.0000 0.0000 0.0000 0.0000 0.0000 0.0000 0.0000 0.0000 0.0000 0.0000 0.0000 0.0000 0.0000 0.0000 0.0000 0.0000 0.0000 0.0000 0.0000 0.0000 0.0000 0.0000 0.0000 0.0000 0.0000 0.0000 0.0000 0.0000 0.0000 0.0000 0.0000 0.0000 0.0000 0.0000 0.0000 0.0000 0.0000 0.0000 0.0000 0.0000 0.0000 0.0000 0.0000 0.0000 0.0000 0.0000 0.0000 0.0000 0.0000 0.0000 0.0000 0.0000 0.0000 0.0000 0.0000 0.0000 0.0000 0.0000 0.0000 0.0000 0.0000 0.0000 0.0000 0.0000 0.0000 0.0000 0.0000 0.0000 0.0000 0.0000 0.0000 0.0000 0.0000 0.0000 0.0000 0.0000 0.0000 0.0000 0.0000 0.0000 0.0000 0.0000 0.0000 0.0000 0.0000 0.0000 0.0000 0.0000 0.0000 0.0000 0.0000 0.0000 0.0000 0.0000 0.0000 0.0000 0.0000 0.0000 0.0000 0.0000 0.0000 0.0000 0.0000 0.0000 0.0000 0.0000 0.0000 0.0000 0.0000 0.0000 0.0000 0.0000 0.0000 0.0000 0.0000 0.0000 0.0000 0.0000 0.0000 0.0000 0.0000 0.0000 0.0000 0.0000 0.0000 0.0000 0.0000 0.0000 0.0000 0.0000 0.0000 0.0000 0.0000 0.0000 0.0000 0.0000 0.0000 0.0000 0.0000 0.0000 0.0000 0.0000 0.0000 0.0000 0.0000 0.0000 0.0000 0.0000 0.0000 0.0000 0.0000 0.0000 0.0000 0.0000 0.0000 0.0000 0.0000 0.0000 0.0000 0.0000 0.0000 0.0000 0.0000 0.0000 0.0000 0.0000 0.0000 0.0000 0.0000 0.0000 0.0000 0.0000 0.0000 0.0000 0.0000 0.0000 0.0000 0.0000 0.0000 0.0000 0.0000 0.0000 0.0000 0.0000 0.0000 0.0000 0.0000 0.0000 0.0000 0.0000 0.0000 0.0000 0.0000 0.0000 0.0000 0.0000 0.0000 0.0000 0.0000 0.0000 0.0000 0.0000 0.0000 0.0000 0.0000 0.0000 0.0000 0.0000 0.0000 0.0000 0.0000 0.0000 0.0000 0.0000 0.0000 0.0000 0.0000 0.0000 0.0000 0.0000 0.0000 0.0000 0.0000 0.0000 0.0000 0.0000 0.0000 0.0000 0.0000 0.0000 0.0000 0.0000 0.0000 0.0000 0.0000 0.0000 0.0000 0.0000 0.0000 0.0000 0.0000 0.0000 0.0000 0.0000 0.0000 0.0000 0.0000 0.0000 0.0000 0.0000 0.0000 0.0000 0.0000 0.0000 0.0000 0.0000 0.0000 0.0000 0.0000 0.0000 0.0000 0.0000 0.0000 0.0000 0.0000 0.0000 0.0000 0.0000 0.0000 0.0000 0.0000 0.0000 0.0000 0.0000 0.0000 0.0000 0.0000 0.0000 0.0000 0.0000 0.0000 0.0000 0.0000 0.0000 0.0000 0.0000 0.0000 0.0000 0.0000 0.0000 0.0000 0.0000 0.0000 0.0000 0.0000 0.0000 0.0000 0.0000 0.0000 0.0000 0.0000 0.0000 0.0000 0.0000 0.0000 0.0000 0.0000 0.0000 0.0000 0.0000 0.0000 0.0000 0.0000 0.0000 0.0000 0.0000 0.0000 0.0000 0.0000 0.0000 0.0000 0.0000 0.0000 0.0000 0.0000 0.0000 0.0000 0.0000 0.0000 0.0000 0.0000 0.0000 0.0000 0.0000 0.0000 0.0000 0.0000 0.0000 0.0000 0.0000 0.0000 0.0000 0.0000 0.0000 0.0000 0.0000 0.0000 0.0000 0.0000 0.0000 0.0000 0.0000 0.0000 0.0000 0.0000 0.0000 0.0000 0.0000 0.0000 0.0000 0.0000 0.0000 0.0000 0.0000 0.0000 0.0000 0.0000 0.0000 0.0000 0.0000 0.0000 0.0000 0.0000 0.0000 0.0000 0.0000 0.0000 0.0000 0.0000 0.0000 0.0000 0.0000 0.0000 0.0000 0.0000 0.0000 0.0000 0.0000 0.0000 0.0000 0.0000 0.0000 0.0000 0.0000 0.0000 0.0000 0.0000 0.0000 0.0000 0.0000 0.0000 0.0000 0.0000 0.0000 0.0000 0.0000 0.0000 0.0000 0.0000 0.0000 0.0000 0.0000 0.0000 0.0000 0.0000 0.0000 0.0000 0.0000 0.0000 0.0000 0.0000 0.0000 0.0000 0.0000 0.0000 0.0000 0.0000 0.0000 0.0000 0.0000 0.0000 0.0000 0.0000 0.0000 0.0000 0.0000 0.0000 0.0000 0.0000 0.0000 0.0000 0.0000 0.0000 0.0000 0.0000 0.0000 0.0000 0.0000 0.0000 0.0000 0.0000 0.0000 0.0000 0.0000 0.0000 0.0000 0.0000 0.0000 0.0000 0.0000 0.0000 0.0000 0.0000 0.0000 0.0000 0.0000 0.0000 0.0000 0.0000 0.0000 0.0000 0.0000 0.0000 0.0000 0.0000 0.0000 0.0000 0.0000 0.0000 0.0000 0.0000 0.0000 0.0000 0.0000 0.0000 0.0000 0.0000 0.0000 0.0000 0.0000 0.0000 0.0000 0.0000 0.0000 0.0000 0.0000 0.0000 0.0000 0.0000 0.0000 0.0000 0.0000 0.0000 0.0000 0.0000 0.0000 0.0000 0.0000 0.0000 0.0000 0.0000 0.0000 0.0000 0.0000 0.0000 0.0000 0.0000 0.0000 0.0000 0.0000 0.0000 0.0000 0.0000 0.0000 0.0000 0.0000 0.0000 0.0000 0.0000 0.0000 0.0000 0.0000 0.0000 0.0000 0.0000 0.0000 0.0000 0.0000 0.0000 0.0000 0.0000 0.0000 0.0000 0.0000 0.0000 0.0000 0.0000 0.0000 0.0000 0.0000 0.0000 0.0000 0.0000 0.0000 0.0000 0.0000 0.0000 0.0000 0.0000 0.0000 0.0000 0.0000 0.0000 0.0000 0.0000 0.0000 0.0000 0.0000 0.0000 0.0000 0.0000 0.0000 0.0000 0.0000 0.0000 0.0000 0.0000 0.0000 0.0000 0.0000 0.0000 0.0000 0.0000 0.0000 0.0000 0.0000 0.0000 0.0000 0.0000 0.0000 0.0000 0.0000 0.0000 0.0000 0.0000 0.0000 0.0000 0.0000 0.0000 0.0000 0.0000 0.0000 0.0000 0.0000 0.0000 0.0000 0.0000 0.0000 0.0000 0.0000 0.0000 0.0000 0.0000 0.0000 0.0000 0.0000 0.0000 0.0000 0.0000 0.0000 0.0000 0.0000 0.0000 0.0000 0.0000 0.0000 0.0000 0.0000 0.0000 0.0000 0.0000 0.0000 0.0000 0.0000 0.0000 0.0000 0.0000 0.0000 0.0000 0.0000 0.0000 0.0000 0.0000 0.0000 0.0000 0.0000 0.0000 0.0000 0.0000 0.0000 0.0000 0.0000 0.0000 0.0000 0.0000 0.0000 0.0000 0.0000 0.0000 0.0000 0.0000 0.0000 0.0000 0.0000 0.0000 0.0000 0.0000 0.0000 0.0000 0.0000 0.0000 0.0000 0.0000 0.0000 0.0000 0.0000 0.0000 0.0000 0.0000 0.0000 0.0000 0.0000 0.0000 0.0000 0.0000 0.0000 0.0000 0.0000 0.0000 0.0000 0.0000 0.0000 0.0000 0.0000 0.0000 0.0000 0.0000 0.0000 0.0000 0.0000 0.0000 0.0000 0.0000 0.0000 0.0000 0.0000 0.0000 0.0000 0.0000 0.0000 0.0000 0.0000 0.0000 0.0000 0.0000 0.0000 0.0000 0.0000 0.0000 0.0000 0.0000 0.0000 0.0000 0.0000 0.0000 0.0000 0.0000 0.0000 0.0000 0.0000 0.0000 0.0000 0.0000 0.0000 0.0000 0.0000 0.0000 0.0000 0.0000 0.0000 0.0000 0.0000 0.0000 0.0000 0.0000 0.0000 0.0000 0.0000 0.0000 0.0000 0.0000 0.0000 0.0000 0.0000 0.0000 0.0000 0.0000 0.0000 0.0000 0.0000 0.0000 0.0000 0.0000 0.0000 0.0000 0.0000 0.0000 0.0000 0.0000 0.0000 0.0000 0.0000 0.0000 0.0000 0.0000 0.0000 0.0000 0.0000 0.0000 0.0000 0.0000 0.0000 0.0000 0.0000 0.0000 0.0000 0.0000 0.0000 0.0000 0.0000 0.0000 0.0000 0.0000 0.0000 0.0000 0.0000 0.0000 0.0000 0.0000 0.0000 0.0000 0.0000 0.0000 0.0000 0.0000 0.0000 0.0000 0.0000 0.0000 0.0000 0.0000 0.0000 0.0000 0.0000 0.0000 0.0000 0.0000 0.0000 0.0000 0.0000 0.0000 0.0000 0.0000 0.0000 0.0000 0.0000 0.0000 0.0000 0.0000 0.0000 0.0000 0.0000 0.0000 0.0000 0.0000 0.0000 0.0000 0.0000 0.0000 0.0000 0.0000 0.0000 0.0000 0.0000 0.0000 0.0000 0.0000 0.0000 0.0000 0.0000 0.0000 0.0000 0.0000 0.0000 0.0000 0.0000 0.0000 0.0000 0.0000 0.0000 0.0000 0.0000 0.0000 0.0000 0.0000 0.0000 0.0000 0.0000 0.0000 0.0000 0.0000 0.0000 0.0000 0.0000 0.0000 0.0000 0.0000 0.0000 0.0000 0.0000 0.0000 0.0000 0.0000 0.0000 0.0000 0.0000 0.0000 0.0000 0.0000 0.0000 0.0000 0.0000 0.0000 0.0000 0.0000 0.0000 0.0000 0.0000 0.0000 0.0000 0.0000 0.0000 0.0000 0.0000 0.0000 0.0000 0.0000 0.0000 0.0000 0.0000 0.0000 0.0000 0.0000 0.0000 0.0000 0.0000 0.0000 0.0000 0.0000 0.0000 0.0000 0.0000 0.0000 0.0000 0.0000 0.0000 0.0000 0.0000 0.0000 0.0000 0.0000 0.0000 0.0000 0.0000 0.0000 0.0000 0.0000 0.0000 0.0000 0.0000 0.0000 0.0000 0.0000 0.0000 0.0000 0.0000 0.0000 0.0000 0.0000 0.0000 0.0000 0.0000 0.0000 0.0000 0.0000 0.0000 0.0000 0.0000 0.0000 0.0000 0.0000 0.0000 0.0000 0.0000 0.0000 0.0000 0.0000 0.0000 0.0000 0.0000 0.0000 0.0000 0.0000 0.0000 0.0000 0.0000 0.0000 0.0000 0.0000 0.0000 0.0000 0.0000 0.0000 0.0000 0.0000 0.0000 0.0000 0.0000 0.0000 0.0000 0.0000 0.0000 0.0000 0.0000 0.0000 0.0000 0.0000 0.0000 0.0000 0.0000 0.0000 0.0000 0.0000 0.0000 0.0000 0.0000 0.0000 0.0000 0.0000 0.0000 0.0000 0.0000 0.0000 0.0000 0.0000 0.0000 0.0000 0.0000 0.0000 0.0000 0.0000 0.0000 0.0000 0.0000 0.0000 0.0000 0.0000 0.0000 0.0000 0.0000 0.0000 0.0000 0.0000 0.0000 0.0000 0.0000 0.0000 0.0000 0.0000 0.0000 0.0000 0.0000 0.0000 0.0000 0.0000 0.0000 0.0000 0.0000 0.0000 0.0000 0.0000 0.0000 0.0000 0.0000 0.0000 0.0000 0.0000 0.0000 0.0000 0.0000 0.0000 0.0000 0.0000 0.0000 0.0000 0.0000 0.0000 0.0000 0.0000 0.0000 0.0000 0.0000 0.0000 0.0000 0.0000 0.0000 0.0000 0.0000 0.0000 0.0000 0.0000 0.0000 0.0000 0.0000 0.0000 0.0000 0.0000 0.0000 0.0000 0.0000 0.0000 0.0000 0.0000 0.0000 0.0000 0.0000 0.0000 0.0000 0.0000 0.0000 0.0000 0.0000 0.0000 0.0000 0.0000 0.0000 0.0000 0.0000 0.0000 0.0000 0.0000 0.0000 0.0000 0.0000 0.0000 0.0000 0.0000 0.0000 0.0000 0.0000 0.0000 0.0000 0.0000 0.0000 0.0000 0.0000 0.0000 0.0000 0.0000 0.0000 0.0000 0.0000 0.0000 0.0000 0.0000 0.0000 0.0000 0.0000 0.0000 0.0000 0.0000 0.0000 0.0000 0.0000 0.0000 0.0000 0.0000 0.0000 0.0000 0.0000 0.0000 0.0000 0.0000 0.0000 0.0000 0.0000 0.0000 0.0000 0.0000 0.0000 0.0000 0.0000 0.0000 0.0000 0.0000 0.0000 0.0000 0.0000 0.0000 0.0000 0.0000 0.0000 0.0000 0.0000 0.0000 0.0000 0.0000 0.0000 0.0000 0.0000 0.0000 0.0000 0.0000 0.0000 0.0000 0.0000 0.0000 0.0000 0.0000 0.0000 0.0000 0.0000 0.0000 0.0000 0.0000 0.0000 0.0000 0.0000 0.0000 0.0000 0.0000 0.0000 0.0000 0.0000 0.0000 0.0000 0.0000 0.0000 0.0000 0.0000 0.0000 0.0000 0.0000 0.0000 0.0000 0.0000 0.0000 0.0000 0.0000 0.0000 0.0000 0.0000 0.0000 0.0000 0.0000 0.0000 0.0000 0.0000 0.0000 0.0000 0.0000 0.0000 0.0000 0.0000 0.0000 0.0000 0.0000 0.0000 0.0000 0.0000 0.0000 0.0000 0.0000 0.0000 0.0000 0.0000 0.0000 0.0000 0.0000 0.0000 0.0000 0.0000 0.0000 0.0000 0.0000 0.0000 0.0000 0.0000 0.0000 0.0000 0.0000 0.0000 0.0000 0.0000 0.0000 0.0000 0.0000 0.0000 0.0000 0.0000 0.0000 0.0000 0.0000 0.0000 0.0000 0.0000 0.0000 0.0000 0.0000 0.0000 0.0000 0.0000 0.0000 0.0000 0.0000 0.0000 0.0000 0.0000 0.0000 0.0000 0.0000 0.0000 0.0000 0.0000 0.0000 0.0000 0.0000 0.0000 0.0000 0.0000 0.0000 0.0000 0.0000 0.0000 0.0000 0.0000 0.0000 0.0000 0.0000 0.0000 0.0000 0.0000 0.0000 0.0000 0.0000 0.0000 0.0000 0.0000 0.0000 0.0000 0.0000 0.0000 0.0000 0.0000 0.0000 0.0000 0.0000 0.0000 0.0000 0.0000 0.0000 0.0000 0.0000 0.0000 0.0000 0.0000 0.0000 0.0000 0.0000 0.0000 0.0000 0.0000 0.0000 0.0000 0.0000 0.0000 0.0000 0.0000 0.0000 0.0000 0.0000 0.0000 0.0000 0.0000 0.0000 0.0000 0.0000 0.0000 0.0000 0.0000 0.0000 0.0000 0.0000 0.0000 0.0000 0.0000 0.0000 0.0000 0.0000 0.0000 0.0000 0.0000 0.0000 0.0000 0.0000 0.0000 0.0000 0.0000 0.0000 0.0000 0.0000 0.0000 0.0000 0.0000 0.0000 0.0000 0.0000 0.0000 0.0000 0.0000 0.0000 0.0000 0.0000 0.0000 0.0000 0.0000 0.0000 0.0000 0.0000 0.0000 0.0000 0.0000 0.0000 0.0000 0.0000 0.0000 0.0000 0.0000 0.0000 0.0000 0.0000 0.0000 0.0000 0.0000 0.0000 0.0000 0.0000 0.0000 0.0000 0.0000 0.0000 0.0000 0.0000 0.0000 0.0000 0.0000 0.0000 0.0000 0.0000 0.0000 0.0000 0.0000 0.0000 0.0000 0.0000 0.0000 0.0000 0.0000 0.0000 0.0000 0.0000 0.0000 0.0000 0.0000 0.0000 0.0000 0.0000 0.0000 0.0000 0.0000 0.0000 0.0000 0.0000 0.0000 0.0000 0.0000 0.0000 0.0000 0.0000 0.0000 0.0000 0.0000 0.0000 0.0000 0.0000 0.0000 0.0000 0.0000 0.0000 0.0000 0.0000 0.0000 0.0000 0.0000 0.0000 0.0000 0.0000 0.0000 0.0000 0.0000 0.0000 0.0000 0.0000 0.0000 0.0000 0.0000 0.0000 0.0000 0.0000 0.0000 0.0000 0.0000 0.0000 0.0000 0.0000 0.0000 0.0000 0.0000 0.0000 0.0000 0.0000 0.0000 0.0000 0.0000 0.0000 0.0000 0.0000 0.0000 0.0000 0.0000 0.0000 0.0000 0.0000 0.0000 0.0000 0.0000 0.0000 0.0000 0.0000 0.0000 0.0000 0.0000 0.0000 0.0000 0.0000 0.0000 0.0000 0.0000 0.0000 0.0000 0.0000 0.0000 0.0000 0.0000 0.0000 0.0000 0.0000 0.0000 0.0000 0.0000 0.0000 0.0000 0.0000 0.0000 0.0000 0.0000 0.0000 0.0000 0.0000 0.0000 0.0000 0.0000 0.0000 0.0000 0.0000 0.0000 0.0000 0.0000 0.0000 0.0000 0.0000 0.0000 0.0000 0.0000 0.0000 0.0000 0.0000 0.0000 0.0000 0.0000 0.0000 0.0000 0.0000 0.0000 0.0000 0.0000 0.0000 0.0000 0.0000 0.0000 0.0000 0.0000 0.0000 0.0000 0.0000 0.0000 0.0000 0.0000 0.0000 0.0000 0.0000 0.0000 0.0000 0.0000 0.0000 0.0000 0.0000 0.0000 0.0000 0.0000 0.0000 0.0000 0.0000 0.0000 0.0000 0.0000 0.0000 0.0000 0.0000 0.0000 0.0000 0.0000 0.0000 0.0000 0.0000 0.0000 0.0000 0.0000 0.0000 0.0000 0.0000 0.0000 0.0000 0.0000 0.0000 0.0000 0.0000 0.0000 0.0000 0.0000 0.0000 0.0000 0.0000 0.0000 0.0000 0.0000 0.0000 0.0000 0.0000 0.0000 0.0000 0.0000 0.0000 0.0000 0.0000 0.0000 0.0000 0.0000 0.0000 0.0000 0.0000 0.0000 0.0000 0.0000 0.0000 0.0000 0.0000 0.0000 0.0000 0.0000 0.0000 0.0000 0.0000 0.0000 0.0000 0.0000 0.0000 0.0000 0.0000 0.0000 0.0000 0.0000 0.0000 0.0000 0.0000 0.0000 0.0000 0.0000 0.0000 0.0000 0.0000 0.0000 0.0000 0.0000 0.0000 0.0000 0.0000 0.0000 0.0000 0.0000 0.0000 0.0000 0.0000 0.0000 0.0000 0.0000 0.0000 0.0000 0.0000 0.0000 0.0000 0.0000 0.0000 0.0000 0.0000 0.0000 0.0000 0.0000 0.0000 0.0000 0.0000 0.0000 0.0000 0.0000 0.0000 0.0000 0.0000 0.0000 0.0000 0.0000 0.0000 0.0000 0.0000 0.0000 0.0000 0.0000 0.0000 0.0000 0.0000 0.0000 0.0000 0.0000 0.0000 0.0000 0.0000 0.0000 0.0000 0.0000 0.0000 0.0000 0.0000 0.0000 0.0000 0.0000 0.0000 0.0000 0.0000 0.0000 0.0000 0.0000 0.0000 0.0000 0.0000 0.0000 0.0000 0.0000 0.0000 0.0000 0.0000 0.0000 0.0000 0.0000 0.0000 0.0000 0.0000 0.0000 0.0000 0.0000 0.0000 0.0000 0.0000 0.0000 0.0000 0.0000 0.0000 0.0000 0.0000 0.0000 0.0000 0.0000 0.0000 0.0000 0.0000 0.0000 0.0000 0.0000 0.0000 0.0000 0.0000 0.0000 0.0000 0.0000 0.0000 0.0000 0.0000 0.0000 0.0000 0.0000 0.0000 0.0000 0.0000 0.0000 0.0000 0.0000 0.0000 0.0000 0.0000 0.0000 0.0000 0.0000 0.0000 0.0000 0.0000 0.0000 0.0000 0.0000 0.0000 0.0000 0.0000 0.0000 0.0000 0.0000 0.0000 0.0000 0.0000 0.0000 0.0000 0.0000 0.0000 0.0000 0.0000 0.0000 0.0000 0.0000 0.0000 0.0000 0.0000 0.0000 0.0000 0.0000 0.0000 0.0000 0.0000 0.0000 0.0000 0.0000 0.0000 0.0000 0.0000 0.0000 0.0000 0.0000 0.0000 0.0000 0.0000 0.0000 0.0000 0.0000 0.0000 0.0000 0.0000 0.0000 0.0000 0.0000 0.0000 0.0000 0.0000 0.0000 0.0000 0.0000 0.0000 0.0000 0.0000 0.0000 0.0000 0.0000 0.0000 0.0000 0.0000 0.0000 0.0000 0.0000 0.0000 0.0000 0.0000 0.0000 0.0000 0.0000 0.0000 0.0000 0.0000 0.0000 0.0000 0.0000 0.0000 0.0000 0.0000 0.0000 0.0000 0.0000 0.0000 0.0000 0.0000 0.0000 0.0000 0.0000 0.0000 0.0000 0.0000 0.0000 0.0000 0.0000 0.0000 0.0000 0.0000 0.0000 0.0000 0.0000 0.0000 0.0000 0.0000 0.0000 0.0000 0.0000 0.0000 0.0000 0.0000 0.0000 0.0000 0.0000 0.0000 0.0000 0.0000 0.0000 0.0000 0.0000 0.0000 0.0000 0.0000 0.0000 0.0000 0.0000 0.0000 0.0000 0.0000 0.0000 0.0000 0.0000 0.0000 0.0000 0.0000 0.0000 0.0000 0.0000 0.0000 0.0000 0.0000 0.0000 0.0000 0.0000 0.0000 0.0000 0.0000 0.0000 0.0000 0.0000 0.0000 0.0000 0.0000 0.0000 0.0000 0.0000 0.0000 0.0000 0.0000 0.0000 0.0000 0.0000 0.0000 0.0000 0.0000 0.0000 0.0000 0.0000 0.0000 0.0000 0.0000 0.0000 0.0000 0.0000 0.0000 0.0000 0.0000 0.0000 0.0000 0.0000 0.0000 0.0000 0.0000 0.0000 0.0000 0.0000 0.0000 0.0000 0.0000 0.0000 0.0000 0.0000 0.0000 0.0000 0.0000 0.0000 0.0000 0.0000 0.0000 0.0000 0.0000 0.0000 0.0000 0.0000 0.0000 0.0000 0.0000 0.0000 0.0000 0.0000 0.0000 0.0000 0.0000 0.0000 0.0000 0.0000 0.0000 0.0000 0.0000 0.0000 0.0000 0.0000 0.0000 0.0000 0.0000 0.0000 0.0000 0.0000 0.0000 0.0000 0.0000 0.0000 0.0000 0.0000 0.0000 0.0000 0.0000 0.0000 0.0000 0.0000 0.0000 0.0000 0.0000 0.0000 0.0000 0.0000 0.0000 0.0000 0.0000 0.0000 0.0000 0.0000 0.0000 0.0000 0.0000 0.0000 0.0000 0.0000 0.0000 0.0000 0.0000 0.0000 0.0000 0.0000 0.0000 0.0000 0.0000 0.0000 0.0000 0.0000 0.0000 0.0000 0.0000 0.0000 0.0000 0.0000 0.0000 0.0000 0.0000 0.0000 0.0000 0.0000 0.0000 0.0000 0.0000 0.0000 0.0000 0.0000 0.0000 0.0000 0.0000 0.0000 0.0000 0.0000 0.0000 0.0000 0.0000 0.0000 0.0000 0.0000 0.0000 0.0000 0.0000 0.0000 0.0000 0.0000 0.0000 0.0000 0.0000 0.0000 0.0000 0.0000 0.0000 0.0000 0.0000 0.0000 0.0000 0.0000 0.0000 0.0000 0.0000 0.0000 0.0000 0.0000 0.0000 0.0000 0.0000 0.0000 0.0000 0.0000 0.0000 0.0000 0.0000 0.0000 0.0000 0.0000 0.0000 0.0000 0.0000 0.0000 0.0000 0.0000 0.0000 0.0000 0.0000 0.0000 0.0000 0.0000 0.0000 0.0000 0.0000 0.0000 0.0000 0.0000 0.0000 0.0000 0.0000 0.0000 0.0000 0.0000 0.0000 0.0000 0.0000 0.0000 0.0000 0.0000 0.0000 0.0000 0.0000 0.0000 0.0000 0.0000 0.0000 0.0000 0.0000 0.0000 0.0000 0.0000 0.0000 0.0000 0.0000 0.0000 0.0000 0.0000 0.0000 0.0000 0.0000 0.0000 0.0000 0.0000 0.0000 0.0000 0.0000 0.0000 0.0000 0.0000 0.0000 0.0000 0.0000 0.0000 0.0000 0.0000 0.0000 0.0000 0.0000 0.0000 0.0000 0.0000 0.0000 0.0000 0.0000 0.0000 0.0000 0.0000 0.0000 0.0000 0.0000 0.0000 0.0000 0.0000 0.0000 0.0000 0.0000 0.0000 0.0000 0.0000 0.0000 0.0000 0.0000 0.0000 0.0000 0.0000 0.0000 0.0000 0.0000 0.0000 0.0000 0.0000 0.0000 0.0000 0.0000 0.0000 0.0000 0.0000 0.0000 0.0000 0.0000 0.0000 0.0000 0.0000 0.0000 0.0000 0.0000 0.0000 0.0000 0.0000 0.0000 0.0000 0.0000 0.0000 0.0000 0.0000 0.0000 0.0000 0.0000 0.0000 0.0000 0.0000 0.0000 0.0000 0.0000 0.0000 0.0000 0.0000 0.0000 0.0000 0.0000 0.0000 0.0000 0.0000 0.0000 0.0000 0.0000 0.0000 0.0000 0.0000 0.0000 0.0000 0.0000 0.0000 0.0000 0.0000 0.0000 0.0000 0.0000 0.0000 0.0000 0.0000 0.0000 0.0000 0.0000 0.0000 0.0000 0.0000 0.0000 0.0000 0.0000 0.0000 0.0000 0.0000 0.0000 0.0000 0.0000 0.0000 0.0000 0.0000 0.0000 0.0000 0.0000 0.0000 0.0000 0.0000 0.0000 0.0000 0.0000 0.0000 0.0000 0.0000 0.0000 0.0000 0.0000 0.0000 0.0000 0.0000 0.0000 0.0000 0.0000 0.0000 0.0000 0.0000 0.0000 0.0000 0.0000 0.0000 0.0000 0.0000 0.0000 0.0000 0.0000 0.0000 0.0000 0.0000 0.0000 0.0000 0.0000 0.0000 0.0000 0.0000 0.0000 0.0000 0.0000 0.0000 0.0000 0.0000 0.0000 0.0000 0.0000 0.0000 0.0000 0.0000 0.0000 0.0000 0.0000 0.0000 0.0000 0.0000 0.0000 0.0000 0.0000 0.0000 0.0000 0.0000 0.0000 0.0000 0.0000 0.0000 0.0000 0.0000 0.0000 0.0000 0.0000 0.0000 0.0000 0.0000 0.0000 0.0000 0.0000 0.0000 0.0000 0.0000 0.0000 0.0000 0.0000 0.0000 0.0000 0.0000 0.0000 0.0000 0.0000 0.0000 0.0000 0.0000 0.0000 0.0000 0.0000 0.0000 0.0000 0.0000 0.0000 0.0000 0.0000 0.0000 0.0000 0.0000 0.0000 0.0000 0.0000 0.0000 0.0000 0.0000 0.0000 0.0000 0.0000 0.0000 0.0000 0.0000 0.0000 0.0000 0.0000 0.0000 0.0000 0.0000 0.0000 0.0000 0.0000 0.0000 0.0000 0.0000 0.0000 0.0000 0.0000 0.0000 0.0000 0.0000 0.0000 0.0000 0.0000 0.0000 0.0000 0.0000 0.0000 0.0000 0.0000 0.0000 0.0000 0.0000 0.0000 0.0000 0.0000 0.0000 0.0000 0.0000 0.0000 0.0000 0.0000 0.0000 0.0000 0.0000 0.0000 0.0000 0.0000 0.0000 0.0000 0.0000 0.0000 0.0000 0.0000 0.0000 0.0000 0.0000 0.0000 0.0000 0.0000 0.0000 0.0000 0.0000 0.0000 0.0000 0.0000 0.0000 0.0000 0.0000 0.0000 0.0000 0.0000 0.0000 0.0000 0.0000 0.0000 0.0000 0.0000 0.0000 0.0000 0.0000 0.0000 0.0000 0.0000 0.0000 0.0000 0.0000 0.0000 0.0000 0.0000 0.0000 0.0000 0.0000 0.0000 0.0000 0.0000 0.0000 0.0000 0.0000 0.0000 0.0000 0.0000 0.0000 0.0000 0.0000 0.0000 0.0000 0.0000 0.0000 0.0000 0.0000 0.0000 0.0000 0.0000 0.0000 0.0000 0.0000 0.0000 0.0000 0.0000 0.0000 0.0000 0.0000 0.0000 0.0000 0.0000 0.0000 0.0000 0.0000 0.0000 0.0000 0.0000 0.0000 0.0000 0.0000 0.0000 0.0000 0.0000 0.0000 0.0000 0.0000 0.0000 0.0000 0.0000 0.0000 0.0000 0.0000 0.0000 0.0000 0.0000 0.0000 0.0000 0.0000 0.0000 0.0000 0.0000 0.0000 0.0000 0.0000 0.0000 0.0000 0.0000 0.0000 0.0000 0.0000 0.0000 0.0000 0.0000 0.0000 0.0000 0.0000 0.0000 0.0000 0.0000 0.0000 0.0000 0.0000 0.0000 0.0000 0.0000 0.0000 0.0000 0.0000 0.0000 0.0000 0.0000 0.0000 0.0000 0.0000 0.0000 0.0000 0.0000 0.0000 0.0000 0.0000 0.0000 0.0000 0.0000 0.0000 0.0000 0.0000 0.0000 0.0000 0.0000 0.0000 0.0000 0.0000 0.0000 0.0000 0.0000 0.0000 0.0000 0.0000 0.0000 0.0000 0.0000 0.0000 0.0000 0.0000 0.0000 0.0000 0.0000 0.0000 0.0000 0.0000 0.0000 0.0000 0.0000 0.0000 0.0000 0.0000 0.0000 0.0000 0.0000 0.0000 0.0000 0.0000 0.0000 0.0000 0.0000 0.0000 0.0000 0.0000 0.0000 0.0000 0.0000 0.0000 0.0000 0.0000 0.0000 0.0000 0.0000 0.0000 0.0000 0.0000 0.0000 0.0000 0.0000 0.0000 0.0000 0.0000 0.0000 0.0000 0.0000 0.0000 0.0000 0.0000 0.0000 0.0000 0.0000 0.0000 0.0000 0.0000 0.0000 0.0000 0.0000 0.0000 0.0000 0.0000 0.0000 0.0000 0.0000 0.0000 0.0000 0.0000 0.0000 0.0000 0.0000 0.0000 0.0000 0.0000 0.0000 0.0000 0.0000 0.0000 0.0000 0.0000 0.0000 0.0000 0.0000 0.0000 0.0000 0.0000 0.0000 0.0000 0.0000 0.0000 0.0000 0.0000 0.0000 0.0000 0.0000 0.0000 0.0000 0.0000 0.0000 0.0000 0.0000 0.0000 0.0000 0.0000 0.0000 0.0000 0.0000 0.0000 0.0000 0.0000 0.0000 0.0000 0.0000 0.0000 0.0000 0.0000 0.0000 0.0000 0.0000 0.0000 0.0000 0.0000 0.0000 0.0000 0.0000 0.0000 0.0000 0.0000 0.0000 0.0000 0.0000 0.0000 0.0000 0.0000 0.0000 0.0000 0.0000 0.0000 0.0000 0.0000 0.0000 0.0000 0.0000 0.0000 0.0000 0.0000 0.0000 0.0000 0.0000 0.0000 0.0000 0.0000 0.0000 0.0000 0.0000 0.0000 0.0000 0.0000 0.0000 0.0000 0.0000 0.0000 0.0000 0.0000 0.0000 0.0000 0.0000 0.0000 0.0000 0.0000 0.0000 0.0000 0.0000 0.0000 0.0000 0.0000 0.0000 0.0000 0.0000 0.0000 0.0000 0.0000 0.0000 0.0000 0.0000 0.0000 0.0000 0.0000 0.0000 0.0000 0.0000 0.0000 0.0000 0.0000 0.0000 0.0000 0.0000 0.0000 0.0000 0.0000 0.0000 0.0000 0.0000 0.0000 0.0000 0.0000 0.0000 0.0000 0.0000 0.0000 0.0000 0.0000 0.0000 0.0000 0.0000 0.0000 0.0000 0.0000 0.0000 0.0000 0.0000 0.0000 0.0000 0.0000 0.0000 0.0000 0.0000 0.0000 0.0000 0.0000 0.0000 0.0000 0.0000 0.0000 0.0000 0.0000 0.0000 0.0000 0.0000 0.0000 0.0000 0.0000 0.0000 0.0000 0.0000 0.0000 0.0000 0.0000 0.0000 0.0000 0.0000 0.0000 0.0000 0.0000 0.0000 0.0000 0.0000 0.0000 0.0000 0.0000 0.0000 0.0000 0.0000 0.0000 0.0000 0.0000 0.0000 0.0000 0.0000 0.0000 0.0000 0.0000 0.0000 0.0000 0.0000 0.0000 0.0000 0.0000 0.0000 0.0000 0.0000 0.0000 0.0000 0.0000 0.0000 0.0000 0.0000 0.0000 0.0000 0.0000 0.0000 0.0000 0.0000 0.0000 0.0000 0.0000 0.0000 0.0000 0.0000 0.0000 0.0000 0.0000 0.0000 0.0000 0.0000 0.0000 0.0000 0.0000 0.0000 0.0000 0.0000 0.0000 0.0000 0.0000 0.0000 0.0000 0.0000 0.0000 0.0000 0.0000 0.0000 0.0000 0.0000 0.0000 0.0000 0.0000 0.0000 0.0000 0.0000 0.0000 0.0000 0.0000 0.0000 0.0000 0.0000 0.0000 0.0000 0.0000 0.0000 0.0000 0.0000 0.0000 0.0000 0.0000 0.0000 0.0000 0.0000 0.0000 0.0000 0.0000 0.0000 0.0000 0.0000 0.0000 0.0000 0.0000 0.0000 0.0000 0.0000 0.0000 0.0000 0.0000 0.0000 0.0000 0.0000 0.0000 0.0000 0.0000 0.0000 0.0000 0.0000 0.0000 0.0000 0.0000 0.0000 0.0000 0.0000 0.0000 0.0000 0.0000 0.0000 0.0000 0.0000 0.0000 0.0000 0.0000 0.0000 0.0000 0.0000 0.0000 0.0000 0.0000 0.0000 0.0000 0.0000 0.0000 0.0000 0.0000 0.0000 0.0000 0.0000 0.0000 0.0000 0.0000 0.0000 0.0000 0.0000 0.0000 0.0000 0.0000 0.0000 0.0000 0.0000 0.0000 0.0000 0.0000 0.0000 0.0000 0.0000 0.0000 0.0000 0.0000 0.0000 0.0000 0.0000 0.0000 0.0000 0.0000 0.0000 0.0000 0.0000 0.0000 0.0000 0.0000 0.0000 0.0000 0.0000 0.0000 0.0000 0.0000 0.0000 0.0000 0.0000 0.0000 0.0000 0.0000 0.0000 0.0000 0.0000 0.0000 0.0000 0.0000 0.0000 0.0000 0.0000 0.0000 0.0000 0.0000 0.0000 0.0000 0.0000 0.0000 0.0000 0.0000 0.0000 0.0000 0.0000 0.0000 0.0000 0.0000 0.0000 0.0000 0.0000 0.0000 0.0000 0.0000 0.0000 0.0000 0.0000 0.0000 0.0000 0.0000 0.0000 0.0000 0.0000 0.0000 0.0000 0.0000 0.0000 0.0000 0.0000 0.0000 0.0000 0.0000 0.0000 0.0000 0.0000 0.0000 0.0000 0.0000 0.0000 0.0000 0.0000 0.0000 0.0000 0.0000 0.0000 0.0000 0.0000 0.0000 0.0000 0.0000 0.0000 0.0000 0.0000 0.0000 0.0000 0.0000 0.0000 0.0000 0.0000 0.0000 0.0000 0.0000 0.0000 0.0000 0.0000 0.0000 0.0000 0.0000 0.0000 0.0000 0.0000 0.0000 0.0000 0.0000 0.0000 0.0000 0.0000 0.0000 0.0000 0.0000 0.0000 0.0000 0.0000 0.0000 0.0000 0.0000 0.0000 0.0000 0.0000 0.0000 0.0000 0.0000 0.0000 0.0000 0.0000 0.0000 0.0000 0.0000 0.0000 0.0000 0.0000 0.0000 0.0000 0.0000 0.0000 0.0000 0.0000 0.0000 0.0000 0.0000 0.0000 0.0000 0.0000 0.0000 0.0000 0.0000 0.0000 0.0000 0.0000 0.0000 0.0000 0.0000 0.0000 0.0000 0.0000 0.0000 0.0000 0.0000 0.0000 0.0000 0.0000 0.0000 0.0000 0.0000 0.0000 0.0000 0.0000 0.0000 0.0000 0.0000 0.0000 0.0000 0.0000 0.0000 0.0000 0.0000 0.0000 0.0000 0.0000 0.0000 0.0000 0.0000 0.0000 0.0000 0.0000 0.0000 0.0000 0.0000 0.0000 0.0000 0.0000 0.0000 0.0000 0.0000 0.0000 0.0000 0.0000 0.0000 0.0000 0.0000 0.0000 0.0000 0.0000 0.0000 0.0000 0.0000 0.0000 0.0000 0.0000 0.0000 0.0000 0.0000 0.0000 0.0000 0.0000 0.0000 0.0000 0.0000 0.0000 0.0000 0.0000 0.0000 0.0000 0.0000 0.0000 0.0000 0.0000 0.0000 0.0000 0.0000 0.0000 0.0000 0.0000 0.0000 0.0000 0.0000 0.0000 0.0000 0.0000 0.0000 0.0000 0.0000 0.0000 0.0000 0.0000 0.0000 0.0000 0.0000 0.0000 0.0000 0.0000 0.0000 0.0000 0.0000 0.0000 0.0000 0.0000 0.0000 0.0000 0.0000 0.0000 0.0000 0.0000 0.0000 0.0000 0.0000 0.0000 0.0000 0.0000 0.0000 0.0000 0.0000 0.0000 0.0000 0.0000 0.0000 0.0000 0.0000 0.0000 0.0000 0.0000 0.0000 0.0000 0.0000 0.0000 0.0000 0.0000 0.0000 0.0000 0.0000 0.0000 0.0000 0.0000 0.0000 0.0000 0.0000 0.0000 0.0000 0.0000 0.0000 0.0000 0.0000 0.0000 0.0000 0.0000 0.0000 0.0000 0.0000 0.0000 0.0000 0.0000 0.0000 0.0000 0.0000 0.0000 0.0000 0.0000 0.0000 0.0000 0.0000 0.0000 0.0000 0.0000 0.0000 0.0000 0.0000 0.0000 0.0000 0.0000 0.0000 0.0000 0.0000 0.0000 0.0000 0.0000 0.0000 0.0000 0.0000 0.0000 0.0000 0.0000 0.0000 0.0000 0.0000 0.0000 0.0000 0.0000 0.0000 0.0000 0.0000 0.0000 0.0000 0.0000 0.0000 0.0000 0.0000 0.0000 0.0000 0.0000 0.0000 0.0000 0.0000 0.0000 0.0000 0.0000 0.0000 0.0000 0.0000 0.0000 0.0000 0.0000 0.0000 0.0000 0.0000 0.0000 0.0000 0.0000 0.0000 0.0000 0.0000 0.0000 0.0000 0.0000 0.0000 0.0000 0.0000 0.0000 0.0000 0.0000 0.0000 0.0000 0.0000 0.0000 0.0000 0.0000 0.0000 0.0000 0.0000 0.0000 0.0000 0.0000 0.0000 0.0000 0.0000 0.0000 0.0000 0.0000 0.0000 0.0000 0.0000 0.0000 0.0000 0.0000 0.0000 0.0000 0.0000 0.0000 0.0000 0.0000 0.0000 0.0000 0.0000 0.0000 0.0000 0.0000 0.0000 0.0000 0.0000 0.0000 0.0000 0.0000 0.0000 0.0000 0.0000 0.0000 0.0000 0.0000 0.0000 0.0000 0.0000 0.0000 0.0000 0.0000 0.0000 0.0000 0.0000 0.0000 0.0000 0.0000 0.0000 0.0000 0.0000 0.0000 0.0000 0.0000 0.0000 0.0000 0.0000 0.0000 0.0000 0.0000 0.0000 0.0000 0.0000 0.0000 0.0000 0.0000 0.0000 0.0000 0.0000 0.0000 0.0000 0.0000 0.0000 0.0000 0.0000 0.0000 0.0000 0.0000 0.0000 0.0000 0.0000 0.0000 0.0000 0.0000 0.0000 0.0000 0.0000 0.0000 0.0000 0.0000 0.0000 0.0000 0.0000 0.0000 0.0000 0.0000 0.0000 0.0000 0.0000 0.0000 0.0000 0.0000 0.0000 0.0000 0.0000 0.0000 0.0000 0.0000 0.0000 0.0000 0.0000 0.0000 0.0000 0.0000 0.0000 0.0000 0.0000 0.0000 0.0000 0.0000 0.0000 0.0000 0.0000 0.0000 0.0000 0.0000 0.0000 0.0000 0.0000 0.0000 0.0000 0.0000 0.0000 0.0000 0.0000 0.0000 0.0000 0.0000 0.0000 0.0000 0.0000 0.0000 0.0000 0.0000 0.0000 0.0000 0.0000 0.0000 0.0000 0.0000 0.0000 0.0000 0.0000 0.0000 0.0000 0.0000 0.0000 0.0000 0.0000 0.0000 0.0000 0.0000 0.0000 0.0000 0.0000 0.0000 0.0000 0.0000 0.0000 0.0000 0.0000 0.0000 0.0000 0.0000 0.0000 0.0000 0.0000 0.0000 0.0000 0.0000 0.0000 0.0000 0.0000 0.0000 0.0000 0.0000 0.0000 0.0000 0.0000 0.0000 0.0000 0.0000 0.0000 0.0000 0.0000 0.0000 0.0000 0.0000 0.0000 0.0000 0.0000 0.0000 0.0000 0.0000 0.0000 0.0000 0.0000 0.0000 0.0000 0.0000 0.0000 0.0000 0.0000 0.0000 0.0000 0.0000 0.0000 0.0000 0.0000 0.0000 0.0000 0.0000 0.0000 0.0000 0.0000 0.0000 0.0000 0.0000 0.0000 0.0000 0.0000 0.0000 0.0000 0.0000 0.0000 0.0000 0.0000 0.0000 0.0000 0.0000 0.0000 0.0000 0.0000 0.0000 0.0000 0.0000 0.0000 0.0000 0.0000 0.0000 0.0000 0.0000 0.0000 0.0000 0.0000 0.0000 0.0000 0.0000 0.0000 0.0000 0.0000 0.0000 0.0000 0.0000 0.0000 0.0000 0.0000 0.0000 0.0000 0.0000 0.0000 0.0000 0.0000 0.0000 0.0000 0.0000 0.0000 0.0000 0.0000 0.0000 0.0000 0.0000 0.0000 0.0000 0.0000 0.0000 0.0000 0.0000 0.0000 0.0000 0.0000 0.0000 0.0000 0.0000 0.0000 0.0000 0.0000 0.0000 0.0000 0.0000 0.0000 0.0000 0.0000 0.0000 0.0000 0.0000 0.0000 0.0000 0.0000 0.0000 0.0000 0.0000 0.0000 0.0000 0.0000 0.0000 0.0000 0.0000 0.0000 0.0000 0.0000 0.0000 0.0000 0.0000 0.0000 0.0000 0.0000 0.0000 0.0000 0.0000 0.0000 0.0000 0.0000 0.0000 0.0000 0.0000 0.0000 0.0000 0.0000 0.0000 0.0000 0.0000 0.0000 0.0000 0.0000 0.0000 0.0000 0.0000 0.0000 0.0000 0.0000 0.0000 0.0000 0.0000 0.0000 0.0000 0.0000 0.0000 0.0000 0.0000 0.0000 0.0000 0.0000 0.0000 0.0000 0.0000 0.0000 0.0000 0.0000 0.0000 0.0000 0.0000 0.0000 0.0000 0.0000 0.0000 0.0000 0.0000 0.0000 0.0000 0.0000 0.0000 0.0000 0.0000 0.0000 0.0000 0.0000 0.0000 0.0000 0.0000 0.0000 0.0000 0.0000 0.0000 0.0000 0.0000 0.0000 0.0000 0.0000 0.0000 0.0000 0.0000 0.0000 0.0000 0.0000 0.0000 0.0000 0.0000 0.0000 0.0000 0.0000 0.0000 0.0000 0.0000 0.0000 0.0000 0.0000 0.0000 0.0000 0.0000 0.0000 0.0000 0.0000 0.0000 0.0000 0.0000 0.0000 0.0000 0.0000 0.0000 0.0000 0.0000 0.0000 0.0000 0.0000 0.0000 0.0000 0.0000 0.0000 0.0000 0.0000 0.0000 0.0000 0.0000 0.0000 0.0000 0.0000 0.0000 0.0000 0.0000 0.0000 0.0000 0.0000 0.0000 0.0000 0.0000 0.0000 0.0000 0.0000 0.0000 0.0000 0.0000 0.0000 0.0000 0.0000 0.0000 0.0000 0.0000 0.0000 0.0000 0.0000 0.0000 0.0000 0.0000 0.0000 0.0000 0.0000 0.0000 0.0000 0.0000 0.0000 0.0000 0.0000 0.0000 0.0000 0.0000 0.0000 0.0000 0.0000 0.0000 0.0000 0.0000 0.0000 0.0000 0.0000 0.0000 0.0000 0.0000 0.0000 0.0000 0.0000 0.0000 0.0000 0.0000 0.0000 0.0000 0.0000 0.0000 0.0000 0.0000 0.0000 0.0000 0.0000 0.0000 0.0000 0.0000 0.0000 0.0000 0.0000 0.0000 0.0000 0.0000 0.0000 0.0000 0.0000 0.0000 0.0000 0.0000 0.0000 0.0000 0.0000 0.0000 0.0000 0.0000 0.0000 0.0000 0.0000 0.0000 0.0000 0.0000 0.0000 0.0000 0.0000 0.0000 0.0000 0.0000 0.0000 0.0000 0.0000 0.0000 0.0000 0.0000 0.0000 0.0000 0.0000 0.0000 0.0000 0.0000 0.0000 0.0000 0.0000 0.0000 0.0000 0.0000 0.0000 0.0000 0.0000 0.0000 0.0000 0.0000 0.0000 0.0000 0.0000 0.0000 0.0000 0.0000 0.0000 0.0000 0.0000 0.0000 0.0000 0.0000 0.0000 0.0000 0.0000 0.0000 0.0000 0.0000 0.0000 0.0000 0.0000 0.0000 0.0000 0.0000 0.0000 0.0000 0.0000 0.0000 0.0000 0.0000 0.0000 0.0000 0.0000 0.0000 0.0000 0.0000 0.0000 0.0000 0.0000 0.0000 0.0000 0.0000 0.0000 0.0000 0.0000 0.0000 0.0000 0.0000 0.0000 0.0000 0.0000 0.0000 0.0000 0.0000 0.0000 0.0000 0.0000 0.0000 0.0000 0.0000 0.0000 0.0000 0.0000 0.0000 0.0000 0.0000 0.0000 0.0000 0.0000 0.0000 0.0000 0.0000 0.0000 0.0000 0.0000 0.0000 0.0000 0.0000 0.0000 0.0000 0.0000 0.0000 0.0000 0.0000 0.0000 0.0000 0.0000 0.0000 0.0000 0.0000 0.0000 0.0000 0.0000 0.0000 0.0000 0.0000 0.0000 0.0000 0.0000 0.0000 0.0000 0.0000 0.0000 0.0000 0.0000 0.0000 0.0000 0.0000 0.0000 0.0000 0.0000 0.0000 0.0000 0.0000 0.0000 0.0000 0.0000 0.0000 0.0000 0.0000 0.0000 0.0000 0.0000 0.0000 0.0000 0.0000 0.0000 0.0000 0.0000 0.0000 0.0000 0.0000 0.0000 0.0000 0.0000 0.0000 0.0000 0.0000 0.0000 0.0000 0.0000 0.0000 0.0000 0.0000 0.0000 0.0000 0.0000 0.0000 0.0000 0.0000 0.0000 0.0000 0.0000 0.0000 0.0000 0.0000 0.0000 0.0000 0.0000 0.0000 0.0000 0.0000 0.0000 0.0000 0.0000 0.0000 0.0000 0.0000 0.0000 0.0000 0.0000 0.0000 0.0000 0.0000 0.0000 0.0000 0.0000 0.0000 0.0000 0.0000 0.0000 0.0000 0.0000 0.0000 0.0000 0.0000 0.0000 0.0000 0.0000 0.0000 0.0000 0.0000 0.0000 0.0000 0.0000 0.0000 0.0000 0.0000 0.0000 0.0000 0.0000 0.0000 0.0000 0.0000 0.0000 0.0000 0.0000 0.0000 0.0000 0.0000 0.0000 0.0000 0.0000 0.0000 0.0000 0.0000 0.0000 0.0000 0.0000 0.0000 0.0000 0.0000 0.0000 0.0000 0.0000 0.0000 0.0000 0.0000 0.0000 0.0000 0.0000 0.0000 0.0000 0.0000 0.0000 0.0000 0.0000 0.0000 0.0000 0.0000 0.0000 0.0000 0.0000 0.0000 0.0000 0.0000 0.0000 0.0000 0.0000 0.0000 0.0000 0.0000 0.0000 0.0000 0.0000 0.0000 0.0000 0.0000 0.0000 0.0000 0.0000 0.0000 0.0000 0.0000 0.0000 0.0000 0.0000 0.0000 0.0000 0.0000 0.0000 0.0000 0.0000 0.0000 0.0000 0.0000 0.0000 0.0000 0.0000 0.0000 0.0000 0.0000 0.0000 0.0000 0.0000 0.0000 0.0000 0.0000 0.0000 0.0000 0.0000 0.0000 0.0000 0.0000 0.0000 0.0000 0.0000 0.0000 0.0000 0.0000 0.0000 0.0000 0.0000 0.0000 0.0000 0.0000 0.0000 0.0000 0.0000 0.0000 0.0000 0.0000 0.0000 0.0000 0.0000 0.0000 0.0000 0.0000 0.0000 0.0000 0.0000 0.0000 0.0000 0.0000 0.0000 0.0000 0.0000 0.0000 0.0000 0.0000 0.0000 0.0000 0.0000 0.0000 0.0000 0.0000 0.0000 0.0000 0.0000 0.0000 0.0000 0.0000 0.0000 0.0000 0.0000 0.0000 0.0000 0.0000 0.0000 0.0000 0.0000 0.0000 0.0000 0.0000 0.0000 0.0000 0.0000 0.0000 0.0000 0.0000 0.0000 0.0000 0.0000 0.0000 0.0000 0.0000 0.0000 0.0000 0.0000 0.0000 0.0000 0.0000 0.0000 0.0000 0.0000 0.0000 0.0000 0.0000 0.0000 0.0000 0.0000 0.0000 0.0000 0.0000 0.0000 0.0000 0.0000 0.0000 0.0000 0.0000 0.0000 0.0000 0.0000 0.0000 0.0000 0.0000 0.0000 0.0000 0.0000 0.0000 0.0000 0.0000 0.0000 0.0000 0.0000 0.0000 0.0000 0.0000 0.0000 0.0000 0.0000 0.0000 0.0000 0.0000 0.0000 0.0000 0.0000 0.0000 0.0000 0.0000 0.0000 0.0000 0.0000 0.0000 0.0000 0.0000 0.0000 0.0000 0.0000 0.0000 0.0000 0.0000 0.0000 0.0000 0.0000 0.0000 0.0000 0.0000 0.0000 0.0000 0.0000 0.0000 0.0000 0.0000 0.0000 0.0000 0.0000 0.0000 0.0000 0.0000 0.0000 0.0000 0.0000 0.0000 0.0000 0.0000 0.0000 0.0000 0.0000 0.0000 0.0000 0.0000 0.0000 0.0000 0.0000 0.0000 0.0000 0.0000 0.0000 0.0000 0.0000 0.0000 0.0000 0.0000 0.0000 0.0000 0.0000 0.0000 0.0000 0.0000 0.0000 0.0000 0.0000 0.0000 0.0000 0.0000 0.0000 0.0000 0.0000 0.0000 0.0000 0.0000 0.0000 0.0000 0.0000 0.0000 0.0000 0.0000 0.0000 0.0000 0.0000 0.0000 0.0000 0.0000 0.0000 0.0000 0.0000 0.0000 0.0000 0.0000 0.0000 0.0000 0.0000 0.0000 0.0000 0.0000 0.0000 0.0000 0.0000 0.0000 0.0000 0.0000 0.0000 0.0000 0.0000 0.0000 0.0000 0.0000 0.0000 0.0000 0.0000 0.0000 0.0000 0.0000 0.0000 0.0000 0.0000 0.0000 0.0000 0.0000 0.0000 0.0000 0.0000 0.0000 0.0000 0.0000 0.0000 0.0000 0.0000 0.0000 0.0000 0.0000 0.0000 0.0000 0.0000 0.0000 0.0000 0.0000 0.0000 0.0000 0.0000 0.0000 0.0000 0.0000 0.0000 0.0000 0.0000 0.0000 0.0000 0.0000 0.0000 0.0000 0.0000 0.0000 0.0000 0.0000 0.0000 0.0000 0.0000 0.0000 0.0000 0.0000 0.0000 0.0000 0.0000 0.0000 0.0000 0.0000 0.0000 0.0000 0.0000 0.0000 0.0000 0.0000 0.0000 0.0000 0.0000 0.0000 0.0000 0.0000 0.0000 0.0000 0.0000 0.0000 0.0000 0.0000 0.0000 0.0000 0.0000 0.0000 0.0000 0.0000 0.0000 0.0000 0.0000 0.0000 0.0000 0.0000 0.0000 0.0000 0.0000 0.0000 0.0000 0.0000 0.0000 0.0000 0.0000 0.0000 0.0000 0.0000 0.0000 0.0000 0.0000 0.0000 0.0000 0.0000 0.0000 0.0000 0.0000 0.0000 0.0000 0.0000 0.0000 0.0000 0.0000 0.0000 0.0000 0.0000 0.0000 0.0000 0.0000 0.0000 0.0000 0.0000 0.0000 0.0000 0.0000 0.0000 0.0000 0.0000 0.0000 0.0000 0.0000 0.0000 0.0000 0.0000 0.0000 0.0000 0.0000 0.0000 0.0000 0.0000 0.0000 0.0000 0.0000 0.0000 0.0000 0.0000 0.0000 0.0000 0.0000 0.0000 0.0000 0.0000 0.0000 0.0000 0.0000 0.0000 0.0000 0.0000 0.0000 0.0000 0.0000 0.0000 0.0000 0.0000 0.0000 0.0000 0.0000 0.0000 0.0000 0.0000 0.0000 0.0000 0.0000 0.0000 0.0000 0.0000 0.0000 0.0000 0.0000 0.0000 0.0000 0.0000 0.0000 0.0000 0.0000 0.0000 0.0000 0.0000 0.0000 0.0000 0.0000 0.0000 0.0000 0.0000 0.0000 0.0000 0.0000 0.0000 0.0000 0.0000 0.0000 0.0000 0.0000 0.0000 0.0000 0.0000 0.0000 0.0000 0.0000 0.0000 0.0000 0.0000 0.0000 0.0000 0.0000 0.0000 0.0000 0.0000 0.0000 0.0000 0.0000 0.0000 0.0000 0.0000 0.0000 0.0000 0.0000 0.0000 0.0000 0.0000 0.0000 0.0000 0.0000 0.0000 0.0000 0.0000 0.0000 0.0000 0.0000 0.0000 0.0000 0.0000 0.0000 0.0000 0.0000 0.0000 0.0000 0.0000 0.0000 0.0000 0.0000 0.0000 0.0000 0.0000 0.0000 0.0000 0.0000 0.0000 0.0000 0.0000 0.0000 0.0000 0.0000 0.0000 0.0000 0.0000 0.0000 0.0000 0.0000 0.0000 0.0000 0.0000 0.0000 0.0000 0.0000 0.0000 0.0000 0.0000 0.0000 0.0000 0.0000 0.0000 0.0000 0.0000 0.0000 0.0000 0.0000 0.0000 0.0000 0.0000 0.0000 0.0000 0.0000 0.0000 0.0000 0.0000 0.0000 0.0000 0.0000 0.0000 0.0000 0.0000 0.0000 0.0000 0.0000 0.0000 0.0000 0.0000 0.0000 0.0000 0.0000 0.0000 0.0000 0.0000 0.0000 0.0000 0.0000 0.0000 0.0000 0.0000 0.0000 0.0000 0.0000 0.0000 0.0000 0.0000 0.0000 0.0000 0.0000 0.0000 0.0000 0.0000 0.0000 0.0000 0.0000 0.0000 0.0000 0.0000 0.0000 0.0000 0.0000 0.0000 0.0000 0.0000 0.0000 0.0000 0.0000 0.0000 0.0000 0.0000 0.0000 0.0000 0.0000 0.0000 0.0000 0.0000 0.0000 0.0000 0.0000 0.0000 0.0000 0.0000 0.0000 0.0000 0.0000 0.0000 0.0000 0.0000 0.0000 0.0000 0.0000 0.0000 0.0000 0.0000 0.0000 0.0000 0.0000 0.0000 0.0000 0.0000 0.0000 0.0000 0.0000 0.0000 0.0000 0.0000 0.0000 0.0000 0.0000 0.0000 0.0000 0.0000 0.0000 0.0000 0.0000 0.0000 0.0000 0.0000 0.0000 0.0000 0.0000 0.0000 0.0000 0.0000 0.0000 0.0000 0.0000 0.0000 0.0000 0.0000 0.0000 0.0000 0.0000 0.0000 0.0000 0.0000 0.0000 0.0000 0.0000 0.0000 0.0000 0.0000 0.0000 0.0000 0.0000 0.0000 0.0000 0.0000 0.0000 0.0000 0.0000 0.0000 0.0000 0.0000 0.0000 0.0000 0.0000 0.0000 0.0000 0.0000 0.0000 0.0000 0.0000 0.0000 0.0000 0.0000 0.0000 0.0000 0.0000 0.0000 0.0000 0.0000 0.0000 0.0000 0.0000 0.0000 0.0000 0.0000 0.0000 0.0000 0.0000 0.0000 0.0000 0.0000 0.0000 0.0000 0.0000 0.0000 0.0000 0.0000 0.0000 0.0000 0.0000 0.0000 0.0000 0.0000 0.0000 0.0000 0.0000 0.0000 0.0000 0.0000 0.0000 0.0000 0.0000 0.0000 0.0000 0.0000 0.0000 0.0000 0.0000 0.0000 0.0000 0.0000 0.0000 0.0000 0.0000 0.0000 0.0000 0.0000 0.0000 0.0000 0.0000 0.0000 0.0000 0.0000 0.0000 0.0000 0.0000 0.0000 0.0000 0.0000 0.0000 0.0000 0.0000 0.0000 0.0000 0.0000 0.0000 0.0000 0.0000 0.0000 0.0000 0.0000 0.0000 0.0000 0.0000 0.0000 0.0000 0.0000 0.0000 0.0000 0.0000 0.0000 0.0000 0.0000 0.0000 0.0000 0.0000 0.0000 0.0000 0.0000 0.0000 0.0000 0.0000 0.0000 0.0000 0.0000 0.0000 0.0000 0.0000 0.0000 0.0000 0.0000 0.0000 0.0000 0.0000 0.0000 0.0000 0.0000 0.0000 0.0000 0.0000 0.0000 0.0000 0.0000 0.0000 0.0000 0.0000 0.0000 0.0000 0.0000 0.0000 0.0000 0.0000 0.0000 0.0000 0.0000 0.0000 0.0000 0.0000 0.0000 0.0000 0.0000 0.0000 0.0000 0.0000 0.0000 0.0000 0.0000 0.0000 0.0000 0.0000 0.0000 0.0000 0.0000 0.0000 0.0000 0.0000 0.0000 0.0000 0.0000 0.0000 0.0000 0.0000 0.0000 0.0000 0.0000 0.0000 0.0000 0.0000 0.0000 0.0000 0.0000 0.0000 0.0000 0.0000 0.0000 0.0000 0.0000 0.0000 0.0000 0.0000 0.0000 0.0000 0.0000 0.0000 0.0000 0.0000 0.0000 0.0000 0.0000 0.0000 0.0000 0.0000 0.0000 0.0000 0.0000 0.0000 0.0000 0.0000 0.0000 0.0000 0.0000 0.0000 0.0000 0.0000 0.0000 0.0000 0.0000 0.0000 0.0000 0.0000 0.0000 0.0000 0.0000 0.0000 0.0000 0.0000 0.0000 0.0000 0.0000 0.0000 0.0000 0.0000 0.0000 0.0000 0.0000 0.0000 0.0000 0.0000 0.0000 0.0000 0.0000 0.0000 0.0000 0.0000 0.0000 0.0000 0.0000 0.0000 0.0000 0.0000 0.0000 0.0000 0.0000 0.0000 0.0000 0.0000 0.0000 0.0000 0.0000 0.0000 0.0000 0.0000 0.0000 0.0000 0.0000 0.0000 0.0000 0.0000 0.0000 0.0000 0.0000 0.0000 0.0000 0.0000 0.0000 0.0000 0.0000 0.0000 0.0000 0.0000 0.0000 0.0000 0.0000 0.0000 0.0000 0.0000 0.0000 0.0000 0.0000 0.0000 0.0000 0.0000 0.0000 0.0000 0.0000 0.0000 0.0000 0.0000 0.0000 0.0000 0.0000 0.0000 0.0000 0.0000 0.0000 0.0000 0.0000 0.0000 0.0000 0.0000 0.0000 0.0000 0.0000 0.0000 0.0000 0.0000 0.0000 0.0000 0.0000 0.0000 0.0000 0.0000 0.0000 0.0000 0.0000 0.0000 0.0000 0.0000 0.0000 0.0000 0.0000 0.0000 0.0000 0.0000 0.0000 0.0000 0.0000 0.0000 0.0000 0.0000 0.0000 0.0000 0.0000 0.0000 0.0000 0.0000 0.0000 0.0000 0.0000 0.0000 0.0000 0.0000 0.0000 0.0000 0.0000 0.0000 0.0000 0.0000 0.0000 0.0000 0.0000 0.0000 0.0000 0.0000 0.0000 0.0000 0.0000 0.0000 0.0000 0.0000 0.0000 0.0000 0.0000 0.0000 0.0000 0.0000 0.0000 0.0000 0.0000 0.0000 0.0000 0.0000 0.0000 0.0000 0.0000 0.0000 0.0000 0.0000 0.0000 0.0000 0.0000 0.0000 0.0000 0.0000 0.0000 0.0000 0.0000 0.0000 0.0000 0.0000 0.0000 0.0000 0.0000 0.0000 0.0000 0.0000 0.0000 0.0000 0.0000 0.0000 0.0000 0.0000 0.0000 0.0000 0.0000 0.0000 0.0000 0.0000 0.0000 0.0000 0.0000 0.0000 0.0000 0.0000 0.0000 0.0000 0.0000 0.0000 0.0000 0.0000 0.0000 0.0000 0.0000 0.0000 0.0000 0.0000 0.0000 0.0000 0.0000 0.0000 0.0000 0.0000 0.0000 0.0000 0.0000 0.0000 0.0000 0.0000 0.0000 0.0000 0.0000 0.0000 0.0000 0.0000 0.0000 0.0000 0.0000 0.0000 0.0000 0.0000 0.0000 0.0000 0.0000 0.0000 0.0000 0.0000 0.0000 0.0000 0.0000 0.0000 0.0000 0.0000 0.0000 0.0000 0.0000 0.0000 0.0000 0.0000 0.0000 0.0000 0.0000 0.0000 0.0000 0.0000 0.0000 0.0000 0.0000 0.0000 0.0000 0.0000 0.0000 0.0000 0.0000 0.0000 0.0000 0.0000 0.0000 0.0000 0.0000 0.0000 0.0000 0.0000 0.0000 0.0000 0.0000 0.0000 0.0000 0.0000 0.0000 0.0000 0.0000 0.0000 0.0000 0.0000 0.0000 0.0000 0.0000 0.0000 0.0000 0.0000 0.0000 0.0000 0.0000 0.0000 0.0000 0.0000 0.0000 0.0000 0.0000 0.0000 0.0000 0.0000 0.0000 0.0000 0.0000 0.0000 0.0000 0.0000 0.0000 0.0000 0.0000 0.0000 0.0000 0.0000 0.0000 0.0000 0.0000 0.0000 0.0000 0.0000 0.0000 0.0000 0.0000 0.0000 0.0000 0.0000 0.0000 0.0000 0.0000 0.0000 0.0000 0.0000 0.0000 0.0000 0.0000 0.0000 0.0000 0.0000 0.0000 0.0000 0.0000 0.0000 0.0000 0.0000 0.0000 0.0000 0.0000 0.0000 0.0000 0.0000 0.0000 0.0000 0.0000 0.0000 0.0000 0.0000 0.0000 0.0000 0.0000 0.0000 0.0000 0.0000 0.0000 0.0000 0.0000 0.0000 0.0000 0.0000 0.0000 0.0000 0.0000 0.0000 0.0000 0.0000 0.0000 0.0000 0.0000 0.0000 0.0000 0.0000 0.0000 0.0000 0.0000 0.0000 0.0000 0.0000 0.0000 0.0000 0.0000 0.0000 0.0000 0.0000 0.0000 0.0000 0.0000 0.0000 0.0000 0.0000 0.0000 0.0000 0.0000 0.0000 0.0000 0.0000 0.0000 0.0000 0.0000 0.0000 0.0000 0.0000 0.0000 0.0000 0.0000 0.0000 0.0000 0.0000 0.0000 0.0000 0.0000 0.0000 0.0000 0.0000 0.0000 0.0000 0.0000 0.0000 0.0000 0.0000 0.0000 0.0000 0.0000 0.0000 0.0000 0.0000 0.0000 0.0000 0.0000 0.0000 0.0000 0.0000 0.0000 0.0000 0.0000 0.0000 0.0000 0.0000 0.0000 0.0000 0.0000 0.0000 0.0000 0.0000 0.0000 0.0000 0.0000 0.0000 0.0000 0.0000 0.0000 0.0000 0.0000 0.0000 0.0000 0.0000 0.0000 0.0000 0.0000 0.0000 0.0000 0.0000 0.0000 0.0000 0.0000 0.0000 0.0000 0.0000 0.0000 0.0000 0.0000 0.0000 0.0000 0.0000 0.0000 0.0000 0.0000 0.0000 0.0000 0.0000 0.0000 0.0000 0.0000 0.0000 0.0000 0.0000 0.0000 0.0000 0.0000 0.0000 0.0000 0.0000 0.0000 0.0000 0.0000 0.0000 0.0000 0.0000 0.0000 0.0000 0.0000 0.0000 0.0000 0.0000 0.0000 0.0000 0.0000 0.0000 0.0000 0.0000 0.0000 0.0000 0.0000 0.0000 0.0000 0.0000 0.0000 0.0000 0.0000 0.0000 0.0000 0.0000 0.0000 0.0000 0.0000 0.0000 0.0000 0.0000 0.0000 0.0000 0.0000 0.0000 0.0000 0.0000 0.0000 0.0000 0.0000 0.0000 0.0000 0.0000 0.0000 0.0000 0.0000 0.0000 0.0000 0.0000 0.0000 0.0000 0.0000 0.0000 0.0000 0.0000 0.0000 0.0000 0.0000 0.0000 0.0000 0.0000 0.0000 0.0000 0.0000 0.0000 0.0000 0.0000 0.0000 0.0000 0.0000 0.0000 0.0000 0.0000 0.0000 0.0000 0.0000 0.0000 0.0000 0.0000 0.0000 0.0000 0.0000 0.0000 0.0000 0.0000 0.0000 0.0000 0.0000 0.0000 0.0000 0.0000 0.0000 0.0000 0.0000 0.0000 0.0000 0.0000 0.0000 0.0000 0.0000 0.0000 0.0000 0.0000 0.0000 0.0000 0.0000 0.0000 0.0000 0.0000 0.0000 0.0000 0.0000 0.0000 0.0000 0.0000 0.0000 0.0000 0.0000 0.0000 0.0000 0.0000 0.0000 0.0000 0.0000 0.0000 0.0000 0.0000 0.0000 0.0000 0.0000 0.0000 0.0000 0.0000 0.0000 0.0000 0.0000 0.0000 0.0000 0.0000 0.0000 0.0000 0.0000 0.0000 0.0000 0.0000 0.0000 0.0000 0.0000 0.0000 0.0000 0.0000 0.0000 0.0000 0.0000 0.0000 0.0000 0.0000 0.0000 0.0000 0.0000 0.0000 0.0000 0.0000 0.0000 0.0000 0.0000 0.0000 0.0000 0.0000 0.0000 0.0000 0.0000 0.0000 0.0000 0.0000 0.0000 0.0000 0.0000 0.0000 0.0000 0.0000 0.0000 0.0000 0.0000 0.0000 0.0000 0.0000 0.0000 0.0000 0.0000 0.0000 0.0000 0.0000 0.0000 0.0000 0.0000 0.0000 0.0000 0.0000 0.0000 0.0000 0.0000 0.0000 0.0000 0.0000 0.0000 0.0000 0.0000 0.0000 0.0000 0.0000 0.0000 0.0000 0.0000 0.0000 0.0000 0.0000 0.0000 0.0000 0.0000 0.0000 0.0000 0.0000 0.0000 0.0000 0.0000 0.0000 0.0000 0.0000 0.0000 0.0000 0.0000 0.0000 0.0000 0.0000 0.0000 0.0000 0.0000 0.0000 0.0000 0.0000 0.0000 0.0000 0.0000 0.0000 0.0000 0.0000 0.0000 0.0000 0.0000 0.0000 0.0000 0.0000 0.0000 0.0000 0.0000 0.0000 0.0000 0.0000 0.0000 0.0000 0.0000 0.0000 0.0000 0.0000 0.0000 0.0000 0.0000 0.0000 0.0000 0.0000 0.0000 0.0000 0.0000 0.0000 0.0000 0.0000 0.0000 0.0000 0.0000 0.0000 0.0000 0.0000 0.0000 0.0000 0.0000 0.0000 0.0000 0.0000 0.0000 0.0000 0.0000 0.0000 0.0000 0.0000 0.0000 0.0000 0.0000 0.0000 0.0000 0.0000 0.0000 0.0000 0.0000 0.0000 0.0000 0.0000 0.0000 0.0000 0.0000 0.0000 0.0000 0.0000 0.0000 0.0000 0.0000 0.0000 0.0000 0.0000 0.0000 0.0000 0.0000 0.0000 0.0000 0.0000 0.0000 0.0000 0.0000 0.0000 0.0000 0.0000 0.0000 0.0000 0.0000 0.0000 0.0000 0.0000 0.0000 0.0000 0.0000 0.0000 0.0000 0.0000 0.0000 0.0000 0.0000 0.0000 0.0000 0.0000 0.0000 0.0000 0.0000 0.0000 0.0000 0.0000 0.0000 0.0000 0.0000 0.0000 0.0000 0.0000 0.0000 0.0000 0.0000 0.0000 0.0000 0.0000 0.0000 0.0000 0.0000 0.0000 0.0000 0.0000 0.0000 0.0000 0.0000 0.0000 0.0000 0.0000 0.0000 0.0000 0.0000 0.0000 0.0000 0.0000 0.0000 0.0000 0.0000 0.0000 0.0000 0.0000 0.0000 0.0000 0.0000 0.0000 0.0000 0.0000 0.0000 0.0000 0.0000 0.0000 0.0000 0.0000 0.0000 0.0000 0.0000 0.0000 0.0000 0.0000 0.0000 0.0000 0.0000 0.0000 0.0000 0.0000 0.0000 0.0000 0.0000 0.0000 0.0000 0.0000 0.0000 0.0000 0.0000 0.0000 0.0000 0.0000 0.0000 0.0000 0.0000 0.0000 0.0000 0.0000 0.0000 0.0000 0.0000 0.0000 0.0000 0.0000 0.0000 0.0000 0.0000 0.0000 0.0000 0.0000 0.0000 0.0000 0.0000 0.0000 0.0000 0.0000 0.0000 0.0000 0.0000 0.0000 0.0000 0.0000 0.0000 0.0000 0.0000 0.0000 0.0000 0.0000 0.0000 0.0000 0.0000 0.0000 0.0000 0.0000 0.0000 0.0000 0.0000 0.0000 0.0000 0.0000 0.0000 0.0000 0.0000 0.0000 0.0000 0.0000 0.0000 0.0000 0.0000 0.0000 0.0000 0.0000 0.0000 0.0000 0.0000 0.0000 0.0000 0.0000 0.0000 0.0000 0.0000 0.0000 0.0000 0.0000 0.0000 0.0000 0.0000 0.0000 0.0000 0.0000 0.0000 0.0000 0.0000 0.0000 0.0000 0.0000 0.0000 0.0000 0.0000 0.0000 0.0000 0.0000 0.0000 0.0000 0.0000 0.0000 0.0000 0.0000 0.0000 0.0000 0.0000 0.0000 0.0000 0.0000 0.0000 0.0000 0.0000 0.0000 0.0000 0.0000 0.0000 0.0000 0.0000 0.0000 0.0000 0.0000 0.0000 0.0000 0.0000 0.0000 0.0000 0.0000 0.0000 0.0000 0.0000 0.0000 0.0000 0.0000 0.0000 0.0000 0.0000 0.0000 0.0000 0.0000 0.0000 0.0000 0.0000 0.0000 0.0000 0.0000 0.0000 0.0000 0.0000 0.0000 0.0000 0.0000 0.0000 0.0000 0.0000 0.0000 0.0000 0.0000 0.0000 0.0000 0.0000 0.0000 0.0000 0.0000 0.0000 0.0000 0.0000 0.0000 0.0000 0.0000 0.0000 0.0000 0.0000 0.0000 0.0000 0.0000 0.0000 0.0000 0.0000 0.0000 0.0000 0.0000 0.0000 0.0000 0.0000 0.0000 0.0000 0.0000 0.0000 0.0000 0.0000 0.0000 0.0000 0.0000 0.0000 0.0000 0.0000 0.0000 0.0000 0.0000 0.0000 0.0000 0.0000 0.0000 0.0000 0.0000 0.0000 0.0000 0.0000 0.0000 0.0000 0.0000 0.0000 0.0000 0.0000 0.0000 0.0000 0.0000 0.0000 0.0000 0.0000 0.0000 0.0000 0.0000 0.0000 0.0000 0.0000 0.0000 0.0000 0.0000 0.0000 0.0000 0.0000 0.0000 0.0000 0.0000 0.0000 0.0000 0.0000 0.0000 0.0000 0.0000 0.0000 0.0000 0.0000 0.0000 0.0000 0.0000 0.0000 0.0000 0.0000 0.0000 0.0000 0.0000 0.0000 0.0000 0.0000 0.0000 0.0000 0.0000 0.0000 0.0000 0.0000 0.0000 0.0000 0.0000 0.0000 0.0000 0.0000 0.0000 0.0000 0.0000 0.0000 0.0000 0.0000 0.0000 0.0000 0.0000 0.0000 0.0000 0.0000 0.0000 0.0000 0.0000 0.0000 0.0000 0.0000 0.0000 0.0000 0.0000 0.0000 0.0000 0.0000 0.0000 0.0000 0.0000 0.0000 0.0000 0.0000 0.0000 0.0000 0.0000 0.0000 0.0000 0.0000 0.0000 0.0000 0.0000 0.0000 0.0000 0.0000 0.0000 0.0000 0.0000 0.0000 0.0000 0.0000 0.0000 0.0000 0.0000 0.0000 0.0000 0.0000 0.0000 0.0000 0.0000 0.0000 0.0000 0.0000 0.0000 0.0000 0.0000 0.0000 0.0000 0.0000 0.0000 0.0000 0.0000 0.0000 0.0000 0.0000 0.0000 0.0000 0.0000 0.0000 0.0000 0.0000 0.0000 0.0000 0.0000 0.0000 0.0000 0.0000 0.0000 0.0000 0.0000 0.0000 0.0000 0.0000 0.0000 0.0000 0.0000 0.0000 0.0000 0.0000 0.0000 0.0000 0.0000 0.0000 0.0000 0.0000 0.0000 0.0000 0.0000 0.0000 0.0000 0.0000 0.0000 0.0000 0.0000 0.0000 0.0000 0.0000 0.0000 0.0000 0.0000 0.0000 0.0000 0.0000 0.0000 0.0000 0.0000 0.0000 0.0000 0.0000 0.0000 0.0000 0.0000 0.0000 0.0000 0.0000 0.0000 0.0000 0.0000 0.0000 0.0000 0.0000 0.0000 0.0000 0.0000 0.0000 0.0000 0.0000 0.0000 0.0000 0.0000 0.0000 0.0000 0.0000 0.0000 0.0000 0.0000 0.0000 0.0000 0.0000 0.0000 0.0000 0.0000 0.0000 0.0000 0.0000 0.0000 0.0000 0.0000 0.0000 0.0000 0.0000 0.0000 0.0000 0.0000 0.0000 0.0000 0.0000 0.0000 0.0000 0.0000 0.0000 0.0000 0.0000 0.0000 0.0000 0.0000 0.0000 0.0000 0.0000 0.0000 0.0000 0.0000 0.0000 0.0000 0.0000 0.0000 0.0000 0.0000 0.0000 0.0000 0.0000 0.0000 0.0000 0.0000 0.0000 0.0000 0.0000 0.0000 0.0000 0.0000 0.0000 0.0000 0.0000 0.0000 0.0000 0.0000 0.0000 0.0000 0.0000 0.0000 0.0000 0.0000 0.0000 0.0000 0.0000 0.0000 0.0000 0.0000 0.0000 0.0000 0.0000 0.0000 0.0000 0.0000 0.0000 0.0000 0.0000 0.0000 0.0000 0.0000 0.0000 0.0000 0.0000 0.0000 0.0000 0.0000 0.0000 0.0000 0.0000 0.0000 0.0000 0.0000 0.0000 0.0000 0.0000 0.0000 0.0000 0.0000 0.0000 0.0000 0.0000 0.0000 0.0000 0.0000 0.0000 0.0000 0.0000 0.0000 0.0000 0.0000 0.0000 0.0000 0.0000 0.0000 0.0000 0.0000 0.0000 0.0000 0.0000 0.0000 0.0000 0.0000 0.0000 0.0000 0.0000 0.0000 0.0000 0.0000 0.0000 0.0000 0.0000 0.0000 0.0000 0.0000 0.0000 0.0000 0.0000 0.0000 0.0000 0.0000 0.0000 0.0000 0.0000 0.0000 0.0000 0.0000 0.0000 0.0000 0.0000 0.0000 0.0000 0.0000 0.0000 0.0000 0.0000 0.0000 0.0000 0.0000 0.0000 0.0000 0.0000 0.0000 0.0000 0.0000 0.0000 0.0000 0.0000 0.0000 0.0000 0.0000 0.0000 0.0000 0.0000 0.0000 0.0000 0.0000 0.0000 0.0000 0.0000 0.0000 0.0000 0.0000 0.0000 0.0000 0.0000 0.0000 0.0000 0.0000 0.0000 0.0000 0.0000 0.0000 0.0000 0.0000 0.0000 0.0000 0.0000 0.0000 0.0000 0.0000 0.0000 0.0000 0.0000 0.0000 0.0000 0.0000 0.0000 0.0000 0.0000 0.0000 0.0000 0.0000 0.0000 0.0000 0.0000 0.0000 0.0000 0.0000 0.0000 0.0000 0.0000 0.0000 0.0000 0.0000 0.0000 0.0000 0.0000 0.0000 0.0000 0.0000 0.0000 0.0000 0.0000 0.0000 0.0000 0.0000 0.0000 0.0000 0.0000 0.0000 0.0000 0.0000 0.0000 0.0000 0.0000 0.0000 0.0000 0.0000 0.0000 0.0000 0.0000 0.0000 0.0000 0.0000 0.0000 0.0000 0.0000 0.0000 0.0000 0.0000 0.0000 0.0000 0.0000 0.0000 0.0000 0.0000 0.0000 0.0000 0.0000 0.0000 0.0000 0.0000 0.0000 0.0000 0.0000 0.0000 0.0000 0.0000 0.0000 0.0000 0.0000 0.0000 0.0000 0.0000 0.0000 0.0000 0.0000 0.0000 0.0000 0.0000 0.0000 0.0000 0.0000 0.0000 0.0000 0.0000 0.0000 0.0000 0.0000 0.0000 0.0000 0.0000 0.0000 0.0000 0.0000 0.0000 0.0000 0.0000 0.0000 0.0000 0.0000 0.0000 0.0000 0.0000 0.0000 0.0000 0.0000 0.0000 0.0000 0.0000 0.0000 0.0000 0.0000 0.0000 0.0000 0.0000 0.0000 0.0000 0.0000 0.0000 0.0000 0.0000 0.0000 0.0000 0.0000 0.0000 0.0000 0.0000 0.0000 0.0000 0.0000 0.0000 0.0000 0.0000 0.0000 0.0000 0.0000 0.0000 0.0000 0.0000 0.0000 0.0000 0.0000 0.0000 0.0000 0.0000 0.0000 0.0000 0.0000 0.0000 0.0000 0.0000 0.0000 0.0000 0.0000 0.0000 0.0000 0.0000 0.0000 0.0000 0.0000 0.0000 0.0000 0.0000 0.0000 0.0000 0.0000 0.0000 0.0000 0.0000 0.0000 0.0000 0.0000 0.0000 0.0000 0.0000 0.0000 0.0000 0.0000 0.0000 0.0000 0.0000 0.0000 0.0000 0.0000 0.0000 0.0000 0.0000 0.0000 0.0000 0.0000 0.0000 0.0000 0.0000 0.0000 0.0000 0.0000 0.0000 0.0000 0.0000 0.0000 0.0000 0.0000 0.0000 0.0000 0.0000 0.0000 0.0000 0.0000 0.0000 0.0000 0.0000 0.0000 0.0000 0.0000 0.0000 0.0000 0.0000 0.0000 0.0000 0.0000 0.0000 0.0000 0.0000 0.0000 0.0000 0.0000 0.0000 0.0000 0.0000 0.0000 0.0000 0.0000 0.0000 0.0000 0.0000 0.0000 0.0000 0.0000 0.0000 0.0000 0.0000 0.0000 0.0000 0.0000 0.0000 0.0000 0.0000 0.0000 0.0000 0.0000 0.0000 0.0000 0.0000 0.0000 0.0000 0.0000 0.0000 0.0000 0.0000 0.0000 0.0000 0.0000 0.0000 0.0000 0.0000 0.0000 0.0000 0.0000 0.0000 0.0000 0.0000 0.0000 0.0000 0.0000 0.0000 0.0000 0.0000 0.0000 0.0000 0.0000 0.0000 0.0000 0.0000 0.0000 0.0000 0.0000 0.0000 0.0000 0.0000 0.0000 0.0000 0.0000 0.0000 0.0000 0.0000 0.0000 0.0000 0.0000 0.0000 0.0000 0.0000 0.0000 0.0000 0.0000 0.0000 0.0000 0.0000 0.0000 0.0000 0.0000 0.0000 0.0000 0.0000 0.0000 0.0000 0.0000 0.0000 0.0000 0.0000 0.0000 0.0000 0.0000 0.0000 0.0000 0.0000 0.0000 0.0000 0.0000 0.0000 0.0000 0.0000 0.0000 0.0000 0.0000 0.0000 0.0000 0.0000 0.0000 0.0000 0.0000 0.0000 0.0000 0.0000 0.0000 0.0000 0.0000 0.0000 0.0000 0.0000 0.0000 0.0000 0.0000 0.0000 0.0000 0.0000 0.0000 0.0000 0.0000 0.0000 0.0000 0.0000 0.0000 0.0000 0.0000 0.0000 0.0000 0.0000 0.0000 0.0000 0.0000 0.0000 0.0000 0.0000 0.0000 0.0000 0.0000 0.0000 0.0000 0.0000 0.0000 0.0000 0.0000 0.0000 0.0000 0.0000 0.0000 0.0000 0.0000 0.0000 0.0000 0.0000 0.0000 0.0000 0.0000 0.0000 0.0000 0.0000 0.0000 0.0000 0.0000 0.0000 0.0000 0.0000 0.0000 0.0000 0.0000 0.0000 0.0000 0.0000 0.0000 0.0000 0.0000 0.0000 0.0000 0.0000 0.0000 0.0000 0.0000 0.0000 0.0000 0.0000 0.0000 0.0000 0.0000 0.0000 0.0000 0.0000 0.0000 0.0000 0.0000 0.0000 0.0000 0.0000 0.0000 0.0000 0.0000 0.0000 0.0000 0.0000 0.0000 0.0000 0.0000 0.0000 0.0000 0.0000 0.0000 0.0000 0.0000 0.0000 0.0000 0.0000 0.0000 0.0000 0.0000 0.0000 0.0000 0.0000 0.0000 0.0000 0.0000 0.0000 0.0000 0.0000 0.0000 0.0000 0.0000 0.0000 0.0000 0.0000 0.0000 0.0000 0.0000 0.0000 0.0000 0.0000 0.0000 0.0000 0.0000 0.0000 0.0000 0.0000 0.0000 0.0000 0.0000 0.0000 0.0000 0.0000 0.0000 0.0000 0.0000 0.0000 0.0000 0.0000 0.0000 0.0000 0.0000 0.0000 0.0000 0.0000 0.0000 0.0000 0.0000 0.0000 0.0000 0.0000 0.0000 0.0000 0.0000 0.0000 0.0000 0.0000 0.0000 0.0000 0.0000 0.0000 0.0000 0.0000 0.0000 0.0000 0.0000 0.0000 0.0000 0.0000 0.0000 0.0000 0.0000 0.0000 0.0000 0.0000 0.0000 0.0000 0.0000 0.0000 0.0000 0.0000 0.0000 0.0000 0.0000 0.0000 0.0000 0.0000 0.0000 0.0000 0.0000 0.0000 0.0000 0.0000 0.0000 0.0000 0.0000 0.0000 0.0000 0.0000 0.0000 0.0000 0.0000 0.0000 0.0000 0.0000 0.0000 0.0000 0.0000 0.0000 0.0000 0.0000 0.0000 0.0000 0.0000 0.0000 0.0000 0.0000 0.0000 0.0000 0.0000 0.0000 0.0000 0.0000 0.0000 0.0000 0.0000 0.0000 0.0000 0.0000 0.0000 0.0000 0.0000 0.0000 0.0000 0.0000 0.0000 0.0000 0.0000 0.0000 0.0000 0.0000 0.0000 0.0000 0.0000 0.0000 0.0000 0.0000 0.0000 0.0000 0.0000 0.0000 0.0000 0.0000 0.0000 0.0000 0.0000 0.0000 0.0000 0.0000 0.0000 0.0000 0.0000 0.0000 0.0000 0.0000 0.0000 0.0000 0.0000 0.0000 0.0000 0.0000 0.0000 0.0000 0.0000 0.0000 0.0000 0.0000 0.0000 0.0000 0.0000 0.0000 0.0000 0.0000 0.0000 0.0000 0.0000 0.0000 0.0000 0.0000 0.0000 0.0000 0.0000 0.0000 0.0000 0.0000 0.0000 0.0000 0.0000 0.0000 0.0000 0.0000 0.0000 0.0000 0.0000 0.0000 0.0000 0.0000 0.0000 0.0000 0.0000 0.0000 0.0000 0.0000 0.0000 0.0000 0.0000 0.0000 0.0000 0.0000 0.0000 0.0000 0.0000 0.0000 0.0000 0.0000 0.0000 0.0000 0.0000 0.0000 0.0000 0.0000 0.0000 0.0000 0.0000 0.0000 0.0000 0.0000 0.0000 0.0000 0.0000 0.0000 0.0000 0.0000 0.0000 0.0000 0.0000 0.0000 0.0000 0.0000 0.0000 0.0000 0.0000 0.0000 0.0000 0.0000 0.0000 0.0000 0.0000 0.0000 0.0000 0.0000 0.0000 0.0000 0.0000 0.0000 0.0000 0.0000 0.0000 0.0000 0.0000 0.0000 0.0000 0.0000 0.0000 0.0000 0.0000 0.0000 0.0000 0.0000 0.0000 0.0000 0.0000 0.0000 0.0000 0.0000 0.0000 0.0000 0.0000 0.0000 0.0000 0.0000 0.0000 0.0000 0.0000 0.0000 0.0000 0.0000 0.0000 0.0000 0.0000 0.0000 0.0000 0.0000 0.0000 0.0000 0.0000 0.0000 0.0000 0.0000 0.0000 0.0000 0.0000 0.0000 0.0000 0.0000 0.0000 0.0000 0.0000 0.0000 0.0000 0.0000 0.0000 0.0000 0.0000 0.0000 0.0000 0.0000 0.0000 0.0000 0.0000 0.0000 0.0000 0.0000 0.0000 0.0000 0.0000 0.0000 0.0000 0.0000 0.0000 0.0000 0.0000 0.0000 0.0000 0.0000 0.0000 0.0000 0.0000 0.0000 0.0000 0.0000 0.0000 0.0000 0.0000 0.0000 0.0000 0.0000 0.0000 0.0000 0.0000 0.0000 0.0000 0.0000 0.0000 0.0000 0.0000 0.0000 0.0000 0.0000 0.0000 0.0000 0.0000 0.0000 0.0000 0.0000 0.0000 0.0000 0.0000 0.0000 0.0000 0.0000 0.0000 0.0000 0.0000 0.0000 0.0000 0.0000 0.0000 0.0000 0.0000 0.0000 0.0000 0.0000 0.0000 0.0000 0.0000 0.0000 0.0000 0.0000 0.0000 0.0000 0.0000 0.0000 0.0000 0.0000 0.0000 0.0000 0.0000 0.0000 0.0000 0.0000 0.0000 0.0000 0.0000 0.0000 0.0000 0.0000 0.0000 0.0000 0.0000 0.0000 0.0000 0.0000 0.0000 0.0000 0.0000 0.0000 0.0000 0.0000 0.0000 0.0000 0.0000 0.0000 0.0000 0.0000 0.0000 0.0000 0.0000 0.0000 0.0000 0.0000 0.0000 0.0000 0.0000 0.0000 0.0000 0.0000 0.0000 0.0000 0.0000 0.0000 0.0000 0.0000 0.0000 0.0000 0.0000 0.0000 0.0000 0.0000 0.0000 0.0000 0.0000 0.0000 0.0000 0.0000 0.0000 0.0000 0.0000 0.0000 0.0000 0.0000 0.0000 0.0000 0.0000 0.0000 0.0000 0.0000 0.0000 0.0000 0.0000 0.0000 0.0000 0.0000 0.0000 0.0000 0.0000 0.0000 0.0000 0.0000 0.0000 0.0000 0.0000 0.0000 0.0000 0.0000 0.0000 0.0000 0.0000 0.0000 0.0000 0.0000 0.0000 0.0000 0.0000 0.0000 0.0000 0.0000 0.0000 0.0000 0.0000 0.0000 0.0000 0.0000 0.0000 0.0000 0.0000 0.0000 0.0000 0.0000 0.0000 0.0000 0.0000 0.0000 0.0000 0.0000 0.0000 0.0000 0.0000 0.0000 0.0000 0.0000 0.0000 0.0000 0.0000 0.0000 0.0000 0.0000 0.0000 0.0000 0.0000 0.0000 0.0000 0.0000 0.0000 0.0000 0.0000 0.0000 0.0000 0.0000 0.0000 0.0000 0.0000 0.0000 0.0000 0.0000 0.0000 0.0000 0.0000 0.0000 0.0000 0.0000 0.0000 0.0000 0.0000 0.0000 0.0000 0.0000 0.0000 0.0000 0.0000 0.0000 0.0000 0.0000 0.0000 0.0000 0.0000 0.0000 0.0000 0.0000 0.0000 0.0000 0.0000 0.0000 0.0000 0.0000 0.0000 0.0000 0.0000 0.0000 0.0000 0.0000 0.0000 0.0000 0.0000 0.0000 0.0000 0.0000 0.0000 0.0000 0.0000 0.0000 0.0000 0.0000 0.0000 0.0000 0.0000 0.0000 0.0000 0.0000 0.0000 0.0000 0.0000 0.0000 0.0000 0.0000 0.0000 0.0000 0.0000 0.0000 0.0000 0.0000 0.0000 0.0000 0.0000 0.0000 0.0000 0.0000 0.0000 0.0000 0.0000 0.0000 0.0000 0.0000 0.0000 0.0000 0.0000 0.0000 0.0000 0.0000 0.0000 0.0000 0.0000 0.0000 0.0000 0.0000 0.0000 0.0000 0.0000 0.0000 0.0000 0.0000 0.0000 0.0000 0.0000 0.0000 0.0000 0.0000 0.0000 0.0000 0.0000 0.0000 0.0000 0.0000 0.0000 0.0000 0.0000 0.0000 0.0000 0.0000 0.0000 0.0000 0.0000 0.0000 0.0000 0.0000 0.0000 0.0000 0.0000 0.0000 0.0000 0.0000 0.0000 0.0000 0.0000 0.0000 0.0000 0.0000 0.0000 0.0000 0.0000 0.0000 0.0000 0.0000 0.0000 0.0000 0.0000 0.0000 0.0000 0.0000 0.0000 0.0000 0.0000 0.0000 0.0000 0.0000 0.0000 0.0000 0.0000 0.0000 0.0000 0.0000 0.0000 0.0000 0.0000 0.0000 0.0000 0.0000 0.0000 0.0000 0.0000 0.0000 0.0000 0.0000 0.0000 0.0000 0.0000 0.0000 0.0000 0.0000 0.0000 0.0000 0.0000 0.0000 0.0000 0.0000 0.0000 0.0000 0.0000 0.0000 0.0000 0.0000 0.0000 0.0000 0.0000 0.0000 0.0000 0.0000 0.0000 0.0000 0.0000 0.0000 0.0000 0.0000 0.0000 0.0000 0.0000 0.0000 0.0000 0.0000 0.0000 0.0000 0.0000 0.0000 0.0000 0.0000 0.0000 0.0000 0.0000 0.0000 0.0000 0.0000 0.0000 0.0000 0.0000 0.0000 0.0000 0.0000 0.0000 0.0000 0.0000 0.0000 0.0000 0.0000 0.0000 0.0000 0.0000 0.0000 0.0000 0.0000 0.0000 0.0000 0.0000 0.0000 0.0000 0.0000 0.0000 0.0000 0.0000 0.0000 0.0000 0.0000 0.0000 0.0000 0.0000 0.0000 0.0000 0.0000 0.0000 0.0000 0.0000 0.0000 0.0000 0.0000 0.0000 0.0000 0.0000 0.0000 0.0000 0.0000 0.0000 0.0000 0.0000 0.0000 0.0000 0.0000 0.0000 0.0000 0.0000 0.0000 0.0000 0.0000 0.0000 0.0000 0.0000 0.0000 0.0000 0.0000 0.0000 0.0000 0.0000 0.0000 0.0000 0.0000 0.0000 0.0000 0.0000 0.0000 0.0000 0.0000 0.0000 0.0000 0.0000 0.0000 0.0000 0.0000 0.0000 0.0000 0.0000 0.0000 0.0000 0.0000 0.0000 0.0000 0.0000 0.0000 0.0000 0.0000 0.0000 0.0000 0.0000 0.0000 0.0000 0.0000 0.0000 0.0000 0.0000 0.0000 0.0000 0.0000 0.0000 0.0000 0.0000 0.0000 0.0000 0.0000 0.0000 0.0000 0.0000 0.0000 0.0000 0.0000 0.0000 0.0000 0.0000 0.0000 0.0000 0.0000 0.0000 0.0000 0.0000 0.0000 0.0000 0.0000 0.0000 0.0000 0.0000 0.0000 0.0000 0.0000 0.0000 0.0000 0.0000 0.0000 0.0000 0.0000 0.0000 0.0000 0.0000 0.0000 0.0000 0.0000 0.0000 0.0000 0.0000 0.0000 0.0000 0.0000 0.0000 0.0000 0.0000 0.0000 0.0000 0.0000 0.0000 0.0000 0.0000 0.0000 0.0000 0.0000 0.0000 0.0000 0.0000 0.0000 0.0000 0.0000 0.0000 0.0000 0.0000 0.0000 0.0000 0.0000 0.0000 0.0000 0.0000 0.0000 0.0000 0.0000 0.0000 0.0000 0.0000 0.0000 0.0000 0.0000 0.0000 0.0000 0.0000 0.0000 0.0000 0.0000 0.0000 0.0000 0.0000 0.0000 0.0000 0.0000 0.0000 0.0000 0.0000 0.0000 0.0000 0.0000 0.0000 0.0000 0.0000 0.0000 0.0000 0.0000 0.0000 0.0000 0.0000 0.0000 0.0000 0.0000 0.0000 0.0000 0.0000 0.0000 0.0000 0.0000 0.0000 0.0000 0.0000 0.0000 0.0000 0.0000 0.0000 0.0000 0.0000 0.0000 0.0000 0.0000 0.0000 0.0000 0.0000 0.0000 0.0000 0.0000 0.0000 0.0000 0.0000 0.0000 0.0000 0.0000 0.0000 0.0000 0.0000 0.0000 0.0000 0.0000 0.0000 0.0000 0.0000 0.0000 0.0000 0.0000 0.0000 0.0000 0.0000 0.0000 0.0000 0.0000 0.0000 0.0000 0.0000 0.0000 0.0000 0.0000 0.0000 0.0000 0.0000 0.0000 0.0000 0.0000 0.0000 0.0000 0.0000 0.0000 0.0000 0.0000 0.0000 0.0000 0.0000 0.0000 0.0000 0.0000 0.0000 0.0000 0.0000 0.0000 0.0000 0.0000 0.0000 0.0000 0.0000 0.0000 0.0000 0.0000 0.0000 0.0000 0.0000 0.0000 0.0000 0.0000 0.0000 0.0000 0.0000 0.0000 0.0000 0.0000 0.0000 0.0000 0.0000 0.0000 0.0000 0.0000 0.0000 0.0000 0.0000 0.0000 0.0000 0.0000 0.0000 0.0000 0.0000 0.0000 0.0000 0.0000 0.0000 0.0000 0.0000 0.0000 0.0000 0.0000 0.0000 0.0000 0.0000 0.0000 0.0000 0.0000 0.0000 0.0000 0.0000 0.0000 0.0000 0.0000 0.0000 0.0000 0.0000 0.0000 0.0000 0.0000 0.0000 0.0000 0.0000 0.0000 0.0000 0.0000 0.0000 0.0000 0.0000 0.0000 0.0000 0.0000 0.0000 0.0000 0.0000 0.0000 0.0000 0.0000 0.0000 0.0000 0.0000 0.0000 0.0000 0.0000 0.0000 0.0000 0.0000 0.0000 0.0000 0.0000 0.0000 0.0000 0.0000 0.0000 0.0000 0.0000 0.0000 0.0000 0.0000 0.0000 0.0000 0.0000 0.0000 0.0000 0.0000 0.0000 0.0000 0.0000 0.0000 0.0000 0.0000 0.0000 0.0000 0.0000 0.0000 0.0000 0.0000 0.0000 0.0000 0.0000 0.0000 0.0000 0.0000 0.0000 0.0000 0.0000 0.0000 0.0000 0.0000 0.0000 0.0000 0.0000 0.0000 0.0000 0.0000 0.0000 0.0000 0.0000 0.0000 0.0000 0.0000 0.0000 0.0000 0.0000 0.0000 0.0000 0.0000 0.0000 0.0000 0.0000 0.0000 0.0000 0.0000 0.0000 0.0000 0.0000 0.0000 0.0000 0.0000 0.0000 0.0000 0.0000 0.0000 0.0000 0.0000 0.0000 0.0000 0.0000 0.0000 0.0000 0.0000 0.0000 0.0000 0.0000 0.0000 0.0000 0.0000 0.0000 0.0000 0.0000 0.0000 0.0000 0.0000 0.0000 0.0000 0.0000 0.0000 0.0000 0.0000 0.0000 0.0000 0.0000 0.0000 0.0000 0.0000 0.0000 0.0000 0.0000 0.0000 0.0000 0.0000 0.0000 0.0000 0.0000 0.0000 0.0000 0.0000 0.0000 0.0000 0.0000 0.0000 0.0000 0.0000 0.0000 0.0000 0.0000 0.0000 0.0000 0.0000 0.0000 0.0000 0.0000 0.0000 0.0000 0.0000 0.0000 0.0000 0.0000 0.0000 0.0000 0.0000 0.0000 0.0000 0.0000 0.0000 0.0000 0.0000 0.0000 0.0000 0.0000 0.0000 0.0000 0.0000 0.0000 0.0000 0.0000 0.0000 0.0000 0.0000 0.0000 0.0000 0.0000 0.0000 0.0000 0.0000 0.0000 0.0000 0.0000 0.0000 0.0000 0.0000 0.0000 0.0000 0.0000 0.0000 0.0000 0.0000 0.0000 0.0000 0.0000 0.0000 0.0000 0.0000 0.0000 0.0000 0.0000 0.0000 0.0000 0.0000 0.0000 0.0000 0.0000 0.0000 0.0000 0.0000 0.0000 0.0000 0.0000 0.0000 0.0000 0.0000 0.0000 0.0000 0.0000 0.0000 0.0000 0.0000 0.0000 0.0000 0.0000 0.0000 0.0000 0.0000 0.0000 0.0000 0.0000 0.0000 0.0000 0.0000 0.0000 0.0000 0.0000 0.0000 0.0000 0.0000 0.0000 0.0000 0.0000 0.0000 0.0000 0.0000 0.0000 0.0000 0.0000 0.0000 0.0000 0.0000 0.0000 0.0000 0.0000 0.0000 0.0000 0.0000 0.0000 0.0000 0.0000 0.0000 0.0000 0.0000 0.0000 0.0000 0.0000 0.0000 0.0000 0.0000 0.0000 0.0000 0.0000 0.0000 0.0000 0.0000 0.0000 0.0000 0.0000 0.0000 0.0000 0.0000 0.0000 0.0000 0.0000 0.0000 0.0000 0.0000 0.0000 0.0000 0.0000 0.0000 0.0000 0.0000 0.0000 0.0000 0.0000 0.0000 0.0000 0.0000 0.0000 0.0000 0.0000 0.0000 0.0000 0.0000 0.0000 0.0000 0.0000 0.0000 0.0000 0.0000 0.0000 0.0000 0.0000 0.0000 0.0000 0.0000 0.0000 0.0000 0.0000 0.0000 0.0000 0.0000 0.0000 0.0000 0.0000 0.0000 0.0000 0.0000 0.0000 0.0000 0.0000 0.0000 0.0000 0.0000 0.0000 0.0000 0.0000 0.0000 0.0000 0.0000 0.0000 0.0000 0.0000 0.0000 0.0000 0.0000 0.0000 0.0000 0.0000 0.0000 0.0000 0.0000 0.0000 0.0000 0.0000 0.0000 0.0000 0.0000 0.0000 0.0000 0.0000 0.0000 0.0000 0.0000 0.0000 0.0000 0.0000 0.0000 0.0000 0.0000 0.0000 0.0000 0.0000 0.0000 0.0000 0.0000 0.0000 0.0000 0.0000 0.0000 0.0000 0.0000 0.0000 0.0000 0.0000 0.0000 0.0000 0.0000 0.0000 0.0000 0.0000 0.0000 0.0000 0.0000 0.0000 0.0000 0.0000 0.0000 0.0000 0.0000 0.0000 0.0000 0.0000 0.0000 0.0000 0.0000 0.0000 0.0000 0.0000 0.0000 0.0000 0.0000 0.0000 0.0000 0.0000 0.0000 0.0000 0.0000 0.0000 0.0000 0.0000 0.0000 0.0000 0.0000 0.0000 0.0000 0.0000 0.0000 0.0000 0.0000 0.0000 0.0000 0.0000 0.0000 0.0000 0.0000 0.0000 0.0000 0.0000 0.0000 0.0000 0.0000 0.0000 0.0000 0.0000 0.0000 0.0000 0.0000 0.0000 0.0000 0.0000 0.0000 0.0000 0.0000 0.0000 0.0000 0.0000 0.0000 0.0000 0.0000 0.0000 0.0000 0.0000 0.0000 0.0000 0.0000 0.0000 0.0000 0.0000 0.0000 0.0000 0.0000 0.0000 0.0000 0.0000 0.0000 0.0000 0.0000 0.0000 0.0000 0.0000 0.0000 0.0000 0.0000 0.0000 0.0000 0.0000 0.0000 0.0000 0.0000 0.0000 0.0000 0.0000 0.0000 0.0000 0.0000 0.0000 0.0000 0.0000 0.0000 0.0000 0.0000 0.0000 0.0000 0.0000 0.0000 0.0000 0.0000 0.0000 0.0000 0.0000 0.0000 0.0000 0.0000 0.0000 0.0000 0.0000 0.0000 0.0000 0.0000 0.0000 0.0000 0.0000 0.0000 0.0000 0.0000 0.0000 0.0000 0.0000 0.0000 0.0000 0.0000 0.0000 0.0000 0.0000 0.0000 0.0000 0.0000 0.0000 0.0000 0.0000 0.0000 0.0000 0.0000 0.0000 0.0000 0.0000 0.0000 0.0000 0.0000 0.0000 0.0000 0.0000 0.0000 0.0000 0.0000 0.0000 0.0000 0.0000 0.0000 0.0000 0.0000 0.0000 0.0000 0.0000 0.0000 0.0000 0.0000 0.0000 0.0000 0.0000 0.0000 0.0000 0.0000 0.0000 0.0000 0.0000 0.0000 0.0000 0.0000 0.0000 0.0000 0.0000 0.0000 0.0000 0.0000 0.0000 0.0000 0.0000 0.0000 0.0000 0.0000 0.0000 0.0000 0.0000 0.0000 0.0000 0.0000 0.0000 0.0000 0.0000 0.0000 0.0000 0.0000 0.0000 0.0000 0.0000 0.0000 0.0000 0.0000 0.0000 0.0000 0.0000 0.0000 0.0000 0.0000 0.0000 0.0000 0.0000 0.0000 0.0000 0.0000 0.0000 0.0000 0.0000 0.0000 0.0000 0.0000 0.0000 0.0000 0.0000 0.0000 0.0000 0.0000 0.0000 0.0000 0.0000 0.0000 0.0000 0.0000 0.0000 0.0000 0.0000 0.0000 0.0000 0.0000 0.0000 0.0000 0.0000 0.0000 0.0000 0.0000 0.0000 0.0000 0.0000 0.0000 0.0000 0.0000 0.0000 0.0000 0.0000 0.0000 0.0000 0.0000 0.0000 0.0000 0.0000 0.0000 0.0000 0.0000 0.0000 0.0000 0.0000 0.0000 0.0000 0.0000 0.0000 0.0000 0.0000 0.0000 0.0000 0.0000 0.0000 0.0000 0.0000 0.0000 0.0000 0.0000 0.0000 0.0000 0.0000 0.0000 0.0000 0.0000 0.0000 0.0000 0.0000 0.0000 0.0000 0.0000 0.0000 0.0000 0.0000 0.0000 0.0000 0.0000 0.0000 0.0000 0.0000 0.0000 0.0000 0.0000 0.0000 0.0000 0.0000 0.0000 0.0000 0.0000 0.0000 0.0000 0.0000 0.0000 0.0000 0.0000 0.0000 0.0000 0.0000 0.0000 0.0000 0.0000 0.0000 0.0000 0.0000 0.0000 0.0000 0.0000 0.0000 0.0000 0.0000 0.0000 0.0000 0.0000 0.0000 0.0000 0.0000 0.0000 0.0000 0.0000 0.0000 0.0000 0.0000 0.0000 0.0000 0.0000 0.0000 0.0000 0.0000 0.0000 0.0000 0.0000 0.0000 0.0000 0.0000 0.0000 0.0000 0.0000 0.0000 0.0000 0.0000 0.0000 0.0000 0.0000 0.0000 0.0000 0.0000 0.0000 0.0000 0.0000 0.0000 0.0000 0.0000 0.0000 0.0000 0.0000 0.0000 0.0000 0.0000 0.0000 0.0000 0.0000 0.0000 0.0000 0.0000 0.0000 0.0000 0.0000 0.0000 0.0000 0.0000 0.0000 0.0000 0.0000 0.0000 0.0000 0.0000 0.0000 0.0000 0.0000 0.0000 0.0000 0.0000 0.0000 0.0000 0.0000 0.0000 0.0000 0.0000 0.0000 0.0000 0.0000 0.0000 0.0000 0.0000 0.0000 0.0000 0.0000 0.0000 0.0000 0.0000 0.0000 0.0000 0.0000 0.0000 0.0000 0.0000 0.0000 0.0000 0.0000 0.0000 0.0000 0.0000 0.0000 0.0000 0.0000 0.0000 0.0000 0.0000 0.0000 0.0000 0.0000 0.0000 0.0000 0.0000 0.0000 0.0000 0.0000 0.0000 0.0000 0.0000 0.0000 0.0000 0.0000 0.0000 0.0000 0.0000 0.0000 0.0000 0.0000 0.0000 0.0000 0.0000 0.0000 0.0000 0.0000 0.0000 0.0000 0.0000 0.0000 0.0000 0.0000 0.0000 0.0000 0.0000 0.0000 0.0000 0.0000 0.0000 0.0000 0.0000 0.0000 0.0000 0.0000 0.0000 0.0000 0.0000 0.0000 0.0000 0.0000 0.0000 0.0000 0.0000 0.0000 0.0000 0.0000 0.0000 0.0000 0.0000 0.0000 0.0000 0.0000 0.0000 0.0000 0.0000 0.0000 0.0000 0.0000 0.0000 0.0000 0.0000 0.0000 0.0000 0.0000 0.0000 0.0000 0.0000 0.0000 0.0000 0.0000 0.0000 0.0000 0.0000 0.0000 0.0000 0.0000 0.0000 0.0000 0.0000 0.0000 0.0000 0.0000 0.0000 0.0000 0.0000 0.0000 0.0000 0.0000 0.0000 0.0000 0.0000 0.0000 0.0000 0.0000 0.0000 0.0000 0.0000 0.0000 0.0000 0.0000 0.0000 0.0000 0.0000 0.0000 0.0000 0.0000 0.0000 0.0000 0.0000 0.0000 0.0000 0.0000 0.0000 0.0000 0.0000 0.0000 0.0000 0.0000 0.0000 0.0000 0.0000 0.0000 0.0000 0.0000 0.0000 0.0000 0.0000 0.0000 0.0000 0.0000 0.0000 0.0000 0.0000 0.0000 0.0000 0.0000 0.0000 0.0000 0.0000 0.0000 0.0000 0.0000 0.0000 0.0000 0.0000 0.0000 0.0000 0.0000 0.0000 0.0000 0.0000 0.0000 0.0000 0.0000 0.0000 0.0000 0.0000 0.0000 0.0000 0.0000 0.0000 0.0000 0.0000 0.0000 0.0000 0.0000 0.0000 0.0000 0.0000 0.0000 0.0000 0.0000 0.0000 0.0000 0.0000 0.0000 0.0000 0.0000 0.0000 0.0000 0.0000 0.0000 0.0000 0.0000 0.0000 0.0000 0.0000 0.0000 0.0000 0.0000 0.0000 0.0000 0.0000 0.0000 0.0000 0.0000 0.0000 0.0000 0.0000 0.0000 0.0000 0.0000 0.0000 0.0000 0.0000 0.0000 0.0000 0.0000 0.0000 0.0000 0.0000 0.0000 0.0000 0.0000 0.0000 0.0000 0.0000 0.0000 0.0000 0.0000 0.0000 0.0000 0.0000 0.0000 0.0000 0.0000 0.0000 0.0000 0.0000 0.0000 0.0000 0.0000 0.0000 0.0000 0.0000 0.0000 0.0000 0.0000 0.0000 0.0000 0.0000 0.0000 0.0000 0.0000 0.0000 0.0000 0.0000 0.0000 0.0000 0.0000 0.0000 0.0000 0.0000 0.0000 0.0000 0.0000 0.0000 0.0000 0.0000 0.0000 0.0000 0.0000 0.0000 0.0000 0.0000 0.0000 0.0000 0.0000 0.0000 0.0000 0.0000 0.0000 0.0000 0.0000 0.0000 0.0000 0.0000 0.0000 0.0000 0.0000 0.0000 0.0000 0.0000 0.0000 0.0000 0.0000 0.0000 0.0000 0.0000 0.0000 0.0000 0.0000 0.0000 0.0000 0.0000 0.0000 0.0000 0.0000 0.0000 0.0000 0.0000 0.0000 0.0000 0.0000 0.0000 0.0000 0.0000 0.0000 0.0000 0.0000 0.0000 0.0000 0.0000 0.0000 0.0000 0.0000 0.0000 0.0000 0.0000 0.0000 0.0000 0.0000 0.0000 0.0000 0.0000 0.0000 0.0000 0.0000 0.0000 0.0000 0.0000 0.0000 0.0000 0.0000 0.0000 0.0000 0.0000 0.0000 0.0000 0.0000 0.0000 0.0000 0.0000 0.0000 0.0000 0.0000 0.0000 0.0000 0.0000 0.0000 0.0000 0.0000 0.0000 0.0000 0.0000 0.0000 0.0000 0.0000 0.0000 0.0000 0.0000 0.0000 0.0000 0.0000 0.0000 0.0000 0.0000 0.0000 0.0000 0.0000 0.0000 0.0000 0.0000 0.0000 0.0000 0.0000 0.0000 0.0000 0.0000 0.0000 0.0000 0.0000 0.0000 0.0000 0.0000 0.0000 0.0000 0.0000 0.0000 0.0000 0.0000 0.0000 0.0000 0.0000 0.0000 0.0000 0.0000 0.0000 0.0000 0.0000 0.0000 0.0000 0.0000 0.0000 0.0000 0.0000 0.0000 0.0000 0.0000 0.0000 0.0000 0.0000 0.0000 0.0000 0.0000 0.0000 0.0000 0.0000 0.0000 0.0000 0.0000 0.0000 0.0000 0.0000 0.0000 0.0000 0.0000 0.0000 0.0000 0.0000 0.0000 0.0000 0.0000 0.0000 0.0000 0.0000 0.0000 0.0000 0.0000 0.0000 0.0000 0.0000 0.0000 0.0000 0.0000 0.0000 0.0000 0.0000 0.0000 0.0000 0.0000 0.0000 0.0000 0.0000 0.0000 0.0000 0.0000 0.0000 0.0000 0.0000 0.0000 0.0000 0.0000 0.0000 0.0000 0.0000 0.0000 0.0000 0.0000 0.0000 0.0000 0.0000 0.0000 0.0000 0.0000 0.0000 0.0000 0.0000 0.0000 0.0000 0.0000 0.0000 0.0000 0.0000 0.0000 0.0000 0.0000 0.0000 0.0000 0.0000 0.0000 0.0000 0.0000 0.0000 0.0000 0.0000 0.0000 0.0000 0.0000 0.0000 0.0000 0.0000 0.0000 0.0000 0.0000 0.0000 0.0000 0.0000 0.0000 0.0000 0.0000 0.0000 0.0000 0.0000 0.0000 0.0000 0.0000 0.0000 0.0000 0.0000 0.0000 0.0000 0.0000 0.0000 0.0000 0.0000 0.0000 0.0000 0.0000 0.0000 0.0000 0.0000 0.0000 0.0000 0.0000 0.0000 0.0000 0.0000 0.0000 0.0000 0.0000 0.0000 0.0000 0.0000 0.0000 0.0000 0.0000 0.0000 0.0000 0.0000 0.0000 0.0000 0.0000 0.0000 0.0000 0.0000 0.0000 0.0000 0.0000 0.0000 0.0000 0.0000 0.0000 0.0000 0.0000 0.0000 0.0000 0.0000 0.0000 0.0000 0.0000 0.0000 0.0000 0.0000 0.0000 0.0000 0.0000 0.0000 0.0000 0.0000 0.0000 0.0000 0.0000 0.0000 0.0000 0.0000 0.0000 0.0000 0.0000 0.0000 0.0000 0.0000 0.0000 0.0000 0.0000 0.0000 0.0000 0.0000 0.0000 0.0000 0.0000 0.0000 0.0000 0.0000 0.0000 0.0000 0.0000 0.0000 0.0000 0.0000 0.0000 0.0000 0.0000 0.0000 0.0000 0.0000 0.0000 0.0000 0.0000 0.0000 0.0000 0.0000 0.0000 0.0000 0.0000 0.0000 0.0000 0.0000 0.0000 0.0000 0.0000 0.0000 0.0000 0.0000 0.0000 0.0000 0.0000 0.0000 0.0000 0.0000 0.0000 0.0000 0.0000 0.0000 0.0000 0.0000 0.0000 0.0000 0.0000 0.0000 0.0000 0.0000 0.0000 0.0000 0.0000 0.0000 0.0000 0.0000 0.0000 0.0000 0.0000 0.0000 0.0000 0.0000 0.0000 0.0000 0.0000 0.0000 0.0000 0.0000 0.0000 0.0000 0.0000 0.0000 0.0000 0.0000 0.0000 0.0000 0.0000 0.0000 0.0000 0.0000 0.0000 0.0000 0.0000 0.0000 0.0000 0.0000 0.0000 0.0000 0.0000 0.0000 0.0000 0.0000 0.0000 0.0000 0.0000 0.0000 0.0000 0.0000 0.0000 0.0000 0.0000 0.0000 0.0000 0.0000 0.0000 0.0000 0.0000 0.0000 0.0000 0.0000 0.0000 0.0000 0.0000 0.0000 0.0000 0.0000 0.0000 0.0000 0.0000 0.0000 0.0000 0.0000 0.0000 0.0000 0.0000 0.0000 0.0000 0.0000 0.0000 0.0000 0.0000 0.0000 0.0000 0.0000 0.0000 0.0000 0.0000 0.0000 0.0000 0.0000 0.0000 0.0000 0.0000 0.0000 0.0000 0.0000 0.0000 0.0000 0.0000 0.0000 0.0000 0.0000 0.0000 0.0000 0.0000 0.0000 0.0000 0.0000 0.0000 0.0000 0.0000 0.0000 0.0000 0.0000 0.0000 0.0000 0.0000 0.0000 0.0000 0.0000 0.0000 0.0000 0.0000 0.0000 0.0000 0.0000 0.0000 0.0000 0.0000 0.0000 0.0000 0.0000 0.0000 0.0000 0.0000 0.0000 0.0000 0.0000 0.0000 0.0000 0.0000 0.0000 0.0000 0.0000 0.0000 0.0000 0.0000 0.0000 0.0000 0.0000 0.0000 0.0000 0.0000 0.0000 0.0000 0.0000 0.0000 0.0000 0.0000 0.0000 0.0000 0.0000 0.0000 0.0000 0.0000 0.0000 0.0000 0.0000 0.0000 0.0000 0.0000 0.0000 0.0000 0.0000 0.0000 0.0000 0.0000 0.0000 0.0000 0.0000 0.0000 0.0000 0.0000 0.0000 0.0000 0.0000 0.0000 0.0000 0.0000 0.0000 0.0000 0.0000 0.0000 0.0000 0.0000 0.0000 0.0000 0.0000 0.0000 0.0000 0.0000 0.0000 0.0000 0.0000 0.0000 0.0000 0.0000 0.0000 0.0000 0.0000 0.0000 0.0000 0.0000 0.0000 0.0000 0.0000 0.0000 0.0000 0.0000 0.0000 0.0000 0.0000 0.0000 0.0000 0.0000 0.0000 0.0000 0.0000 0.0000 0.0000 0.0000 0.0000 0.0000 0.0000 0.0000 0.0000 0.0000 0.0000 0.0000 0.0000 0.0000 0.0000 0.0000 0.0000 0.0000 0.0000 0.0000 0.0000 0.0000 0.0000 0.0000 0.0000 0.0000 0.0000 0.0000 0.0000 0.0000 0.0000 0.0000 0.0000 0.0000 0.0000 0.0000 0.0000 0.0000 0.0000 0.0000 0.0000 0.0000 0.0000 0.0000 0.0000 0.0000 0.0000 0.0000 0.0000 0.0000 0.0000 0.0000 0.0000 0.0000 0.0000 0.0000 0.0000 0.0000 0.0000 0.0000 0.0000 0.0000 0.0000 0.0000 0.0000 0.0000 0.0000 0.0000 0.0000 0.0000 0.0000 0.0000 0.0000 0.0000 0.0000 0.0000 0.0000 0.0000 0.0000 0.0000 0.0000 0.0000 0.0000 0.0000 0.0000 0.0000 0.0000 0.0000 0.0000 0.0000 0.0000 0.0000 0.0000 0.0000 0.0000 0.0000 0.0000 0.0000 0.0000 0.0000 0.0000 0.0000 0.0000 0.0000 0.0000 0.0000 0.0000 0.0000 0.0000 0.0000 0.0000 0.0000 0.0000 0.0000 0.0000 0.0000 0.0000 0.0000 0.0000 0.0000 0.0000 0.0000 0.0000 0.0000 0.0000 0.0000 0.0000 0.0000 0.0000 0.0000 0.0000 0.0000 0.0000 0.0000 0.0000 0.0000 0.0000 0.0000 0.0000 0.0000 0.0000 0.0000 0.0000 0.0000 0.0000 0.0000 0.0000 0.0000 0.0000 0.0000 0.0000 0.0000 0.0000 0.0000 0.0000 0.0000 0.0000 0.0000 0.0000 0.0000 0.0000 0.0000 0.0000 0.0000 0.0000 0.0000 0.0000 0.0000 0.0000 0.0000 0.0000 0.0000 0.0000 0.0000 0.0000 0.0000 0.0000 0.0000 0.0000 0.0000 0.0000 0.0000 0.0000 0.0000 0.0000 0.0000 0.0000 0.0000 0.0000 0.0000 0.0000 0.0000 0.0000 0.0000 0.0000 0.0000 0.0000 0.0000 0.0000 0.0000 0.0000 0.0000 0.0000 0.0000 0.0000 0.0000 0.0000 0.0000 0.0000 0.0000 0.0000 0.0000 0.0000 0.0000 0.0000 0.0000 0.0000 0.0000 0.0000 0.0000 0.0000 0.0000 0.0000 0.0000 0.0000 0.0000 0.0000 0.0000 0.0000 0.0000 0.0000 0.0000 0.0000 0.0000 0.0000 0.0000 0.0000 0.0000 0.0000 0.0000 0.0000 0.0000 0.0000 0.0000 0.0000 0.0000 0.0000 0.0000 0.0000 0.0000 0.0000 0.0000 0.0000 0.0000 0.0000 0.0000 0.0000 0.0000 0.0000 0.0000 0.0000 0.0000 0.0000 0.0000 0.0000 0.0000 0.0000 0.0000 0.0000 0.0000 0.0000 0.0000 0.0000 0.0000 0.0000 0.0000 0.0000 0.0000 0.0000 0.0000 0.0000 0.0000 0.0000 0.0000 0.0000 0.0000 0.0000 0.0000 0.0000 0.0000 0.0000 0.0000 0.0000 0.0000 0.0000 0.0000 0.0000 0.0000 0.0000 0.0000 0.0000 0.0000 0.0000 0.0000 0.0000 0.0000 0.0000 0.0000 0.0000 0.0000 0.0000 0.0000 0.0000 0.0000 0.0000 0.0000 0.0000 0.0000 0.0000 0.0000 0.0000 0.0000 0.0000 0.0000 0.0000 0.0000 0.0000 0.0000 0.0000 0.0000 0.0000 0.0000 0.0000 0.0000 0.0000 0.0000 0.0000 0.0000 0.0000 0.0000 0.0000 0.0000 0.0000 0.0000 0.0000 0.0000 0.0000 0.0000 0.0000 0.0000 0.0000 0.0000 0.0000 0.0000 0.0000 0.0000 0.0000 0.0000 0.0000 0.0000 0.0000 0.0000 0.0000 0.0000 0.0000 0.0000 0.0000 0.0000 0.0000 0.0000 0.0000 0.0000 0.0000 0.0000 0.0000 0.0000 0.0000 0.0000 0.0000 0.0000 0.0000 0.0000 0.0000 0.0000 0.0000 0.0000 0.0000 0.0000 0.0000 0.0000 0.0000 0.0000 0.0000 0.0000 0.0000 0.0000 0.0000 0.0000 0.0000 0.0000 0.0000 0.0000 0.0000 0.0000 0.0000 0.0000 0.0000 0.0000 0.0000 0.0000 0.0000 0.0000 0.0000 0.0000 0.0000 0.0000 0.0000 0.0000 0.0000 0.0000 0.0000 0.0000 0.0000 0.0000 0.0000 0.0000 0.0000 0.0000 0.0000 0.0000 0.0000 0.0000 0.0000 0.0000 0.0000 0.0000 0.0000 0.0000 0.0000 0.0000 0.0000 0.0000 0.0000 0.0000 0.0000 0.0000 0.0000 0.0000 0.0000 0.0000 0.0000 0.0000 0.0000 0.0000 0.0000 0.0000 0.0000 0.0000 0.0000 0.0000 0.0000 0.0000 0.0000 0.0000 0.0000 0.0000 0.0000 0.0000 0.0000 0.0000 0.0000 0.0000 0.0000 0.0000 0.0000 0.0000 0.0000 0.0000 0.0000 0.0000 0.0000 0.0000 0.0000 0.0000 0.0000 0.0000 0.0000 0.0000 0.0000 0.0000 0.0000 0.0000 0.0000 0.0000 0.0000 0.0000 0.0000 0.0000 0.0000 0.0000 0.0000 0.0000 0.0000 0.0000 0.0000 0.0000 0.0000 0.0000 0.0000 0.0000 0.0000 0.0000 0.0000 0.0000 0.0000 0.0000 0.0000 0.0000 0.0000 0.0000 0.0000 0.0000 0.0000 0.0000 0.0000 0.0000 0.0000 0.0000 0.0000 0.0000 0.0000 0.0000 0.0000 0.0000 0.0000 0.0000 0.0000 0.0000 0.0000 0.0000 0.0000 0.0000 0.0000 0.0000 0.0000 0.0000 0.0000 0.0000 0.0000 0.0000 0.0000 0.0000 0.0000 0.0000 0.0000 0.0000 0.0000 0.0000 0.0000 0.0000 0.0000 0.0000 0.0000 0.0000 0.0000 0.0000 0.0000 0.0000 0.0000 0.0000 0.0000 0.0000 0.0000 0.0000 0.0000 0.0000 0.0000 0.0000 0.0000 0.0000 0.0000 0.0000 0.0000 0.0000 0.0000 0.0000 0.0000 0.0000 0.0000 0.0000 0.0000 0.0000 0.0000 0.0000 0.0000 0.0000 0.0000 0.0000 0.0000 0.0000 0.0000 0.0000 0.0000 0.0000 0.0000 0.0000 0.0000 0.0000 0.0000 0.0000 0.0000 0.0000 0.0000 0.0000 0.0000 0.0000 0.0000 0.0000 0.0000 0.0000 0.0000 0.0000 0.0000 0.0000 0.0000 0.0000 0.0000 0.0000 0.0000 0.0000 0.0000 0.0000 0.0000 0.0000 0.0000 0.0000 0.0000 0.0000 0.0000 0.0000 0.0000 0.0000 0.0000 0.0000 0.0000 0.0000 0.0000 0.0000 0.0000 0.0000 0.0000 0.0000 0.0000 0.0000 0.0000 0.0000 0.0000 0.0000 0.0000 0.0000 0.0000 0.0000 0.0000 0.0000 0.0000 0.0000 0.0000 0.0000 0.0000 0.0000 0.0000 0.0000 0.0000 0.0000 0.0000 0.0000 0.0000 0.0000 0.0000 0.0000 0.0000 0.0000 0.0000 0.0000 0.0000 0.0000 0.0000 0.0000 0.0000 0.0000 0.0000 0.0000 0.0000 0.0000 0.0000 0.0000 0.0000 0.0000 0.0000 0.0000 0.0000 0.0000 0.0000 0.0000 0.0000 0.0000 0.0000 0.0000 0.0000 0.0000 0.0000 0.0000 0.0000 0.0000 0.0000 0.0000 0.0000 0.0000 0.0000 0.0000 0.0000 0.0000 0.0000 0.0000 0.0000 0.0000 0.0000 0.0000 0.0000 0.0000 0.0000 0.0000 0.0000 0.0000 0.0000 0.0000 0.0000 0.0000 0.0000 0.0000 0.0000 0.0000 0.0000 0.0000 0.0000 0.0000 0.0000 0.0000 0.0000 0.0000 0.0000 0.0000 0.0000 0.0000 0.0000 0.0000 0.0000 0.0000 0.0000 0.0000 0.0000 0.0000 0.0000 0.0000 0.0000 0.0000 0.0000 0.0000 0.0000 0.0000 0.0000 0.0000 0.0000 0.0000 0.0000 0.0000 0.0000 0.0000 0.0000 0.0000 0.0000 0.0000 0.0000 0.0000 0.0000 0.0000 0.0000 0.0000 0.0000 0.0000 0.0000 0.0000 0.0000 0.0000 0.0000 0.0000 0.0000 0.0000 0.0000 0.0000 0.0000 0.0000 0.0000 0.0000 0.0000 0.0000 0.0000 0.0000 0.0000 0.0000 0.0000 0.0000 0.0000 0.0000 0.0000 0.0000 0.0000 0.0000 0.0000 0.0000 0.0000 0.0000 0.0000 0.0000 0.0000 0.0000 0.0000 0.0000 0.0000 0.0000 0.0000 0.0000 0.0000 0.0000 0.0000 0.0000 0.0000 0.0000 0.0000 0.0000 0.0000 0.0000 0.0000 0.0000 0.0000 0.0000 0.0000 0.0000 0.0000 0.0000 0.0000 0.0000 0.0000 0.0000 0.0000 0.0000 0.0000 0.0000 0.0000 0.0000 0.0000 0.0000 0.0000 0.0000 0.0000 0.0000 0.0000 0.0000 0.0000 0.0000 0.0000 0.0000 0.0000 0.0000 0.0000 0.0000 0.0000 0.0000 0.0000 0.0000 0.0000 0.0000 0.0000 0.0000 0.0000 0.0000 0.0000 0.0000 0.0000 0.0000 0.0000 0.0000 0.0000 0.0000 0.0000 0.0000 0.0000 0.0000 0.0000 0.0000 0.0000 0.0000 0.0000 0.0000 0.0000 0.0000 0.0000 0.0000 0.0000 0.0000 0.0000 0.0000 0.0000 0.0000 0.0000 0.0000 0.0000 0.0000 0.0000 0.0000 0.0000 0.0000 0.0000 0.0000 0.0000 0.0000 0.0000 0.0000 0.0000 0.0000 0.0000 0.0000 0.0000 0.0000 0.0000 0.0000 0.0000 0.0000 0.0000 0.0000 0.0000 0.0000 0.0000 0.0000 0.0000 0.0000 0.0000 0.0000 0.0000 0.0000 0.0000 0.0000 0.0000 0.0000 0.0000 0.0000 0.0000 0.0000 0.0000 0.0000 0.0000 0.0000 0.0000 0.0000 0.0000 0.0000 0.0000 0.0000 0.0000 0.0000 0.0000 0.0000 0.0000 0.0000 0.0000 0.0000 0.0000 0.0000 0.0000 0.0000 0.0000 0.0000 0.0000 0.0000 0.0000 0.0000 0.0000 0.0000 0.0000 0.0000 0.0000 0.0000 0.0000 0.0000 0.0000 0.0000 0.0000 0.0000 0.0000 0.0000 0.0000 0.0000 0.0000 0.0000 0.0000 0.0000 0.0000 0.0000 0.0000 0.0000 0.0000 0.0000 0.0000 0.0000 0.0000 0.0000 0.0000 0.0000 0.0000 0.0000 0.0000 0.0000 0.0000 0.0000 0.0000 0.0000 0.0000 0.0000 0.0000 0.0000 0.0000 0.0000 0.0000 0.0000 0.0000 0.0000 0.0000 0.0000 0.0000 0.0000 0.0000 0.0000 0.0000 0.0000 0.0000 0.0000 0.0000 0.0000 0.0000 0.0000 0.0000 0.0000 0.0000 0.0000 0.0000 0.0000 0.0000 0.0000 0.0000 0.0000 0.0000 0.0000 0.0000 0.0000 0.0000 0.0000 0.0000 0.0000 0.0000 0.0000 0.0000 0.0000 0.0000 0.0000 0.0000 0.0000 0.0000 0.0000 0.0000 0.0000 0.0000 0.0000 0.0000 0.0000 0.0000 0.0000 0.0000 0.0000 0.0000 0.0000 0.0000 0.0000 0.0000 0.0000 0.0000 0.0000 0.0000 0.0000 0.0000 0.0000 0.0000 0.0000 0.0000 0.0000 0.0000 0.0000 0.0000 0.0000 0.0000 0.0000 0.0000 0.0000 0.0000 0.0000 0.0000 0.0000 0.0000 0.0000 0.0000 0.0000 0.0000 0.0000 0.0000 0.0000 0.0000 0.0000 0.0000 0.0000 0.0000 0.0000 0.0000 0.0000 0.0000 0.0000 0.0000 0.0000 0.0000 0.0000 0.0000 0.0000 0.0000 0.0000 0.0000 0.0000 0.0000 0.0000 0.0000 0.0000 0.0000 0.0000 0.0000 0.0000 0.0000 0.0000 0.0000 0.0000 0.0000 0.0000 0.0000 0.0000 0.0000 0.0000 0.0000 0.0000 0.0000 0.0000 0.0000 0.0000 0.0000 0.0000 0.0000 0.0000 0.0000 0.0000 0.0000 0.0000 0.0000 0.0000 0.0000 0.0000 0.0000 0.0000 0.0000 0.0000 0.0000 0.0000 0.0000 0.0000 0.0000 0.0000 0.0000 0.0000 0.0000 0.0000 0.0000 0.0000 0.0000 0.0000 0.0000 0.0000 0.0000 0.0000 0.0000 0.0000 0.0000 0.0000 0.0000 0.0000 0.0000 0.0000 0.0000 0.0000 0.0000 0.0000 0.0000 0.0000 0.0000 0.0000 0.0000 0.0000 0.0000 0.0000 0.0000 0.0000 0.0000 0.0000 0.0000 0.0000 0.0000 0.0000 0.0000 0.0000 0.0000 0.0000 0.0000 0.0000 0.0000 0.0000 0.0000 0.0000 0.0000 0.0000 0.0000 0.0000 0.0000 0.0000 0.0000 0.0000 0.0000 0.0000 0.0000 0.0000 0.0000 0.0000 0.0000 0.0000 0.0000 0.0000 0.0000 0.0000 0.0000 0.0000 0.0000 0.0000 0.0000 0.0000 0.0000 0.0000 0.0000 0.0000 0.0000 0.0000 0.0000 0.0000 0.0000 0.0000 0.0000 0.0000 0.0000 0.0000 0.0000 0.0000 0.0000 0.0000 0.0000 0.0000 0.0000 0.0000 0.0000 0.0000 0.0000 0.0000 0.0000 0.0000 0.0000 0.0000 0.0000 0.0000 0.0000 0.0000 0.0000 0.0000 0.0000 0.0000 0.0000 0.0000 0.0000 0.0000 0.0000 0.0000 0.0000 0.0000 0.0000 0.0000 0.0000 0.0000 0.0000 0.0000 0.0000 0.0000 0.0000 0.0000 0.0000 0.0000 0.0000 0.0000 0.0000 0.0000 0.0000 0.0000 0.0000 0.0000 0.0000 0.0000 0.0000 0.0000 0.0000 0.0000 0.0000 0.0000 0.0000 0.0000 0.0000 0.0000 0.0000 0.0000 0.0000 0.0000 0.0000 0.0000 0.0000 0.0000 0.0000 0.0000 0.0000 0.0000 0.0000 0.0000 0.0000 0.0000 0.0000 0.0000 0.0000 0.0000 0.0000 0.0000 0.0000 0.0000 0.0000 0.0000 0.0000 0.0000 0.0000 0.0000 0.0000 0.0000 0.0000 0.0000 0.0000 0.0000 0.0000 0.0000 0.0000 0.0000 0.0000 0.0000 0.0000 0.0000 0.0000 0.0000 0.0000 0.0000 0.0000 0.0000 0.0000 0.0000 0.0000 0.0000 0.0000 0.0000 0.0000 0.0000 0.0000 0.0000 0.0000 0.0000 0.0000 0.0000 0.0000 0.0000 0.0000 0.0000 0.0000 0.0000 0.0000 0.0000 0.0000 0.0000 0.0000 0.0000 0.0000 0.0000 0.0000 0.0000 0.0000 0.0000 0.0000 0.0000 0.0000 0.0000 0.0000 0.0000 0.0000 0.0000 0.0000 0.0000 0.0000 0.0000 0.0000 0.0000 0.0000 0.0000 0.0000 0.0000 0.0000 0.0000 0.0000 0.0000 0.0000 0.0000 0.0000 0.0000 0.0000 0.0000 0.0000 0.0000 0.0000 0.0000 0.0000 0.0000 0.0000 0.0000 0.0000 0.0000 0.0000 0.0000 0.0000 0.0000 0.0000 0.0000 0.0000 0.0000 0.0000 0.0000 0.0000 0.0000 0.0000 0.0000 0.0000 0.0000 0.0000 0.0000 0.0000 0.0000 0.0000 0.0000 0.0000 0.0000 0.0000 0.0000 0.0000 0.0000 0.0000 0.0000 0.0000 0.0000 0.0000 0.0000 0.0000 0.0000 0.0000 0.0000 0.0000 0.0000 0.0000 0.0000 0.0000 0.0000 0.0000 0.0000 0.0000 0.0000 0.0000 0.0000 0.0000 0.0000 0.0000 0.0000 0.0000 0.0000 0.0000 0.0000 0.0000 0.0000 0.0000 0.0000 0.0000 0.0000 0.0000 0.0000 0.0000 0.0000 0.0000 0.0000 0.0000 0.0000 0.0000 0.0000 0.0000 0.0000 0.0000 0.0000 0.0000 0.0000 0.0000 0.0000 0.0000 0.0000 0.0000 0.0000 0.0000 0.0000 0.0000 0.0000 0.0000 0.0000 0.0000 0.0000 0.0000 0.0000 0.0000 0.0000 0.0000 0.0000 0.0000 0.0000 0.0000 0.0000 0.0000 0.0000 0.0000 0.0000 0.0000 0.0000 0.0000 0.0000 0.0000 0.0000 0.0000 0.0000 0.0000 0.0000 0.0000 0.0000 0.0000 0.0000 0.0000 0.0000 0.0000 0.0000 0.0000 0.0000 0.0000 0.0000 0.0000 0.0000 0.0000 0.0000 0.0000 0.0000 0.0000 0.0000 0.0000 0.0000 0.0000 0.0000 0.0000 0.0000 0.0000 0.0000 0.0000 0.0000 0.0000 0.0000 0.0000 0.0000 0.0000 0.0000 0.0000 0.0000 0.0000 0.0000 0.0000 0.0000 0.0000 0.0000 0.0000 0.0000 0.0000 0.0000 0.0000 0.0000 0.0000 0.0000 0.0000 0.0000 0.0000 0.0000 0.0000 0.0000 0.0000 0.0000 0.0000 0.0000 0.0000 0.0000 0.0000 0.0000 0.0000 0.0000 0.0000 0.0000 0.0000 0.0000 0.0000 0.0000 0.0000 0.0000 0.0000 0.0000 0.0000 0.0000 0.0000 0.0000 0.0000 0.0000 0.0000 0.0000 0.0000 0.0000 0.0000 0.0000 0.0000 0.0000 0.0000 0.0000 0.0000 0.0000 0.0000 0.0000 0.0000 0.0000 0.0000 0.0000 0.0000 0.0000 0.0000 0.0000 0.0000 0.0000 0.0000 0.0000 0.0000 0.0000 0.0000 0.0000 0.0000 0.0000 0.0000 0.0000 0.0000 0.0000 0.0000 0.0000 0.0000 0.0000 0.0000 0.0000 0.0000 0.0000 0.0000 0.0000 0.0000 0.0000 0.0000 0.0000 0.0000 0.0000 0.0000 0.0000 0.0000 0.0000 0.0000 0.0000 0.0000 0.0000 0.0000 0.0000 0.0000 0.0000 0.0000 0.0000 0.0000 0.0000 0.0000 0.0000 0.0000 0.0000 0.0000 0.0000 0.0000 0.0000 0.0000 0.0000 0.0000 0.0000 0.0000 0.0000 0.0000 0.0000 0.0000 0.0000 0.0000 0.0000 0.0000 0.0000 0.0000 0.0000 0.0000 0.0000 0.0000 0.0000 0.0000 0.0000 0.0000 0.0000 0.0000 0.0000 0.0000 0.0000 0.0000 0.0000 0.0000 0.0000 0.0000 0.0000 0.0000 0.0000 0.0000 0.0000 0.0000 0.0000 0.0000 0.0000 0.0000 0.0000 0.0000 0.0000 0.0000 0.0000 0.0000 0.0000 0.0000 0.0000 0.0000 0.0000 0.0000 0.0000 0.0000 0.0000 0.0000 0.0000 0.0000 0.0000 0.0000 0.0000 0.0000 0.0000 0.0000 0.0000 0.0000 0.0000 0.0000 0.0000 0.0000 0.0000 0.0000 0.0000 0.0000 0.0000 0.0000 0.0000 0.0000 0.0000 0.0000 0.0000 0.0000 0.0000 0.0000 0.0000 0.0000 0.0000 0.0000 0.0000 0.0000 0.0000 0.0000 0.0000 0.0000 0.0000 0.0000 0.0000 0.0000 0.0000 0.0000 0.0000 0.0000 0.0000 0.0000 0.0000 0.0000 0.0000 0.0000 0.0000 0.0000 0.0000 0.0000 0.0000 0.0000 0.0000 0.0000 0.0000 0.0000 0.0000 0.0000 0.0000 0.0000 0.0000 0.0000 0.0000 0.0000 0.0000 0.0000 0.0000 0.0000 0.0000 0.0000 0.0000 0.0000 0.0000 0.0000 0.0000 0.0000 0.0000 0.0000 0.0000 0.0000 0.0000 0.0000 0.0000 0.0000 0.0000 0.0000 0.0000 0.0000 0.0000 0.0000 0.0000 0.0000 0.0000 0.0000 0.0000 0.0000 0.0000 0.0000 0.0000 0.0000 0.0000 0.0000 0.0000 0.0000 0.0000 0.0000 0.0000 0.0000 0.0000 0.0000 0.0000 0.0000 0.0000 0.0000 0.0000 0.0000 0.0000 0.0000 0.0000 0.0000 0.0000 0.0000 0.0000 0.0000 0.0000 0.0000 0.0000 0.0000 0.0000 0.0000 0.0000 0.0000 0.0000 0.0000 0.0000 0.0000 0.0000 0.0000 0.0000 0.0000 0.0000 0.0000 0.0000 0.0000 0.0000 0.0000 0.0000 0.0000 0.0000 0.0000 0.0000 0.0000 0.0000 0.0000 0.0000 0.0000 0.0000 0.0000 0.0000 0.0000 0.0000 0.0000 0.0000 0.0000 0.0000 0.0000 0.0000 0.0000 0.0000 0.0000 0.0000 0.0000 0.0000 0.0000 0.0000 0.0000 0.0000 0.0000 0.0000 0.0000 0.0000 0.0000 0.0000 0.0000 0.0000 0.0000 0.0000 0.0000 0.0000 0.0000 0.0000 0.0000 0.0000 0.0000 0.0000 0.0000 0.0000 0.0000 0.0000 0.0000 0.0000 0.0000 0.0000 0.0000 0.0000 0.0000 0.0000 0.0000 0.0000 0.0000 0.0000 0.0000 0.0000 0.0000 0.0000 0.0000 0.0000 0.0000 0.0000 0.0000 0.0000 0.0000 0.0000 0.0000 0.0000 0.0000 0.0000 0.0000 0.0000 0.0000 0.0000 0.0000 0.0000 0.0000 0.0000 0.0000 0.0000 0.0000 0.0000 0.0000 0.0000 0.0000 0.0000 0.0000 0.0000 0.0000 0.0000 0.0000 0.0000 0.0000 0.0000 0.0000 0.0000 0.0000 0.0000 0.0000 0.0000 0.0000 0.0000 0.0000 0.0000 0.0000 0.0000 0.0000 0.0000 0.0000 0.0000 0.0000 0.0000 0.0000 0.0000 0.0000 0.0000 0.0000 0.0000 0.0000 0.0000 0.0000 0.0000 0.0000 0.0000 0.0000 0.0000 0.0000 0.0000 0.0000 0.0000 0.0000 0.0000 0.0000 0.0000 0.0000 0.0000 0.0000 0.0000 0.0000 0.0000 0.0000 0.0000 0.0000 0.0000 0.0000 0.0000 0.0000 0.0000 0.0000 0.0000 0.0000 0.0000 0.0000 0.0000 0.0000 0.0000 0.0000 0.0000 0.0000 0.0000 0.0000 0.0000 0.0000 0.0000 0.0000 0.0000 0.0000 0.0000 0.0000 0.0000 0.0000 0.0000 0.0000 0.0000 0.0000 0.0000 0.0000 0.0000 0.0000 0.0000 0.0000 0.0000 0.0000 0.0000 0.0000 0.0000 0.0000 0.0000 0.0000 0.0000 0.0000 0.0000 0.0000 0.0000 0.0000 0.0000 0.0000 0.0000 0.0000 0.0000 0.0000 0.0000 0.0000 0.0000 0.0000 0.0000 0.0000 0.0000 0.0000 0.0000 0.0000 0.0000 0.0000 0.0000 0.0000 0.0000 0.0000 0.0000 0.0000 0.0000 0.0000 0.0000 0.0000 0.0000 0.0000 0.0000 0.0000 0.0000 0.0000 0.0000 0.0000 0.0000 0.0000 0.0000 0.0000 0.0000 0.0000 0.0000 0.0000 0.0000 0.0000 0.0000 0.0000 0.0000 0.0000 0.0000 0.0000 0.0000 0.0000 0.0000 0.0000 0.0000 0.0000 0.0000 0.0000 0.0000 0.0000 0.0000 0.0000 0.0000 0.0000 0.0000 0.0000 0.0000 0.0000 0.0000 0.0000 0.0000 0.0000 0.0000 0.0000 0.0000 0.0000 0.0000 0.0000 0.0000 0.0000 0.0000 0.0000 0.0000 0.0000 0.0000 0.0000 0.0000 0.0000 0.0000 0.0000 0.0000 0.0000 0.0000 0.0000 0.0000 0.0000 0.0000 0.0000 0.0000 0.0000 0.0000 0.0000 0.0000 0.0000 0.0000 0.0000 0.0000 0.0000 0.0000 0.0000 0.0000 0.0000 0.0000 0.0000 0.0000 0.0000 0.0000 0.0000 0.0000 0.0000 0.0000 0.0000 0.0000 0.0000 0.0000 0.0000 0.0000 0.0000 0.0000 0.0000 0.0000 0.0000 0.0000 0.0000 0.0000 0.0000 0.0000 0.0000 0.0000 0.0000 0.0000 0.0000 0.0000 0.0000 0.0000 0.0000 0.0000 0.0000 0.0000 0.0000 0.0000 0.0000 0.0000 0.0000 0.0000 0.0000 0.0000 0.0000 0.0000 0.0000 0.0000 0.0000 0.0000 0.0000 0.0000 0.0000 0.0000 0.0000 0.0000 0.0000 0.0000 0.0000 0.0000 0.0000 0.0000 0.0000 0.0000 0.0000 0.0000 0.0000 0.0000 0.0000 0.0000 0.0000 0.0000 0.0000 0.0000 0.0000 0.0000 0.0000 0.0000 0.0000 0.0000 0.0000 0.0000 0.0000 0.0000 0.0000 0.0000 0.0000 0.0000 0.0000 0.0000 0.0000 0.0000 0.0000 0.0000 0.0000 0.0000 0.0000 0.0000 0.0000 0.0000 0.0000 0.0000 0.0000 0.0000 0.0000 0.0000 0.0000 0.0000 0.0000 0.0000 0.0000 0.0000 0.0000 0.0000 0.0000 0.0000 0.0000 0.0000 0.0000 0.0000 0.0000 0.0000 0.0000 0.0000 0.0000 0.0000 0.0000 0.0000 0.0000 0.0000 0.0000 0.0000 0.0000 0.0000 0.0000 0.0000 0.0000 0.0000 0.0000 0.0000 0.0000 0.0000 0.0000 0.0000 0.0000 0.0000 0.0000 0.0000 0.0000 0.0000 0.0000 0.0000 0.0000 0.0000 0.0000 0.0000 0.0000 0.0000 0.0000 0.0000 0.0000 0.0000 0.0000 0.0000 0.0000 0.0000 0.0000 0.0000 0.0000 0.0000 0.0000 0.0000 0.0000 0.0000 0.0000 0.0000 0.0000 0.0000 0.0000 0.0000 0.0000 0.0000 0.0000 0.0000 0.0000 0.0000 0.0000 0.0000 0.0000 0.0000 0.0000 0.0000 0.0000 0.0000 0.0000 0.0000 0.0000 0.0000 0.0000 0.0000 0.0000 0.0000 0.0000 0.0000 0.0000 0.0000 0.0000 0.0000 0.0000 0.0000 0.0000 0.0000 0.0000 0.0000 0.0000 0.0000 0.0000 0.0000 0.0000 0.0000 0.0000 0.0000 0.0000 0.0000 0.0000 0.0000 0.0000 0.0000 0.0000 0.0000 0.0000 0.0000 0.0000 0.0000 0.0000 0.0000 0.0000 0.0000 0.0000 0.0000 0.0000 0.0000 0.0000 0.0000 0.0000 0.0000 0.0000 0.0000 0.0000 0.0000 0.0000 0.0000 0.0000 0.0000 0.0000 0.0000 0.0000 0.0000 0.0000 0.0000 0.0000 0.0000 0.0000 0.0000 0.0000 0.0000 0.0000 0.0000 0.0000 0.0000 0.0000 0.0000 0.0000 0.0000 0.0000 0.0000 0.0000 0.0000 0.0000 0.0000 0.0000 0.0000 0.0000 0.0000 0.0000 0.0000 0.0000 0.0000 0.0000 0.0000 0.0000 0.0000 0.0000 0.0000 0.0000 0.0000 0.0000 0.0000 0.0000 0.0000 0.0000 0.0000 0.0000 0.0000 0.0000 0.0000 0.0000 0.0000 0.0000 0.0000 0.0000 0.0000 0.0000 0.0000 0.0000 0.0000 0.0000 0.0000 0.0000 0.0000 0.0000 0.0000 0.0000 0.0000 0.0000 0.0000 0.0000 0.0000 0.0000 0.0000 0.0000 0.0000 0.0000 0.0000 0.0000 0.0000 0.0000 0.0000 0.0000 0.0000 0.0000 0.0000 0.0000 0.0000 0.0000 0.0000 0.0000 0.0000 0.0000 0.0000 0.0000 0.0000 0.0000 0.0000 0.0000 0.0000 0.0000 0.0000 0.0000 0.0000 0.0000 0.0000 0.0000 0.0000 0.0000 0.0000 0.0000 0.0000 0.0000 0.0000 0.0000 0.0000 0.0000 0.0000 0.0000 0.0000 0.0000 0.0000 0.0000 0.0000 0.0000 0.0000 0.0000 0.0000 0.0000 0.0000 0.0000 0.0000 0.0000 0.0000 0.0000 0.0000 0.0000 0.0000 0.0000 0.0000 0.0000 0.0000 0.0000 0.0000 0.0000 0.0000 0.0000 0.0000 0.0000 0.0000 0.0000 0.0000 0.0000 0.0000 0.0000 0.0000 0.0000 0.0000 0.0000 0.0000 0.0000 0.0000 0.0000 0.0000 0.0000 0.0000 0.0000 0.0000 0.0000 0.0000 0.0000 0.0000 0.0000 0.0000 0.0000 0.0000 0.0000 0.0000 0.0000 0.0000 0.0000 0.0000 0.0000 0.0000 0.0000 0.0000 0.0000 0.0000 0.0000 0.0000 0.0000 0.0000 0.0000 0.0000 0.0000 0.0000 0.0000 0.0000 0.0000 0.0000 0.0000 0.0000 0.0000 0.0000 0.0000 0.0000 0.0000 0.0000 0.0000 0.0000 0.0000 0.0000 0.0000 0.0000 0.0000 0.0000 0.0000 0.0000 0.0000 0.0000 0.0000 0.0000 0.0000 0.0000 0.0000 0.0000 0.0000 0.0000 0.0000 0.0000 0.0000 0.0000 0.0000 0.0000 0.0000 0.0000 0.0000 0.0000 0.0000 0.0000 0.0000 0.0000 0.0000 0.0000 0.0000 0.0000 0.0000 0.0000 0.0000 0.0000 0.0000 0.0000 0.0000 0.0000 0.0000 0.0000 0.0000 0.0000 0.0000 0.0000 0.0000 0.0000 0.0000 0.0000 0.0000 0.0000 0.0000 0.0000 0.0000 0.0000 0.0000 0.0000 0.0000 0.0000 0.0000 0.0000 0.0000 0.0000 0.0000 0.0000 0.0000 0.0000 0.0000 0.0000 0.0000 0.0000 0.0000 0.0000 0.0000 0.0000 0.0000 0.0000 0.0000 0.0000 0.0000 0.0000 0.0000 0.0000 0.0000 0.0000 0.0000 0.0000 0.0000 0.0000 0.0000 0.0000 0.0000 0.0000 0.0000 0.0000 0.0000 0.0000 0.0000 0.0000 0.0000 0.0000 0.0000 0.0000 0.0000 0.0000 0.0000 0.0000 0.0000 0.0000 0.0000 0.0000 0.0000 0.0000 0.0000 0.0000 0.0000 0.0000 0.0000 0.0000 0.0000 0.0000 0.0000 0.0000 0.0000 0.0000 0.0000 0.0000 0.0000 0.0000 0.0000 0.0000 0.0000 0.0000 0.0000 0.0000 0.0000 0.0000 0.0000 0.0000 0.0000 0.0000 0.0000 0.0000 0.0000 0.0000 0.0000 0.0000 0.0000 0.0000 0.0000 0.0000 0.0000 0.0000 0.0000 0.0000 0.0000 0.0000 0.0000 0.0000 0.0000 0.0000 0.0000 0.0000 0.0000 0.0000 0.0000 0.0000 0.0000 0.0000 0.0000 0.0000 0.0000 0.0000 0.0000 0.0000 0.0000 0.0000 0.0000 0.0000 0.0000 0.0000 0.0000 0.0000 0.0000 0.0000 0.0000 0.0000 0.0000 0.0000 0.0000 0.0000 0.0000 0.0000 0.0000 0.0000 0.0000 0.0000 0.0000 0.0000 0.0000 0.0000 0.0000 0.0000 0.0000 0.0000 0.0000 0.0000 0.0000 0.0000 0.0000 0.0000 0.0000 0.0000 0.0000 0.0000 0.0000 0.0000 0.0000 0.0000 0.0000 0.0000 0.0000 0.0000 0.0000 0.0000 0.0000 0.0000 0.0000 0.0000 0.0000 0.0000 0.0000 0.0000 0.0000 0.0000 0.0000 0.0000 0.0000 0.0000 0.0000 0.0000 0.0000 0.0000 0.0000 0.0000 0.0000 0.0000 0.0000 0.0000 0.0000 0.0000 0.0000 0.0000 0.0000 0.0000 0.0000 0.0000 0.0000 0.0000 0.0000 0.0000 0.0000 0.0000 0.0000 0.0000 0.0000 0.0000 0.0000 0.0000 0.0000 0.0000 0.0000 0.0000 0.0000 0.0000 0.0000 0.0000 0.0000 0.0000 0.0000 0.0000 0.0000 0.0000 0.0000 0.0000 0.0000 0.0000 0.0000 0.0000 0.0000 0.0000 0.0000 0.0000 0.0000 0.0000 0.0000 0.0000 0.0000 0.0000 0.0000 0.0000 0.0000 0.0000 0.0000 0.0000 0.0000 0.0000 0.0000 0.0000 0.0000 0.0000 0.0000 0.0000 0.0000 0.0000 0.0000 0.0000 0.0000 0.0000 0.0000 0.0000 0.0000 0.0000 0.0000 0.0000 0.0000 0.0000 0.0000 0.0000 0.0000 0.0000 0.0000 0.0000 0.0000 0.0000 0.0000 0.0000 0.0000 0.0000 0.0000 0.0000 0.0000 0.0000 0.0000 0.0000 0.0000 0.0000 0.0000 0.0000 0.0000 0.0000 0.0000 0.0000 0.0000 0.0000 0.0000 0.0000 0.0000 0.0000 0.0000 0.0000 0.0000 0.0000 0.0000 0.0000 0.0000 0.0000 0.0000 0.0000 0.0000 0.0000 0.0000 0.0000 0.0000 0.0000 0.0000 0.0000 0.0000 0.0000 0.0000 0.0000 0.0000 0.0000 0.0000 0.0000 0.0000 0.0000 0.0000 0.0000 0.0000 0.0000 0.0000 0.0000 0.0000 0.0000 0.0000 0.0000 0.0000 0.0000 0.0000 0.0000 0.0000 0.0000 0.0000 0.0000 0.0000 0.0000 0.0000 0.0000 0.0000 0.0000 0.0000 0.0000 0.0000 0.0000 0.0000 0.0000 0.0000 0.0000 0.0000 0.0000 0.0000 0.0000 0.0000 0.0000 0.0000 0.0000 0.0000 0.0000 0.0000 0.0000 0.0000 0.0000 0.0000 0.0000 0.0000 0.0000 0.0000 0.0000 0.0000 0.0000 0.0000 0.0000 0.0000 0.0000 0.0000 0.0000 0.0000 0.0000 0.0000 0.0000 0.0000 0.0000 0.0000 0.0000 0.0000 0.0000 0.0000 0.0000 0.0000 0.0000 0.0000 0.0000 0.0000 0.0000 0.0000 0.0000 0.0000 0.0000 0.0000 0.0000 0.0000 0.0000 0.0000 0.0000 0.0000 0.0000 0.0000 0.0000 0.0000 0.0000 0.0000 0.0000 0.0000 0.0000 0.0000 0.0000 0.0000 0.0000 0.0000 0.0000 0.0000 0.0000 0.0000 0.0000 0.0000 0.0000 0.0000 0.0000 0.0000 0.0000 0.0000 0.0000 0.0000 0.0000 0.0000 0.0000 0.0000 0.0000 0.0000 0.0000 0.0000 0.0000 0.0000 0.0000 0.0000 0.0000 0.0000 0.0000 0.0000 0.0000 0.0000 0.0000 0.0000 0.0000 0.0000 0.0000 0.0000 0.0000 0.0000 0.0000 0.0000 0.0000 0.0000 0.0000 0.0000 0.0000 0.0000 0.0000 0.0000 0.0000 0.0000 0.0000 0.0000 0.0000 0.0000 0.0000 0.0000 0.0000 0.0000 0.0000 0.0000 0.0000 0.0000 0.0000 0.0000 0.0000 0.0000 0.0000 0.0000 0.0000 0.0000 0.0000 0.0000 0.0000 0.0000 0.0000 0.0000 0.0000 0.0000 0.0000 0.0000 0.0000 0.0000 0.0000 0.0000 0.0000 0.0000 0.0000 0.0000 0.0000 0.0000 0.0000 0.0000 0.0000 0.0000 0.0000 0.0000 0.0000 0.0000 0.0000 0.0000 0.0000 0.0000 0.0000 0.0000 0.0000 0.0000 0.0000 0.0000 0.0000 0.0000 0.0000 0.0000 0.0000 0.0000 0.0000 0.0000 0.0000 0.0000 0.0000 0.0000 0.0000 0.0000 0.0000 0.0000 0.0000 0.0000 0.0000 0.0000 0.0000 0.0000 0.0000 0.0000 0.0000 0.0000 0.0000 0.0000 0.0000 0.0000 0.0000 0.0000 0.0000 0.0000 0.0000 0.0000 0.0000 0.0000 0.0000 0.0000 0.0000 0.0000 0.0000 0.0000 0.0000 0.0000 0.0000 0.0000 0.0000 0.0000 0.0000 0.0000 0.0000 0.0000 0.0000 0.0000 0.0000 0.0000 0.0000 0.0000 0.0000 0.0000 0.0000 0.0000 0.0000 0.0000 0.0000 0.0000 0.0000 0.0000 0.0000 0.0000 0.0000 0.0000 0.0000 0.0000 0.0000 0.0000 0.0000 0.0000 0.0000 0.0000 0.0000 0.0000 0.0000 0.0000 0.0000 0.0000 0.0000 0.0000 0.0000 0.0000 0.0000 0.0000 0.0000 0.0000 0.0000 0.0000 0.0000 0.0000 0.0000 0.0000 0.0000 0.0000 0.0000 0.0000 0.0000 0.0000 0.0000 0.0000 0.0000 0.0000 0.0000 0.0000 0.0000 0.0000 0.0000 0.0000 0.0000 0.0000 0.0000 0.0000 0.0000 0.0000 0.0000 0.0000 0.0000 0.0000 0.0000 0.0000 0.0000 0.0000 0.0000 0.0000 0.0000 0.0000 0.0000 0.0000 0.0000 0.0000 0.0000 0.0000 0.0000 0.0000 0.0000 0.0000 0.0000 0.0000 0.0000 0.0000 0.0000 0.0000 0.0000 0.0000 0.0000 0.0000 0.0000 0.0000 0.0000 0.0000 0.0000 0.0000 0.0000 0.0000 0.0000 0.0000 0.0000 0.0000 0.0000 0.0000 0.0000 0.0000 0.0000 0.0000 0.0000 0.0000 0.0000 0.0000 0.0000 0.0000 0.0000 0.0000 0.0000 0.0000 0.0000 0.0000 0.0000 0.0000 0.0000 0.0000 0.0000 0.0000 0.0000 0.0000 0.0000 0.0000 0.0000 0.0000 0.0000 0.0000 0.0000 0.0000 0.0000 0.0000 0.0000 0.0000 0.0000 0.0000 0.0000 0.0000 0.0000 0.0000 0.0000 0.0000 0.0000 0.0000 0.0000 0.0000 0.0000 0.0000 0.0000 0.0000 0.0000 0.0000 0.0000 0.0000 0.0000 0.0000 0.0000 0.0000 0.0000 0.0000 0.0000 0.0000 0.0000 0.0000 0.0000 0.0000 0.0000 0.0000 0.0000 0.0000 0.0000 0.0000 0.0000 0.0000 0.0000 0.0000 0.0000 0.0000 0.0000 0.0000 0.0000 0.0000 0.0000 0.0000 0.0000 0.0000 0.0000 0.0000 0.0000 0.0000 0.0000 0.0000 0.0000 0.0000 0.0000 0.0000 0.0000 0.0000 0.0000 0.0000 0.0000 0.0000 0.0000 0.0000 0.0000 0.0000 0.0000 0.0000 0.0000 0.0000 0.0000 0.0000 0.0000 0.0000 0.0000 0.0000 0.0000 0.0000 0.0000 0.0000 0.0000 0.0000 0.0000 0.0000 0.0000 0.0000 0.0000 0.0000 0.0000 0.0000 0.0000 0.0000 0.0000 0.0000 0.0000 0.0000 0.0000 0.0000 0.0000 0.0000 0.0000 0.0000 0.0000 0.0000 0.0000 0.0000 0.0000 0.0000 0.0000 0.0000 0.0000 0.0000 0.0000 0.0000 0.0000 0.0000 0.0000 0.0000 0.0000 0.0000 0.0000 0.0000 0.0000 0.0000 0.0000 0.0000 0.0000 0.0000 0.0000 0.0000 0.0000 0.0000 0.0000 0.0000 0.0000 0.0000 0.0000 0.0000 0.0000 0.0000 0.0000 0.0000 0.0000 0.0000 0.0000 0.0000 0.0000 0.0000 0.0000 0.0000 0.0000 0.0000 0.0000 0.0000 0.0000 0.0000 0.0000 0.0000 0.0000 0.0000 0.0000 0.0000 0.0000 0.0000 0.0000 0.0000 0.0000 0.0000 0.0000 0.0000 0.0000 0.0000 0.0000 0.0000 0.0000 0.0000 0.0000 0.0000 0.0000 0.0000 0.0000 0.0000 0.0000 0.0000 0.0000 0.0000 0.0000 0.0000 0.0000 0.0000 0.0000 0.0000 0.0000 0.0000 0.0000 0.0000 0.0000 0.0000 0.0000 0.0000 0.0000 0.0000 0.0000 0.0000 0.0000 0.0000 0.0000 0.0000 0.0000 0.0000 0.0000 0.0000 0.0000 0.0000 0.0000 0.0000 0.0000 0.0000 0.0000 0.0000 0.0000 0.0000 0.0000 0.0000 0.0000 0.0000 0.0000 0.0000 0.0000 0.0000 0.0000 0.0000 0.0000 0.0000 0.0000 0.0000 0.0000 0.0000 0.0000 0.0000 0.0000 0.0000 0.0000 0.0000 0.0000 0.0000 0.0000 0.0000 0.0000 0.0000 0.0000 0.0000 0.0000 0.0000 0.0000 0.0000 0.0000 0.0000 0.0000 0.0000 0.0000 0.0000 0.0000 0.0000 0.0000 0.0000 0.0000 0.0000 0.0000 0.0000 0.0000 0.0000 0.0000 0.0000 0.0000 0.0000 0.0000 0.0000 0.0000 0.0000 0.0000 0.0000 0.0000 0.0000 0.0000 0.0000 0.0000 0.0000 0.0000 0.0000 0.0000 0.0000 0.0000 0.0000 0.0000 0.0000 0.0000 0.0000 0.0000 0.0000 0.0000 0.0000 0.0000 0.0000 0.0000 0.0000 0.0000 0.0000 0.0000 0.0000 0.0000 0.0000 0.0000 0.0000 0.0000 0.0000 0.0000 0.0000 0.0000 0.0000 0.0000 0.0000 0.0000 0.0000 0.0000 0.0000 0.0000 0.0000 0.0000 0.0000 0.0000 0.0000 0.0000 0.0000 0.0000 0.0000 0.0000 0.0000 0.0000 0.0000 0.0000 0.0000 0.0000 0.0000 0.0000 0.0000 0.0000 0.0000 0.0000 0.0000 0.0000 0.0000 0.0000 0.0000 0.0000 0.0000 0.0000 0.0000 0.0000 0.0000 0.0000 0.0000 0.0000 0.0000 0.0000 0.0000 0.0000 0.0000 0.0000 0.0000 0.0000 0.0000 0.0000 0.0000 0.0000 0.0000 0.0000 0.0000 0.0000 0.0000 0.0000 0.0000 0.0000 0.0000 0.0000 0.0000 0.0000 0.0000 0.0000 0.0000 0.0000 0.0000 0.0000 0.0000 0.0000 0.0000 0.0000 0.0000 0.0000 0.0000 0.0000 0.0000 0.0000 0.0000 0.0000 0.0000 0.0000 0.0000 0.0000 0.0000 0.0000 0.0000 0.0000 0.0000 0.0000 0.0000 0.0000 0.0000 0.0000 0.0000 0.0000 0.0000 0.0000 0.0000 0.0000 0.0000 0.0000 0.0000 0.0000 0.0000 0.0000 0.0000 0.0000 0.0000 0.0000 0.0000 0.0000 0.0000 0.0000 0.0000 0.0000 0.0000 0.0000 0.0000 0.0000 0.0000 0.0000 0.0000 0.0000 0.0000 0.0000 0.0000 0.0000 0.0000 0.0000 0.0000 0.0000 0.0000 0.0000 0.0000 0.0000 0.0000 0.0000 0.0000 0.0000 0.0000 0.0000 0.0000 0.0000 0.0000 0.0000 0.0000 0.0000 0.0000 0.0000 0.0000 0.0000 0.0000 0.0000 0.0000 0.0000 0.0000 0.0000 0.0000 0.0000 0.0000 0.0000 0.0000 0.0000 0.0000 0.0000 0.0000 0.0000 0.0000 0.0000 0.0000 0.0000 0.0000 0.0000 0.0000 0.0000 0.0000 0.0000 0.0000 0.0000 0.0000 0.0000 0.0000 0.0000 0.0000 0.0000 0.0000 0.0000 0.0000 0.0000 0.0000 0.0000 0.0000 0.0000 0.0000 0.0000 0.0000 0.0000 0.0000 0.0000 0.0000 0.0000 0.0000 0.0000 0.0000 0.0000 0.0000 0.0000 0.0000 0.0000 0.0000 0.0000 0.0000 0.0000 0.0000 0.0000 0.0000 0.0000 0.0000 0.0000 0.0000 0.0000 0.0000 0.0000 0.0000 0.0000 0.0000 0.0000 0.0000 0.0000 0.0000 0.0000 0.0000 0.0000 0.0000 0.0000 0.0000 0.0000 0.0000 0.0000 0.0000 0.0000 0.0000 0.0000 0.0000 0.0000 0.0000 0.0000 0.0000 0.0000 0.0000 0.0000 0.0000 0.0000 0.0000 0.0000 0.0000 0.0000 0.0000 0.0000 0.0000 0.0000 0.0000 0.0000 0.0000 0.0000 0.0000 0.0000 0.0000 0.0000 0.0000 0.0000 0.0000 0.0000 0.0000 0.0000 0.0000 0.0000 0.0000 0.0000 0.0000 0.0000 0.0000 0.0000 0.0000 0.0000 0.0000 0.0000 0.0000 0.0000 0.0000 0.0000 0.0000 0.0000 0.0000 0.0000 0.0000 0.0000 0.0000 0.0000 0.0000 0.0000 0.0000 0.0000 0.0000 0.0000 0.0000 0.0000 0.0000 0.0000 0.0000 0.0000 0.0000 0.0000 0.0000 0.0000 0.0000 0.0000 0.0000 0.0000 0.0000 0.0000 0.0000 0.0000 0.0000 0.0000 0.0000 0.0000 0.0000 0.0000 0.0000 0.0000 0.0000 0.0000 0.0000 0.0000 0.0000 0.0000 0.0000 0.0000 0.0000 0.0000 0.0000 0.0000 0.0000 0.0000 0.0000 0.0000 0.0000 0.0000 0.0000 0.0000 0.0000 0.0000 0.0000 0.0000 0.0000 0.0000 0.0000 0.0000 0.0000 0.0000 0.0000 0.0000 0.0000 0.0000 0.0000 0.0000 0.0000 0.0000 0.0000 0.0000 0.0000 0.0000 0.0000 0.0000 0.0000 0.0000 0.0000 0.0000 0.0000 0.0000 0.0000 0.0000 0.0000 0.0000 0.0000 0.0000 0.0000 0.0000 0.0000 0.0000 0.0000 0.0000 0.0000 0.0000 0.0000 0.0000 0.0000 0.0000 0.0000 0.0000 0.0000 0.0000 0.0000 0.0000 0.0000 0.0000 0.0000 0.0000 0.0000 0.0000 0.0000 0.0000 0.0000 0.0000 0.0000 0.0000 0.0000 0.0000 0.0000 0.0000 0.0000 0.0000 0.0000 0.0000 0.0000 0.0000 0.0000 0.0000 0.0000 0.0000 0.0000 0.0000 0.0000 0.0000 0.0000 0.0000 0.0000 0.0000 0.0000 0.0000 0.0000 0.0000 0.0000 0.0000 0.0000 0.0000 0.0000 0.0000 0.0000 0.0000 0.0000 0.0000 0.0000 0.0000 0.0000 0.0000 0.0000 0.0000 0.0000 0.0000 0.0000 0.0000 0.0000 0.0000 0.0000 0.0000 0.0000 0.0000 0.0000 0.0000 0.0000 0.0000 0.0000 0.0000 0.0000 0.0000 0.0000 0.0000 0.0000 0.0000 0.0000 0.0000 0.0000 0.0000 0.0000 0.0000 0.0000 0.0000 0.0000 0.0000 0.0000 0.0000 0.0000 0.0000 0.0000 0.0000 0.0000 0.0000 0.0000 0.0000 0.0000 0.0000 0.0000 0.0000 0.0000 0.0000 0.0000 0.0000 0.0000 0.0000 0.0000 0.0000 0.0000 0.0000 0.0000 0.0000 0.0000 0.0000 0.0000 0.0000 0.0000 0.0000 0.0000 0.0000 0.0000 0.0000 0.0000 0.0000 0.0000 0.0000 0.0000 0.0000 0.0000 0.0000 0.0000 0.0000 0.0000 0.0000 0.0000 0.0000 0.0000 0.0000 0.0000 0.0000 0.0000 0.0000 0.0000 0.0000 0.0000 0.0000 0.0000 0.0000 0.0000 0.0000 0.0000 0.0000 0.0000 0.0000 0.0000 0.0000 0.0000 0.0000 0.0000 0.0000 0.0000 0.0000 0.0000 0.0000 0.0000 0.0000 0.0000 0.0000 0.0000 0.0000 0.0000 0.0000 0.0000 0.0000 0.0000 0.0000 0.0000 0.0000 0.0000 0.0000 0.0000 0.0000 0.0000 0.0000 0.0000 0.0000 0.0000 0.0000 0.0000 0.0000 0.0000 0.0000 0.0000 0.0000 0.0000 0.0000 0.0000 0.0000 0.0000 0.0000 0.0000 0.0000 0.0000 0.0000 0.0000 0.0000 0.0000 0.0000 0.0000 0.0000 0.0000 0.0000 0.0000 0.0000 0.0000 0.0000 0.0000 0.0000 0.0000 0.0000 0.0000 0.0000 0.0000 0.0000 0.0000 0.0000 0.0000 0.0000 0.0000 0.0000 0.0000 0.0000 0.0000 0.0000 0.0000 0.0000 0.0000 0.0000 0.0000 0.0000 0.0000 0.0000 0.0000 0.0000 0.0000 0.0000 0.0000 0.0000 0.0000 0.0000 0.0000 0.0000 0.0000 0.0000 0.0000 0.0000 0.0000 0.0000 0.0000 0.0000 0.0000 0.0000 0.0000 0.0000 0.0000 0.0000 0.0000 0.0000 0.0000 0.0000 0.0000 0.0000 0.0000 0.0000 0.0000 0.0000 0.0000 0.0000 0.0000 0.0000 0.0000 0.0000 0.0000 0.0000 0.0000 0.0000 0.0000 0.0000 0.0000 0.0000 0.0000 0.0000 0.0000 0.0000 0.0000 0.0000 0.0000 0.0000 0.0000 0.0000 0.0000 0.0000 0.0000 0.0000 0.0000 0.0000 0.0000 0.0000 0.0000 0.0000 0.0000 0.0000 0.0000 0.0000 0.0000 0.0000 0.0000 0.0000 0.0000 0.0000 0.0000 0.0000 0.0000 0.0000 0.0000 0.0000 0.0000 0.0000 0.0000 0.0000 0.0000 0.0000 0.0000 0.0000 0.0000 0.0000 0.0000 0.0000 0.0000 0.0000 0.0000 0.0000 0.0000 0.0000 0.0000 0.0000 0.0000 0.0000 0.0000 0.0000 0.0000 0.0000 0.0000 0.0000 0.0000 0.0000 0.0000 0.0000 0.0000 0.0000 0.0000 0.0000 0.0000 0.0000 0.0000 0.0000 0.0000 0.0000 0.0000 0.0000 0.0000 0.0000 0.0000 0.0000 0.0000 0.0000 0.0000 0.0000 0.0000 0.0000 0.0000 0.0000 0.0000 0.0000 0.0000 0.0000 0.0000 0.0000 0.0000 0.0000 0.0000 0.0000 0.0000 0.0000 0.0000 0.0000 0.0000 0.0000 0.0000 0.0000 0.0000 0.0000 0.0000 0.0000 0.0000 0.0000 0.0000 0.0000 0.0000 0.0000 0.0000 0.0000 0.0000 0.0000 0.0000 0.0000 0.0000 0.0000 0.0000 0.0000 0.0000 0.0000 0.0000 0.0000 0.0000 0.0000 0.0000 0.0000 0.0000 0.0000 0.0000 0.0000 0.0000 0.0000 0.0000 0.0000 0.0000 0.0000 0.0000 0.0000 0.0000 0.0000 0.0000 0.0000 0.0000 0.0000 0.0000 0.0000 0.0000 0.0000 0.0000 0.0000 0.0000 0.0000 0.0000 0.0000 0.0000 0.0000 0.0000 0.0000 0.0000 0.0000 0.0000 0.0000 0.0000 0.0000 0.0000 0.0000 0.0000 0.0000 0.0000 0.0000 0.0000 0.0000 0.0000 0.0000 0.0000 0.0000 0.0000 0.0000 0.0000 0.0000 0.0000 0.0000 0.0000 0.0000 0.0000 0.0000 0.0000 0.0000 0.0000 0.0000 0.0000 0.0000 0.0000 0.0000 0.0000 0.0000 0.0000 0.0000 0.0000 0.0000 0.0000 0.0000 0.0000 0.0000 0.0000 0.0000 0.0000 0.0000 0.0000 0.0000 0.0000 0.0000 0.0000 0.0000 0.0000 0.0000 0.0000 0.0000 0.0000 0.0000 0.0000 0.0000 0.0000 0.0000 0.0000 0.0000 0.0000 0.0000 0.0000 0.0000 0.0000 0.0000 0.0000 0.0000 0.0000 0.0000 0.0000 0.0000 0.0000 0.0000 0.0000 0.0000 0.0000 0.0000 0.0000 0.0000 0.0000 0.0000 0.0000 0.0000 0.0000 0.0000 0.0000 0.0000 0.0000 0.0000 0.0000 0.0000 0.0000 0.0000 0.0000 0.0000 0.0000 0.0000 0.0000 0.0000 0.0000 0.0000 0.0000 0.0000 0.0000 0.0000 0.0000 0.0000 0.0000 0.0000 0.0000 0.0000 0.0000 0.0000 0.0000 0.0000 0.0000 0.0000 0.0000 0.0000 0.0000 0.0000 0.0000 0.0000 0.0000 0.0000 0.0000 0.0000 0.0000 0.0000 0.0000 0.0000 0.0000 0.0000 0.0000 0.0000 0.0000 0.0000 0.0000 0.0000 0.0000 0.0000 0.0000 0.0000 0.0000 0.0000 0.0000 0.0000 0.0000 0.0000 0.0000 0.0000 0.0000 0.0000 0.0000 0.0000 0.0000 0.0000 0.0000 0.0000 0.0000 0.0000 0.0000 0.0000 0.0000 0.0000 0.0000 0.0000 0.0000 0.0000 0.0000 0.0000 0.0000 0.0000 0.0000 0.0000 0.0000 0.0000 0.0000 0.0000 0.0000 0.0000 0.0000 0.0000 0.0000 0.0000 0.0000 0.0000 0.0000 0.0000 0.0000 0.0000 0.0000 0.0000 0.0000 0.0000 0.0000 0.0000 0.0000 0.0000 0.0000 0.0000 0.0000 0.0000 0.0000 0.0000 0.0000 0.0000 0.0000 0.0000 0.0000 0.0000 0.0000 0.0000 0.0000 0.0000 0.0000 0.0000 0.0000 0.0000 0.0000 0.0000 0.0000 0.0000 0.0000 0.0000 0.0000 0.0000 0.0000 0.0000 0.0000 0.0000 0.0000 0.0000 0.0000 0.0000 0.0000 0.0000 0.0000 0.0000 0.0000 0.0000 0.0000 0.0000 0.0000 0.0000 0.0000 0.0000 0.0000 0.0000 0.0000 0.0000 0.0000 0.0000 0.0000 0.0000 0.0000 0.0000 0.0000 0.0000 0.0000 0.0000 0.0000 0.0000 0.0000 0.0000 0.0000 0.0000 0.0000 0.0000 0.0000 0.0000 0.0000 0.0000 0.0000 0.0000 0.0000 0.0000 0.0000 0.0000 0.0000 0.0000 0.0000 0.0000 0.0000 0.0000 0.0000 0.0000 0.0000 0.0000 0.0000 0.0000 0.0000 0.0000 0.0000 0.0000 0.0000 0.0000 0.0000 0.0000 0.0000 0.0000 0.0000 0.0000 0.0000 0.0000 0.0000 0.0000 0.0000 0.0000 0.0000 0.0000 0.0000 0.0000 0.0000 0.0000 0.0000 0.0000 0.0000 0.0000 0.0000 0.0000 0.0000 0.0000 0.0000 0.0000 0.0000 0.0000 0.0000 0.0000 0.0000 0.0000 0.0000 0.0000 0.0000 0.0000 0.0000 0.0000 0.0000 0.0000 0.0000 0.0000 0.0000 0.0000 0.0000 0.0000 0.0000 0.0000 0.0000 0.0000 0.0000 0.0000 0.0000 0.0000 0.0000 0.0000 0.0000 0.0000 0.0000 0.0000 0.0000 0.0000 0.0000 0.0000 0.0000 0.0000 0.0000 0.0000 0.0000 0.0000 0.0000 0.0000 0.0000 0.0000 0.0000 0.0000 0.0000 0.0000 0.0000 0.0000 0.0000 0.0000 0.0000 0.0000 0.0000 0.0000 0.0000 0.0000 0.0000 0.0000 0.0000 0.0000 0.0000 0.0000 0.0000 0.0000 0.0000 0.0000 0.0000 0.0000 0.0000 0.0000 0.0000 0.0000 0.0000 0.0000 0.0000 0.0000 0.0000 0.0000 0.0000 0.0000 0.0000 0.0000 0.0000 0.0000 0.0000 0.0000 0.0000 0.0000 0.0000 0.0000 0.0000 0.0000 0.0000 0.0000 0.0000 0.0000 0.0000 0.0000 0.0000 0.0000 0.0000 0.0000 0.0000 0.0000 0.0000 0.0000 0.0000 0.0000 0.0000 0.0000 0.0000 0.0000 0.0000 0.0000 0.0000 0.0000 0.0000 0.0000 0.0000 0.0000 0.0000 0.0000 0.0000 0.0000 0.0000 0.0000 0.0000 0.0000 0.0000 0.0000 0.0000 0.0000 0.0000 0.0000 0.0000 0.0000 0.0000 0.0000 0.0000 0.0000 0.0000 0.0000 0.0000 0.0000 0.0000 0.0000 0.0000 0.0000 0.0000 0.0000 0.0000 0.0000 0.0000 0.0000 0.0000 0.0000 0.0000 0.0000 0.0000 0.0000 0.0000 0.0000 0.0000 0.0000 0.0000 0.0000 0.0000 0.0000 0.0000 0.0000 0.0000 0.0000 0.0000 0.0000 0.0000 0.0000 0.0000 0.0000 0.0000 0.0000 0.0000 0.0000 0.0000 0.0000 0.0000 0.0000 0.0000 0.0000 0.0000 0.0000 0.0000 0.0000 0.0000 0.0000 0.0000 0.0000 0.0000 0.0000 0.0000 0.0000 0.0000 0.0000 0.0000 0.0000 0.0000 0.0000 0.0000 0.0000 0.0000 0.0000 0.0000 0.0000 0.0000 0.0000 0.0000 0.0000 0.0000 0.0000 0.0000 0.0000 0.0000 0.0000 0.0000 0.0000 0.0000 0.0000 0.0000 0.0000 0.0000 0.0000 0.0000 0.0000 0.0000 0.0000 0.0000 0.0000 0.0000 0.0000 0.0000 0.0000 0.0000 0.0000 0.0000 0.0000 0.0000 0.0000 0.0000 0.0000 0.0000 0.0000 0.0000 0.0000 0.0000 0.0000 0.0000 0.0000 0.0000 0.0000 0.0000 0.0000 0.0000 0.0000 0.0000 0.0000 0.0000 0.0000 0.0000 0.0000 0.0000 0.0000 0.0000 0.0000 0.0000 0.0000 0.0000 0.0000 0.0000 0.0000 0.0000 0.0000 0.0000 0.0000 0.0000 0.0000 0.0000 0.0000 0.0000 0.0000 0.0000 0.0000 0.0000 0.0000 0.0000 0.0000 0.0000 0.0000 0.0000 0.0000 0.0000 0.0000 0.0000 0.0000 0.0000 0.0000 0.0000 0.0000 0.0000 0.0000 0.0000 0.0000 0.0000 0.0000 0.0000 0.0000 0.0000 0.0000 0.0000 0.0000 0.0000 0.0000 0.0000 0.0000 0.0000 0.0000 0.0000 0.0000 0.0000 0.0000 0.0000 0.0000 0.0000 0.0000 0.0000 0.0000 0.0000 0.0000 0.0000 0.0000 0.0000 0.0000 0.0000 0.0000 0.0000 0.0000 0.0000 0.0000 0.0000 0.0000 0.0000 0.0000 0.0000 0.0000 0.0000 0.0000 0.0000 0.0000 0.0000 0.0000 0.0000 0.0000 0.0000 0.0000 0.0000 0.0000 0.0000 0.0000 0.0000 0.0000 0.0000 0.0000 0.0000 0.0000 0.0000 0.0000 0.0000 0.0000 0.0000 0.0000 0.0000 0.0000 0.0000 0.0000 0.0000 0.0000 0.0000 0.0000 0.0000 0.0000 0.0000 0.0000 0.0000 0.0000 0.0000 0.0000 0.0000 0.0000 0.0000 0.0000 0.0000 0.0000 0.0000 0.0000 0.0000 0.0000 0.0000 0.0000 0.0000 0.0000 0.0000 0.0000 0.0000 0.0000 0.0000 0.0000 0.0000 0.0000 0.0000 0.0000 0.0000 0.0000 0.0000 0.0000 0.0000 0.0000 0.0000 0.0000 0.0000 0.0000 0.0000 0.0000 0.0000 0.0000 0.0000 0.0000 0.0000 0.0000 0.0000 0.0000 0.0000 0.0000 0.0000 0.0000 0.0000 0.0000 0.0000 0.0000 0.0000 0.0000 0.0000 0.0000 0.0000 0.0000 0.0000 0.0000 0.0000 0.0000 0.0000 0.0000 0.0000 0.0000 0.0000 0.0000 0.0000 0.0000 0.0000 0.0000 0.0000 0.0000 0.0000 0.0000 0.0000 0.0000 0.0000 0.0000 0.0000 0.0000 0.0000 0.0000 0.0000 0.0000 0.0000 0.0000 0.0000 0.0000 0.0000 0.0000 0.0000 0.0000 0.0000 0.0000 0.0000 0.0000 0.0000 0.0000 0.0000 0.0000 0.0000 0.0000 0.0000 0.0000 0.0000 0.0000 0.0000 0.0000 0.0000 0.0000 0.0000 0.0000 0.0000 0.0000 0.0000 0.0000 0.0000 0.0000 0.0000 0.0000 0.0000 0.0000 0.0000 0.0000 0.0000 0.0000 0.0000 0.0000 0.0000 0.0000 0.0000 0.0000 0.0000 0.0000 0.0000 0.0000 0.0000 0.0000 0.0000 0.0000 0.0000 0.0000 0.0000 0.0000 0.0000 0.0000 0.0000 0.0000 0.0000 0.0000 0.0000 0.0000 0.0000 0.0000 0.0000 0.0000 0.0000 0.0000 0.0000 0.0000 0.0000 0.0000 0.0000 0.0000 0.0000 0.0000 0.0000 0.0000 0.0000 0.0000 0.0000 0.0000 0.0000 0.0000 0.0000 0.0000 0.0000 0.0000 0.0000 0.0000 0.0000 0.0000 0.0000 0.0000 0.0000 0.0000 0.0000 0.0000 0.0000 0.0000 0.0000 0.0000 0.0000 0.0000 0.0000 0.0000 0.0000 0.0000 0.0000 0.0000 0.0000 0.0000 0.0000 0.0000 0.0000 0.0000 0.0000 0.0000 0.0000 0.0000 0.0000 0.0000 0.0000 0.0000 0.0000 0.0000 0.0000 0.0000 0.0000 0.0000 0.0000 0.0000 0.0000 0.0000 0.0000 0.0000 0.0000 0.0000 0.0000 0.0000 0.0000 0.0000 0.0000 0.0000 0.0000 0.0000 0.0000 0.0000 0.0000 0.0000 0.0000 0.0000 0.0000 0.0000 0.0000 0.0000 0.0000 0.0000 0.0000 0.0000 0.0000 0.0000 0.0000 0.0000 0.0000 0.0000 0.0000 0.0000 0.0000 0.0000 0.0000 0.0000 0.0000 0.0000 0.0000 0.0000 0.0000 0.0000 0.0000 0.0000 0.0000 0.0000 0.0000 0.0000 0.0000 0.0000 0.0000 0.0000 0.0000 0.0000 0.0000 0.0000 0.0000 0.0000 0.0000 0.0000 0.0000 0.0000 0.0000 0.0000 0.0000 0.0000 0.0000 0.0000 0.0000 0.0000 0.0000 0.0000 0.0000 0.0000 0.0000 0.0000 0.0000 0.0000 0.0000 0.0000 0.0000 0.0000 0.0000 0.0000 0.0000 0.0000 0.0000 0.0000 0.0000 0.0000 0.0000 0.0000 0.0000 0.0000 0.0000 0.0000 0.0000 0.0000 0.0000 0.0000 0.0000 0.0000 0.0000 0.0000 0.0000 0.0000 0.0000 0.0000 0.0000 0.0000 0.0000 0.0000 0.0000 0.0000 0.0000 0.0000 0.0000 0.0000 0.0000 0.0000 0.0000 0.0000 0.0000 0.0000 0.0000 0.0000 0.0000 0.0000 0.0000 0.0000 0.0000 0.0000 0.0000 0.0000 0.0000 0.0000 0.0000 0.0000 0.0000 0.0000 0.0000 0.0000 0.0000 0.0000 0.0000 0.0000 0.0000 0.0000 0.0000 0.0000 0.0000 0.0000 0.0000 0.0000 0.0000 0.0000 0.0000 0.0000 0.0000 0.0000 0.0000 0.0000 0.0000 0.0000 0.0000 0.0000 0.0000 0.0000 0.0000 0.0000 0.0000 0.0000 0.0000 0.0000 0.0000 0.0000 0.0000 0.0000 0.0000 0.0000 0.0000 0.0000 0.0000 0.0000 0.0000 0.0000 0.0000 0.0000 0.0000 0.0000 0.0000 0.0000 0.0000 0.0000 0.0000 0.0000 0.0000 0.0000 0.0000 0.0000 0.0000 0.0000 0.0000 0.0000 0.0000 0.0000 0.0000 0.0000 0.0000 0.0000 0.0000 0.0000 0.0000 0.0000 0.0000 0.0000 0.0000 0.0000 0.0000 0.0000 0.0000 0.0000 0.0000 0.0000 0.0000 0.0000 0.0000 0.0000 0.0000 0.0000 0.0000 0.0000 0.0000 0.0000 0.0000 0.0000 0.0000 0.0000 0.0000 0.0000 0.0000 0.0000 0.0000 0.0000 0.0000 0.0000 0.0000 0.0000 0.0000 0.0000 0.0000 0.0000 0.0000 0.0000 0.0000 0.0000 0.0000 0.0000 0.0000 0.0000 0.0000 0.0000 0.0000 0.0000 0.0000 0.0000 0.0000 0.0000 0.0000 0.0000 0.0000 0.0000 0.0000 0.0000 0.0000 0.0000 0.0000 0.0000 0.0000 0.0000 0.0000 0.0000 0.0000 0.0000 0.0000 0.0000 0.0000 0.0000 0.0000 0.0000 0.0000 0.0000 0.0000 0.0000 0.0000 0.0000 0.0000 0.0000 0.0000 0.0000 0.0000 0.0000 0.0000 0.0000 0.0000 0.0000 0.0000 0.0000 0.0000 0.0000 0.0000 0.0000 0.0000 0.0000 0.0000 0.0000 0.0000 0.0000 0.0000 0.0000 0.0000 0.0000 0.0000 0.0000 0.0000 0.0000 0.0000 0.0000 0.0000 0.0000 0.0000 0.0000 0.0000 0.0000 0.0000 0.0000 0.0000 0.0000 0.0000 0.0000 0.0000 0.0000 0.0000 0.0000 0.0000 0.0000 0.0000 0.0000 0.0000 0.0000 0.0000 0.0000 0.0000 0.0000 0.0000 0.0000 0.0000 0.0000 0.0000 0.0000 0.0000 0.0000 0.0000 0.0000 0.0000 0.0000 0.0000 0.0000 0.0000 0.0000 0.0000 0.0000 0.0000 0.0000 0.0000 0.0000 0.0000 0.0000 0.0000 0.0000 0.0000 0.0000 0.0000 0.0000 0.0000 0.0000 0.0000 0.0000 0.0000 0.0000 0.0000 0.0000 0.0000 0.0000 0.0000 0.0000 0.0000 0.0000 0.0000 0.0000 0.0000 0.0000 0.0000 0.0000 0.0000 0.0000 0.0000 0.0000 0.0000 0.0000 0.0000 0.0000 0.0000 0.0000 0.0000 0.0000 0.0000 0.0000 0.0000 0.0000 0.0000 0.0000 0.0000 0.0000 0.0000 0.0000 0.0000 0.0000 0.0000 0.0000 0.0000 0.0000 0.0000 0.0000 0.0000 0.0000 0.0000 0.0000 0.0000 0.0000 0.0000 0.0000 0.0000 0.0000 0.0000 0.0000 0.0000 0.0000 0.0000 0.0000 0.0000 0.0000 0.0000 0.0000 0.0000 0.0000 0.0000 0.0000 0.0000 0.0000 0.0000 0.0000 0.0000 0.0000 0.0000 0.0000 0.0000 0.0000 0.0000 0.0000 0.0000 0.0000 0.0000 0.0000 0.0000 0.0000 0.0000 0.0000 0.0000 0.0000 0.0000 0.0000 0.0000 0.0000 0.0000 0.0000 0.0000 0.0000 0.0000 0.0000 0.0000 0.0000 0.0000 0.0000 0.0000 0.0000 0.0000 0.0000 0.0000 0.0000 0.0000 0.0000 0.0000 0.0000 0.0000 0.0000 0.0000 0.0000 0.0000 0.0000 0.0000 0.0000 0.0000 0.0000 0.0000 0.0000 0.0000 0.0000 0.0000 0.0000 0.0000 0.0000 0.0000 0.0000 0.0000 0.0000 0.0000 0.0000 0.0000 0.0000 0.0000 0.0000 0.0000 0.0000 0.0000 0.0000 0.0000 0.0000 0.0000 0.0000 0.0000 0.0000 0.0000 0.0000 0.0000 0.0000 0.0000 0.0000 0.0000 0.0000 0.0000 0.0000 0.0000 0.0000 0.0000 0.0000 0.0000 0.0000 0.0000 0.0000 0.0000 0.0000 0.0000 0.0000 0.0000 0.0000 0.0000 0.0000 0.0000 0.0000 0.0000 0.0000 0.0000 0.0000 0.0000 0.0000 0.0000 0.0000 0.0000 0.0000 0.0000 0.0000 0.0000 0.0000 0.0000 0.0000 0.0000 0.0000 0.0000 0.0000 0.0000 0.0000 0.0000 0.0000 0.0000 0.0000 0.0000 0.0000 0.0000 0.0000 0.0000 0.0000 0.0000 0.0000 0.0000 0.0000 0.0000 0.0000 0.0000 0.0000 0.0000 0.0000 0.0000 0.0000 0.0000 0.0000 0.0000 0.0000 0.0000 0.0000 0.0000 0.0000 0.0000 0.0000 0.0000 0.0000 0.0000 0.0000 0.0000 0.0000 0.0000 0.0000 0.0000 0.0000 0.0000 0.0000 0.0000 0.0000 0.0000 0.0000 0.0000 0.0000 0.0000 0.0000 0.0000 0.0000 0.0000 0.0000 0.0000 0.0000 0.0000 0.0000 0.0000 0.0000 0.0000 0.0000 0.0000 0.0000 0.0000 0.0000 0.0000 0.0000 0.0000 0.0000 0.0000 0.0000 0.0000 0.0000 0.0000 0.0000 0.0000 0.0000 0.0000 0.0000 0.0000 0.0000 0.0000 0.0000 0.0000 0.0000 0.0000 0.0000 0.0000 0.0000 0.0000 0.0000 0.0000 0.0000 0.0000 0.0000 0.0000 0.0000 0.0000 0.0000 0.0000 0.0000 0.0000 0.0000 0.0000 0.0000 0.0000 0.0000 0.0000 0.0000 0.0000 0.0000 0.0000 0.0000 0.0000 0.0000 0.0000 0.0000 0.0000 0.0000 0.0000 0.0000 0.0000 0.0000 0.0000 0.0000 0.0000 0.0000 0.0000 0.0000 0.0000 0.0000 0.0000 0.0000 0.0000 0.0000 0.0000 0.0000 0.0000 0.0000 0.0000 0.0000 0.0000 0.0000 0.0000 0.0000 0.0000 0.0000 0.0000 0.0000 0.0000 0.0000 0.0000 0.0000 0.0000 0.0000 0.0000 0.0000 0.0000 0.0000 0.0000 0.0000 0.0000 0.0000 0.0000 0.0000 0.0000 0.0000 0.0000 0.0000 0.0000 0.0000 0.0000 0.0000 0.0000 0.0000 0.0000 0.0000 0.0000 0.0000 0.0000 0.0000 0.0000 0.0000 0.0000 0.0000 0.0000 0.0000 0.0000 0.0000 0.0000 0.0000 0.0000 0.0000 0.0000 0.0000 0.0000 0.0000 0.0000 0.0000 0.0000 0.0000 0.0000 0.0000 0.0000 0.0000 0.0000 0.0000 0.0000 0.0000 0.0000 0.0000 0.0000 0.0000 0.0000 0.0000 0.0000 0.0000 0.0000 0.0000 0.0000 0.0000 0.0000 0.0000 0.0000 0.0000 0.0000 0.0000 0.0000 0.0000 0.0000 0.0000 0.0000 0.0000 0.0000 0.0000 0.0000 0.0000 0.0000 0.0000 0.0000 0.0000 0.0000 0.0000 0.0000 0.0000 0.0000 0.0000 0.0000 0.0000 0.0000 0.0000 0.0000 0.0000 0.0000 0.0000 0.0000 0.0000 0.0000 0.0000 0.0000 0.0000 0.0000 0.0000 0.0000 0.0000 0.0000 0.0000 0.0000 0.0000 0.0000 0.0000 0.0000 0.0000 0.0000 0.0000 0.0000 0.0000 0.0000 0.0000 0.0000 0.0000 0.0000 0.0000 0.0000 0.0000 0.0000 0.0000 0.0000 0.0000 0.0000 0.0000 0.0000 0.0000 0.0000 0.0000 0.0000 0.0000 0.0000 0.0000 0.0000 0.0000 0.0000 0.0000 0.0000 0.0000 0.0000 0.0000 0.0000 0.0000 0.0000 0.0000 0.0000 0.0000 0.0000 0.0000 0.0000 0.0000 0.0000 0.0000 0.0000 0.0000 0.0000 0.0000 0.0000 0.0000 0.0000 0.0000 0.0000 0.0000 0.0000 0.0000 0.0000 0.0000 0.0000 0.0000 0.0000 0.0000 0.0000 0.0000 0.0000 0.0000 0.0000 0.0000 0.0000 0.0000 0.0000 0.0000 0.0000 0.0000 0.0000 0.0000 0.0000 0.0000 0.0000 0.0000 0.0000 0.0000 0.0000 0.0000 0.0000 0.0000 0.0000 0.0000 0.0000 0.0000 0.0000 0.0000 0.0000 0.0000 0.0000 0.0000 0.0000 0.0000 0.0000 0.0000 0.0000 0.0000 0.0000 0.0000 0.0000 0.0000 0.0000 0.0000 0.0000 0.0000 0.0000 0.0000 0.0000 0.0000 0.0000 0.0000 0.0000 0.0000 0.0000 0.0000 0.0000 0.0000 0.0000 0.0000 0.0000 0.0000 0.0000 0.0000 0.0000 0.0000 0.0000 0.0000 0.0000 0.0000 0.0000 0.0000 0.0000 0.0000 0.0000 0.0000 0.0000 0.0000 0.0000 0.0000 0.0000 0.0000 0.0000 0.0000 0.0000 0.0000 0.0000 0.0000 0.0000 0.0000 0.0000 0.0000 0.0000 0.0000 0.0000 0.0000 0.0000 0.0000 0.0000 0.0000 0.0000 0.0000 0.0000 0.0000 0.0000 0.0000 0.0000 0.0000 0.0000 0.0000 0.0000 0.0000 0.0000 0.0000 0.0000 0.0000 0.0000 0.0000 0.0000 0.0000 0.0000 0.0000 0.0000 0.0000 0.0000 0.0000 0.0000 0.0000 0.0000 0.0000 0.0000 0.0000 0.0000 0.0000 0.0000 0.0000 0.0000 0.0000 0.0000 0.0000 0.0000 0.0000 0.0000 0.0000 0.0000 0.0000 0.0000 0.0000 0.0000 0.0000 0.0000 0.0000 0.0000 0.0000 0.0000 0.0000 0.0000 0.0000 0.0000 0.0000 0.0000 0.0000 0.0000 0.0000 0.0000 0.0000 0.0000 0.0000 0.0000 0.0000 0.0000 0.0000 0.0000 0.0000 0.0000 0.0000 0.0000 0.0000 0.0000 0.0000 0.0000 0.0000 0.0000 0.0000 0.0000 0.0000 0.0000 0.0000 0.0000 0.0000 0.0000 0.0000 0.0000 0.0000 0.0000 0.0000 0.0000 0.0000 0.0000 0.0000 0.0000 0.0000 0.0000 0.0000 0.0000 0.0000 0.0000 0.0000 0.0000 0.0000 0.0000 0.0000 0.0000 0.0000 0.0000 0.0000 0.0000 0.0000 0.0000 0.0000 0.0000 0.0000 0.0000 0.0000 0.0000 0.0000 0.0000 0.0000 0.0000 0.0000 0.0000 0.0000 0.0000 0.0000 0.0000 0.0000 0.0000 0.0000 0.0000 0.0000 0.0000 0.0000 0.0000 0.0000 0.0000 0.0000 0.0000 0.0000 0.0000 0.0000 0.0000 0.0000 0.0000 0.0000 0.0000 0.0000 0.0000 0.0000 0.0000 0.0000 0.0000 0.0000 0.0000 0.0000 0.0000 0.0000 0.0000 0.0000 0.0000 0.0000 0.0000 0.0000 0.0000 0.0000 0.0000 0.0000 0.0000 0.0000 0.0000 0.0000 0.0000 0.0000 0.0000 0.0000 0.0000 0.0000 0.0000 0.0000 0.0000 0.0000 0.0000 0.0000 0.0000 0.0000 0.0000 0.0000 0.0000 0.0000 0.0000 0.0000 0.0000 0.0000 0.0000 0.0000 0.0000 0.0000 0.0000 0.0000 0.0000 0.0000 0.0000 0.0000 0.0000 0.0000 0.0000 0.0000 0.0000 0.0000 0.0000 0.0000 0.0000 0.0000 0.0000 0.0000 0.0000 0.0000 0.0000 0.0000 0.0000 0.0000 0.0000 0.0000 0.0000 0.0000 0.0000 0.0000 0.0000 0.0000 0.0000 0.0000 0.0000 0.0000 0.0000 0.0000 0.0000 0.0000 0.0000 0.0000 0.0000 0.0000 0.0000 0.0000 0.0000 0.0000 0.0000 0.0000 0.0000 0.0000 0.0000 0.0000 0.0000 0.0000 0.0000 0.0000 0.0000 0.0000 0.0000 0.0000 0.0000 0.0000 0.0000 0.0000 0.0000 0.0000 0.0000 0.0000 0.0000 0.0000 0.0000 0.0000 0.0000 0.0000 0.0000 0.0000 0.0000 0.0000 0.0000 0.0000 0.0000 0.0000 0.0000 0.0000 0.0000 0.0000 0.0000 0.0000 0.0000 0.0000 0.0000 0.0000 0.0000 0.0000 0.0000 0.0000 0.0000 0.0000 0.0000 0.0000 0.0000 0.0000 0.0000 0.0000 0.0000 0.0000 0.0000 0.0000 0.0000 0.0000 0.0000 0.0000 0.0000 0.0000 0.0000 0.0000 0.0000 0.0000 0.0000 0.0000 0.0000 0.0000 0.0000 0.0000 0.0000 0.0000 0.0000 0.0000 0.0000 0.0000 0.0000 0.0000 0.0000 0.0000 0.0000 0.0000 0.0000 0.0000 0.0000 0.0000 0.0000 0.0000 0.0000 0.0000 0.0000 0.0000 0.0000 0.0000 0.0000 0.0000 0.0000 0.0000 0.0000 0.0000 0.0000 0.0000 0.0000 0.0000 0.0000 0.0000 0.0000 0.0000 0.0000 0.0000 0.0000 0.0000 0.0000 0.0000 0.0000 0.0000 0.0000 0.0000 0.0000 0.0000 0.0000 0.0000 0.0000 0.0000 0.0000 0.0000 0.0000 0.0000 0.0000 0.0000 0.0000 0.0000 0.0000 0.0000 0.0000 0.0000 0.0000 0.0000 0.0000 0.0000 0.0000 0.0000 0.0000 0.0000 0.0000 0.0000 0.0000 0.0000 0.0000 0.0000 0.0000 0.0000 0.0000 0.0000 0.0000 0.0000 0.0000 0.0000 0.0000 0.0000 0.0000 0.0000 0.0000 0.0000 0.0000 0.0000 0.0000 0.0000 0.0000 0.0000 0.0000 0.0000 0.0000 0.0000 0.0000 0.0000 0.0000 0.0000 0.0000 0.0000 0.0000 0.0000 0.0000 0.0000 0.0000 0.0000 0.0000 0.0000 0.0000 0.0000 0.0000 0.0000 0.0000 0.0000 0.0000 0.0000 0.0000 0.0000 0.0000 0.0000 0.0000 0.0000 0.0000 0.0000 0.0000 0.0000 0.0000 0.0000 0.0000 0.0000 0.0000 0.0000 0.0000 0.0000 0.0000 0.0000 0.0000 0.0000 0.0000 0.0000 0.0000 0.0000 0.0000 0.0000 0.0000 0.0000 0.0000 0.0000 0.0000 0.0000 0.0000 0.0000 0.0000 0.0000 0.0000 0.0000 0.0000 0.0000 0.0000 0.0000 0.0000 0.0000 0.0000 0.0000 0.0000 0.0000 0.0000 0.0000 0.0000 0.0000 0.0000 0.0000 0.0000 0.0000 0.0000 0.0000 0.0000 0.0000 0.0000 0.0000 0.0000 0.0000 0.0000 0.0000 0.0000 0.0000 0.0000 0.0000 0.0000 0.0000 0.0000 0.0000 0.0000 0.0000 0.0000 0.0000 0.0000 0.0000 0.0000 0.0000 0.0000 0.0000 0.0000 0.0000 0.0000 0.0000 0.0000 0.0000 0.0000 0.0000 0.0000 0.0000 0.0000 0.0000 0.0000 0.0000 0.0000 0.0000 0.0000 0.0000 0.0000 0.0000 0.0000 0.0000 0.0000 0.0000 0.0000 0.0000 0.0000 0.0000 0.0000 0.0000 0.0000 0.0000 0.0000 0.0000 0.0000 0.0000 0.0000 0.0000 0.0000 0.0000 0.0000 0.0000 0.0000 0.0000 0.0000 0.0000 0.0000 0.0000 0.0000 0.0000 0.0000 0.0000 0.0000 0.0000 0.0000 0.0000 0.0000 0.0000 0.0000 0.0000 0.0000 0.0000 0.0000 0.0000 0.0000 0.0000 0.0000 0.0000 0.0000 0.0000 0.0000 0.0000 0.0000 0.0000 0.0000 0.0000 0.0000 0.0000 0.0000 0.0000 0.0000 0.0000 0.0000 0.0000 0.0000 0.0000 0.0000 0.0000 0.0000 0.0000 0.0000 0.0000 0.0000 0.0000 0.0000 0.0000 0.0000 0.0000 0.0000 0.0000 0.0000 0.0000 0.0000 0.0000 0.0000 0.0000 0.0000 0.0000 0.0000 0.0000 0.0000 0.0000 0.0000 0.0000 0.0000 0.0000 0.0000 0.0000 0.0000 0.0000 0.0000 0.0000 0.0000 0.0000 0.0000 0.0000 0.0000 0.0000 0.0000 0.0000 0.0000 0.0000 0.0000 0.0000 0.0000 0.0000 0.0000 0.0000 0.0000 0.0000 0.0000 0.0000 0.0000 0.0000 0.0000 0.0000 0.0000 0.0000 0.0000 0.0000 0.0000 0.0000 0.0000 0.0000 0.0000 0.0000 0.0000 0.0000 0.0000 0.0000 0.0000 0.0000 0.0000 0.0000 0.0000 0.0000 0.0000 0.0000 0.0000 0.0000 0.0000 0.0000 0.0000 0.0000 0.0000 0.0000 0.0000 0.0000 0.0000 0.0000 0.0000 0.0000 0.0000 0.0000 0.0000 0.0000 0.0000 0.0000 0.0000 0.0000 0.0000 0.0000 0.0000 0.0000 0.0000 0.0000 0.0000 0.0000 0.0000 0.0000 0.0000 0.0000 0.0000 0.0000 0.0000 0.0000 0.0000 0.0000 0.0000 0.0000 0.0000 0.0000 0.0000 0.0000 0.0000 0.0000 0.0000 0.0000 0.0000 0.0000 0.0000 0.0000 0.0000 0.0000 0.0000 0.0000 0.0000 0.0000 0.0000 0.0000 0.0000 0.0000 0.0000 0.0000 0.0000 0.0000 0.0000 0.0000 0.0000 0.0000 0.0000 0.0000 0.0000 0.0000 0.0000 0.0000 0.0000 0.0000 0.0000 0.0000 0.0000 0.0000 0.0000 0.0000 0.0000 0.0000 0.0000 0.0000 0.0000 0.0000 0.0000 0.0000 0.0000 0.0000 0.0000 0.0000 0.0000 0.0000 0.0000 0.0000 0.0000 0.0000 0.0000 0.0000 0.0000 0.0000 0.0000 0.0000 0.0000 0.0000 0.0000 0.0000 0.0000 0.0000 0.0000 0.0000 0.0000 0.0000 0.0000 0.0000 0.0000 0.0000 0.0000 0.0000 0.0000 0.0000 0.0000 0.0000 0.0000 0.0000 0.0000 0.0000 0.0000 0.0000 0.0000 0.0000 0.0000 0.0000 0.0000 0.0000 0.0000 0.0000 0.0000 0.0000 0.0000 0.0000 0.0000 0.0000 0.0000 0.0000 0.0000 0.0000 0.0000 0.0000 0.0000 0.0000 0.0000 0.0000 0.0000 0.0000 0.0000 0.0000 0.0000 0.0000 0.0000 0.0000 0.0000 0.0000 0.0000 0.0000 0.0000 0.0000 0.0000 0.0000 0.0000 0.0000 0.0000 0.0000 0.0000 0.0000 0.0000 0.0000 0.0000 0.0000 0.0000 0.0000 0.0000 0.0000 0.0000 0.0000 0.0000 0.0000 0.0000 0.0000 0.0000 0.0000 0.0000 0.0000 0.0000 0.0000 0.0000 0.0000 0.0000 0.0000 0.0000 0.0000 0.0000 0.0000 0.0000 0.0000 0.0000 0.0000 0.0000 0.0000 0.0000 0.0000 0.0000 0.0000 0.0000 0.0000 0.0000 0.0000 0.0000 0.0000 0.0000 0.0000 0.0000 0.0000 0.0000 0.0000 0.0000 0.0000 0.0000 0.0000 0.0000 0.0000 0.0000 0.0000 0.0000 0.0000 0.0000 0.0000 0.0000 0.0000 0.0000 0.0000 0.0000 0.0000 0.0000 0.0000 0.0000 0.0000 0.0000 0.0000 0.0000 0.0000 0.0000 0.0000 0.0000 0.0000 0.0000 0.0000 0.0000 0.0000 0.0000 0.0000 0.0000 0.0000 0.0000 0.0000 0.0000 0.0000 0.0000 0.0000 0.0000 0.0000 0.0000 0.0000 0.0000 0.0000 0.0000 0.0000 0.0000 0.0000 0.0000 0.0000 0.0000 0.0000 0.0000 0.0000 0.0000 0.0000 0.0000 0.0000 0.0000 0.0000 0.0000 0.0000 0.0000 0.0000 0.0000 0.0000 0.0000 0.0000 0.0000 0.0000 0.0000 0.0000 0.0000 0.0000 0.0000 0.0000 0.0000 0.0000 0.0000 0.0000 0.0000 0.0000 0.0000 0.0000 0.0000 0.0000 0.0000 0.0000 0.0000 0.0000 0.0000 0.0000 0.0000 0.0000 0.0000 0.0000 0.0000 0.0000 0.0000 0.0000 0.0000 0.0000 0.0000 0.0000 0.0000 0.0000 0.0000 0.0000 0.0000 0.0000 0.0000 0.0000 0.0000 0.0000 0.0000 0.0000 0.0000 0.0000 0.0000 0.0000 0.0000 0.0000 0.0000 0.0000 0.0000 0.0000 0.0000 0.0000 0.0000 0.0000 0.0000 0.0000 0.0000 0.0000 0.0000 0.0000 0.0000 0.0000 0.0000 0.0000 0.0000 0.0000 0.0000 0.0000 0.0000 0.0000 0.0000 0.0000 0.0000 0.0000 0.0000 0.0000 0.0000 0.0000 0.0000 0.0000 0.0000 0.0000 0.0000 0.0000 0.0000 0.0000 0.0000 0.0000 0.0000 0.0000 0.0000 0.0000 0.0000 0.0000 0.0000 0.0000 0.0000 0.0000 0.0000 0.0000 0.0000 0.0000 0.0000 0.0000 0.0000 0.0000 0.0000 0.0000 0.0000 0.0000 0.0000 0.0000 0.0000 0.0000 0.0000 0.0000 0.0000 0.0000 0.0000 0.0000 0.0000 0.0000 0.0000 0.0000 0.0000 0.0000 0.0000 0.0000 0.0000 0.0000 0.0000 0.0000 0.0000 0.0000 0.0000 0.0000 0.0000 0.0000 0.0000 0.0000 0.0000 0.0000 0.0000 0.0000 0.0000 0.0000 0.0000 0.0000 0.0000 0.0000 0.0000 0.0000 0.0000 0.0000 0.0000 0.0000 0.0000 0.0000 0.0000 0.0000 0.0000 0.0000 0.0000 0.0000 0.0000 0.0000 0.0000 0.0000 0.0000 0.0000 0.0000 0.0000 0.0000 0.0000 0.0000 0.0000 0.0000 0.0000 0.0000 0.0000 0.0000 0.0000 0.0000 0.0000 0.0000 0.0000 0.0000 " />
							<ColorRGBA color="0.000 0.000 0.000 0.000 0.000 0.000 0.000 0.000 0.000 0.000 0.000 0.000 0.000 0.000 0.000 0.000 0.000 0.000 0.000 0.000 0.000 0.000 0.000 0.000 0.000 0.000 0.000 0.000 0.000 0.000 0.000 0.000 0.000 0.000 0.000 0.000 0.000 0.000 0.000 0.000 0.000 0.000 0.000 0.000 0.000 0.000 0.000 0.000 0.000 0.000 0.000 0.000 0.000 0.000 0.000 0.000 0.000 0.000 0.000 0.000 0.000 0.000 0.000 0.000 0.000 0.000 0.000 0.000 0.000 0.000 0.000 0.000 0.000 0.000 0.000 0.000 0.000 0.000 0.000 0.000 0.000 0.000 0.000 0.000 0.000 0.000 0.000 0.000 0.000 0.000 0.000 0.000 0.000 0.000 0.000 0.000 0.000 0.000 0.000 0.000 0.000 0.000 0.000 0.000 0.000 0.000 0.000 0.000 0.000 0.000 0.000 0.000 0.000 0.000 0.000 0.000 0.000 0.000 0.000 0.000 0.000 0.000 0.000 0.000 0.000 0.000 0.000 0.000 0.000 0.000 0.000 0.000 0.000 0.000 0.000 0.000 0.000 0.000 0.000 0.000 0.000 0.000 0.000 0.000 0.000 0.000 0.000 0.000 0.000 0.000 0.000 0.000 0.000 0.000 0.000 0.000 0.000 0.000 0.000 0.000 0.000 0.000 0.000 0.000 0.000 0.000 0.000 0.000 0.000 0.000 0.000 0.000 0.000 0.000 0.000 0.000 0.000 0.000 0.000 0.000 0.000 0.000 0.000 0.000 0.000 0.000 0.000 0.000 0.000 0.000 0.000 0.000 0.000 0.000 0.000 0.000 0.000 0.000 0.000 0.000 0.000 0.000 0.000 0.000 0.000 0.000 0.000 0.000 0.000 0.000 0.000 0.000 0.000 0.000 0.000 0.000 0.000 0.000 0.000 0.000 0.000 0.000 0.000 0.000 0.000 0.000 0.000 0.000 0.000 0.000 0.000 0.000 0.000 0.000 0.000 0.000 0.000 0.000 0.000 0.000 0.000 0.000 0.000 0.000 0.000 0.000 0.000 0.000 0.000 0.000 0.000 0.000 0.000 0.000 0.000 0.000 0.000 0.000 0.000 0.000 0.000 0.000 0.000 0.000 0.000 0.000 0.000 0.000 0.000 0.000 0.000 0.000 0.000 0.000 0.000 0.000 0.000 0.000 0.000 0.000 0.000 0.000 0.000 0.000 0.000 0.000 0.000 0.000 0.000 0.000 0.000 0.000 0.000 0.000 0.000 0.000 0.000 0.000 0.000 0.000 0.000 0.000 0.000 0.000 0.000 0.000 0.000 0.000 0.000 0.000 0.000 0.000 0.000 0.000 0.000 0.000 0.000 0.000 0.000 0.000 0.000 0.000 0.000 0.000 0.000 0.000 0.000 0.000 0.000 0.000 0.000 0.000 0.000 0.000 0.000 0.000 0.000 0.000 0.000 0.000 0.000 0.000 0.000 0.000 0.000 0.000 0.000 0.000 0.000 0.000 0.000 0.000 0.000 0.000 0.000 0.000 0.000 0.000 0.000 0.000 0.000 0.000 0.000 0.000 0.000 0.000 0.000 0.000 0.000 0.000 0.000 0.000 0.000 0.000 0.000 0.000 0.000 0.000 0.000 0.000 0.000 0.000 0.000 0.000 0.000 0.000 0.000 0.000 0.000 0.000 0.000 0.000 0.000 0.000 0.000 0.000 0.000 0.000 0.000 0.000 0.000 0.000 0.000 0.000 0.000 0.000 0.000 0.000 0.000 0.000 0.000 0.000 0.000 0.000 0.000 0.000 0.000 0.000 0.000 0.000 0.000 0.000 0.000 0.000 0.000 0.000 0.000 0.000 0.000 0.000 0.000 0.000 0.000 0.000 0.000 0.000 0.000 0.000 0.000 0.000 0.000 0.000 0.000 0.000 0.000 0.000 0.000 0.000 0.000 0.000 0.000 0.000 0.000 0.000 0.000 0.000 0.000 0.000 0.000 0.000 0.000 0.000 0.000 0.000 0.000 0.000 0.000 0.000 0.000 0.000 0.000 0.000 0.000 0.000 0.000 0.000 0.000 0.000 0.000 0.000 0.000 0.000 0.000 0.000 0.000 0.000 0.000 0.000 0.000 0.000 0.000 0.000 0.000 0.000 0.000 0.000 0.000 0.000 0.000 0.000 0.000 0.000 0.000 0.000 0.000 0.000 0.000 0.000 0.000 0.000 0.000 0.000 0.000 0.000 0.000 0.000 0.000 0.000 0.000 0.000 0.000 0.000 0.000 0.000 0.000 0.000 0.000 0.000 0.000 0.000 0.000 0.000 0.000 0.000 0.000 0.000 0.000 0.000 0.000 0.000 0.000 0.000 0.000 0.000 0.000 0.000 0.000 0.000 0.000 0.000 0.000 0.000 0.000 0.000 0.000 0.000 0.000 0.000 0.000 0.000 0.000 0.000 0.000 0.000 0.000 0.000 0.000 0.000 0.000 0.000 0.000 0.000 0.000 0.000 0.000 0.000 0.000 0.000 0.000 0.000 0.000 0.000 0.000 0.000 0.000 0.000 0.000 0.000 0.000 0.000 0.000 0.000 0.000 0.000 0.000 0.000 0.000 0.000 0.000 0.000 0.000 0.000 0.000 0.000 0.000 0.000 0.000 0.000 0.000 0.000 0.000 0.000 0.000 0.000 0.000 0.000 0.000 0.000 0.000 0.000 0.000 0.000 0.000 0.000 0.000 0.000 0.000 0.000 0.000 0.000 0.000 0.000 0.000 0.000 0.000 0.000 0.000 0.000 0.000 0.000 0.000 0.000 0.000 0.000 0.000 0.000 0.000 0.000 0.000 0.000 0.000 0.000 0.000 0.000 0.000 0.000 0.000 0.000 0.000 0.000 0.000 0.000 0.000 0.000 0.000 0.000 0.000 0.000 0.000 0.000 0.000 0.000 0.000 0.000 0.000 0.000 0.000 0.000 0.000 0.000 0.000 0.000 0.000 0.000 0.000 0.000 0.000 0.000 0.000 0.000 0.000 0.000 0.000 0.000 0.000 0.000 0.000 0.000 0.000 0.000 0.000 0.000 0.000 0.000 0.000 0.000 0.000 0.000 0.000 0.000 0.000 0.000 0.000 0.000 0.000 0.000 0.000 0.000 0.000 0.000 0.000 0.000 0.000 0.000 0.000 0.000 0.000 0.000 0.000 0.000 0.000 0.000 0.000 0.000 0.000 0.000 0.000 0.000 0.000 0.000 0.000 0.000 0.000 0.000 0.000 0.000 0.000 0.000 0.000 0.000 0.000 0.000 0.000 0.000 0.000 0.000 0.000 0.000 0.000 0.000 0.000 0.000 0.000 0.000 0.000 0.000 0.000 0.000 0.000 0.000 0.000 0.000 0.000 0.000 0.000 0.000 0.000 0.000 0.000 0.000 0.000 0.000 0.000 0.000 0.000 0.000 0.000 0.000 0.000 0.000 0.000 0.000 0.000 0.000 0.000 0.000 0.000 0.000 0.000 0.000 0.000 0.000 0.000 0.000 0.000 0.000 0.000 0.000 0.000 0.000 0.000 0.000 0.000 0.000 0.000 0.000 0.000 0.000 0.000 0.000 0.000 0.000 0.000 0.000 0.000 0.000 0.000 0.000 0.000 0.000 0.000 0.000 0.000 0.000 0.000 0.000 0.000 0.000 0.000 0.000 0.000 0.000 0.000 0.000 0.000 0.000 0.000 0.000 0.000 0.000 0.000 0.000 0.000 0.000 0.000 0.000 0.000 0.000 0.000 0.000 0.000 0.000 0.000 0.000 0.000 0.000 0.000 0.000 0.000 0.000 0.000 0.000 0.000 0.000 0.000 0.000 0.000 0.000 0.000 0.000 0.000 0.000 0.000 0.000 0.000 0.000 0.000 0.000 0.000 0.000 0.000 0.000 0.000 0.000 0.000 0.000 0.000 0.000 0.000 0.000 0.000 0.000 0.000 0.000 0.000 0.000 0.000 0.000 0.000 0.000 0.000 0.000 0.000 0.000 0.000 0.000 0.000 0.000 0.000 0.000 0.000 0.000 0.000 0.000 0.000 0.000 0.000 0.000 0.000 0.000 0.000 0.000 0.000 0.000 0.000 0.000 0.000 0.000 0.000 0.000 0.000 0.000 0.000 0.000 0.000 0.000 0.000 0.000 0.000 0.000 0.000 0.000 0.000 0.000 0.000 0.000 0.000 0.000 0.000 0.000 0.000 0.000 0.000 0.000 0.000 0.000 0.000 0.000 0.000 0.000 0.000 0.000 0.000 0.000 0.000 0.000 0.000 0.000 0.000 0.000 0.000 0.000 0.000 0.000 0.000 0.000 0.000 0.000 0.000 0.000 0.000 0.000 0.000 0.000 0.000 0.000 0.000 0.000 0.000 0.000 0.000 0.000 0.000 0.000 0.000 0.000 0.000 0.000 0.000 0.000 0.000 0.000 0.000 0.000 0.000 0.000 0.000 0.000 0.000 0.000 0.000 0.000 0.000 0.000 0.000 0.000 0.000 0.000 0.000 0.000 0.000 0.000 0.000 0.000 0.000 0.000 0.000 0.000 0.000 0.000 0.000 0.000 0.000 0.000 0.000 0.000 0.000 0.000 0.000 0.000 0.000 0.000 0.000 0.000 0.000 0.000 0.000 0.000 0.000 0.000 0.000 0.000 0.000 0.000 0.000 0.000 0.000 0.000 0.000 0.000 0.000 0.000 0.000 0.000 0.000 0.000 0.000 0.000 0.000 0.000 0.000 0.000 0.000 0.000 0.000 0.000 0.000 0.000 0.000 0.000 0.000 0.000 0.000 0.000 0.000 0.000 0.000 0.000 0.000 0.000 0.000 0.000 0.000 0.000 0.000 0.000 0.000 0.000 0.000 0.000 0.000 0.000 0.000 0.000 0.000 0.000 0.000 0.000 0.000 0.000 0.000 0.000 0.000 0.000 0.000 0.000 0.000 0.000 0.000 0.000 0.000 0.000 0.000 0.000 0.000 0.000 0.000 0.000 0.000 0.000 0.000 0.000 0.000 0.000 0.000 0.000 0.000 0.000 0.000 0.000 0.000 0.000 0.000 0.000 0.000 0.000 0.000 0.000 0.000 0.000 0.000 0.000 0.000 0.000 0.000 0.000 0.000 0.000 0.000 0.000 0.000 0.000 0.000 0.000 0.000 0.000 0.000 0.000 0.000 0.000 0.000 0.000 0.000 0.000 0.000 0.000 0.000 0.000 0.000 0.000 0.000 0.000 0.000 0.000 0.000 0.000 0.000 0.000 0.000 0.000 0.000 0.000 0.000 0.000 0.000 0.000 0.000 0.000 0.000 0.000 0.000 0.000 0.000 0.000 0.000 0.000 0.000 0.000 0.000 0.000 0.000 0.000 0.000 0.000 0.000 0.000 0.000 0.000 0.000 0.000 0.000 0.000 0.000 0.000 0.000 0.000 0.000 0.000 0.000 0.000 0.000 0.000 0.000 0.000 0.000 0.000 0.000 0.000 0.000 0.000 0.000 0.000 0.000 0.000 0.000 0.000 0.000 0.000 0.000 0.000 0.000 0.000 0.000 0.000 0.000 0.000 0.000 0.000 0.000 0.000 0.000 0.000 0.000 0.000 0.000 0.000 0.000 0.000 0.000 0.000 0.000 0.000 0.000 0.000 0.000 0.000 0.000 0.000 0.000 0.000 0.000 0.000 0.000 0.000 0.000 0.000 0.000 0.000 0.000 0.000 0.000 0.000 0.000 0.000 0.000 0.000 0.000 0.000 0.000 0.000 0.000 0.000 0.000 0.000 0.000 0.000 0.000 0.000 0.000 0.000 0.000 0.000 0.000 0.000 0.000 0.000 0.000 0.000 0.000 0.000 0.000 0.000 0.000 0.000 0.000 0.000 0.000 0.000 0.000 0.000 0.000 0.000 0.000 0.000 0.000 0.000 0.000 0.000 0.000 0.000 0.000 0.000 0.000 0.000 0.000 0.000 0.000 0.000 0.000 0.000 0.000 0.000 0.000 0.000 0.000 0.000 0.000 0.000 0.000 0.000 0.000 0.000 0.000 0.000 0.000 0.000 0.000 0.000 0.000 0.000 0.000 0.000 0.000 0.000 0.000 0.000 0.000 0.000 0.000 0.000 0.000 0.000 0.000 0.000 0.000 0.000 0.000 0.000 0.000 0.000 0.000 0.000 0.000 0.000 0.000 0.000 0.000 0.000 0.000 0.000 0.000 0.000 0.000 0.000 0.000 0.000 0.000 0.000 0.000 0.000 0.000 0.000 0.000 0.000 0.000 0.000 0.000 0.000 0.000 0.000 0.000 0.000 0.000 0.000 0.000 0.000 0.000 0.000 0.000 0.000 0.000 0.000 0.000 0.000 0.000 0.000 0.000 0.000 0.000 0.000 0.000 0.000 0.000 0.000 0.000 0.000 0.000 0.000 0.000 0.000 0.000 0.000 0.000 0.000 0.000 0.000 0.000 0.000 0.000 0.000 0.000 0.000 0.000 0.000 0.000 0.000 0.000 0.000 0.000 0.000 0.000 0.000 0.000 0.000 0.000 0.000 0.000 0.000 0.000 0.000 0.000 0.000 0.000 0.000 0.000 0.000 0.000 0.000 0.000 0.000 0.000 0.000 0.000 0.000 0.000 0.000 0.000 0.000 0.000 0.000 0.000 0.000 0.000 0.000 0.000 0.000 0.000 0.000 0.000 0.000 0.000 0.000 0.000 0.000 0.000 0.000 0.000 0.000 0.000 0.000 0.000 0.000 0.000 0.000 0.000 0.000 0.000 0.000 0.000 0.000 0.000 0.000 0.000 0.000 0.000 0.000 0.000 0.000 0.000 0.000 0.000 0.000 0.000 0.000 0.000 0.000 0.000 0.000 0.000 0.000 0.000 0.000 0.000 0.000 0.000 0.000 0.000 0.000 0.000 0.000 0.000 0.000 0.000 0.000 0.000 0.000 0.000 0.000 0.000 0.000 0.000 0.000 0.000 0.000 0.000 0.000 0.000 0.000 0.000 0.000 0.000 0.000 0.000 0.000 0.000 0.000 0.000 0.000 0.000 0.000 0.000 0.000 0.000 0.000 0.000 0.000 0.000 0.000 0.000 0.000 0.000 0.000 0.000 0.000 0.000 0.000 0.000 0.000 0.000 0.000 0.000 0.000 0.000 0.000 0.000 0.000 0.000 0.000 0.000 0.000 0.000 0.000 0.000 0.000 0.000 0.000 0.000 0.000 0.000 0.000 0.000 0.000 0.000 0.000 0.000 0.000 0.000 0.000 0.000 0.000 0.000 0.000 0.000 0.000 0.000 0.000 0.000 0.000 0.000 0.000 0.000 0.000 0.000 0.000 0.000 0.000 0.000 0.000 0.000 0.000 0.000 0.000 0.000 0.000 0.000 0.000 0.000 0.000 0.000 0.000 0.000 0.000 0.000 0.000 0.000 0.000 0.000 0.000 0.000 0.000 0.000 0.000 0.000 0.000 0.000 0.000 0.000 0.000 0.000 0.000 0.000 0.000 0.000 0.000 0.000 0.000 0.000 0.000 0.000 0.000 0.000 0.000 0.000 0.000 0.000 0.000 0.000 0.000 0.000 0.000 0.000 0.000 0.000 0.000 0.000 0.000 0.000 0.000 0.000 0.000 0.000 0.000 0.000 0.000 0.000 0.000 0.000 0.000 0.000 0.000 0.000 0.000 0.000 0.000 0.000 0.000 0.000 0.000 0.000 0.000 0.000 0.000 0.000 0.000 0.000 0.000 0.000 0.000 0.000 0.000 0.000 0.000 0.000 0.000 0.000 0.000 0.000 0.000 0.000 0.000 0.000 0.000 0.000 0.000 0.000 0.000 0.000 0.000 0.000 0.000 0.000 0.000 0.000 0.000 0.000 0.000 0.000 0.000 0.000 0.000 0.000 0.000 0.000 0.000 0.000 0.000 0.000 0.000 0.000 0.000 0.000 0.000 0.000 0.000 0.000 0.000 0.000 0.000 0.000 0.000 0.000 0.000 0.000 0.000 0.000 0.000 0.000 0.000 0.000 0.000 0.000 0.000 0.000 0.000 0.000 0.000 0.000 0.000 0.000 0.000 0.000 0.000 0.000 0.000 0.000 0.000 0.000 0.000 0.000 0.000 0.000 0.000 0.000 0.000 0.000 0.000 0.000 0.000 0.000 0.000 0.000 0.000 0.000 0.000 0.000 0.000 0.000 0.000 0.000 0.000 0.000 0.000 0.000 0.000 0.000 0.000 0.000 0.000 0.000 0.000 0.000 0.000 0.000 0.000 0.000 0.000 0.000 0.000 0.000 0.000 0.000 0.000 0.000 0.000 0.000 0.000 0.000 0.000 0.000 0.000 0.000 0.000 0.000 0.000 0.000 0.000 0.000 0.000 0.000 0.000 0.000 0.000 0.000 0.000 0.000 0.000 0.000 0.000 0.000 0.000 0.000 0.000 0.000 0.000 0.000 0.000 0.000 0.000 0.000 0.000 0.000 0.000 0.000 0.000 0.000 0.000 0.000 0.000 0.000 0.000 0.000 0.000 0.000 0.000 0.000 0.000 0.000 0.000 0.000 0.000 0.000 0.000 0.000 0.000 0.000 0.000 0.000 0.000 0.000 0.000 0.000 0.000 0.000 0.000 0.000 0.000 0.000 0.000 0.000 0.000 0.000 0.000 0.000 0.000 0.000 0.000 0.000 0.000 0.000 0.000 0.000 0.000 0.000 0.000 0.000 0.000 0.000 0.000 0.000 0.000 0.000 0.000 0.000 0.000 0.000 0.000 0.000 0.000 0.000 0.000 0.000 0.000 0.000 0.000 0.000 0.000 0.000 0.000 0.000 0.000 0.000 0.000 0.000 0.000 0.000 0.000 0.000 0.000 0.000 0.000 0.000 0.000 0.000 0.000 0.000 0.000 0.000 0.000 0.000 0.000 0.000 0.000 0.000 0.000 0.000 0.000 0.000 0.000 0.000 0.000 0.000 0.000 0.000 0.000 0.000 0.000 0.000 0.000 0.000 0.000 0.000 0.000 0.000 0.000 0.000 0.000 0.000 0.000 0.000 0.000 0.000 0.000 0.000 0.000 0.000 0.000 0.000 0.000 0.000 0.000 0.000 0.000 0.000 0.000 0.000 0.000 0.000 0.000 0.000 0.000 0.000 0.000 0.000 0.000 0.000 0.000 0.000 0.000 0.000 0.000 0.000 0.000 0.000 0.000 0.000 0.000 0.000 0.000 0.000 0.000 0.000 0.000 0.000 0.000 0.000 0.000 0.000 0.000 0.000 0.000 0.000 0.000 0.000 0.000 0.000 0.000 0.000 0.000 0.000 0.000 0.000 0.000 0.000 0.000 0.000 0.000 0.000 0.000 0.000 0.000 0.000 0.000 0.000 0.000 0.000 0.000 0.000 0.000 0.000 0.000 0.000 0.000 0.000 0.000 0.000 0.000 0.000 0.000 0.000 0.000 0.000 0.000 0.000 0.000 0.000 0.000 0.000 0.000 0.000 0.000 0.000 0.000 0.000 0.000 0.000 0.000 0.000 0.000 0.000 0.000 0.000 0.000 0.000 0.000 0.000 0.000 0.000 0.000 0.000 0.000 0.000 0.000 0.000 0.000 0.000 0.000 0.000 0.000 0.000 0.000 0.000 0.000 0.000 0.000 0.000 0.000 0.000 0.000 0.000 0.000 0.000 0.000 0.000 0.000 0.000 0.000 0.000 0.000 0.000 0.000 0.000 0.000 0.000 0.000 0.000 0.000 0.000 0.000 0.000 0.000 0.000 0.000 0.000 0.000 0.000 0.000 0.000 0.000 0.000 0.000 0.000 0.000 0.000 0.000 0.000 0.000 0.000 0.000 0.000 0.000 0.000 0.000 0.000 0.000 0.000 0.000 0.000 0.000 0.000 0.000 0.000 0.000 0.000 0.000 0.000 0.000 0.000 0.000 0.000 0.000 0.000 0.000 0.000 0.000 0.000 0.000 0.000 0.000 0.000 0.000 0.000 0.000 0.000 0.000 0.000 0.000 0.000 0.000 0.000 0.000 0.000 0.000 0.000 0.000 0.000 0.000 0.000 0.000 0.000 0.000 0.000 0.000 0.000 0.000 0.000 0.000 0.000 0.000 0.000 0.000 0.000 0.000 0.000 0.000 0.000 0.000 0.000 0.000 0.000 0.000 0.000 0.000 0.000 0.000 0.000 0.000 0.000 0.000 0.000 0.000 0.000 0.000 0.000 0.000 0.000 0.000 0.000 0.000 0.000 0.000 0.000 0.000 0.000 0.000 0.000 0.000 0.000 0.000 0.000 0.000 0.000 0.000 0.000 0.000 0.000 0.000 0.000 0.000 0.000 0.000 0.000 0.000 0.000 0.000 0.000 0.000 0.000 0.000 0.000 0.000 0.000 0.000 0.000 0.000 0.000 0.000 0.000 0.000 0.000 0.000 0.000 0.000 0.000 0.000 0.000 0.000 0.000 0.000 0.000 0.000 0.000 0.000 0.000 0.000 0.000 0.000 0.000 0.000 0.000 0.000 0.000 0.000 0.000 0.000 0.000 0.000 0.000 0.000 0.000 0.000 0.000 0.000 0.000 0.000 0.000 0.000 0.000 0.000 0.000 0.000 0.000 0.000 0.000 0.000 0.000 0.000 0.000 0.000 0.000 0.000 0.000 0.000 0.000 0.000 0.000 0.000 0.000 0.000 0.000 0.000 0.000 0.000 0.000 0.000 0.000 0.000 0.000 0.000 0.000 0.000 0.000 0.000 0.000 0.000 0.000 0.000 0.000 0.000 0.000 0.000 0.000 0.000 0.000 0.000 0.000 0.000 0.000 0.000 0.000 0.000 0.000 0.000 0.000 0.000 0.000 0.000 0.000 0.000 0.000 0.000 0.000 0.000 0.000 0.000 0.000 0.000 0.000 0.000 0.000 0.000 0.000 0.000 0.000 0.000 0.000 0.000 0.000 0.000 0.000 0.000 0.000 0.000 0.000 0.000 0.000 0.000 0.000 0.000 0.000 0.000 0.000 0.000 0.000 0.000 0.000 0.000 0.000 0.000 0.000 0.000 0.000 0.000 0.000 0.000 0.000 0.000 0.000 0.000 0.000 0.000 0.000 0.000 0.000 0.000 0.000 0.000 0.000 0.000 0.000 0.000 0.000 0.000 0.000 0.000 0.000 0.000 0.000 0.000 0.000 0.000 0.000 0.000 0.000 0.000 0.000 0.000 0.000 0.000 0.000 0.000 0.000 0.000 0.000 0.000 0.000 0.000 0.000 0.000 0.000 0.000 0.000 0.000 0.000 0.000 0.000 0.000 0.000 0.000 0.000 0.000 0.000 0.000 0.000 0.000 0.000 0.000 0.000 0.000 0.000 0.000 0.000 0.000 0.000 0.000 0.000 0.000 0.000 0.000 0.000 0.000 0.000 0.000 0.000 0.000 0.000 0.000 0.000 0.000 0.000 0.000 0.000 0.000 0.000 0.000 0.000 0.000 0.000 0.000 0.000 0.000 0.000 0.000 0.000 0.000 0.000 0.000 0.000 0.000 0.000 0.000 0.000 0.000 0.000 0.000 0.000 0.000 0.000 0.000 0.000 0.000 0.000 0.000 0.000 0.000 0.000 0.000 0.000 0.000 0.000 0.000 0.000 0.000 0.000 0.000 0.000 0.000 0.000 0.000 0.000 0.000 0.000 0.000 0.000 0.000 0.000 0.000 0.000 0.000 0.000 0.000 0.000 0.000 0.000 0.000 0.000 0.000 0.000 0.000 0.000 0.000 0.000 0.000 0.000 0.000 0.000 0.000 0.000 0.000 0.000 0.000 0.000 0.000 0.000 0.000 0.000 0.000 0.000 0.000 0.000 0.000 0.000 0.000 0.000 0.000 0.000 0.000 0.000 0.000 0.000 0.000 0.000 0.000 0.000 0.000 0.000 0.000 0.000 0.000 0.000 0.000 0.000 0.000 0.000 0.000 0.000 0.000 0.000 0.000 0.000 0.000 0.000 0.000 0.000 0.000 0.000 0.000 0.000 0.000 0.000 0.000 0.000 0.000 0.000 0.000 0.000 0.000 0.000 0.000 0.000 0.000 0.000 0.000 0.000 0.000 0.000 0.000 0.000 0.000 0.000 0.000 0.000 0.000 0.000 0.000 0.000 0.000 0.000 0.000 0.000 0.000 0.000 0.000 0.000 0.000 0.000 0.000 0.000 0.000 0.000 0.000 0.000 0.000 0.000 0.000 0.000 0.000 0.000 0.000 0.000 0.000 0.000 0.000 0.000 0.000 0.000 0.000 0.000 0.000 0.000 0.000 0.000 0.000 0.000 0.000 0.000 0.000 0.000 0.000 0.000 0.000 0.000 0.000 0.000 0.000 0.000 0.000 0.000 0.000 0.000 0.000 0.000 0.000 0.000 0.000 0.000 0.000 0.000 0.000 0.000 0.000 0.000 0.000 0.000 0.000 0.000 0.000 0.000 0.000 0.000 0.000 0.000 0.000 0.000 0.000 0.000 0.000 0.000 0.000 0.000 0.000 0.000 0.000 0.000 0.000 0.000 0.000 0.000 0.000 0.000 0.000 0.000 0.000 0.000 0.000 0.000 0.000 0.000 0.000 0.000 0.000 0.000 0.000 0.000 0.000 0.000 0.000 0.000 0.000 0.000 0.000 0.000 0.000 0.000 0.000 0.000 0.000 0.000 0.000 0.000 0.000 0.000 0.000 0.000 0.000 0.000 0.000 0.000 0.000 0.000 0.000 0.000 0.000 0.000 0.000 0.000 0.000 0.000 0.000 0.000 0.000 0.000 0.000 0.000 0.000 0.000 0.000 0.000 0.000 0.000 0.000 0.000 0.000 0.000 0.000 0.000 0.000 0.000 0.000 0.000 0.000 0.000 0.000 0.000 0.000 0.000 0.000 0.000 0.000 0.000 0.000 0.000 0.000 0.000 0.000 0.000 0.000 0.000 0.000 0.000 0.000 0.000 0.000 0.000 0.000 0.000 0.000 0.000 0.000 0.000 0.000 0.000 0.000 0.000 0.000 0.000 0.000 0.000 0.000 0.000 0.000 0.000 0.000 0.000 0.000 0.000 0.000 0.000 0.000 0.000 0.000 0.000 0.000 0.000 0.000 0.000 0.000 0.000 0.000 0.000 0.000 0.000 0.000 0.000 0.000 0.000 0.000 0.000 0.000 0.000 0.000 0.000 0.000 0.000 0.000 0.000 0.000 0.000 0.000 0.000 0.000 0.000 0.000 0.000 0.000 0.000 0.000 0.000 0.000 0.000 0.000 0.000 0.000 0.000 0.000 0.000 0.000 0.000 0.000 0.000 0.000 0.000 0.000 0.000 0.000 0.000 0.000 0.000 0.000 0.000 0.000 0.000 0.000 0.000 0.000 0.000 0.000 0.000 0.000 0.000 0.000 0.000 0.000 0.000 0.000 0.000 0.000 0.000 0.000 0.000 0.000 0.000 0.000 0.000 0.000 0.000 0.000 0.000 0.000 0.000 0.000 0.000 0.000 0.000 0.000 0.000 0.000 0.000 0.000 0.000 0.000 0.000 0.000 0.000 0.000 0.000 0.000 0.000 0.000 0.000 0.000 0.000 0.000 0.000 0.000 0.000 0.000 0.000 0.000 0.000 0.000 0.000 0.000 0.000 0.000 0.000 0.000 0.000 0.000 0.000 0.000 0.000 0.000 0.000 0.000 0.000 0.000 0.000 0.000 0.000 0.000 0.000 0.000 0.000 0.000 0.000 0.000 0.000 0.000 0.000 0.000 0.000 0.000 0.000 0.000 0.000 0.000 0.000 0.000 0.000 0.000 0.000 0.000 0.000 0.000 0.000 0.000 0.000 0.000 0.000 0.000 0.000 0.000 0.000 0.000 0.000 0.000 0.000 0.000 0.000 0.000 0.000 0.000 0.000 0.000 0.000 0.000 0.000 0.000 0.000 0.000 0.000 0.000 0.000 0.000 0.000 0.000 0.000 0.000 0.000 0.000 0.000 0.000 0.000 0.000 0.000 0.000 0.000 0.000 0.000 0.000 0.000 0.000 0.000 0.000 0.000 0.000 0.000 0.000 0.000 0.000 0.000 0.000 0.000 0.000 0.000 0.000 0.000 0.000 0.000 0.000 0.000 0.000 0.000 0.000 0.000 0.000 0.000 0.000 0.000 0.000 0.000 0.000 0.000 0.000 0.000 0.000 0.000 0.000 0.000 0.000 0.000 0.000 0.000 0.000 0.000 0.000 0.000 0.000 0.000 0.000 0.000 0.000 0.000 0.000 0.000 0.000 0.000 0.000 0.000 0.000 0.000 0.000 0.000 0.000 0.000 0.000 0.000 0.000 0.000 0.000 0.000 0.000 0.000 0.000 0.000 0.000 0.000 0.000 0.000 0.000 0.000 0.000 0.000 0.000 0.000 0.000 0.000 0.000 0.000 0.000 0.000 0.000 0.000 0.000 0.000 0.000 0.000 0.000 0.000 0.000 0.000 0.000 0.000 0.000 0.000 0.000 0.000 0.000 0.000 0.000 0.000 0.000 0.000 0.000 0.000 0.000 0.000 0.000 0.000 0.000 0.000 0.000 0.000 0.000 0.000 0.000 0.000 0.000 0.000 0.000 0.000 0.000 0.000 0.000 0.000 0.000 0.000 0.000 0.000 0.000 0.000 0.000 0.000 0.000 0.000 0.000 0.000 0.000 0.000 0.000 0.000 0.000 0.000 0.000 0.000 0.000 0.000 0.000 0.000 0.000 0.000 0.000 0.000 0.000 0.000 0.000 0.000 0.000 0.000 0.000 0.000 0.000 0.000 0.000 0.000 0.000 0.000 0.000 0.000 0.000 0.000 0.000 0.000 0.000 0.000 0.000 0.000 0.000 0.000 0.000 0.000 0.000 0.000 0.000 0.000 0.000 0.000 0.000 0.000 0.000 0.000 0.000 0.000 0.000 0.000 0.000 0.000 0.000 0.000 0.000 0.000 0.000 0.000 0.000 0.000 0.000 0.000 0.000 0.000 0.000 0.000 0.000 0.000 0.000 0.000 0.000 0.000 0.000 0.000 0.000 0.000 0.000 0.000 0.000 0.000 0.000 0.000 0.000 0.000 0.000 0.000 0.000 0.000 0.000 0.000 0.000 0.000 0.000 0.000 0.000 0.000 0.000 0.000 0.000 0.000 0.000 0.000 0.000 0.000 0.000 0.000 0.000 0.000 0.000 0.000 0.000 0.000 0.000 0.000 0.000 0.000 0.000 0.000 0.000 0.000 0.000 0.000 0.000 0.000 0.000 0.000 0.000 0.000 0.000 0.000 0.000 0.000 0.000 0.000 0.000 0.000 0.000 0.000 0.000 0.000 0.000 0.000 0.000 0.000 0.000 0.000 0.000 0.000 0.000 0.000 0.000 0.000 0.000 0.000 0.000 0.000 0.000 0.000 0.000 0.000 0.000 0.000 0.000 0.000 0.000 0.000 0.000 0.000 0.000 0.000 0.000 0.000 0.000 0.000 0.000 0.000 0.000 0.000 0.000 0.000 0.000 0.000 0.000 0.000 0.000 0.000 0.000 0.000 0.000 0.000 0.000 0.000 0.000 0.000 0.000 0.000 0.000 0.000 0.000 0.000 0.000 0.000 0.000 0.000 0.000 0.000 0.000 0.000 0.000 0.000 0.000 0.000 0.000 0.000 0.000 0.000 0.000 0.000 0.000 0.000 0.000 0.000 0.000 0.000 0.000 0.000 0.000 0.000 0.000 0.000 0.000 0.000 0.000 0.000 0.000 0.000 0.000 0.000 0.000 0.000 0.000 0.000 0.000 0.000 0.000 0.000 0.000 0.000 0.000 0.000 0.000 0.000 0.000 0.000 0.000 0.000 0.000 0.000 0.000 0.000 0.000 0.000 0.000 0.000 0.000 0.000 0.000 0.000 0.000 0.000 0.000 0.000 0.000 0.000 0.000 0.000 0.000 0.000 0.000 0.000 0.000 0.000 0.000 0.000 0.000 0.000 0.000 0.000 0.000 0.000 0.000 0.000 0.000 0.000 0.000 0.000 0.000 0.000 0.000 0.000 0.000 0.000 0.000 0.000 0.000 0.000 0.000 0.000 0.000 0.000 0.000 0.000 0.000 0.000 0.000 0.000 0.000 0.000 0.000 0.000 0.000 0.000 0.000 0.000 0.000 0.000 0.000 0.000 0.000 0.000 0.000 0.000 0.000 0.000 0.000 0.000 0.000 0.000 0.000 0.000 0.000 0.000 0.000 0.000 0.000 0.000 0.000 0.000 0.000 0.000 0.000 0.000 0.000 0.000 0.000 0.000 0.000 0.000 0.000 0.000 0.000 0.000 0.000 0.000 0.000 0.000 0.000 0.000 0.000 0.000 0.000 0.000 0.000 0.000 0.000 0.000 0.000 0.000 0.000 0.000 0.000 0.000 0.000 0.000 0.000 0.000 0.000 0.000 0.000 0.000 0.000 0.000 0.000 0.000 0.000 0.000 0.000 0.000 0.000 0.000 0.000 0.000 0.000 0.000 0.000 0.000 0.000 0.000 0.000 0.000 0.000 0.000 0.000 0.000 0.000 0.000 0.000 0.000 0.000 0.000 0.000 0.000 0.000 0.000 0.000 0.000 0.000 0.000 0.000 0.000 0.000 0.000 0.000 0.000 0.000 0.000 0.000 0.000 0.000 0.000 0.000 0.000 0.000 0.000 0.000 0.000 0.000 0.000 0.000 0.000 0.000 0.000 0.000 0.000 0.000 0.000 0.000 0.000 0.000 0.000 0.000 0.000 0.000 0.000 0.000 0.000 0.000 0.000 0.000 0.000 0.000 0.000 0.000 0.000 0.000 0.000 0.000 0.000 0.000 0.000 0.000 0.000 0.000 0.000 0.000 0.000 0.000 0.000 0.000 0.000 0.000 0.000 0.000 0.000 0.000 0.000 0.000 0.000 0.000 0.000 0.000 0.000 0.000 0.000 0.000 0.000 0.000 0.000 0.000 0.000 0.000 0.000 0.000 0.000 0.000 0.000 0.000 0.000 0.000 0.000 0.000 0.000 0.000 0.000 0.000 0.000 0.000 0.000 0.000 0.000 0.000 0.000 0.000 0.000 0.000 0.000 0.000 0.000 0.000 0.000 0.000 0.000 0.000 0.000 0.000 0.000 0.000 0.000 0.000 0.000 0.000 0.000 0.000 0.000 0.000 0.000 0.000 0.000 0.000 0.000 0.000 0.000 0.000 0.000 0.000 0.000 0.000 0.000 0.000 0.000 0.000 0.000 0.000 0.000 0.000 0.000 0.000 0.000 0.000 0.000 0.000 0.000 0.000 0.000 0.000 0.000 0.000 0.000 0.000 0.000 0.000 0.000 0.000 0.000 0.000 0.000 0.000 0.000 0.000 0.000 0.000 0.000 0.000 0.000 0.000 0.000 0.000 0.000 0.000 0.000 0.000 0.000 0.000 0.000 0.000 0.000 0.000 0.000 0.000 0.000 0.000 0.000 0.000 0.000 0.000 0.000 0.000 0.000 0.000 0.000 0.000 0.000 0.000 0.000 0.000 0.000 0.000 0.000 0.000 0.000 0.000 0.000 0.000 0.000 0.000 0.000 0.000 0.000 0.000 0.000 0.000 0.000 0.000 0.000 0.000 0.000 0.000 0.000 0.000 0.000 0.000 0.000 0.000 0.000 0.000 0.000 0.000 0.000 0.000 0.000 0.000 0.000 0.000 0.000 0.000 0.000 0.000 0.000 0.000 0.000 0.000 0.000 0.000 0.000 0.000 0.000 0.000 0.000 0.000 0.000 0.000 0.000 0.000 0.000 0.000 0.000 0.000 0.000 0.000 0.000 0.000 0.000 0.000 0.000 0.000 0.000 0.000 0.000 0.000 0.000 0.000 0.000 0.000 0.000 0.000 0.000 0.000 0.000 0.000 0.000 0.000 0.000 0.000 0.000 0.000 0.000 0.000 0.000 0.000 0.000 0.000 0.000 0.000 0.000 0.000 0.000 0.000 0.000 0.000 0.000 0.000 0.000 0.000 0.000 0.000 0.000 0.000 0.000 0.000 0.000 0.000 0.000 0.000 0.000 0.000 0.000 0.000 0.000 0.000 0.000 0.000 0.000 0.000 0.000 0.000 0.000 0.000 0.000 0.000 0.000 0.000 0.000 0.000 0.000 0.000 0.000 0.000 0.000 0.000 0.000 0.000 0.000 0.000 0.000 0.000 0.000 0.000 0.000 0.000 0.000 0.000 0.000 0.000 0.000 0.000 0.000 0.000 0.000 0.000 0.000 0.000 0.000 0.000 0.000 0.000 0.000 0.000 0.000 0.000 0.000 0.000 0.000 0.000 0.000 0.000 0.000 0.000 0.000 0.000 0.000 0.000 0.000 0.000 0.000 0.000 0.000 0.000 0.000 0.000 0.000 0.000 0.000 0.000 0.000 0.000 0.000 0.000 0.000 0.000 0.000 0.000 0.000 0.000 0.000 0.000 0.000 0.000 0.000 0.000 0.000 0.000 0.000 0.000 0.000 0.000 0.000 0.000 0.000 0.000 0.000 0.000 0.000 0.000 0.000 0.000 0.000 0.000 0.000 0.000 0.000 0.000 0.000 0.000 0.000 0.000 0.000 0.000 0.000 0.000 0.000 0.000 0.000 0.000 0.000 0.000 0.000 0.000 0.000 0.000 0.000 0.000 0.000 0.000 0.000 0.000 0.000 0.000 0.000 0.000 0.000 0.000 0.000 0.000 0.000 0.000 0.000 0.000 0.000 0.000 0.000 0.000 0.000 0.000 0.000 0.000 0.000 0.000 0.000 0.000 0.000 0.000 0.000 0.000 0.000 0.000 0.000 0.000 0.000 0.000 0.000 0.000 0.000 0.000 0.000 0.000 0.000 0.000 0.000 0.000 0.000 0.000 0.000 0.000 0.000 0.000 0.000 0.000 0.000 0.000 0.000 0.000 0.000 0.000 0.000 0.000 0.000 0.000 0.000 0.000 0.000 0.000 0.000 0.000 0.000 0.000 0.000 0.000 0.000 0.000 0.000 0.000 0.000 0.000 0.000 0.000 0.000 0.000 0.000 0.000 0.000 0.000 0.000 0.000 0.000 0.000 0.000 0.000 0.000 0.000 0.000 0.000 0.000 0.000 0.000 0.000 0.000 0.000 0.000 0.000 0.000 0.000 0.000 0.000 0.000 0.000 0.000 0.000 0.000 0.000 0.000 0.000 0.000 0.000 0.000 0.000 0.000 0.000 0.000 0.000 0.000 0.000 0.000 0.000 0.000 0.000 0.000 0.000 0.000 0.000 0.000 0.000 0.000 0.000 0.000 0.000 0.000 0.000 0.000 0.000 0.000 0.000 0.000 0.000 0.000 0.000 0.000 0.000 0.000 0.000 0.000 0.000 0.000 0.000 0.000 0.000 0.000 0.000 0.000 0.000 0.000 0.000 0.000 0.000 0.000 0.000 0.000 0.000 0.000 0.000 0.000 0.000 0.000 0.000 0.000 0.000 0.000 0.000 0.000 0.000 0.000 0.000 0.000 0.000 0.000 0.000 0.000 0.000 0.000 0.000 0.000 0.000 0.000 0.000 0.000 0.000 0.000 0.000 0.000 0.000 0.000 0.000 0.000 0.000 0.000 0.000 0.000 0.000 0.000 0.000 0.000 0.000 0.000 0.000 0.000 0.000 0.000 0.000 0.000 0.000 0.000 0.000 0.000 0.000 0.000 0.000 0.000 0.000 0.000 0.000 0.000 0.000 0.000 0.000 0.000 0.000 0.000 0.000 0.000 0.000 0.000 0.000 0.000 0.000 0.000 0.000 0.000 0.000 0.000 0.000 0.000 0.000 0.000 0.000 0.000 0.000 0.000 0.000 0.000 0.000 0.000 0.000 0.000 0.000 0.000 0.000 0.000 0.000 0.000 0.000 0.000 0.000 0.000 0.000 0.000 0.000 0.000 0.000 0.000 0.000 0.000 0.000 0.000 0.000 0.000 0.000 0.000 0.000 0.000 0.000 0.000 0.000 0.000 0.000 0.000 0.000 0.000 0.000 0.000 0.000 0.000 0.000 0.000 0.000 0.000 0.000 0.000 0.000 0.000 0.000 0.000 0.000 0.000 0.000 0.000 0.000 0.000 0.000 0.000 0.000 0.000 0.000 0.000 0.000 0.000 0.000 0.000 0.000 0.000 0.000 0.000 0.000 0.000 0.000 0.000 0.000 0.000 0.000 0.000 0.000 0.000 0.000 0.000 0.000 0.000 0.000 0.000 0.000 0.000 0.000 0.000 0.000 0.000 0.000 0.000 0.000 0.000 0.000 0.000 0.000 0.000 0.000 0.000 0.000 0.000 0.000 0.000 0.000 0.000 0.000 0.000 0.000 0.000 0.000 0.000 0.000 0.000 0.000 0.000 0.000 0.000 0.000 0.000 0.000 0.000 0.000 0.000 0.000 0.000 0.000 0.000 0.000 0.000 0.000 0.000 0.000 0.000 0.000 0.000 0.000 0.000 0.000 0.000 0.000 0.000 0.000 0.000 0.000 0.000 0.000 0.000 0.000 0.000 0.000 0.000 0.000 0.000 0.000 0.000 0.000 0.000 0.000 0.000 0.000 0.000 0.000 0.000 0.000 0.000 0.000 0.000 0.000 0.000 0.000 0.000 0.000 0.000 0.000 0.000 0.000 0.000 0.000 0.000 0.000 0.000 0.000 0.000 0.000 0.000 0.000 0.000 0.000 0.000 0.000 0.000 0.000 0.000 0.000 0.000 0.000 0.000 0.000 0.000 0.000 0.000 0.000 0.000 0.000 0.000 0.000 0.000 0.000 0.000 0.000 0.000 0.000 0.000 0.000 0.000 0.000 0.000 0.000 0.000 0.000 0.000 0.000 0.000 0.000 0.000 0.000 0.000 0.000 0.000 0.000 0.000 0.000 0.000 0.000 0.000 0.000 0.000 0.000 0.000 0.000 0.000 0.000 0.000 0.000 0.000 0.000 0.000 0.000 0.000 0.000 0.000 0.000 0.000 0.000 0.000 0.000 0.000 0.000 0.000 0.000 0.000 0.000 0.000 0.000 0.000 0.000 0.000 0.000 0.000 0.000 0.000 0.000 0.000 0.000 0.000 0.000 0.000 0.000 0.000 0.000 0.000 0.000 0.000 0.000 0.000 0.000 0.000 0.000 0.000 0.000 0.000 0.000 0.000 0.000 0.000 0.000 0.000 0.000 0.000 0.000 0.000 0.000 0.000 0.000 0.000 0.000 0.000 0.000 0.000 0.000 0.000 0.000 0.000 0.000 0.000 0.000 0.000 0.000 0.000 0.000 0.000 0.000 0.000 0.000 0.000 0.000 0.000 0.000 0.000 0.000 0.000 0.000 0.000 0.000 0.000 0.000 0.000 0.000 0.000 0.000 0.000 0.000 0.000 0.000 0.000 0.000 0.000 0.000 0.000 0.000 0.000 0.000 0.000 0.000 0.000 0.000 0.000 0.000 0.000 0.000 0.000 0.000 0.000 0.000 0.000 0.000 0.000 0.000 0.000 0.000 0.000 0.000 0.000 0.000 0.000 0.000 0.000 0.000 0.000 0.000 0.000 0.000 0.000 0.000 0.000 0.000 0.000 0.000 0.000 0.000 0.000 0.000 0.000 0.000 0.000 0.000 0.000 0.000 0.000 0.000 0.000 0.000 0.000 0.000 0.000 0.000 0.000 0.000 0.000 0.000 0.000 0.000 0.000 0.000 0.000 0.000 0.000 0.000 0.000 0.000 0.000 0.000 0.000 0.000 0.000 0.000 0.000 0.000 0.000 0.000 0.000 0.000 0.000 0.000 0.000 0.000 0.000 0.000 0.000 0.000 0.000 0.000 0.000 0.000 0.000 0.000 0.000 0.000 0.000 0.000 0.000 0.000 0.000 0.000 0.000 0.000 0.000 0.000 0.000 0.000 0.000 0.000 0.000 0.000 0.000 0.000 0.000 0.000 0.000 0.000 0.000 0.000 0.000 0.000 0.000 0.000 0.000 0.000 0.000 0.000 0.000 0.000 0.000 0.000 0.000 0.000 0.000 0.000 0.000 0.000 0.000 0.000 0.000 0.000 0.000 0.000 0.000 0.000 0.000 0.000 0.000 0.000 0.000 0.000 0.000 0.000 0.000 0.000 0.000 0.000 0.000 0.000 0.000 0.000 0.000 0.000 0.000 0.000 0.000 0.000 0.000 0.000 0.000 0.000 0.000 0.000 0.000 0.000 0.000 0.000 0.000 0.000 0.000 0.000 0.000 0.000 0.000 0.000 0.000 0.000 0.000 0.000 0.000 0.000 0.000 0.000 0.000 0.000 0.000 0.000 0.000 0.000 0.000 0.000 0.000 0.000 0.000 0.000 0.000 0.000 0.000 0.000 0.000 0.000 0.000 0.000 0.000 0.000 0.000 0.000 0.000 0.000 0.000 0.000 0.000 0.000 0.000 0.000 0.000 0.000 0.000 0.000 0.000 0.000 0.000 0.000 0.000 0.000 0.000 0.000 0.000 0.000 0.000 0.000 0.000 0.000 0.000 0.000 0.000 0.000 0.000 0.000 0.000 0.000 0.000 0.000 0.000 0.000 0.000 0.000 0.000 0.000 0.000 0.000 0.000 0.000 0.000 0.000 0.000 0.000 0.000 0.000 0.000 0.000 0.000 0.000 0.000 0.000 0.000 0.000 0.000 0.000 0.000 0.000 0.000 0.000 0.000 0.000 0.000 0.000 0.000 0.000 0.000 0.000 0.000 0.000 0.000 0.000 0.000 0.000 0.000 0.000 0.000 0.000 0.000 0.000 0.000 0.000 0.000 0.000 0.000 0.000 0.000 0.000 0.000 0.000 0.000 0.000 0.000 0.000 0.000 0.000 0.000 0.000 0.000 0.000 0.000 0.000 0.000 0.000 0.000 0.000 0.000 0.000 0.000 0.000 0.000 0.000 0.000 0.000 0.000 0.000 0.000 0.000 0.000 0.000 0.000 0.000 0.000 0.000 0.000 0.000 0.000 0.000 0.000 0.000 0.000 0.000 0.000 0.000 0.000 0.000 0.000 0.000 0.000 0.000 0.000 0.000 0.000 0.000 0.000 0.000 0.000 0.000 0.000 0.000 0.000 0.000 0.000 0.000 0.000 0.000 0.000 0.000 0.000 0.000 0.000 0.000 0.000 0.000 0.000 0.000 0.000 0.000 0.000 0.000 0.000 0.000 0.000 0.000 0.000 0.000 0.000 0.000 0.000 0.000 0.000 0.000 0.000 0.000 0.000 0.000 0.000 0.000 0.000 0.000 0.000 0.000 0.000 0.000 0.000 0.000 0.000 0.000 0.000 0.000 0.000 0.000 0.000 0.000 0.000 0.000 0.000 0.000 0.000 0.000 0.000 0.000 0.000 0.000 0.000 0.000 0.000 0.000 0.000 0.000 0.000 0.000 0.000 0.000 0.000 0.000 0.000 0.000 0.000 0.000 0.000 0.000 0.000 0.000 0.000 0.000 0.000 0.000 0.000 0.000 0.000 0.000 0.000 0.000 0.000 0.000 0.000 0.000 0.000 0.000 0.000 0.000 0.000 0.000 0.000 0.000 0.000 0.000 0.000 0.000 0.000 0.000 0.000 0.000 0.000 0.000 0.000 0.000 0.000 0.000 0.000 0.000 0.000 0.000 0.000 0.000 0.000 0.000 0.000 0.000 0.000 0.000 0.000 0.000 0.000 0.000 0.000 0.000 0.000 0.000 0.000 0.000 0.000 0.000 0.000 0.000 0.000 0.000 0.000 0.000 0.000 0.000 0.000 0.000 0.000 0.000 0.000 0.000 0.000 0.000 0.000 0.000 0.000 0.000 0.000 0.000 0.000 0.000 0.000 0.000 0.000 0.000 0.000 0.000 0.000 0.000 0.000 0.000 0.000 0.000 0.000 0.000 0.000 0.000 0.000 0.000 0.000 0.000 0.000 0.000 0.000 0.000 0.000 0.000 0.000 0.000 0.000 0.000 0.000 0.000 0.000 0.000 0.000 0.000 0.000 0.000 0.000 0.000 0.000 0.000 0.000 0.000 0.000 0.000 0.000 0.000 0.000 0.000 0.000 0.000 0.000 0.000 0.000 0.000 0.000 0.000 0.000 0.000 0.000 0.000 0.000 0.000 0.000 0.000 0.000 0.000 0.000 0.000 0.000 0.000 0.000 0.000 0.000 0.000 0.000 0.000 0.000 0.000 0.000 0.000 0.000 0.000 0.000 0.000 0.000 0.000 0.000 0.000 0.000 0.000 0.000 0.000 0.000 0.000 0.000 0.000 0.000 0.000 0.000 0.000 0.000 0.000 0.000 0.000 0.000 0.000 0.000 0.000 0.000 0.000 0.000 0.000 0.000 0.000 0.000 0.000 0.000 0.000 0.000 0.000 0.000 0.000 0.000 0.000 0.000 0.000 0.000 0.000 0.000 0.000 0.000 0.000 0.000 0.000 0.000 0.000 0.000 0.000 0.000 0.000 0.000 0.000 0.000 0.000 0.000 0.000 0.000 0.000 0.000 0.000 0.000 0.000 0.000 0.000 0.000 0.000 0.000 0.000 0.000 0.000 0.000 0.000 0.000 0.000 0.000 0.000 0.000 0.000 0.000 0.000 0.000 0.000 0.000 0.000 0.000 0.000 0.000 0.000 0.000 0.000 0.000 0.000 0.000 0.000 0.000 0.000 0.000 0.000 0.000 0.000 0.000 0.000 0.000 0.000 0.000 0.000 0.000 0.000 0.000 0.000 0.000 0.000 0.000 0.000 0.000 0.000 0.000 0.000 0.000 0.000 0.000 0.000 0.000 0.000 0.000 0.000 0.000 0.000 0.000 0.000 0.000 0.000 0.000 0.000 0.000 0.000 0.000 0.000 0.000 0.000 0.000 0.000 0.000 0.000 0.000 0.000 0.000 0.000 0.000 0.000 0.000 0.000 0.000 0.000 0.000 0.000 0.000 0.000 0.000 0.000 0.000 0.000 0.000 0.000 0.000 0.000 0.000 0.000 0.000 0.000 0.000 0.000 0.000 0.000 0.000 0.000 0.000 0.000 0.000 0.000 0.000 0.000 0.000 0.000 0.000 0.000 0.000 0.000 0.000 0.000 0.000 0.000 0.000 0.000 0.000 0.000 0.000 0.000 0.000 0.000 0.000 0.000 0.000 0.000 0.000 0.000 0.000 0.000 0.000 0.000 0.000 0.000 0.000 0.000 0.000 0.000 0.000 0.000 0.000 0.000 0.000 0.000 0.000 0.000 0.000 0.000 0.000 0.000 0.000 0.000 0.000 0.000 0.000 0.000 0.000 0.000 0.000 0.000 0.000 0.000 0.000 0.000 0.000 0.000 0.000 0.000 0.000 0.000 0.000 0.000 0.000 0.000 0.000 0.000 0.000 0.000 0.000 0.000 0.000 0.000 0.000 0.000 0.000 0.000 0.000 0.000 0.000 0.000 0.000 0.000 0.000 0.000 0.000 0.000 0.000 0.000 0.000 0.000 0.000 0.000 0.000 0.000 0.000 0.000 0.000 0.000 0.000 0.000 0.000 0.000 0.000 0.000 0.000 0.000 0.000 0.000 0.000 0.000 0.000 0.000 0.000 0.000 0.000 0.000 0.000 0.000 0.000 0.000 0.000 0.000 0.000 0.000 0.000 0.000 0.000 0.000 0.000 0.000 0.000 0.000 0.000 0.000 0.000 0.000 0.000 0.000 0.000 0.000 0.000 0.000 0.000 0.000 0.000 0.000 0.000 0.000 0.000 0.000 0.000 0.000 0.000 0.000 0.000 0.000 0.000 0.000 0.000 0.000 0.000 0.000 0.000 0.000 0.000 0.000 0.000 0.000 0.000 0.000 0.000 0.000 0.000 0.000 0.000 0.000 0.000 0.000 0.000 0.000 0.000 0.000 0.000 0.000 0.000 0.000 0.000 0.000 0.000 0.000 0.000 0.000 0.000 0.000 0.000 0.000 0.000 0.000 0.000 0.000 0.000 0.000 0.000 0.000 0.000 0.000 0.000 0.000 0.000 0.000 0.000 0.000 0.000 0.000 0.000 0.000 0.000 0.000 0.000 0.000 0.000 0.000 0.000 0.000 0.000 0.000 0.000 0.000 0.000 0.000 0.000 0.000 0.000 0.000 0.000 0.000 0.000 0.000 0.000 0.000 0.000 0.000 0.000 0.000 0.000 0.000 0.000 0.000 0.000 0.000 0.000 0.000 0.000 0.000 0.000 0.000 0.000 0.000 0.000 0.000 0.000 0.000 0.000 0.000 0.000 0.000 0.000 0.000 0.000 0.000 0.000 0.000 0.000 0.000 0.000 0.000 0.000 0.000 0.000 0.000 0.000 0.000 0.000 0.000 0.000 0.000 0.000 0.000 0.000 0.000 0.000 0.000 0.000 0.000 0.000 0.000 0.000 0.000 0.000 0.000 0.000 0.000 0.000 0.000 0.000 0.000 0.000 0.000 0.000 0.000 0.000 0.000 0.000 0.000 0.000 0.000 0.000 0.000 0.000 0.000 0.000 0.000 0.000 0.000 0.000 0.000 0.000 0.000 0.000 0.000 0.000 0.000 0.000 0.000 0.000 0.000 0.000 0.000 0.000 0.000 0.000 0.000 0.000 0.000 0.000 0.000 0.000 0.000 0.000 0.000 0.000 0.000 0.000 0.000 0.000 0.000 0.000 0.000 0.000 0.000 0.000 0.000 0.000 0.000 0.000 0.000 0.000 0.000 0.000 0.000 0.000 0.000 0.000 0.000 0.000 0.000 0.000 0.000 0.000 0.000 0.000 0.000 0.000 0.000 0.000 0.000 0.000 0.000 0.000 0.000 0.000 0.000 0.000 0.000 0.000 0.000 0.000 0.000 0.000 0.000 0.000 0.000 0.000 0.000 0.000 0.000 0.000 0.000 0.000 0.000 0.000 0.000 0.000 0.000 0.000 0.000 0.000 0.000 0.000 0.000 0.000 0.000 0.000 0.000 0.000 0.000 0.000 0.000 0.000 0.000 0.000 0.000 0.000 0.000 0.000 0.000 0.000 0.000 0.000 0.000 0.000 0.000 0.000 0.000 0.000 0.000 0.000 0.000 0.000 0.000 0.000 0.000 0.000 0.000 0.000 0.000 0.000 0.000 0.000 0.000 0.000 0.000 0.000 0.000 0.000 0.000 0.000 0.000 0.000 0.000 0.000 0.000 0.000 0.000 0.000 0.000 0.000 0.000 0.000 0.000 0.000 0.000 0.000 0.000 0.000 0.000 0.000 0.000 0.000 0.000 0.000 0.000 0.000 0.000 0.000 0.000 0.000 0.000 0.000 0.000 0.000 0.000 0.000 0.000 0.000 0.000 0.000 0.000 0.000 0.000 0.000 0.000 0.000 0.000 0.000 0.000 0.000 0.000 0.000 0.000 0.000 0.000 0.000 0.000 0.000 0.000 0.000 0.000 0.000 0.000 0.000 0.000 0.000 0.000 0.000 0.000 0.000 0.000 0.000 0.000 0.000 0.000 0.000 0.000 0.000 0.000 0.000 0.000 0.000 0.000 0.000 0.000 0.000 0.000 0.000 0.000 0.000 0.000 0.000 0.000 0.000 0.000 0.000 0.000 0.000 0.000 0.000 0.000 0.000 0.000 0.000 0.000 0.000 0.000 0.000 0.000 0.000 0.000 0.000 0.000 0.000 0.000 0.000 0.000 0.000 0.000 0.000 0.000 0.000 0.000 0.000 0.000 0.000 0.000 0.000 0.000 0.000 0.000 0.000 0.000 0.000 0.000 0.000 0.000 0.000 0.000 0.000 0.000 0.000 0.000 0.000 0.000 0.000 0.000 0.000 0.000 0.000 0.000 0.000 0.000 0.000 0.000 0.000 0.000 0.000 0.000 0.000 0.000 0.000 0.000 0.000 0.000 0.000 0.000 0.000 0.000 0.000 0.000 0.000 0.000 0.000 0.000 0.000 0.000 0.000 0.000 0.000 0.000 0.000 0.000 0.000 0.000 0.000 0.000 0.000 0.000 0.000 0.000 0.000 0.000 0.000 0.000 0.000 0.000 0.000 0.000 0.000 0.000 0.000 0.000 0.000 0.000 0.000 0.000 0.000 0.000 0.000 0.000 0.000 0.000 0.000 0.000 0.000 0.000 0.000 0.000 0.000 0.000 0.000 0.000 0.000 0.000 0.000 0.000 0.000 0.000 0.000 0.000 0.000 0.000 0.000 0.000 0.000 0.000 0.000 0.000 0.000 0.000 0.000 0.000 0.000 0.000 0.000 0.000 0.000 0.000 0.000 0.000 0.000 0.000 0.000 0.000 0.000 0.000 0.000 0.000 0.000 0.000 0.000 0.000 0.000 0.000 0.000 0.000 0.000 0.000 0.000 0.000 0.000 0.000 0.000 0.000 0.000 0.000 0.000 0.000 0.000 0.000 0.000 0.000 0.000 0.000 0.000 0.000 0.000 0.000 0.000 0.000 0.000 0.000 0.000 0.000 0.000 0.000 0.000 0.000 0.000 0.000 0.000 0.000 0.000 0.000 0.000 0.000 0.000 0.000 0.000 0.000 0.000 0.000 0.000 0.000 0.000 0.000 0.000 0.000 0.000 0.000 0.000 0.000 0.000 0.000 0.000 0.000 0.000 0.000 0.000 0.000 0.000 0.000 0.000 0.000 0.000 0.000 0.000 0.000 0.000 0.000 0.000 0.000 0.000 0.000 0.000 0.000 0.000 0.000 0.000 0.000 0.000 0.000 0.000 0.000 0.000 0.000 0.000 0.000 0.000 0.000 0.000 0.000 0.000 0.000 0.000 0.000 0.000 0.000 0.000 0.000 0.000 0.000 0.000 0.000 0.000 0.000 0.000 0.000 0.000 0.000 0.000 0.000 0.000 0.000 0.000 0.000 0.000 0.000 0.000 0.000 0.000 0.000 0.000 0.000 0.000 0.000 0.000 0.000 0.000 0.000 0.000 0.000 0.000 0.000 0.000 0.000 0.000 0.000 0.000 0.000 0.000 0.000 0.000 0.000 0.000 0.000 0.000 0.000 0.000 0.000 0.000 0.000 0.000 0.000 0.000 0.000 0.000 0.000 0.000 0.000 0.000 0.000 0.000 0.000 0.000 0.000 0.000 0.000 0.000 0.000 0.000 0.000 0.000 0.000 0.000 0.000 0.000 0.000 0.000 0.000 0.000 0.000 0.000 0.000 0.000 0.000 0.000 0.000 0.000 0.000 0.000 0.000 0.000 0.000 0.000 0.000 0.000 0.000 0.000 0.000 0.000 0.000 0.000 0.000 0.000 0.000 0.000 0.000 0.000 0.000 0.000 0.000 0.000 0.000 0.000 0.000 0.000 0.000 0.000 0.000 0.000 0.000 0.000 0.000 0.000 0.000 0.000 0.000 0.000 0.000 0.000 0.000 0.000 0.000 0.000 0.000 0.000 0.000 0.000 0.000 0.000 0.000 0.000 0.000 0.000 0.000 0.000 0.000 0.000 0.000 0.000 0.000 0.000 0.000 0.000 0.000 0.000 0.000 0.000 0.000 0.000 0.000 0.000 0.000 0.000 0.000 0.000 0.000 0.000 0.000 0.000 0.000 0.000 0.000 0.000 0.000 0.000 0.000 0.000 0.000 0.000 0.000 0.000 0.000 0.000 0.000 0.000 0.000 0.000 0.000 0.000 0.000 0.000 0.000 0.000 0.000 0.000 0.000 0.000 0.000 0.000 0.000 0.000 0.000 0.000 0.000 0.000 0.000 0.000 0.000 0.000 0.000 0.000 0.000 0.000 0.000 0.000 0.000 0.000 0.000 0.000 0.000 0.000 0.000 0.000 0.000 0.000 0.000 0.000 0.000 0.000 0.000 0.000 0.000 0.000 0.000 0.000 0.000 0.000 0.000 0.000 0.000 0.000 0.000 0.000 0.000 0.000 0.000 0.000 0.000 0.000 0.000 0.000 0.000 0.000 0.000 0.000 0.000 0.000 0.000 0.000 0.000 0.000 0.000 0.000 0.000 0.000 0.000 0.000 0.000 0.000 0.000 0.000 0.000 0.000 0.000 0.000 0.000 0.000 0.000 0.000 0.000 0.000 0.000 0.000 0.000 0.000 0.000 0.000 0.000 0.000 0.000 0.000 0.000 0.000 0.000 0.000 0.000 0.000 0.000 0.000 0.000 0.000 0.000 0.000 0.000 0.000 0.000 0.000 0.000 0.000 0.000 0.000 0.000 0.000 0.000 0.000 0.000 0.000 0.000 0.000 0.000 0.000 0.000 0.000 0.000 0.000 0.000 0.000 0.000 0.000 0.000 0.000 0.000 0.000 0.000 0.000 0.000 0.000 0.000 0.000 0.000 0.000 0.000 0.000 0.000 0.000 0.000 0.000 0.000 0.000 0.000 0.000 0.000 0.000 0.000 0.000 0.000 0.000 0.000 0.000 0.000 0.000 0.000 0.000 0.000 0.000 0.000 0.000 0.000 0.000 0.000 0.000 0.000 0.000 0.000 0.000 0.000 0.000 0.000 0.000 0.000 0.000 0.000 0.000 0.000 0.000 0.000 0.000 0.000 0.000 0.000 0.000 0.000 0.000 0.000 0.000 0.000 0.000 0.000 0.000 0.000 0.000 0.000 0.000 0.000 0.000 0.000 0.000 0.000 0.000 0.000 0.000 0.000 0.000 0.000 0.000 0.000 0.000 0.000 0.000 0.000 0.000 0.000 0.000 0.000 0.000 0.000 0.000 0.000 0.000 0.000 0.000 0.000 0.000 0.000 0.000 0.000 0.000 0.000 0.000 0.000 0.000 0.000 0.000 0.000 0.000 0.000 0.000 0.000 0.000 0.000 0.000 0.000 0.000 0.000 0.000 0.000 0.000 0.000 0.000 0.000 0.000 0.000 0.000 0.000 0.000 0.000 0.000 0.000 0.000 0.000 0.000 0.000 0.000 0.000 0.000 0.000 0.000 0.000 0.000 0.000 0.000 0.000 0.000 0.000 0.000 0.000 0.000 0.000 0.000 0.000 0.000 0.000 0.000 0.000 0.000 0.000 0.000 0.000 0.000 0.000 0.000 0.000 0.000 0.000 0.000 0.000 0.000 0.000 0.000 0.000 0.000 0.000 0.000 0.000 0.000 0.000 0.000 0.000 0.000 0.000 0.000 0.000 0.000 0.000 0.000 0.000 0.000 0.000 0.000 0.000 0.000 0.000 0.000 0.000 0.000 0.000 0.000 0.000 0.000 0.000 0.000 0.000 0.000 0.000 0.000 0.000 0.000 0.000 0.000 0.000 0.000 0.000 0.000 0.000 0.000 0.000 0.000 0.000 0.000 0.000 0.000 0.000 0.000 0.000 0.000 0.000 0.000 0.000 0.000 0.000 0.000 0.000 0.000 0.000 0.000 0.000 0.000 0.000 0.000 0.000 0.000 0.000 0.000 0.000 0.000 0.000 0.000 0.000 0.000 0.000 0.000 0.000 0.000 0.000 0.000 0.000 0.000 0.000 0.000 0.000 0.000 0.000 0.000 0.000 0.000 0.000 0.000 0.000 0.000 0.000 0.000 0.000 0.000 0.000 0.000 0.000 0.000 0.000 0.000 0.000 0.000 0.000 0.000 0.000 0.000 0.000 0.000 0.000 0.000 0.000 0.000 0.000 0.000 0.000 0.000 0.000 0.000 0.000 0.000 0.000 0.000 0.000 0.000 0.000 0.000 0.000 0.000 0.000 0.000 0.000 0.000 0.000 0.000 0.000 0.000 0.000 0.000 0.000 0.000 0.000 0.000 0.000 0.000 0.000 0.000 0.000 0.000 0.000 0.000 0.000 0.000 0.000 0.000 0.000 0.000 0.000 0.000 0.000 0.000 0.000 0.000 0.000 0.000 0.000 0.000 0.000 0.000 0.000 0.000 0.000 0.000 0.000 0.000 0.000 0.000 0.000 0.000 0.000 0.000 0.000 0.000 0.000 0.000 0.000 0.000 0.000 0.000 0.000 0.000 0.000 0.000 0.000 0.000 0.000 0.000 0.000 0.000 0.000 0.000 0.000 0.000 0.000 0.000 0.000 0.000 0.000 0.000 0.000 0.000 0.000 0.000 0.000 0.000 0.000 0.000 0.000 0.000 0.000 0.000 0.000 0.000 0.000 0.000 0.000 0.000 0.000 0.000 0.000 0.000 0.000 0.000 0.000 0.000 0.000 0.000 0.000 0.000 0.000 0.000 0.000 0.000 0.000 0.000 0.000 0.000 0.000 0.000 0.000 0.000 0.000 0.000 0.000 0.000 0.000 0.000 0.000 0.000 0.000 0.000 0.000 0.000 0.000 0.000 0.000 0.000 0.000 0.000 0.000 0.000 0.000 0.000 0.000 0.000 0.000 0.000 0.000 0.000 0.000 0.000 0.000 0.000 0.000 0.000 0.000 0.000 0.000 0.000 0.000 0.000 0.000 0.000 0.000 0.000 0.000 0.000 0.000 0.000 0.000 0.000 0.000 0.000 0.000 0.000 0.000 0.000 0.000 0.000 0.000 0.000 0.000 0.000 0.000 0.000 0.000 0.000 0.000 0.000 0.000 0.000 0.000 0.000 0.000 0.000 0.000 0.000 0.000 0.000 0.000 0.000 0.000 0.000 0.000 0.000 0.000 0.000 0.000 0.000 0.000 0.000 0.000 0.000 0.000 0.000 0.000 0.000 0.000 0.000 0.000 0.000 0.000 0.000 0.000 0.000 0.000 0.000 0.000 0.000 0.000 0.000 0.000 0.000 0.000 0.000 0.000 0.000 0.000 0.000 0.000 0.000 0.000 0.000 0.000 0.000 0.000 0.000 0.000 0.000 0.000 0.000 0.000 0.000 0.000 0.000 0.000 0.000 0.000 0.000 0.000 0.000 0.000 0.000 0.000 0.000 0.000 0.000 0.000 0.000 0.000 0.000 0.000 0.000 0.000 0.000 0.000 0.000 0.000 0.000 0.000 0.000 0.000 0.000 0.000 0.000 0.000 0.000 0.000 0.000 0.000 0.000 0.000 0.000 0.000 0.000 0.000 0.000 0.000 0.000 0.000 0.000 0.000 0.000 0.000 0.000 0.000 0.000 0.000 0.000 0.000 0.000 0.000 0.000 0.000 0.000 0.000 0.000 0.000 0.000 0.000 0.000 0.000 0.000 0.000 0.000 0.000 0.000 0.000 0.000 0.000 0.000 0.000 0.000 0.000 0.000 0.000 0.000 0.000 0.000 0.000 0.000 0.000 0.000 0.000 0.000 0.000 0.000 0.000 0.000 0.000 0.000 0.000 0.000 0.000 0.000 0.000 0.000 0.000 0.000 0.000 0.000 0.000 0.000 0.000 0.000 0.000 0.000 0.000 0.000 0.000 0.000 0.000 0.000 0.000 0.000 0.000 0.000 0.000 0.000 0.000 0.000 0.000 0.000 0.000 0.000 0.000 0.000 0.000 0.000 0.000 0.000 0.000 0.000 0.000 0.000 0.000 0.000 0.000 0.000 0.000 0.000 0.000 0.000 0.000 0.000 0.000 0.000 0.000 0.000 0.000 0.000 0.000 0.000 0.000 0.000 0.000 0.000 0.000 0.000 0.000 0.000 0.000 0.000 0.000 0.000 0.000 0.000 0.000 0.000 0.000 0.000 0.000 0.000 0.000 0.000 0.000 0.000 0.000 0.000 0.000 0.000 0.000 0.000 0.000 0.000 0.000 0.000 0.000 0.000 0.000 0.000 0.000 0.000 0.000 0.000 0.000 0.000 0.000 0.000 0.000 0.000 0.000 0.000 0.000 0.000 0.000 0.000 0.000 0.000 0.000 0.000 0.000 0.000 0.000 0.000 0.000 0.000 0.000 0.000 0.000 0.000 0.000 0.000 0.000 0.000 0.000 0.000 0.000 0.000 0.000 0.000 0.000 0.000 0.000 0.000 0.000 0.000 0.000 0.000 0.000 0.000 0.000 0.000 0.000 0.000 0.000 0.000 0.000 0.000 0.000 0.000 0.000 0.000 0.000 0.000 0.000 0.000 0.000 0.000 0.000 0.000 0.000 0.000 0.000 0.000 0.000 0.000 0.000 0.000 0.000 0.000 0.000 0.000 0.000 0.000 0.000 0.000 0.000 0.000 0.000 0.000 0.000 0.000 0.000 0.000 0.000 0.000 0.000 0.000 0.000 0.000 0.000 0.000 0.000 0.000 0.000 0.000 0.000 0.000 0.000 0.000 0.000 0.000 0.000 0.000 0.000 0.000 0.000 0.000 0.000 0.000 0.000 0.000 0.000 0.000 0.000 0.000 0.000 0.000 0.000 0.000 0.000 0.000 0.000 0.000 0.000 0.000 0.000 0.000 0.000 0.000 0.000 0.000 0.000 0.000 0.000 0.000 0.000 0.000 0.000 0.000 0.000 0.000 0.000 0.000 0.000 0.000 0.000 0.000 0.000 0.000 0.000 0.000 0.000 0.000 0.000 0.000 0.000 0.000 0.000 0.000 0.000 0.000 0.000 0.000 0.000 0.000 0.000 0.000 0.000 0.000 0.000 0.000 0.000 0.000 0.000 0.000 0.000 0.000 0.000 0.000 0.000 0.000 0.000 0.000 0.000 0.000 0.000 0.000 0.000 0.000 0.000 0.000 0.000 0.000 0.000 0.000 0.000 0.000 0.000 0.000 0.000 0.000 0.000 0.000 0.000 0.000 0.000 0.000 0.000 0.000 0.000 0.000 0.000 0.000 0.000 0.000 0.000 0.000 0.000 0.000 0.000 0.000 0.000 0.000 0.000 0.000 0.000 0.000 0.000 0.000 0.000 0.000 0.000 0.000 0.000 0.000 0.000 0.000 0.000 0.000 0.000 0.000 0.000 0.000 0.000 0.000 0.000 0.000 0.000 0.000 0.000 0.000 0.000 0.000 0.000 0.000 0.000 0.000 0.000 0.000 0.000 0.000 0.000 0.000 0.000 0.000 0.000 0.000 0.000 0.000 0.000 0.000 0.000 0.000 0.000 0.000 0.000 0.000 0.000 0.000 0.000 0.000 0.000 0.000 0.000 0.000 0.000 0.000 0.000 0.000 0.000 0.000 0.000 0.000 0.000 0.000 0.000 0.000 0.000 0.000 0.000 0.000 0.000 0.000 0.000 0.000 0.000 0.000 0.000 0.000 0.000 0.000 0.000 0.000 0.000 0.000 0.000 0.000 0.000 0.000 0.000 0.000 0.000 0.000 0.000 0.000 0.000 0.000 0.000 0.000 0.000 0.000 0.000 0.000 0.000 0.000 0.000 0.000 0.000 0.000 0.000 0.000 0.000 0.000 0.000 0.000 0.000 0.000 0.000 0.000 0.000 0.000 0.000 0.000 0.000 0.000 0.000 0.000 0.000 0.000 0.000 0.000 0.000 0.000 0.000 0.000 0.000 0.000 0.000 0.000 0.000 0.000 0.000 0.000 0.000 0.000 0.000 0.000 0.000 0.000 0.000 0.000 0.000 0.000 0.000 0.000 0.000 0.000 0.000 0.000 0.000 0.000 0.000 0.000 0.000 0.000 0.000 0.000 0.000 0.000 0.000 0.000 0.000 0.000 0.000 0.000 0.000 0.000 0.000 0.000 0.000 0.000 0.000 0.000 0.000 0.000 0.000 0.000 0.000 0.000 0.000 0.000 0.000 0.000 0.000 0.000 0.000 0.000 0.000 0.000 0.000 0.000 0.000 0.000 0.000 0.000 0.000 0.000 0.000 0.000 0.000 0.000 0.000 0.000 0.000 0.000 0.000 0.000 0.000 0.000 0.000 0.000 0.000 0.000 0.000 0.000 0.000 0.000 0.000 0.000 0.000 0.000 0.000 0.000 0.000 0.000 0.000 0.000 0.000 0.000 0.000 0.000 0.000 0.000 0.000 0.000 0.000 0.000 0.000 0.000 0.000 0.000 0.000 0.000 0.000 0.000 0.000 0.000 0.000 0.000 0.000 0.000 0.000 0.000 0.000 0.000 0.000 0.000 0.000 0.000 0.000 0.000 0.000 0.000 0.000 0.000 0.000 0.000 0.000 0.000 0.000 0.000 0.000 0.000 0.000 0.000 0.000 0.000 0.000 0.000 0.000 0.000 0.000 0.000 0.000 0.000 0.000 0.000 0.000 0.000 0.000 0.000 0.000 0.000 0.000 0.000 0.000 0.000 0.000 0.000 0.000 0.000 0.000 0.000 0.000 0.000 0.000 0.000 0.000 0.000 0.000 0.000 0.000 0.000 0.000 0.000 0.000 0.000 0.000 0.000 0.000 0.000 0.000 0.000 0.000 0.000 0.000 0.000 0.000 0.000 0.000 0.000 0.000 0.000 0.000 0.000 0.000 0.000 0.000 0.000 0.000 0.000 0.000 0.000 0.000 0.000 0.000 0.000 0.000 0.000 0.000 0.000 0.000 0.000 0.000 0.000 0.000 0.000 0.000 0.000 0.000 0.000 0.000 0.000 0.000 0.000 0.000 0.000 0.000 0.000 0.000 0.000 0.000 0.000 0.000 0.000 0.000 0.000 0.000 0.000 0.000 0.000 0.000 0.000 0.000 0.000 0.000 0.000 0.000 0.000 0.000 0.000 0.000 0.000 0.000 0.000 0.000 0.000 0.000 0.000 0.000 0.000 0.000 0.000 0.000 0.000 0.000 0.000 0.000 0.000 0.000 0.000 0.000 0.000 0.000 0.000 0.000 0.000 0.000 0.000 0.000 0.000 0.000 0.000 0.000 0.000 0.000 0.000 0.000 0.000 0.000 0.000 0.000 0.000 0.000 0.000 0.000 0.000 0.000 0.000 0.000 0.000 0.000 0.000 0.000 0.000 0.000 0.000 0.000 0.000 0.000 0.000 0.000 0.000 0.000 0.000 0.000 0.000 0.000 0.000 0.000 0.000 0.000 0.000 0.000 0.000 0.000 0.000 0.000 0.000 0.000 0.000 0.000 0.000 0.000 0.000 0.000 0.000 0.000 0.000 0.000 0.000 0.000 0.000 0.000 0.000 0.000 0.000 0.000 0.000 0.000 0.000 0.000 0.000 0.000 0.000 0.000 0.000 0.000 0.000 0.000 0.000 0.000 0.000 0.000 0.000 0.000 0.000 0.000 0.000 0.000 0.000 0.000 0.000 0.000 0.000 0.000 0.000 0.000 0.000 0.000 0.000 0.000 0.000 0.000 0.000 0.000 0.000 0.000 0.000 0.000 0.000 0.000 0.000 0.000 0.000 0.000 0.000 0.000 0.000 0.000 0.000 0.000 0.000 0.000 0.000 0.000 0.000 0.000 0.000 0.000 0.000 0.000 0.000 0.000 0.000 0.000 0.000 0.000 0.000 0.000 0.000 0.000 0.000 0.000 0.000 0.000 0.000 0.000 0.000 0.000 0.000 0.000 0.000 0.000 0.000 0.000 0.000 0.000 0.000 0.000 0.000 0.000 0.000 0.000 0.000 0.000 0.000 0.000 0.000 0.000 0.000 0.000 0.000 0.000 0.000 0.000 0.000 0.000 0.000 0.000 0.000 0.000 0.000 0.000 0.000 0.000 0.000 0.000 0.000 0.000 0.000 0.000 0.000 0.000 0.000 0.000 0.000 0.000 0.000 0.000 0.000 0.000 0.000 0.000 0.000 0.000 0.000 0.000 0.000 0.000 0.000 0.000 0.000 0.000 0.000 0.000 0.000 0.000 0.000 0.000 0.000 0.000 0.000 0.000 0.000 0.000 0.000 0.000 0.000 0.000 0.000 0.000 0.000 0.000 0.000 0.000 0.000 0.000 0.000 0.000 0.000 0.000 0.000 0.000 0.000 0.000 0.000 0.000 0.000 0.000 0.000 0.000 0.000 0.000 0.000 0.000 0.000 0.000 0.000 0.000 0.000 0.000 0.000 0.000 0.000 0.000 0.000 0.000 0.000 0.000 0.000 0.000 0.000 0.000 0.000 0.000 0.000 0.000 0.000 0.000 0.000 0.000 0.000 0.000 0.000 0.000 0.000 0.000 0.000 0.000 0.000 0.000 0.000 0.000 0.000 0.000 0.000 0.000 0.000 0.000 0.000 0.000 0.000 0.000 0.000 0.000 0.000 0.000 0.000 0.000 0.000 0.000 0.000 0.000 0.000 0.000 0.000 0.000 0.000 0.000 0.000 0.000 0.000 0.000 0.000 0.000 0.000 0.000 0.000 0.000 0.000 0.000 0.000 0.000 0.000 0.000 0.000 0.000 0.000 0.000 0.000 0.000 0.000 0.000 0.000 0.000 0.000 0.000 0.000 0.000 0.000 0.000 0.000 0.000 0.000 0.000 0.000 0.000 0.000 0.000 0.000 0.000 0.000 0.000 0.000 0.000 0.000 0.000 0.000 0.000 0.000 0.000 0.000 0.000 0.000 0.000 0.000 0.000 0.000 0.000 0.000 0.000 0.000 0.000 0.000 0.000 0.000 0.000 0.000 0.000 0.000 0.000 0.000 0.000 0.000 0.000 0.000 0.000 0.000 0.000 0.000 0.000 0.000 0.000 0.000 0.000 0.000 0.000 0.000 0.000 0.000 0.000 0.000 0.000 0.000 0.000 0.000 0.000 0.000 0.000 0.000 0.000 0.000 0.000 0.000 0.000 0.000 0.000 0.000 0.000 0.000 0.000 0.000 0.000 0.000 0.000 0.000 0.000 0.000 0.000 0.000 0.000 0.000 0.000 0.000 0.000 0.000 0.000 0.000 0.000 0.000 0.000 0.000 0.000 0.000 0.000 0.000 0.000 0.000 0.000 0.000 0.000 0.000 0.000 0.000 0.000 0.000 0.000 0.000 0.000 0.000 0.000 0.000 0.000 0.000 0.000 0.000 0.000 0.000 0.000 0.000 0.000 0.000 0.000 0.000 0.000 0.000 0.000 0.000 0.000 0.000 0.000 0.000 0.000 0.000 0.000 0.000 0.000 0.000 0.000 0.000 0.000 0.000 0.000 0.000 0.000 0.000 0.000 0.000 0.000 0.000 0.000 0.000 0.000 0.000 0.000 0.000 0.000 0.000 0.000 0.000 0.000 0.000 0.000 0.000 0.000 0.000 0.000 0.000 0.000 0.000 0.000 0.000 0.000 0.000 0.000 0.000 0.000 0.000 0.000 0.000 0.000 0.000 0.000 0.000 0.000 0.000 0.000 0.000 0.000 0.000 0.000 0.000 0.000 0.000 0.000 0.000 0.000 0.000 0.000 0.000 0.000 0.000 0.000 0.000 0.000 0.000 0.000 0.000 0.000 0.000 0.000 0.000 0.000 0.000 0.000 0.000 0.000 0.000 0.000 0.000 0.000 0.000 0.000 0.000 0.000 0.000 0.000 0.000 0.000 0.000 0.000 0.000 0.000 0.000 0.000 0.000 0.000 0.000 0.000 0.000 0.000 0.000 0.000 0.000 0.000 0.000 0.000 0.000 0.000 0.000 0.000 0.000 0.000 0.000 0.000 0.000 0.000 0.000 0.000 0.000 0.000 0.000 0.000 0.000 0.000 0.000 0.000 0.000 0.000 0.000 0.000 0.000 0.000 0.000 0.000 0.000 0.000 0.000 0.000 0.000 0.000 0.000 0.000 0.000 0.000 0.000 0.000 0.000 0.000 0.000 0.000 0.000 0.000 0.000 0.000 0.000 0.000 0.000 0.000 0.000 0.000 0.000 0.000 0.000 0.000 0.000 0.000 0.000 0.000 0.000 0.000 0.000 0.000 0.000 0.000 0.000 0.000 0.000 0.000 0.000 0.000 0.000 0.000 0.000 0.000 0.000 0.000 0.000 0.000 0.000 0.000 0.000 0.000 0.000 0.000 0.000 0.000 0.000 0.000 0.000 0.000 0.000 0.000 0.000 0.000 0.000 0.000 0.000 0.000 0.000 0.000 0.000 0.000 0.000 0.000 0.000 0.000 0.000 0.000 0.000 0.000 0.000 0.000 0.000 0.000 0.000 0.000 0.000 0.000 0.000 0.000 0.000 0.000 0.000 0.000 0.000 0.000 0.000 0.000 0.000 0.000 0.000 0.000 0.000 0.000 0.000 0.000 0.000 0.000 0.000 0.000 0.000 0.000 0.000 0.000 0.000 0.000 0.000 0.000 0.000 0.000 0.000 0.000 0.000 0.000 0.000 0.000 0.000 0.000 0.000 0.000 0.000 0.000 0.000 0.000 0.000 0.000 0.000 0.000 0.000 0.000 0.000 0.000 0.000 0.000 0.000 0.000 0.000 0.000 0.000 0.000 0.000 0.000 0.000 0.000 0.000 0.000 0.000 0.000 0.000 0.000 0.000 0.000 0.000 0.000 0.000 0.000 0.000 0.000 0.000 0.000 0.000 0.000 0.000 0.000 0.000 0.000 0.000 0.000 0.000 0.000 0.000 0.000 0.000 0.000 0.000 0.000 0.000 0.000 0.000 0.000 0.000 0.000 0.000 0.000 0.000 0.000 0.000 0.000 0.000 0.000 0.000 0.000 0.000 0.000 0.000 0.000 0.000 0.000 0.000 0.000 0.000 0.000 0.000 0.000 0.000 0.000 0.000 0.000 0.000 0.000 0.000 0.000 0.000 0.000 0.000 0.000 0.000 0.000 0.000 0.000 0.000 0.000 0.000 0.000 0.000 0.000 0.000 0.000 0.000 0.000 0.000 0.000 0.000 0.000 0.000 0.000 0.000 0.000 0.000 0.000 0.000 0.000 0.000 0.000 0.000 0.000 0.000 0.000 0.000 0.000 0.000 0.000 0.000 0.000 0.000 0.000 0.000 0.000 0.000 0.000 0.000 0.000 0.000 0.000 0.000 0.000 0.000 0.000 0.000 0.000 0.000 0.000 0.000 0.000 0.000 0.000 0.000 0.000 0.000 0.000 0.000 0.000 0.000 0.000 0.000 0.000 0.000 0.000 0.000 0.000 0.000 0.000 0.000 0.000 0.000 0.000 0.000 0.000 0.000 0.000 0.000 0.000 0.000 0.000 0.000 0.000 0.000 0.000 0.000 0.000 0.000 0.000 0.000 0.000 0.000 0.000 0.000 0.000 0.000 0.000 0.000 0.000 0.000 0.000 0.000 0.000 0.000 0.000 0.000 0.000 0.000 0.000 0.000 0.000 0.000 0.000 0.000 0.000 0.000 0.000 0.000 0.000 0.000 0.000 0.000 0.000 0.000 0.000 0.000 0.000 0.000 0.000 0.000 0.000 0.000 0.000 0.000 0.000 0.000 0.000 0.000 0.000 0.000 0.000 0.000 0.000 0.000 0.000 0.000 0.000 0.000 0.000 0.000 0.000 0.000 0.000 0.000 0.000 0.000 0.000 0.000 0.000 0.000 0.000 0.000 0.000 0.000 0.000 0.000 0.000 0.000 0.000 0.000 0.000 0.000 0.000 0.000 0.000 0.000 0.000 0.000 0.000 0.000 0.000 0.000 0.000 0.000 0.000 0.000 0.000 0.000 0.000 0.000 0.000 0.000 0.000 0.000 0.000 0.000 0.000 0.000 0.000 0.000 0.000 0.000 0.000 0.000 0.000 0.000 0.000 0.000 0.000 0.000 0.000 0.000 0.000 0.000 0.000 0.000 0.000 0.000 0.000 0.000 0.000 0.000 0.000 0.000 0.000 0.000 0.000 0.000 0.000 0.000 0.000 0.000 0.000 0.000 0.000 0.000 0.000 0.000 0.000 0.000 0.000 0.000 0.000 0.000 0.000 0.000 0.000 0.000 0.000 0.000 0.000 0.000 0.000 0.000 0.000 0.000 0.000 0.000 0.000 0.000 0.000 0.000 0.000 0.000 0.000 0.000 0.000 0.000 0.000 0.000 0.000 0.000 0.000 0.000 0.000 0.000 0.000 0.000 0.000 0.000 0.000 0.000 0.000 0.000 0.000 0.000 0.000 0.000 0.000 0.000 0.000 0.000 0.000 0.000 0.000 0.000 0.000 0.000 0.000 0.000 0.000 0.000 0.000 0.000 0.000 0.000 0.000 0.000 0.000 0.000 0.000 0.000 0.000 0.000 0.000 0.000 0.000 0.000 0.000 0.000 0.000 0.000 0.000 0.000 0.000 0.000 0.000 0.000 0.000 0.000 0.000 0.000 0.000 0.000 0.000 0.000 0.000 0.000 0.000 0.000 0.000 0.000 0.000 0.000 0.000 0.000 0.000 0.000 0.000 0.000 0.000 0.000 0.000 0.000 0.000 0.000 0.000 0.000 0.000 0.000 0.000 0.000 0.000 0.000 0.000 0.000 0.000 0.000 0.000 0.000 0.000 0.000 0.000 0.000 0.000 0.000 0.000 0.000 0.000 0.000 0.000 0.000 0.000 0.000 0.000 0.000 0.000 0.000 0.000 0.000 0.000 0.000 0.000 0.000 0.000 0.000 0.000 0.000 0.000 0.000 0.000 0.000 0.000 0.000 0.000 0.000 0.000 0.000 0.000 0.000 0.000 0.000 0.000 0.000 0.000 0.000 0.000 0.000 0.000 0.000 0.000 0.000 0.000 0.000 0.000 0.000 0.000 0.000 0.000 0.000 0.000 0.000 0.000 0.000 0.000 0.000 0.000 0.000 0.000 0.000 0.000 0.000 0.000 0.000 0.000 0.000 0.000 0.000 0.000 0.000 0.000 0.000 0.000 0.000 0.000 0.000 0.000 0.000 0.000 0.000 0.000 0.000 0.000 0.000 0.000 0.000 0.000 0.000 0.000 0.000 0.000 0.000 0.000 0.000 0.000 0.000 0.000 0.000 0.000 0.000 0.000 0.000 0.000 0.000 0.000 0.000 0.000 0.000 0.000 0.000 0.000 0.000 0.000 0.000 0.000 0.000 0.000 0.000 0.000 0.000 0.000 0.000 0.000 0.000 0.000 0.000 0.000 0.000 0.000 0.000 0.000 0.000 0.000 0.000 0.000 0.000 0.000 0.000 0.000 0.000 0.000 0.000 0.000 0.000 0.000 0.000 0.000 0.000 0.000 0.000 0.000 0.000 0.000 0.000 0.000 0.000 0.000 0.000 0.000 0.000 0.000 0.000 0.000 0.000 0.000 0.000 0.000 0.000 0.000 0.000 0.000 0.000 0.000 0.000 0.000 0.000 0.000 0.000 0.000 0.000 0.000 0.000 0.000 0.000 0.000 0.000 0.000 0.000 0.000 0.000 0.000 0.000 0.000 0.000 0.000 0.000 0.000 0.000 0.000 0.000 0.000 0.000 0.000 0.000 0.000 0.000 0.000 0.000 0.000 0.000 0.000 0.000 0.000 0.000 0.000 0.000 0.000 0.000 0.000 0.000 0.000 0.000 0.000 0.000 0.000 0.000 0.000 0.000 0.000 0.000 0.000 0.000 0.000 0.000 0.000 0.000 0.000 0.000 0.000 0.000 0.000 0.000 0.000 0.000 0.000 0.000 0.000 0.000 0.000 0.000 0.000 0.000 0.000 0.000 0.000 0.000 0.000 0.000 0.000 0.000 0.000 0.000 0.000 0.000 0.000 0.000 0.000 0.000 0.000 0.000 0.000 0.000 0.000 0.000 0.000 0.000 0.000 0.000 0.000 0.000 0.000 0.000 0.000 0.000 0.000 0.000 0.000 0.000 0.000 0.000 0.000 0.000 0.000 0.000 0.000 0.000 0.000 0.000 0.000 0.000 0.000 0.000 0.000 0.000 0.000 0.000 0.000 0.000 0.000 0.000 0.000 0.000 0.000 0.000 0.000 0.000 0.000 0.000 0.000 0.000 0.000 0.000 0.000 0.000 0.000 0.000 0.000 0.000 0.000 0.000 0.000 0.000 0.000 0.000 0.000 0.000 0.000 0.000 0.000 0.000 0.000 0.000 0.000 0.000 0.000 0.000 0.000 0.000 0.000 0.000 0.000 0.000 0.000 0.000 0.000 0.000 0.000 0.000 0.000 0.000 0.000 0.000 0.000 0.000 0.000 0.000 0.000 0.000 0.000 0.000 0.000 0.000 0.000 0.000 0.000 0.000 0.000 0.000 0.000 0.000 0.000 0.000 0.000 0.000 0.000 0.000 0.000 0.000 0.000 0.000 0.000 0.000 0.000 0.000 0.000 0.000 0.000 0.000 0.000 0.000 0.000 0.000 0.000 0.000 0.000 0.000 0.000 0.000 0.000 0.000 0.000 0.000 0.000 0.000 0.000 0.000 0.000 0.000 0.000 0.000 0.000 0.000 0.000 0.000 0.000 0.000 0.000 0.000 0.000 0.000 0.000 0.000 0.000 0.000 0.000 0.000 0.000 0.000 0.000 0.000 0.000 0.000 0.000 0.000 0.000 0.000 0.000 0.000 0.000 0.000 0.000 0.000 0.000 0.000 0.000 0.000 0.000 0.000 0.000 0.000 0.000 0.000 0.000 0.000 0.000 0.000 0.000 0.000 0.000 0.000 0.000 0.000 0.000 0.000 0.000 0.000 0.000 0.000 0.000 0.000 0.000 0.000 0.000 0.000 0.000 0.000 0.000 0.000 0.000 0.000 0.000 0.000 0.000 0.000 0.000 0.000 0.000 0.000 0.000 0.000 0.000 0.000 0.000 0.000 0.000 0.000 0.000 0.000 0.000 0.000 0.000 0.000 0.000 0.000 0.000 0.000 0.000 0.000 0.000 0.000 0.000 0.000 0.000 0.000 0.000 0.000 0.000 0.000 0.000 0.000 0.000 0.000 0.000 0.000 0.000 0.000 0.000 0.000 0.000 0.000 0.000 0.000 0.000 0.000 0.000 0.000 0.000 0.000 0.000 0.000 0.000 0.000 0.000 0.000 0.000 0.000 0.000 0.000 0.000 0.000 0.000 0.000 0.000 0.000 0.000 0.000 0.000 0.000 0.000 0.000 0.000 0.000 0.000 0.000 0.000 0.000 0.000 0.000 0.000 0.000 0.000 0.000 0.000 0.000 0.000 0.000 0.000 0.000 0.000 0.000 0.000 0.000 0.000 0.000 0.000 0.000 0.000 0.000 0.000 0.000 0.000 0.000 0.000 0.000 0.000 0.000 0.000 0.000 0.000 0.000 0.000 0.000 0.000 0.000 0.000 0.000 0.000 0.000 0.000 0.000 0.000 0.000 0.000 0.000 0.000 0.000 0.000 0.000 0.000 0.000 0.000 0.000 0.000 0.000 0.000 0.000 0.000 0.000 0.000 0.000 0.000 0.000 0.000 0.000 0.000 0.000 0.000 0.000 0.000 0.000 0.000 0.000 0.000 0.000 0.000 0.000 0.000 0.000 0.000 0.000 0.000 0.000 0.000 0.000 0.000 0.000 0.000 0.000 0.000 0.000 0.000 0.000 0.000 0.000 0.000 0.000 0.000 0.000 0.000 0.000 0.000 0.000 0.000 0.000 0.000 0.000 0.000 0.000 0.000 0.000 0.000 0.000 0.000 0.000 0.000 0.000 0.000 0.000 0.000 0.000 0.000 0.000 0.000 0.000 0.000 0.000 0.000 0.000 0.000 0.000 0.000 0.000 0.000 0.000 0.000 0.000 0.000 0.000 0.000 0.000 0.000 0.000 0.000 0.000 0.000 0.000 0.000 0.000 0.000 0.000 0.000 0.000 0.000 0.000 0.000 0.000 0.000 0.000 0.000 0.000 0.000 0.000 0.000 0.000 0.000 0.000 0.000 0.000 0.000 0.000 0.000 0.000 0.000 0.000 0.000 0.000 0.000 0.000 0.000 0.000 0.000 0.000 0.000 0.000 0.000 0.000 0.000 0.000 0.000 0.000 0.000 0.000 0.000 0.000 0.000 0.000 0.000 0.000 0.000 0.000 0.000 0.000 0.000 0.000 0.000 0.000 0.000 0.000 0.000 0.000 0.000 0.000 0.000 0.000 0.000 0.000 0.000 0.000 0.000 0.000 0.000 0.000 0.000 0.000 0.000 0.000 0.000 0.000 0.000 0.000 0.000 0.000 0.000 0.000 0.000 0.000 0.000 0.000 0.000 0.000 0.000 0.000 0.000 0.000 0.000 0.000 0.000 0.000 0.000 0.000 0.000 0.000 0.000 0.000 0.000 0.000 0.000 0.000 0.000 0.000 0.000 0.000 0.000 0.000 0.000 0.000 0.000 0.000 0.000 0.000 0.000 0.000 0.000 0.000 0.000 0.000 0.000 0.000 0.000 0.000 0.000 0.000 0.000 0.000 0.000 0.000 0.000 0.000 0.000 0.000 0.000 0.000 0.000 0.000 0.000 0.000 0.000 0.000 0.000 0.000 0.000 0.000 0.000 0.000 0.000 0.000 0.000 0.000 0.000 0.000 0.000 0.000 0.000 0.000 0.000 0.000 0.000 0.000 0.000 0.000 0.000 0.000 0.000 0.000 0.000 0.000 0.000 0.000 0.000 0.000 0.000 0.000 0.000 0.000 0.000 0.000 0.000 0.000 0.000 0.000 0.000 0.000 0.000 0.000 0.000 0.000 0.000 0.000 0.000 0.000 0.000 0.000 0.000 0.000 0.000 0.000 0.000 0.000 0.000 0.000 0.000 0.000 0.000 0.000 0.000 0.000 0.000 0.000 0.000 0.000 0.000 0.000 0.000 0.000 0.000 0.000 0.000 0.000 0.000 0.000 0.000 0.000 0.000 0.000 0.000 0.000 0.000 0.000 0.000 0.000 0.000 0.000 0.000 0.000 0.000 0.000 0.000 0.000 0.000 0.000 0.000 0.000 0.000 0.000 0.000 0.000 0.000 0.000 0.000 0.000 0.000 0.000 0.000 0.000 0.000 0.000 0.000 0.000 0.000 0.000 0.000 0.000 0.000 0.000 0.000 0.000 0.000 0.000 0.000 0.000 0.000 0.000 0.000 0.000 0.000 0.000 0.000 0.000 0.000 0.000 0.000 0.000 0.000 0.000 0.000 0.000 0.000 0.000 0.000 0.000 0.000 0.000 0.000 0.000 0.000 0.000 0.000 0.000 0.000 0.000 0.000 0.000 0.000 0.000 0.000 0.000 0.000 0.000 0.000 0.000 0.000 0.000 0.000 0.000 0.000 0.000 0.000 0.000 0.000 0.000 0.000 0.000 0.000 0.000 0.000 0.000 0.000 0.000 0.000 0.000 0.000 0.000 0.000 0.000 0.000 0.000 0.000 0.000 0.000 0.000 0.000 0.000 0.000 0.000 0.000 0.000 0.000 0.000 0.000 0.000 0.000 0.000 0.000 0.000 0.000 0.000 0.000 0.000 0.000 0.000 0.000 0.000 0.000 0.000 0.000 0.000 0.000 0.000 0.000 0.000 0.000 0.000 0.000 0.000 0.000 0.000 0.000 0.000 0.000 0.000 0.000 0.000 0.000 0.000 0.000 0.000 0.000 0.000 0.000 0.000 0.000 0.000 0.000 0.000 0.000 0.000 0.000 0.000 0.000 0.000 0.000 0.000 0.000 0.000 0.000 0.000 0.000 0.000 0.000 0.000 0.000 0.000 0.000 0.000 0.000 0.000 0.000 0.000 0.000 0.000 0.000 0.000 0.000 0.000 0.000 0.000 0.000 0.000 0.000 0.000 0.000 0.000 0.000 0.000 0.000 0.000 0.000 0.000 0.000 0.000 0.000 0.000 0.000 0.000 0.000 0.000 0.000 0.000 0.000 0.000 0.000 0.000 0.000 0.000 0.000 0.000 0.000 0.000 0.000 0.000 0.000 0.000 0.000 0.000 0.000 0.000 0.000 0.000 0.000 0.000 0.000 0.000 0.000 0.000 0.000 0.000 0.000 0.000 0.000 0.000 0.000 0.000 0.000 0.000 0.000 0.000 0.000 0.000 0.000 0.000 0.000 0.000 0.000 0.000 0.000 0.000 0.000 0.000 0.000 0.000 0.000 0.000 0.000 0.000 0.000 0.000 0.000 0.000 0.000 0.000 0.000 0.000 0.000 0.000 0.000 0.000 0.000 0.000 0.000 0.000 0.000 0.000 0.000 0.000 0.000 0.000 0.000 0.000 0.000 0.000 0.000 0.000 0.000 0.000 0.000 0.000 0.000 0.000 0.000 0.000 0.000 0.000 0.000 0.000 0.000 0.000 0.000 0.000 0.000 0.000 0.000 0.000 0.000 0.000 0.000 0.000 0.000 0.000 0.000 0.000 0.000 0.000 0.000 0.000 0.000 0.000 0.000 0.000 0.000 0.000 0.000 0.000 0.000 0.000 0.000 0.000 0.000 0.000 0.000 0.000 0.000 0.000 0.000 0.000 0.000 0.000 0.000 0.000 0.000 0.000 0.000 0.000 0.000 0.000 0.000 0.000 0.000 0.000 0.000 0.000 0.000 0.000 0.000 0.000 0.000 0.000 0.000 0.000 0.000 0.000 0.000 0.000 0.000 0.000 0.000 0.000 0.000 0.000 0.000 0.000 0.000 0.000 0.000 0.000 0.000 0.000 0.000 0.000 0.000 0.000 0.000 0.000 0.000 0.000 0.000 0.000 0.000 0.000 0.000 0.000 0.000 0.000 0.000 0.000 0.000 0.000 0.000 0.000 0.000 0.000 0.000 0.000 0.000 0.000 0.000 0.000 0.000 0.000 0.000 0.000 0.000 0.000 0.000 0.000 0.000 0.000 0.000 0.000 0.000 0.000 0.000 0.000 0.000 0.000 0.000 0.000 0.000 0.000 0.000 0.000 0.000 0.000 0.000 0.000 0.000 0.000 0.000 0.000 0.000 0.000 0.000 0.000 0.000 0.000 0.000 0.000 0.000 0.000 0.000 0.000 0.000 0.000 0.000 0.000 0.000 0.000 0.000 0.000 0.000 0.000 0.000 0.000 0.000 0.000 0.000 0.000 0.000 0.000 0.000 0.000 0.000 0.000 0.000 0.000 0.000 0.000 0.000 0.000 0.000 0.000 0.000 0.000 0.000 0.000 0.000 0.000 0.000 0.000 0.000 0.000 0.000 0.000 0.000 0.000 0.000 0.000 0.000 0.000 0.000 0.000 0.000 0.000 0.000 0.000 0.000 0.000 0.000 0.000 0.000 0.000 0.000 0.000 0.000 0.000 0.000 0.000 0.000 0.000 0.000 0.000 0.000 0.000 0.000 0.000 0.000 0.000 0.000 0.000 0.000 0.000 0.000 0.000 0.000 0.000 0.000 0.000 0.000 0.000 0.000 0.000 0.000 0.000 0.000 0.000 0.000 0.000 0.000 0.000 0.000 0.000 0.000 0.000 0.000 0.000 0.000 0.000 0.000 0.000 0.000 0.000 0.000 0.000 0.000 0.000 0.000 0.000 0.000 0.000 0.000 0.000 0.000 0.000 0.000 0.000 0.000 0.000 0.000 0.000 0.000 0.000 0.000 0.000 0.000 0.000 0.000 0.000 0.000 0.000 0.000 0.000 0.000 0.000 0.000 0.000 0.000 0.000 0.000 0.000 0.000 0.000 0.000 0.000 0.000 0.000 0.000 0.000 0.000 0.000 0.000 0.000 0.000 0.000 0.000 0.000 0.000 0.000 0.000 0.000 0.000 0.000 0.000 0.000 0.000 0.000 0.000 0.000 0.000 0.000 0.000 0.000 0.000 0.000 0.000 0.000 0.000 0.000 0.000 0.000 0.000 0.000 0.000 0.000 0.000 0.000 0.000 0.000 0.000 0.000 0.000 0.000 0.000 0.000 0.000 0.000 0.000 0.000 0.000 0.000 0.000 0.000 0.000 0.000 0.000 0.000 0.000 0.000 0.000 0.000 0.000 0.000 0.000 0.000 0.000 0.000 0.000 0.000 0.000 0.000 0.000 0.000 0.000 0.000 0.000 0.000 0.000 0.000 0.000 0.000 0.000 0.000 0.000 0.000 0.000 0.000 0.000 0.000 0.000 0.000 0.000 0.000 0.000 0.000 0.000 0.000 0.000 0.000 0.000 0.000 0.000 0.000 0.000 0.000 0.000 0.000 0.000 0.000 0.000 0.000 0.000 0.000 0.000 0.000 0.000 0.000 0.000 0.000 0.000 0.000 0.000 0.000 0.000 0.000 0.000 0.000 0.000 0.000 0.000 0.000 0.000 0.000 0.000 0.000 0.000 0.000 0.000 0.000 0.000 0.000 0.000 0.000 0.000 0.000 0.000 0.000 0.000 0.000 0.000 0.000 0.000 0.000 0.000 0.000 0.000 0.000 0.000 0.000 0.000 0.000 0.000 0.000 0.000 0.000 0.000 0.000 0.000 0.000 0.000 0.000 0.000 0.000 0.000 0.000 0.000 0.000 0.000 0.000 0.000 0.000 0.000 0.000 0.000 0.000 0.000 0.000 0.000 0.000 0.000 0.000 0.000 0.000 0.000 0.000 0.000 0.000 0.000 0.000 0.000 0.000 0.000 0.000 0.000 0.000 0.000 0.000 0.000 0.000 0.000 0.000 0.000 0.000 0.000 0.000 0.000 0.000 0.000 0.000 0.000 0.000 0.000 0.000 0.000 0.000 0.000 0.000 0.000 0.000 0.000 0.000 0.000 0.000 0.000 0.000 0.000 0.000 0.000 0.000 0.000 " />
						</IndexedFaceSet>
					</Shape>
				</Group>
			</Transform>
		</Transform>
		<Transform DEF="Body_004_TRANSFORM"
		           translation="-10.612047 2.281722 -159.673752"
		           scale="1.000000 1.000000 1.000000"
		           rotation="-0.056666 0.825345 0.561777 2.668540"
		           >
			<Transform DEF="Body_004_ifs_TRANSFORM"
			           translation="-0.000005 -0.000009 -0.000003"
			           scale="1.000000 1.000000 1.000000"
			           rotation="0.000000 -0.000000 0.000000 0.000000"
			           >
				<Group DEF="group_ME_Body_003">
					<Shape>
						<Appearance>
							<Material DEF="MA_Material_004"
							          diffuseColor="0.800 0.800 0.800"
							          specularColor="0.401 0.401 0.401"
							          emissiveColor="0.000 0.000 0.000"
							          ambientIntensity="0.000"
							          shininess="0.500"
							          transparency="0.0"
							          />
						</Appearance>
						<IndexedFaceSet solid="false"
						                colorPerVertex="false"
						                texCoordIndex="0 1 2 3 -1 4 5 6 7 -1 8 9 10 11 -1 12 13 14 15 -1 16 17 18 19 -1 20 21 22 23 -1 24 25 26 27 -1 28 29 30 31 -1 32 33 34 35 -1 36 37 38 39 -1 40 41 42 43 -1 44 45 46 47 -1 48 49 50 -1 51 52 53 -1 54 55 56 57 -1 58 59 60 61 -1 62 63 64 65 -1 66 67 68 69 -1 70 71 72 73 -1 74 75 76 77 -1 78 79 80 81 -1 82 83 84 85 -1 86 87 88 89 -1 90 91 92 93 -1 94 95 96 97 -1 98 99 100 101 -1 102 103 104 105 -1 106 107 108 109 -1 110 111 112 113 -1 114 115 116 117 -1 118 119 120 121 -1 122 123 124 125 -1 126 127 128 129 -1 130 131 132 133 -1 134 135 136 137 -1 138 139 140 141 -1 142 143 144 145 -1 146 147 148 149 -1 150 151 152 153 -1 154 155 156 157 -1 158 159 160 161 -1 162 163 164 165 -1 166 167 168 169 -1 170 171 172 173 -1 174 175 176 177 -1 178 179 180 181 -1 182 183 184 185 -1 186 187 188 189 -1 190 191 192 193 -1 194 195 196 197 -1 198 199 200 201 -1 202 203 204 205 -1 206 207 208 209 -1 210 211 212 213 -1 214 215 216 217 -1 218 219 220 221 -1 222 223 224 225 -1 226 227 228 229 -1 230 231 232 233 -1 234 235 236 237 -1 238 239 240 241 -1 242 243 244 245 -1 246 247 248 249 -1 250 251 252 253 -1 254 255 256 257 -1 258 259 260 261 -1 262 263 264 265 -1 266 267 268 269 -1 270 271 272 273 -1 274 275 276 277 -1 278 279 280 281 -1 282 283 284 285 -1 286 287 288 289 -1 290 291 292 293 -1 294 295 296 297 -1 298 299 300 301 -1 302 303 304 305 -1 306 307 308 309 -1 310 311 312 313 -1 314 315 316 317 -1 318 319 320 321 -1 322 323 324 325 -1 326 327 328 329 -1 330 331 332 333 -1 334 335 336 337 -1 338 339 340 341 -1 342 343 344 345 -1 346 347 348 349 350 351 352 353 354 355 356 357 358 359 360 361 362 363 364 365 366 367 368 369 370 371 372 373 374 375 376 377 378 379 380 381 382 383 384 385 386 387 388 389 390 391 392 393 394 395 396 397 398 399 400 401 402 403 404 405 406 407 408 409 410 411 412 413 414 415 416 417 418 419 420 421 422 423 424 425 426 427 428 429 430 431 432 433 434 435 436 437 438 439 440 441 442 443 444 445 446 447 448 449 450 451 452 453 454 455 456 457 458 459 460 461 462 463 464 -1 465 466 467 468 -1 469 470 471 472 -1 473 474 475 476 -1 477 478 479 480 -1 481 482 483 484 -1 485 486 487 488 489 490 491 492 493 494 495 496 497 498 499 500 501 502 503 504 505 506 507 508 509 510 511 512 513 514 515 516 517 518 519 520 521 522 523 524 525 526 527 528 529 530 531 532 533 534 535 536 537 538 539 540 541 542 543 544 545 546 547 548 549 550 551 552 553 554 555 556 557 558 559 560 561 562 563 564 565 566 567 568 569 570 571 572 573 574 575 576 577 578 579 580 581 582 583 584 585 586 587 588 589 590 591 592 593 594 595 596 597 598 599 600 601 602 603 604 605 606 607 608 609 610 611 612 613 614 615 616 617 618 619 620 621 622 623 624 625 626 627 628 629 630 631 632 633 634 635 636 637 638 639 640 641 642 643 644 645 646 647 648 649 650 651 652 653 654 655 656 657 658 659 660 661 662 663 664 665 666 667 668 669 670 671 672 673 674 675 676 677 678 679 680 681 682 683 684 685 -1 686 687 688 689 690 691 692 693 694 695 696 697 698 699 700 701 702 703 704 705 706 707 708 709 710 711 712 713 714 715 716 717 718 719 720 721 722 723 724 725 -1 726 727 728 729 730 731 732 733 734 735 736 737 738 739 740 741 742 743 744 745 746 747 748 749 750 751 752 753 754 755 756 -1 757 758 759 760 761 762 763 764 765 766 767 768 769 770 771 772 773 774 775 776 777 778 -1 779 780 781 782 -1 783 784 785 786 -1 787 788 789 790 791 792 793 794 795 796 797 798 799 800 801 802 803 804 805 806 807 808 809 810 811 812 813 814 815 816 817 818 819 820 821 822 823 824 825 826 827 828 829 830 831 832 833 834 835 836 837 838 839 840 841 842 843 844 845 846 847 848 849 850 851 852 853 854 855 856 857 858 859 860 861 862 863 864 865 866 867 868 869 870 871 872 873 874 875 876 877 878 879 880 881 882 883 884 885 886 887 888 889 890 891 892 893 894 895 896 897 898 899 900 901 902 903 904 905 906 907 908 909 910 911 912 913 914 915 916 917 918 919 920 921 922 923 924 925 926 927 928 929 930 931 932 933 934 935 936 937 938 939 940 941 942 943 944 945 946 947 948 949 950 951 952 953 954 955 956 957 958 959 960 961 962 963 964 965 966 967 968 969 970 971 972 973 974 975 976 977 978 979 980 981 982 983 984 985 986 987 988 989 990 991 992 993 994 995 996 997 998 999 1000 1001 1002 1003 1004 1005 1006 1007 1008 1009 1010 1011 1012 1013 1014 1015 1016 1017 1018 1019 1020 1021 1022 1023 1024 1025 1026 1027 1028 1029 1030 1031 1032 1033 1034 1035 1036 1037 1038 1039 1040 1041 1042 1043 1044 1045 1046 1047 1048 1049 1050 1051 1052 1053 1054 1055 1056 1057 1058 1059 1060 1061 1062 1063 1064 1065 1066 1067 1068 1069 1070 1071 1072 1073 1074 1075 1076 1077 1078 1079 1080 1081 1082 1083 1084 1085 1086 1087 1088 1089 1090 1091 1092 1093 1094 1095 1096 1097 1098 1099 1100 1101 1102 1103 1104 1105 1106 1107 1108 1109 1110 1111 1112 1113 1114 1115 1116 1117 1118 1119 1120 1121 1122 1123 1124 1125 1126 1127 1128 1129 1130 1131 1132 1133 1134 1135 1136 1137 1138 1139 1140 1141 1142 1143 1144 1145 1146 1147 1148 1149 1150 1151 1152 1153 1154 1155 1156 1157 1158 1159 1160 1161 1162 1163 1164 1165 1166 1167 1168 1169 1170 1171 1172 1173 1174 1175 1176 1177 1178 1179 1180 1181 1182 1183 1184 1185 1186 1187 1188 1189 1190 1191 1192 1193 1194 1195 1196 1197 1198 1199 1200 1201 1202 1203 1204 1205 1206 1207 1208 1209 1210 1211 1212 1213 1214 1215 1216 1217 1218 1219 1220 1221 1222 1223 1224 1225 1226 1227 1228 1229 1230 1231 1232 1233 1234 1235 1236 1237 1238 1239 1240 1241 1242 1243 1244 1245 1246 1247 1248 1249 1250 1251 1252 1253 1254 1255 1256 1257 1258 1259 1260 1261 1262 1263 1264 1265 1266 1267 1268 1269 1270 1271 1272 1273 1274 1275 1276 1277 1278 1279 1280 1281 1282 1283 1284 1285 1286 1287 1288 1289 1290 1291 1292 1293 1294 1295 1296 1297 1298 1299 1300 1301 1302 1303 1304 1305 1306 1307 1308 1309 1310 1311 1312 1313 1314 1315 1316 1317 1318 1319 1320 1321 1322 1323 1324 1325 1326 1327 1328 1329 1330 1331 1332 1333 1334 1335 1336 1337 1338 1339 1340 1341 1342 1343 1344 1345 1346 1347 1348 1349 1350 1351 1352 1353 1354 1355 1356 1357 1358 1359 1360 1361 1362 1363 1364 1365 1366 1367 1368 1369 1370 1371 1372 1373 1374 1375 1376 1377 1378 1379 1380 1381 1382 1383 1384 1385 1386 1387 1388 1389 1390 1391 1392 1393 1394 1395 1396 1397 1398 1399 1400 1401 1402 1403 1404 1405 1406 1407 1408 1409 1410 1411 1412 1413 1414 1415 1416 1417 1418 1419 1420 1421 1422 1423 1424 1425 1426 1427 1428 1429 1430 1431 1432 1433 1434 1435 1436 1437 1438 1439 1440 1441 1442 1443 1444 1445 1446 1447 1448 1449 1450 1451 1452 1453 1454 1455 1456 1457 1458 1459 1460 1461 1462 1463 1464 1465 1466 1467 1468 1469 1470 1471 1472 1473 1474 1475 1476 1477 1478 1479 1480 1481 1482 1483 1484 1485 1486 1487 1488 1489 1490 1491 1492 1493 1494 1495 1496 1497 1498 1499 1500 1501 1502 1503 1504 1505 1506 1507 1508 1509 1510 1511 1512 1513 1514 1515 1516 1517 1518 1519 1520 1521 1522 1523 1524 -1 1525 1526 1527 1528 1529 1530 1531 1532 1533 1534 1535 1536 1537 1538 1539 1540 1541 1542 1543 1544 1545 1546 1547 1548 1549 1550 1551 1552 1553 1554 1555 1556 1557 1558 1559 1560 1561 1562 1563 1564 1565 1566 1567 1568 1569 1570 1571 1572 1573 1574 1575 1576 1577 1578 1579 1580 1581 1582 1583 1584 1585 1586 1587 1588 1589 1590 1591 -1 1592 1593 1594 1595 1596 1597 1598 1599 1600 1601 -1 1602 1603 1604 1605 1606 1607 1608 1609 1610 1611 1612 1613 1614 1615 1616 1617 1618 1619 1620 1621 1622 1623 1624 1625 1626 1627 1628 1629 1630 1631 1632 1633 1634 1635 1636 1637 1638 1639 1640 1641 1642 1643 1644 1645 1646 1647 1648 1649 1650 1651 1652 1653 1654 1655 1656 1657 1658 1659 1660 1661 1662 1663 1664 1665 1666 1667 1668 1669 1670 1671 1672 1673 1674 1675 1676 1677 1678 1679 1680 1681 1682 1683 1684 1685 1686 1687 1688 1689 1690 1691 1692 1693 1694 1695 1696 1697 1698 1699 1700 1701 1702 1703 1704 1705 1706 1707 1708 1709 1710 1711 1712 1713 1714 1715 1716 1717 1718 1719 1720 1721 1722 1723 1724 1725 1726 1727 1728 1729 1730 1731 1732 1733 -1 1734 1735 1736 1737 1738 1739 1740 1741 1742 1743 1744 1745 1746 1747 1748 1749 1750 1751 1752 1753 1754 1755 1756 1757 1758 1759 1760 1761 1762 1763 1764 1765 1766 1767 1768 1769 1770 1771 1772 1773 1774 1775 1776 1777 1778 1779 1780 1781 1782 1783 1784 1785 1786 1787 1788 1789 1790 1791 1792 1793 1794 1795 1796 1797 1798 1799 1800 1801 1802 1803 1804 1805 1806 1807 1808 1809 1810 1811 1812 1813 1814 1815 1816 1817 1818 1819 1820 1821 1822 1823 1824 1825 1826 1827 1828 1829 1830 1831 1832 1833 1834 1835 1836 1837 1838 1839 1840 1841 1842 1843 -1 1844 1845 1846 1847 -1 1848 1849 1850 1851 -1 1852 1853 1854 1855 -1 1856 1857 1858 1859 -1 1860 1861 1862 1863 -1 1864 1865 1866 1867 -1 1868 1869 1870 1871 -1 1872 1873 1874 1875 -1 1876 1877 1878 1879 -1 1880 1881 1882 1883 -1 1884 1885 1886 1887 1888 1889 1890 1891 1892 1893 1894 1895 1896 1897 1898 1899 1900 1901 1902 1903 1904 1905 1906 1907 1908 1909 1910 1911 1912 1913 1914 1915 1916 1917 1918 1919 1920 1921 1922 1923 1924 1925 1926 1927 1928 1929 1930 1931 1932 1933 1934 1935 1936 1937 1938 1939 1940 1941 1942 1943 1944 1945 1946 1947 1948 1949 1950 1951 1952 1953 1954 1955 1956 1957 1958 1959 1960 1961 1962 1963 1964 -1 1965 1966 1967 1968 -1 1969 1970 1971 1972 -1 1973 1974 1975 1976 -1 1977 1978 1979 1980 -1 1981 1982 1983 1984 -1 1985 1986 1987 1988 -1 1989 1990 1991 1992 -1 1993 1994 1995 1996 -1 1997 1998 1999 2000 -1 2001 2002 2003 2004 -1 2005 2006 2007 2008 -1 2009 2010 2011 2012 -1 2013 2014 2015 -1 2016 2017 2018 -1 2019 2020 2021 2022 -1 2023 2024 2025 2026 -1 2027 2028 2029 2030 -1 2031 2032 2033 2034 -1 2035 2036 2037 2038 -1 2039 2040 2041 2042 -1 2043 2044 2045 2046 -1 2047 2048 2049 2050 -1 2051 2052 2053 2054 -1 2055 2056 2057 2058 -1 2059 2060 2061 2062 -1 2063 2064 2065 2066 -1 2067 2068 2069 2070 -1 2071 2072 2073 2074 -1 2075 2076 2077 2078 -1 2079 2080 2081 2082 -1 2083 2084 2085 2086 -1 2087 2088 2089 2090 -1 2091 2092 2093 2094 -1 2095 2096 2097 2098 -1 2099 2100 2101 2102 -1 2103 2104 2105 2106 -1 2107 2108 2109 2110 -1 2111 2112 2113 2114 -1 2115 2116 2117 2118 -1 2119 2120 2121 2122 -1 2123 2124 2125 2126 -1 2127 2128 2129 2130 -1 2131 2132 2133 2134 -1 2135 2136 2137 2138 -1 2139 2140 2141 2142 -1 2143 2144 2145 2146 -1 2147 2148 2149 2150 -1 2151 2152 2153 2154 -1 2155 2156 2157 2158 -1 2159 2160 2161 2162 -1 2163 2164 2165 2166 -1 2167 2168 2169 2170 -1 2171 2172 2173 2174 -1 2175 2176 2177 2178 -1 2179 2180 2181 2182 -1 2183 2184 2185 2186 -1 2187 2188 2189 2190 -1 2191 2192 2193 2194 -1 2195 2196 2197 2198 -1 2199 2200 2201 2202 -1 2203 2204 2205 2206 -1 2207 2208 2209 2210 -1 2211 2212 2213 2214 -1 2215 2216 2217 2218 -1 2219 2220 2221 2222 -1 2223 2224 2225 2226 -1 2227 2228 2229 2230 -1 2231 2232 2233 2234 -1 2235 2236 2237 2238 -1 2239 2240 2241 2242 -1 2243 2244 2245 2246 -1 2247 2248 2249 2250 -1 2251 2252 2253 2254 -1 2255 2256 2257 2258 -1 2259 2260 2261 2262 -1 2263 2264 2265 2266 -1 2267 2268 2269 2270 -1 2271 2272 2273 2274 -1 2275 2276 2277 2278 -1 2279 2280 2281 2282 -1 2283 2284 2285 2286 -1 2287 2288 2289 2290 -1 2291 2292 2293 2294 -1 2295 2296 2297 2298 -1 2299 2300 2301 2302 -1 2303 2304 2305 2306 -1 2307 2308 2309 2310 -1 2311 2312 2313 2314 -1 2315 2316 2317 2318 -1 2319 2320 2321 2322 -1 2323 2324 2325 2326 -1 2327 2328 2329 2330 -1 2331 2332 2333 2334 -1 2335 2336 2337 2338 -1 2339 2340 2341 2342 -1 2343 2344 2345 2346 -1 2347 2348 2349 2350 -1 2351 2352 2353 2354 -1 2355 2356 2357 2358 -1 2359 2360 2361 2362 -1 2363 2364 2365 2366 -1 2367 2368 2369 2370 -1 2371 2372 2373 2374 -1 2375 2376 2377 2378 -1 2379 2380 2381 2382 -1 2383 2384 2385 2386 -1 2387 2388 2389 2390 -1 2391 2392 2393 2394 -1 2395 2396 2397 2398 -1 2399 2400 2401 2402 -1 2403 2404 2405 2406 -1 2407 2408 2409 2410 -1 2411 2412 2413 2414 -1 2415 2416 2417 2418 -1 2419 2420 2421 2422 -1 2423 2424 2425 2426 -1 2427 2428 2429 2430 -1 2431 2432 2433 2434 -1 2435 2436 2437 2438 -1 2439 2440 2441 2442 -1 2443 2444 2445 2446 -1 2447 2448 2449 2450 -1 2451 2452 2453 2454 -1 2455 2456 2457 2458 -1 2459 2460 2461 -1 2462 2463 2464 -1 2465 2466 2467 2468 -1 2469 2470 2471 2472 -1 2473 2474 2475 2476 -1 2477 2478 2479 2480 -1 2481 2482 2483 2484 -1 2485 2486 2487 2488 -1 2489 2490 2491 2492 -1 2493 2494 2495 2496 -1 2497 2498 2499 2500 -1 2501 2502 2503 2504 -1 2505 2506 2507 2508 -1 2509 2510 2511 2512 -1 2513 2514 2515 2516 -1 2517 2518 2519 2520 -1 2521 2522 2523 2524 -1 2525 2526 2527 2528 -1 2529 2530 2531 2532 -1 2533 2534 2535 2536 -1 2537 2538 2539 2540 -1 2541 2542 2543 2544 -1 2545 2546 2547 2548 -1 2549 2550 2551 2552 -1 2553 2554 2555 2556 -1 2557 2558 2559 2560 -1 2561 2562 2563 2564 -1 2565 2566 2567 2568 -1 2569 2570 2571 2572 -1 2573 2574 2575 2576 -1 2577 2578 2579 2580 -1 2581 2582 2583 2584 -1 2585 2586 2587 2588 -1 2589 2590 2591 2592 -1 2593 2594 2595 2596 -1 2597 2598 2599 2600 -1 2601 2602 2603 2604 -1 2605 2606 2607 2608 -1 2609 2610 2611 2612 -1 2613 2614 2615 2616 -1 2617 2618 2619 2620 -1 2621 2622 2623 2624 -1 2625 2626 2627 -1 2628 2629 2630 -1 2631 2632 2633 2634 -1 2635 2636 2637 2638 -1 2639 2640 2641 2642 -1 2643 2644 2645 2646 -1 2647 2648 2649 2650 -1 2651 2652 2653 2654 -1 2655 2656 2657 2658 -1 2659 2660 2661 2662 -1 2663 2664 2665 2666 -1 2667 2668 2669 2670 -1 2671 2672 2673 2674 -1 2675 2676 2677 2678 -1 2679 2680 2681 2682 -1 2683 2684 2685 2686 -1 2687 2688 2689 2690 -1 2691 2692 2693 2694 -1 2695 2696 2697 2698 -1 2699 2700 2701 2702 -1 2703 2704 2705 2706 -1 2707 2708 2709 2710 -1 2711 2712 2713 2714 -1 2715 2716 2717 2718 -1 2719 2720 2721 2722 -1 2723 2724 2725 2726 -1 2727 2728 2729 2730 -1 2731 2732 2733 2734 -1 2735 2736 2737 2738 -1 2739 2740 2741 2742 -1 2743 2744 2745 2746 -1 2747 2748 2749 2750 -1 2751 2752 2753 2754 -1 2755 2756 2757 2758 -1 2759 2760 2761 2762 -1 2763 2764 2765 2766 -1 2767 2768 2769 2770 -1 2771 2772 2773 2774 -1 2775 2776 2777 2778 -1 2779 2780 2781 2782 -1 2783 2784 2785 2786 -1 2787 2788 2789 2790 -1 2791 2792 2793 2794 -1 2795 2796 2797 2798 -1 2799 2800 2801 2802 -1 2803 2804 2805 2806 -1 2807 2808 2809 -1 2810 2811 2812 2813 -1 2814 2815 2816 2817 -1 2818 2819 2820 2821 -1 2822 2823 2824 2825 -1 2826 2827 2828 2829 -1 2830 2831 2832 -1 2833 2834 2835 2836 2837 2838 2839 2840 2841 2842 2843 2844 2845 2846 2847 2848 2849 2850 2851 2852 2853 2854 2855 2856 2857 2858 2859 2860 2861 2862 2863 2864 2865 2866 2867 2868 2869 2870 2871 2872 2873 2874 2875 2876 2877 2878 2879 2880 2881 2882 2883 2884 2885 2886 2887 2888 2889 2890 2891 2892 2893 2894 2895 2896 2897 2898 2899 2900 2901 2902 2903 2904 2905 2906 2907 2908 2909 2910 2911 2912 2913 2914 2915 2916 2917 2918 2919 2920 2921 2922 2923 2924 2925 2926 2927 2928 2929 2930 2931 2932 2933 2934 2935 2936 2937 2938 2939 2940 2941 2942 2943 2944 2945 2946 2947 2948 2949 2950 2951 2952 2953 2954 2955 2956 2957 2958 2959 2960 2961 2962 2963 2964 2965 2966 2967 2968 2969 2970 2971 2972 2973 2974 2975 2976 2977 2978 2979 2980 2981 2982 2983 2984 2985 2986 2987 2988 2989 2990 2991 2992 2993 2994 2995 2996 2997 2998 2999 3000 3001 3002 3003 3004 3005 3006 3007 3008 3009 3010 3011 3012 3013 3014 3015 3016 3017 3018 3019 3020 3021 3022 3023 3024 3025 3026 3027 3028 3029 3030 3031 3032 3033 3034 3035 3036 3037 3038 3039 3040 3041 3042 3043 3044 3045 3046 3047 3048 3049 3050 3051 3052 3053 3054 3055 3056 3057 3058 3059 3060 3061 3062 3063 3064 3065 3066 3067 3068 3069 3070 3071 3072 3073 3074 3075 3076 3077 3078 3079 3080 3081 3082 3083 3084 3085 3086 3087 3088 3089 3090 3091 3092 3093 3094 3095 3096 3097 3098 3099 3100 3101 3102 3103 3104 3105 3106 3107 3108 3109 3110 3111 3112 3113 3114 3115 3116 3117 3118 3119 3120 3121 3122 3123 3124 3125 3126 3127 3128 3129 3130 3131 -1 3132 3133 3134 3135 3136 3137 3138 3139 3140 3141 3142 3143 3144 3145 3146 3147 3148 3149 3150 3151 3152 3153 3154 3155 3156 3157 3158 3159 3160 3161 3162 3163 3164 3165 3166 3167 3168 3169 3170 3171 3172 3173 3174 3175 3176 3177 3178 3179 3180 3181 3182 3183 3184 3185 3186 3187 3188 3189 3190 3191 3192 3193 3194 3195 3196 3197 3198 3199 3200 3201 3202 3203 3204 3205 3206 3207 3208 3209 3210 3211 3212 3213 3214 3215 3216 3217 3218 3219 -1 3220 3221 3222 3223 3224 3225 3226 3227 3228 3229 3230 3231 3232 3233 3234 3235 3236 3237 -1 3238 3239 3240 3241 3242 3243 3244 3245 3246 3247 -1 "
						                coordIndex="0 19 9 4 -1 19 472 7 9 -1 12 17 19 0 -1 17 481 472 19 -1 474 476 481 17 -1 13 474 17 12 -1 0 4 15 12 -1 16 13 22 25 -1 21 23 30 27 -1 12 15 23 21 -1 13 12 21 22 -1 53 50 39 45 -1 29 22 34 -1 29 34 37 -1 25 22 29 31 -1 70 68 60 57 -1 22 21 33 34 -1 51 48 41 43 -1 21 27 36 33 -1 43 41 113 116 -1 41 46 119 113 -1 48 54 46 41 -1 50 55 42 39 -1 54 53 45 46 -1 37 36 53 54 -1 27 30 55 50 -1 29 37 54 48 -1 31 29 48 51 -1 36 27 50 53 -1 62 58 76 80 -1 72 70 57 58 -1 73 72 58 62 -1 68 73 62 60 -1 36 37 67 63 -1 37 34 66 67 -1 34 33 64 66 -1 33 36 63 64 -1 63 67 73 68 -1 67 66 72 73 -1 66 64 70 72 -1 64 63 68 70 -1 80 76 82 86 -1 60 62 80 78 -1 57 60 78 75 -1 58 57 75 76 -1 81 84 90 87 -1 78 80 86 84 -1 78 84 96 93 -1 76 75 81 82 -1 87 90 108 105 -1 82 81 87 88 -1 86 82 88 92 -1 84 86 92 90 -1 98 95 101 104 -1 84 81 98 96 -1 81 75 95 98 -1 75 78 93 95 -1 101 99 102 104 -1 96 98 104 102 -1 93 96 102 99 -1 95 93 99 101 -1 106 105 108 109 -1 88 87 105 106 -1 92 88 106 109 -1 90 92 109 108 -1 119 117 126 128 -1 117 111 121 126 -1 45 39 111 117 -1 46 45 117 119 -1 39 42 114 111 -1 121 123 125 122 -1 145 142 129 132 -1 111 114 123 121 -1 113 119 128 122 -1 116 113 122 125 -1 167 166 150 152 -1 146 145 132 134 -1 142 143 131 129 -1 143 146 134 131 -1 122 128 139 140 -1 121 122 140 136 -1 128 126 137 139 -1 126 121 136 137 -1 140 139 146 143 -1 136 140 143 142 -1 139 137 145 146 -1 137 136 142 145 -1 1808 148 149 152 150 1296 1295 1294 1301 1377 1434 1438 1463 1447 1448 1460 1461 1560 1493 1492 1504 1502 1511 1509 1525 1524 1522 1531 1527 1528 1551 1549 1538 1533 1534 1542 1546 1543 1578 1580 1588 1590 1592 1595 1596 1597 1631 1672 1670 1668 1666 1625 1623 1621 1619 1617 1615 1612 1611 1608 1609 1610 1613 1614 1616 1618 1620 1622 1624 1665 1667 1669 1671 1673 1674 1675 1676 1677 1678 1679 1680 1681 1682 1683 1684 1685 1686 1687 1689 1691 1694 1696 1698 1700 1702 1704 1706 1709 1712 1714 1862 1865 1867 1869 1870 1871 1872 1873 1874 1875 1846 1817 1801 1802 1803 1804 1805 1806 1807 -1 169 167 152 149 -1 170 169 149 148 -1 176 159 154 171 -1 171 173 158 157 -1 174 162 158 173 -1 2097 2095 2096 2168 2070 2071 2072 2073 2067 2065 2066 2068 2069 2074 2062 2063 2064 2075 2076 2077 2078 2079 2058 2060 2061 2090 2091 2092 2093 2094 2040 2042 2048 2047 2046 2045 2022 2021 2020 2019 2018 2017 2016 2015 2014 2013 2012 2011 2010 2009 2008 2007 2006 2005 2004 2003 2002 2001 2000 1999 1998 1997 1996 1995 1994 1993 1992 1991 1990 1989 1968 1966 1967 1979 1955 1956 1957 1961 1950 1951 1952 1953 1954 1978 1965 1963 1964 1972 1969 1970 1971 1973 1983 1984 1982 1980 1981 1988 1987 1985 1986 1974 1975 1976 1977 1958 1959 1960 1962 1941 1937 1938 1939 1940 1934 1932 1933 1935 1936 1942 1927 1928 1929 1930 1931 1943 1944 1945 1920 1921 1923 1924 1919 1926 1912 1916 1949 1948 1947 1894 1893 1892 1886 1885 1884 1883 1881 1880 1882 161 157 158 162 2156 2155 2157 2158 2152 2150 2151 2153 2154 2159 2147 2148 2149 2160 2161 2162 2163 2164 2138 2139 2140 2141 2142 2143 2144 2145 2146 2133 2134 2137 2167 2166 2121 2120 2129 2128 2127 2126 2125 2124 2123 2105 2098 2099 2100 2102 2101 2103 -1 2029 2041 2039 2038 2037 2036 2034 2033 2035 2059 2053 2052 2050 2049 2051 2057 2055 2054 2056 2081 2080 2082 2083 2084 2085 2086 2087 2088 2089 2043 2025 2024 2023 2044 2028 2027 2026 2032 2031 2030 -1 1898 1909 1903 1902 1904 1908 1906 1905 1907 1946 1914 1913 1915 1910 1911 1925 1917 1918 1922 2333 1890 1888 1887 1889 1891 1896 1895 1897 1901 1900 1899 -1 2109 2119 2115 2114 2113 2122 2117 2116 2118 2165 2136 2135 2131 2130 2132 2104 2108 2107 2106 2112 2111 2110 -1 159 164 155 154 -1 132 129 164 159 -1 2759 2760 2786 2787 2788 2789 2790 2791 2792 2793 2794 2795 2796 2797 2798 2842 2834 2962 2963 2964 2965 2848 2849 2874 2877 2922 2925 2927 2931 2932 2857 2855 2856 2870 2867 2866 2862 2860 2861 2933 2863 2864 2865 2868 2869 2871 2858 2859 2852 2853 2854 2879 2845 2843 2844 2850 2851 2934 2972 2971 2968 2967 2825 2824 2823 2829 2817 2816 2815 2835 2810 2809 2811 2812 2804 2803 2805 2806 2807 2813 2814 2969 2970 2973 2974 2975 2976 2977 2978 2979 2831 2830 2827 2826 2820 2821 2822 2828 2818 2819 2102 2100 2935 2899 2896 2880 2893 3003 3005 2999 3000 3039 3040 3041 3042 3029 3028 3032 3033 3034 3036 3037 3057 3058 3059 3060 3043 3044 3047 3049 3050 3051 3052 3053 3054 3055 3083 3082 3086 3087 3090 3091 3093 3094 3098 3163 3099 3100 3081 3079 3080 3164 3165 3166 3167 3168 3169 3170 3171 3172 3173 3174 3175 3176 3177 3178 3179 3180 3181 3182 3183 3184 3185 3186 3187 3188 3189 3190 3067 3068 3069 2156 162 148 1808 2256 2257 2258 2259 2260 2261 2262 2263 2264 2265 2266 2267 2268 2269 2270 2271 2272 2273 2252 2253 2254 2255 3119 3120 3121 3122 3123 3124 3125 3126 3127 3128 3129 3130 3131 3132 3116 3117 3115 3113 3114 3118 3110 3108 3109 3111 3112 3133 3104 3105 3106 3107 3101 3102 3103 3155 3154 3153 3152 3151 3150 3149 3148 3147 3146 3145 3144 3143 3142 3141 3140 3139 3138 3137 3136 3134 3135 3097 3096 3095 3092 3089 3088 3085 3084 3162 3161 3160 3159 3158 3156 3157 3035 3031 3030 3038 3056 3204 3203 2892 2894 2895 2886 2882 2881 2888 2889 2890 2891 2930 2929 2928 2926 2924 2923 2921 2878 2876 2875 2873 2872 2847 2846 2952 2954 2956 2957 2958 2959 2960 2961 2833 2832 2836 2837 2838 2839 2840 2808 2799 2800 2802 2801 2841 2785 2784 2783 2782 2781 2780 2779 2777 2775 2773 2771 2769 2766 2765 2955 2953 2951 2950 2949 2948 2947 2946 2945 2944 2943 2942 2731 2729 2728 2725 2723 2721 2720 2740 2739 2756 2755 2754 2305 2304 2303 2302 2301 2300 2299 2298 2240 2239 2238 2237 2236 2201 2200 2199 2198 2197 2196 2195 2194 2193 2192 2191 2190 2189 2188 2187 2186 2185 2183 2182 2181 2180 2179 2178 2177 2176 2175 2174 2173 2172 2171 2170 2184 1296 150 161 1882 2310 2312 2311 2169 2334 2390 2391 2392 2514 2515 2516 2517 2518 2519 2520 2521 2522 2523 2524 2525 2526 2527 2528 2529 2530 2432 2433 2436 2438 2440 2441 2457 2458 2461 2462 2464 2465 2467 2468 2469 2470 2472 2473 2475 2476 2477 2478 2479 2480 2482 2483 2485 2486 2487 2488 2489 2491 2492 2494 2495 2496 2552 2497 2498 2499 2500 2501 2502 2503 2504 2505 2506 2507 2508 2509 2510 2511 2512 2513 2455 2454 2449 2450 2445 2430 2431 1974 1986 2448 2447 2451 2452 2453 2456 2534 2535 2531 2532 2533 2539 2536 2537 2538 2638 2639 2640 2584 2583 2579 2580 2566 2567 2568 2577 2573 2574 2575 2632 2587 2585 2586 2597 2593 2591 2592 2609 2598 2599 2600 2606 2604 2605 2601 2602 2603 2642 2081 2056 2753 2752 2751 2750 2749 2748 2747 2746 2745 2744 2743 2738 2737 2672 2671 2670 2637 2636 2635 2634 2633 2631 2630 2641 2618 2619 2620 2627 2624 2625 2621 2622 2623 2742 2648 2647 2646 2650 2654 2652 2651 2655 2669 2668 2666 2665 2736 2735 2734 2693 2690 2689 2688 2719 2715 2714 2704 2712 2709 2710 2708 2966 2706 2705 2707 2711 2702 2701 2703 2713 2698 2697 2699 2700 2695 2694 2696 2718 2685 2684 2686 2682 2674 2673 2675 2677 2678 2691 2692 2733 2662 2660 2661 2663 2664 2667 2658 2659 2657 2656 2653 2649 2643 2741 2615 2616 2610 2611 2629 2608 2589 2590 2596 2569 2572 2564 2565 2559 2560 2562 2556 2554 2557 2582 2548 2550 2549 2551 2545 2546 2543 2553 2542 2540 2541 2544 2547 2581 2555 2561 2558 2578 2563 2576 2570 2571 2595 2594 2588 2607 2628 2614 2612 2613 2617 2626 2644 2645 2722 2724 2726 2727 2730 2732 2676 2687 2679 2680 2681 2683 2716 2717 2767 2768 2770 2772 2774 2776 2778 2763 2762 2764 2758 2757 -1 2205 2231 2230 2229 2228 2227 2225 2224 2221 2219 2217 2215 2309 2308 2307 2306 2285 2284 2286 2287 2288 2289 2290 2291 2292 2293 2294 2295 2296 2297 2246 2245 2242 1571 1300 2274 2275 2276 2277 2278 2279 2280 2281 2282 2283 2232 2233 2234 2235 2214 2213 2216 2218 2220 2222 2223 2226 2211 2210 2203 2202 2204 2212 2209 2208 2207 2206 -1 2249 1861 1487 2241 2243 2244 2248 2247 2250 2251 -1 2393 2368 2367 2369 2371 2370 2372 2365 2364 2366 2373 2362 2361 2363 2396 2397 2400 2401 2404 2405 2407 2335 2336 2337 2338 2339 2340 2341 2342 2343 2344 2345 2346 2347 2348 2349 2350 2351 2352 2353 2354 2355 2356 2357 2358 2321 2322 2323 2324 2325 2326 2327 2328 2329 2330 2331 2332 2316 2317 2318 2319 2314 2313 2315 2320 2333 1922 2360 2359 2417 2416 2415 2414 2413 2412 2410 2409 2384 2383 2385 2389 2388 2387 2386 2446 2420 2419 2418 2426 2423 2422 2421 2425 2424 2444 2427 2429 2428 2493 2490 2484 2481 2474 2471 2466 2463 2460 2459 2443 2442 2439 2437 2435 2434 2411 2408 2406 2403 2402 2399 2398 2395 2394 2378 2377 2379 2381 2380 2382 2376 2375 2374 -1 2990 3004 2987 2986 2988 2989 2984 2983 2985 3008 3009 3011 3013 3014 3061 3062 3063 3064 2897 2898 2900 2901 2902 2903 2904 2905 2906 2907 2908 2909 2910 2911 2912 2913 2914 2915 2936 2937 2938 2939 2940 2941 2917 2916 2919 2920 2883 2885 2884 2887 2104 2132 2918 3205 2981 2980 2982 3078 3077 3076 3075 3074 3073 3072 3071 3070 3065 3066 3202 3201 3200 3199 3198 3197 3196 3195 3194 3193 3192 3191 3025 3024 3022 3021 3023 3026 3020 3019 3018 3027 3017 3016 3015 3048 3046 3045 3012 3010 3007 3006 3002 3001 2995 2994 2993 2997 2996 2998 2992 2991 -1 170 148 162 174 -1 166 132 159 176 -1 150 166 176 161 -1 129 170 174 164 -1 164 174 173 155 -1 154 155 173 171 -1 161 176 171 157 -1 129 131 169 170 -1 131 134 167 169 -1 134 132 166 167 -1 1334 1332 1331 1333 1339 1341 1343 1311 1312 1313 1314 1315 1316 1317 1318 1319 1320 1321 1322 1323 1324 1325 1326 1327 1328 1329 1330 1302 1303 1304 1305 1306 1307 1308 1309 1310 1297 1298 1299 1300 1571 1471 1424 1423 1422 1421 1420 1419 1418 1417 1416 1415 1414 1413 1412 1411 1410 1408 1406 1404 1401 1400 1398 1397 1396 1395 1352 1351 1350 1349 1348 1347 1346 1345 1344 1342 1340 1338 1337 1336 1335 -1 177 4 9 184 -1 184 9 7 179 -1 180 177 184 183 -1 183 184 179 508 -1 182 183 508 506 -1 501 180 183 182 -1 177 180 15 4 -1 16 25 188 501 -1 187 189 30 23 -1 180 187 23 15 -1 501 188 187 180 -1 208 202 199 206 -1 191 194 188 -1 191 197 194 -1 25 31 191 188 -1 224 210 214 223 -1 188 194 192 187 -1 51 43 200 205 -1 187 192 196 189 -1 43 116 267 200 -1 200 267 270 203 -1 205 200 203 209 -1 206 199 42 55 -1 209 203 202 208 -1 197 209 208 196 -1 189 206 55 30 -1 191 205 209 197 -1 31 51 205 191 -1 196 208 206 189 -1 215 233 230 212 -1 225 212 210 224 -1 227 215 212 225 -1 223 214 215 227 -1 196 217 221 197 -1 197 221 219 194 -1 194 219 218 192 -1 192 218 217 196 -1 217 223 227 221 -1 221 227 225 219 -1 219 225 224 218 -1 218 224 223 217 -1 233 239 236 230 -1 214 231 233 215 -1 210 229 231 214 -1 212 230 229 210 -1 235 241 244 237 -1 231 237 239 233 -1 231 246 249 237 -1 230 236 235 229 -1 241 258 261 244 -1 236 242 241 235 -1 239 245 242 236 -1 237 244 245 239 -1 251 257 254 248 -1 237 249 251 235 -1 235 251 248 229 -1 229 248 246 231 -1 254 257 255 252 -1 249 255 257 251 -1 246 252 255 249 -1 248 254 252 246 -1 260 263 261 258 -1 242 260 258 241 -1 245 263 260 242 -1 244 261 263 245 -1 270 275 274 268 -1 268 274 271 264 -1 202 268 264 199 -1 203 270 268 202 -1 199 264 114 42 -1 271 272 125 123 -1 292 280 277 289 -1 264 271 123 114 -1 267 272 275 270 -1 116 125 272 267 -1 314 299 298 313 -1 294 282 280 292 -1 289 277 278 291 -1 291 278 282 294 -1 272 288 286 275 -1 271 283 288 272 -1 275 286 285 274 -1 274 285 283 271 -1 288 291 294 286 -1 283 289 291 288 -1 286 294 292 285 -1 285 292 289 283 -1 295 298 299 296 -1 316 296 299 314 -1 317 295 296 316 -1 323 319 301 307 -1 319 304 305 320 -1 322 320 305 310 -1 310 305 304 308 -1 307 301 302 312 -1 280 307 312 277 -1 295 310 308 298 -1 317 322 310 295 -1 313 323 307 280 -1 298 308 323 313 -1 277 312 322 317 -1 312 302 320 322 -1 301 319 320 302 -1 308 304 319 323 -1 277 317 316 278 -1 278 316 314 282 -1 282 314 313 280 -1 326 351 392 394 -1 357 351 326 334 -1 353 356 333 327 -1 356 357 334 333 -1 333 334 348 347 -1 327 333 347 339 -1 334 326 341 348 -1 348 341 342 350 -1 367 362 342 359 -1 341 361 384 380 -1 344 359 389 386 -1 364 367 359 344 -1 338 336 357 356 -1 330 338 356 353 -1 336 328 351 357 -1 328 346 398 400 -1 367 364 371 372 -1 350 342 362 -1 350 362 363 -1 369 368 372 371 -1 364 331 369 371 -1 331 355 368 369 -1 355 367 372 368 -1 377 376 374 379 -1 362 367 379 374 -1 367 355 377 379 -1 383 382 380 384 -1 361 359 383 384 -1 359 342 382 383 -1 342 341 380 382 -1 386 389 391 388 -1 359 361 391 389 -1 346 344 386 388 -1 361 346 388 391 -1 397 395 394 392 -1 361 341 395 397 -1 341 326 394 395 -1 351 361 397 392 -1 398 401 402 400 -1 351 328 400 402 -1 361 351 402 401 -1 346 361 401 398 -1 404 460 459 420 -1 426 409 404 420 -1 421 406 407 425 -1 425 407 409 426 -1 407 415 417 409 -1 406 411 415 407 -1 409 417 412 404 -1 417 418 414 412 -1 433 427 414 431 -1 412 447 451 429 -1 344 453 456 427 -1 364 344 427 433 -1 338 425 426 336 -1 330 421 425 338 -1 336 426 420 328 -1 328 466 465 346 -1 433 440 438 364 -1 418 432 431 -1 418 431 414 -1 437 438 440 435 -1 364 438 437 331 -1 331 437 435 423 -1 423 435 440 433 -1 444 445 441 442 -1 431 441 445 433 -1 433 445 444 423 -1 450 451 447 448 -1 429 451 450 427 -1 427 450 448 414 -1 414 448 447 412 -1 453 454 457 456 -1 427 456 457 429 -1 346 454 453 344 -1 429 457 454 346 -1 463 459 460 462 -1 429 463 462 412 -1 412 462 460 404 -1 420 459 463 429 -1 465 466 470 468 -1 420 470 466 328 -1 429 468 470 420 -1 346 465 468 429 -1 503 529 534 515 -1 511 526 525 496 -1 519 520 522 517 -1 511 517 522 516 -1 526 528 523 525 -1 496 525 523 504 -1 504 523 528 516 -1 516 528 526 511 -1 533 534 529 531 -1 515 534 533 516 -1 516 533 531 504 -1 504 531 529 503 -1 536 537 540 539 -1 516 539 540 515 -1 546 541 543 545 -1 515 546 545 503 -1 327 339 13 2 -1 348 350 481 476 -1 347 348 476 474 -1 339 347 474 13 -1 353 327 2 477 -1 350 363 481 -1 411 406 498 501 -1 418 417 506 508 -1 417 415 182 506 -1 415 411 501 182 -1 406 421 510 498 -1 432 418 508 -1 1353 1359 1354 1358 1393 1394 1362 1363 1368 1370 1371 1373 1366 1390 1391 1392 1385 1386 1387 1399 1402 1403 1405 1407 1409 1427 1428 1430 1432 1441 1442 1443 1444 1445 1446 1465 1466 1467 1468 1563 1564 1565 1566 1567 1568 1569 1570 1469 1470 1472 1473 1474 1475 1476 1477 1478 1479 1480 1481 1482 1483 1484 1485 1459 1457 1453 1451 1452 1456 1455 1454 1458 1501 1500 1499 1498 1497 1496 1491 1490 1489 1488 1486 1519 1520 1521 1517 1516 1514 1513 1508 1506 1553 1554 1555 1556 1557 1558 1559 1878 1879 1632 1630 1628 1626 1639 1637 1635 1633 1661 1663 1641 1642 1654 1649 1645 1646 1876 1877 1726 1729 1731 1733 1735 1737 1767 1769 1771 1773 1775 1744 1745 1747 1749 1758 1760 1763 1765 1753 1752 1751 1750 1754 1756 1755 1764 1762 1761 1759 1757 1748 1746 1743 1742 1774 1772 1770 1768 1766 1736 1734 1732 1730 1728 1727 1849 1848 1847 1844 1845 1653 1652 1651 1662 1660 1659 1658 1657 1656 1724 1723 1722 1721 1720 1719 1718 1717 1868 1866 1864 1863 1716 1715 1713 1711 1710 1708 1707 1705 1703 1701 1699 1697 1695 1693 1692 1690 1688 1607 1606 1605 1604 1603 1602 1601 1600 1599 1598 1585 1584 1583 1587 1586 1594 1593 1591 1589 1582 1581 1579 1577 1544 1545 1547 1540 1541 1548 1535 1536 1537 1539 1550 1529 1530 1532 1523 1526 1552 1510 1512 1515 1503 1505 1518 1494 1495 1561 1562 1462 1449 1450 1464 1439 1440 1435 1433 1436 1437 1431 1429 1426 1425 1572 1573 1574 1575 1576 1378 1375 1376 1384 1383 1382 1381 1379 1380 1365 1364 1374 1372 1369 1367 1361 1360 1388 1389 1357 1356 1355 -1 1796 1795 1794 1818 1825 1826 1827 1828 1829 1830 1831 1832 1833 1778 1780 1782 1784 1786 1788 1789 1791 1792 1776 1777 1738 1739 1740 1741 1850 1851 1647 1648 1650 1655 1643 1644 1664 1634 1636 1638 1640 1725 1627 1629 1507 1487 1861 1860 1859 1858 1857 1856 1855 1854 1853 1852 1843 1842 1841 1840 1839 1838 1837 1836 1835 1834 1793 1790 1787 1785 1783 1781 1779 1824 1823 1822 1821 1820 1819 1816 1815 1814 1813 1812 1811 1810 1809 1799 -1 442 441 431 432 508 179 7 472 481 363 362 374 376 377 355 331 423 444 -1 13 16 501 498 510 421 330 353 477 2 -1 "
						                >
							<Coordinate DEF="coords_ME_Body_003"
							            point="-0.335287 0.679101 10.675322 -1.599637 0.360660 0.052374 -0.187542 -0.475078 10.794710 -1.598688 0.362209 0.052374 0.000000 0.923711 10.612711 -1.597957 0.363915 0.052374 -1.597434 0.365764 0.052374 0.000000 1.127350 12.157978 -1.597110 0.367743 0.052374 0.000000 1.479037 11.728484 -1.596977 0.369836 0.052374 -1.597026 0.372030 0.052374 -0.447822 0.333333 10.593010 -0.339912 -0.227199 10.701586 -1.597248 0.374310 0.052374 -0.000000 0.562865 10.646822 0.000000 -0.333333 10.738774 -0.987394 0.333333 11.703272 -1.597634 0.376662 0.052374 -0.836119 0.861332 11.703275 -1.598862 0.381525 0.052374 -0.547144 0.441892 10.110667 -0.709752 -0.492939 10.283176 -0.000000 0.626756 10.115794 -1.600638 0.386503 0.052374 -0.000000 -0.599073 10.212362 -1.602892 0.391483 0.052374 -0.610775 0.947530 9.596924 -1.605552 0.396350 0.052374 -0.593730 -0.947092 9.669861 -0.000000 1.013966 9.543771 0.000000 -0.698293 9.555638 -1.608547 0.400990 0.052374 -1.614580 0.489309 9.919265 -1.817906 -0.482883 10.034197 -1.611806 0.405288 0.052374 -1.024898 0.307738 9.642086 -1.154335 -0.610631 9.782653 -1.615257 0.409130 0.052374 -0.594926 0.369711 6.735324 -1.618829 0.412401 0.052374 -0.161297 -0.865745 7.024152 0.000000 0.388699 6.581953 0.000000 -0.817804 7.015316 -1.620638 0.413787 0.052374 -0.990287 0.241604 7.061333 -0.980720 -0.565157 7.151101 -1.622451 0.414987 0.052374 -0.613087 -0.786295 8.549238 -1.624259 0.415987 0.052374 -0.639033 0.729995 8.411124 0.000000 -0.827249 8.458961 -1.626052 0.416773 0.052374 -0.979734 0.389245 8.567813 -0.971290 -0.602808 8.669285 -0.000000 0.746252 8.370226 -1.627822 0.417331 0.052374 -2.257675 0.177809 6.708739 -2.354027 -0.184879 6.670154 -1.629560 0.417645 0.052374 -1.953358 0.139100 6.619205 -1.631256 0.417703 0.052374 -1.994551 -0.228050 6.588412 -1.533268 0.183649 8.223577 -1.923093 0.277050 8.360010 -1.632903 0.417489 0.052374 -2.071188 -0.346277 8.422660 -1.604996 -0.363850 8.284378 -1.601463 0.270385 7.819277 -1.632949 0.379702 0.052374 -2.042248 0.368465 7.966884 -1.631548 0.376449 0.052374 -2.194793 -0.286936 7.998500 -1.675066 -0.342150 7.878649 -1.630206 0.373388 0.052374 -2.416245 0.444212 6.360926 -2.447001 -0.311100 6.324852 -1.628918 0.370517 0.052374 -2.059987 0.363599 6.290236 -1.627683 0.367835 0.052374 -2.042686 -0.401005 6.260951 -2.496474 0.486796 5.860728 -2.598535 -0.283367 5.843032 -1.626495 0.365339 0.052374 -2.155502 0.406182 5.802270 -1.625352 0.363027 0.052374 -2.209505 -0.373272 5.791363 -2.496968 0.358166 5.400893 -2.541935 -0.141687 5.358912 -1.624249 0.360898 0.052374 -2.375010 0.304818 5.353592 -1.623184 0.358948 0.052374 -2.395593 -0.201184 5.323479 -2.085978 0.523233 6.061620 -1.622153 0.357176 0.052374 -2.344058 0.588743 6.191331 -2.199046 0.558676 5.710020 -1.621152 0.355580 0.052374 -2.457127 0.624186 5.839731 -2.136654 0.758134 5.682326 -1.619227 0.352907 0.052374 -2.305021 0.809699 5.714236 -2.237637 0.698204 5.518761 -1.617380 0.350912 0.052374 -2.406005 0.749768 5.550670 -2.504990 0.236758 5.274098 -2.528781 -0.027705 5.251888 -1.615584 0.349577 0.052374 -2.440465 0.208533 5.249073 -2.451355 -0.059184 5.233140 -1.614697 0.349152 0.052374 -0.619062 0.516951 5.870440 -1.613811 0.348886 0.052374 -0.326603 -1.034748 6.303755 0.000000 0.543701 5.899880 -1.612923 0.348777 0.052374 0.000000 -0.851618 6.283624 -1.289075 0.336473 6.185413 -1.612031 0.348823 0.052374 -1.275596 -0.733305 6.297035 -1.611129 0.349020 0.052374 -0.222323 0.604387 5.619613 -0.160931 -0.762968 5.786178 0.000000 0.484936 5.316837 -1.610216 0.349369 0.052374 0.000000 -0.804434 5.617440 -1.335965 0.393517 5.648268 -1.608339 0.350508 0.052374 -1.320217 -0.665522 5.736268 -1.337926 0.197156 0.554197 -1.606371 0.352224 0.052374 -1.013799 -0.590355 0.939649 -1.947689 -0.144572 0.555024 -1.604283 0.354499 0.052374 -1.686532 -0.744415 0.940476 -1.602048 0.357317 0.052374 -0.882860 0.497545 3.853721 -1.374861 0.404398 3.861011 -1.635080 0.416955 0.052374 -1.655700 -0.680686 3.951058 -0.573283 -0.787795 3.935023 -1.636966 0.416307 0.052374 -0.869155 0.189553 3.293018 -0.859049 -0.794931 3.355978 -1.638563 0.415516 0.052374 -1.663742 0.039133 3.299215 -1.653636 -0.716312 3.362175 -1.639870 0.414556 0.052374 -1.214194 0.154227 0.012987 -0.992960 -0.823624 0.012987 -2.013532 -0.187501 0.012987 -1.640886 0.413397 0.052374 -1.586859 -0.927374 0.012987 -1.641613 0.412014 0.052374 -2.306558 0.601071 0.514207 -1.696796 0.942798 0.513380 -1.642051 0.410378 0.052374 -2.477407 0.763740 0.012987 -1.608118 1.128196 0.012987 -2.088271 0.242385 0.598548 -1.642198 0.408461 0.052374 -2.190229 0.176759 0.012987 -1.390892 0.518486 0.012987 -1.642056 0.406236 0.052374 -1.478508 0.584113 0.597721 -1.641623 0.403674 0.052374 -1.993356 -0.178369 0.281089 -1.634160 -0.877992 0.510755 -1.640902 0.400750 0.052374 -0.972703 -0.743359 0.510032 -1.257500 0.178543 0.280225 -2.423007 0.707772 0.242842 -1.639890 0.397433 0.052374 -1.687151 1.064683 0.241978 -1.423189 0.548896 0.337402 -1.638589 0.393698 0.052374 -2.159045 0.191985 0.338266 0.335287 0.679101 10.675322 -1.636998 0.389517 0.052374 0.593764 0.809429 12.411076 0.447822 0.333333 10.593010 -1.635118 0.384861 0.052374 0.987393 -0.333333 11.703273 0.987393 0.333334 11.703273 0.836119 0.861332 11.703274 -1.611651 0.302475 0.052374 -1.655758 0.283634 0.052374 0.547144 0.441892 10.110667 0.709549 -0.492939 10.283067 0.610775 0.947530 9.596923 -1.540320 0.385997 0.052374 0.593730 -0.947092 9.669860 1.614580 0.489309 9.919264 -1.539964 0.379182 0.052374 1.817925 -0.482883 10.034185 -1.540155 0.372687 0.052374 1.024899 0.307737 9.642086 1.154337 -0.610631 9.782653 -1.540913 0.366490 0.052374 0.594927 0.369711 6.735323 0.161297 -0.865745 7.024152 -1.542258 0.360568 0.052374 0.990287 0.241604 7.061333 0.980720 -0.565157 7.151100 -1.544211 0.354897 0.052374 0.613087 -0.786295 8.549238 0.639033 0.729995 8.411124 -1.546793 0.349454 0.052374 0.979734 0.389245 8.567813 0.971290 -0.602808 8.669284 2.257677 0.177807 6.708740 -1.550023 0.344216 0.052374 2.354029 -0.184880 6.670154 -1.551888 0.341667 0.052374 1.953359 0.139098 6.619205 1.994555 -0.228051 6.588412 -1.553922 0.339161 0.052374 1.533269 0.183648 8.223577 1.923094 0.277049 8.360010 2.071188 -0.346278 8.422660 -1.556129 0.336693 0.052374 1.604997 -0.363851 8.284378 -1.558511 0.334263 0.052374 1.601462 0.270384 7.819276 2.042248 0.368465 7.966883 2.194793 -0.286937 7.998500 -1.561070 0.331867 0.052374 1.675065 -0.342151 7.878649 -1.563810 0.329501 0.052374 2.416245 0.444210 6.360926 2.447001 -0.311102 6.324853 2.059987 0.363597 6.290237 -1.566732 0.327164 0.052374 2.042686 -0.401007 6.260952 -1.569839 0.324852 0.052374 2.496474 0.486794 5.860729 2.598535 -0.283369 5.843033 2.155500 0.406181 5.802270 -1.573133 0.322562 0.052374 2.209505 -0.373274 5.791364 -1.576618 0.320291 0.052374 2.496967 0.358164 5.400893 2.541935 -0.141689 5.358912 -1.580296 0.318037 0.052374 2.375010 0.304816 5.353593 2.395594 -0.201187 5.323480 2.085975 0.523232 6.061620 -1.584169 0.315796 0.052374 2.344057 0.588741 6.191331 2.199046 0.558675 5.710019 -1.588240 0.313566 0.052374 2.457127 0.624184 5.839731 2.136656 0.758132 5.682326 -1.592511 0.311344 0.052374 2.305023 0.809697 5.714236 2.237638 0.698202 5.518761 -1.596985 0.309127 0.052374 2.406006 0.749767 5.550669 2.504989 0.236756 5.274099 -1.601665 0.306911 0.052374 2.528782 -0.027707 5.251888 2.440464 0.208530 5.249073 -1.606552 0.304695 0.052374 2.451356 -0.059186 5.233140 0.619062 0.516951 5.870439 -1.668260 0.451844 0.052374 -1.661374 0.454329 0.052374 0.326603 -1.034748 6.303755 1.289075 0.336473 6.185411 -1.654650 0.456511 0.052374 1.275596 -0.733305 6.297034 0.222323 0.604387 5.619612 0.160931 -0.762968 5.786178 -1.648090 0.458390 0.052374 1.335965 0.393517 5.648267 1.320217 -0.665523 5.736267 -1.641697 0.459967 0.052374 1.337926 0.197156 0.554197 1.013799 -0.590355 0.939649 -1.635473 0.461243 0.052374 1.947689 -0.144572 0.555024 -1.629421 0.462219 0.052374 1.686533 -0.744415 0.940475 0.882860 0.497545 3.853720 -1.623543 0.462897 0.052374 1.374861 0.404398 3.861010 1.655700 -0.680687 3.951057 -1.617842 0.463277 0.052374 0.573283 -0.787795 3.935022 0.869156 0.189553 3.293017 -1.612319 0.463361 0.052374 0.859050 -0.794931 3.355978 1.663742 0.039133 3.299214 -1.606978 0.463150 0.052374 1.653636 -0.716312 3.362174 1.214194 0.154227 0.012987 0.992960 -0.823624 0.012987 -1.601821 0.462644 0.052374 2.013532 -0.187501 0.012987 1.586859 -0.927374 0.012987 -1.596850 0.461845 0.052374 2.306558 0.601071 0.514207 1.696796 0.942798 0.513380 -1.592068 0.460754 0.052374 2.477407 0.763739 0.012987 1.608118 1.128195 0.012987 -1.587477 0.459372 0.052374 2.088271 0.242385 0.598548 2.190229 0.176759 0.012987 -1.583079 0.457701 0.052374 1.390892 0.518486 0.012987 -1.578878 0.455740 0.052374 1.478508 0.584113 0.597721 1.993356 -0.178369 0.281089 1.634160 -0.877992 0.510755 -1.574875 0.453492 0.052374 0.972704 -0.743359 0.510032 1.257500 0.178543 0.280225 -1.571074 0.450957 0.052374 2.423007 0.707772 0.242842 1.687151 1.064683 0.241978 -1.567475 0.448137 0.052374 1.423189 0.548896 0.337402 2.159045 0.191985 0.338266 -1.564083 0.445033 0.052374 -1.560899 0.441645 0.052374 -0.422941 -0.656329 12.842704 -0.202880 -0.495216 10.778610 0.000000 -0.849077 13.013130 -1.557925 0.437975 0.052374 0.000000 -0.649348 10.760118 0.000000 1.001874 12.896292 -1.555165 0.434024 0.052374 -0.791471 -0.858518 11.695504 -0.804317 -0.820475 12.363836 -1.552621 0.429793 0.052374 -0.000000 -0.991759 12.361012 -1.550294 0.425283 0.052374 -0.000000 -1.029629 11.748995 -0.361308 -0.239744 10.684708 -1.548188 0.420495 0.052374 -0.646380 -0.341965 13.008001 -0.642391 0.339380 13.014078 -1.546305 0.415431 0.052374 0.000000 0.344277 13.227064 -1.544648 0.410091 0.052374 0.000000 -0.334665 13.229101 -1.013095 -0.346247 11.694746 -1.026268 -0.342710 12.379651 -1.543218 0.404477 0.052374 -1.014727 0.333333 12.394739 -0.204751 -0.758373 12.930807 -1.542018 0.398589 0.052374 -0.096661 -0.578528 10.770211 -1.541052 0.392429 0.052374 -0.232875 0.869116 12.847438 -0.372597 -0.951104 11.724216 -0.379078 -0.913005 12.362315 -1.714537 0.433875 0.052374 -0.293559 0.349623 13.126985 -1.684985 0.358374 0.052374 -0.301199 -0.327006 13.130163 -0.634171 0.336663 13.020235 -1.010922 0.341681 12.395268 0.000000 0.331976 13.229100 -1.709315 0.261657 0.052374 -1.713593 0.257894 0.052374 -0.297962 0.331447 13.131439 -0.196793 1.188332 13.170712 -0.102779 1.232784 13.190442 -1.717574 0.254447 0.052374 -0.100076 1.023681 13.294639 -0.219408 1.023184 13.258031 -1.721186 0.251370 0.052374 -0.578026 0.966181 13.203133 -1.724356 0.248713 0.052374 -0.521110 1.107214 13.121829 -0.408199 1.162806 13.148554 -1.725752 0.247558 0.052374 -0.433565 0.964762 13.253671 -0.621771 0.280109 13.301827 -1.727011 0.246528 0.052374 -0.616300 0.576964 13.289286 -0.457172 0.576798 13.341829 -0.459854 0.280077 13.354978 -1.728123 0.245630 0.052374 -0.161335 0.564928 13.395083 -1.729079 0.244869 0.052374 -0.164851 0.290367 13.409251 -0.296509 0.564767 13.350138 -1.729870 0.244252 0.052374 -0.302389 0.290339 13.363206 -0.409390 -0.400598 13.313217 -1.730487 0.243786 0.052374 -0.558233 -0.345662 13.252160 -0.689551 -0.135596 13.342907 -1.730921 0.243477 0.052374 -0.470296 -0.131725 13.418871 -0.197757 -0.135479 13.465342 -1.731162 0.243332 0.052374 -0.203049 -0.394087 13.377663 -0.358687 -0.137375 13.409822 -0.314388 -0.350794 13.329777 -1.709778 0.328001 0.052374 0.422941 -0.656329 12.842704 -1.707689 0.326835 0.052374 0.202880 -0.495216 10.778610 0.791470 -0.858518 11.695504 -1.705733 0.325544 0.052374 0.804317 -0.820475 12.363836 -1.702222 0.322616 0.052374 0.361308 -0.239744 10.684708 0.646380 -0.341965 13.008001 -1.699246 0.319270 0.052374 0.642391 0.339380 13.014078 1.013094 -0.346247 11.694746 -1.696806 0.315558 0.052374 1.026268 -0.342710 12.379651 1.014727 0.333333 12.394740 -1.694901 0.311533 0.052374 0.204751 -0.758373 12.930807 0.096661 -0.578528 10.770211 -1.693532 0.307248 0.052374 0.232875 0.869115 12.847438 -1.692698 0.302754 0.052374 0.372597 -0.951104 11.724216 0.379078 -0.913005 12.362315 0.293559 0.349622 13.126985 -1.692400 0.298106 0.052374 0.301199 -0.327007 13.130163 -1.692639 0.293356 0.052374 0.634171 0.336663 13.020235 1.010922 0.341680 12.395269 0.297962 0.331447 13.131439 -1.693412 0.288556 0.052374 0.196794 1.188332 13.170712 -1.694722 0.283758 0.052374 0.102779 1.232784 13.190442 0.100076 1.023680 13.294639 -1.696568 0.279016 0.052374 0.219408 1.023184 13.258031 0.578026 0.966180 13.203133 0.521110 1.107214 13.121829 -1.698950 0.274382 0.052374 0.408199 1.162805 13.148554 0.433566 0.964761 13.253671 -1.701869 0.269909 0.052374 0.621771 0.280109 13.301827 0.616300 0.576964 13.289286 -1.705324 0.265650 0.052374 0.457172 0.576798 13.341829 0.459854 0.280077 13.354978 -1.717345 0.356241 0.052374 0.161336 0.564928 13.395083 0.164851 0.290367 13.409251 -1.718288 0.353243 0.052374 0.296509 0.564767 13.350138 0.302389 0.290339 13.363206 -1.719070 0.350501 0.052374 0.409390 -0.400598 13.313217 0.558234 -0.345662 13.252160 -1.719684 0.347997 0.052374 0.689551 -0.135596 13.342907 0.470296 -0.131725 13.418871 -1.720125 0.345711 0.052374 0.197757 -0.135479 13.465342 0.203049 -0.394087 13.377663 -1.720387 0.343622 0.052374 0.358687 -0.137375 13.409822 -1.720464 0.341711 0.052374 0.314388 -0.350794 13.329777 -1.720351 0.339957 0.052374 -0.593763 0.809430 12.411075 -1.720041 0.338342 0.052374 -0.987394 -0.333333 11.703273 -1.719528 0.336845 0.052374 -1.000000 -0.333333 12.368604 -0.088604 -0.552489 10.782743 -1.718807 0.335446 0.052374 -1.717872 0.334125 0.052374 -1.716717 0.332863 0.052374 -1.000000 0.333333 12.368604 -1.715336 0.331640 0.052374 -1.713723 0.330435 0.052374 -1.711872 0.329228 0.052374 -1.825137 0.381236 0.052374 -1.821187 0.385701 0.052374 -1.817000 0.389763 0.052374 -1.812603 0.393429 0.052374 -1.808025 0.396706 0.052374 -1.803292 0.399599 0.052374 -1.798432 0.402116 0.052374 -1.793473 0.404262 0.052374 -1.788441 0.406044 0.052374 -1.783364 0.407469 0.052374 -1.778271 0.408542 0.052374 0.470539 0.697451 12.804008 -1.773187 0.409271 0.052374 0.187542 -0.475078 10.794710 -1.523308 -0.232815 0.052374 -1.768141 0.409661 0.052374 0.339912 -0.227199 10.701586 -1.763160 0.409719 0.052374 0.621813 -0.333333 12.993102 0.621813 0.333333 12.993102 -1.758271 0.409451 0.052374 1.000000 -0.333333 12.368604 -1.753502 0.408864 0.052374 1.000000 0.333333 12.368605 -1.748881 0.407965 0.052374 0.088604 -0.552489 10.782743 0.222304 0.843760 12.859495 -1.523515 -0.232905 0.052374 -1.744434 0.406758 0.052374 -1.740189 0.405252 0.052374 0.293774 -0.333333 13.101793 0.293774 0.333333 13.101793 0.175927 1.166889 13.168526 -1.736174 0.403452 0.052374 0.111272 1.204996 13.182978 0.111272 1.018436 13.267304 -1.732415 0.401365 0.052374 0.196713 1.018436 13.238995 0.552845 0.960577 13.187818 -1.728942 0.398997 0.052374 0.501242 1.084785 13.123314 0.416564 1.134695 13.142241 -1.725780 0.396355 0.052374 0.440944 0.960577 13.224895 0.599367 0.284298 13.282321 -1.722957 0.393444 0.052374 0.599367 0.553199 13.282321 -1.720501 0.390272 0.052374 0.467052 0.553199 13.326161 0.467052 0.284298 13.326161 -1.718439 0.386845 0.052374 0.170799 0.540752 13.380051 0.170799 0.293827 13.380051 -1.716799 0.383168 0.052374 0.279609 0.540752 13.343998 0.279609 0.293827 13.343998 0.416027 -0.383838 13.289237 -1.715607 0.379250 0.052374 0.541039 -0.325829 13.237635 -1.714892 0.375095 0.052374 0.665658 -0.150748 13.332932 0.474903 -0.150748 13.396135 -1.714681 0.370710 0.052374 -1.715001 0.366102 0.052374 -1.715880 0.361277 0.052374 -1.811953 0.329318 0.052374 -1.814959 0.328929 0.052374 -1.817806 0.328709 0.052374 -1.820493 0.328654 0.052374 -1.823020 0.328760 0.052374 -1.825385 0.329024 0.052374 -1.827588 0.329440 0.052374 -1.829628 0.330006 0.052374 -1.831505 0.330718 0.052374 -1.833216 0.331571 0.052374 -1.834762 0.332561 0.052374 -1.836141 0.333685 0.052374 -1.837353 0.334939 0.052374 -1.838396 0.336319 0.052374 -1.839271 0.337821 0.052374 -1.839975 0.339441 0.052374 -1.840509 0.341174 0.052374 -1.840872 0.343018 0.052374 -1.841062 0.344969 0.052374 -1.841078 0.347021 0.052374 -1.840921 0.349172 0.052374 -1.840588 0.351418 0.052374 -1.840080 0.353754 0.052374 -1.839395 0.356177 0.052374 -1.838532 0.358683 0.052374 -1.837491 0.361267 0.052374 -1.836271 0.363926 0.052374 -1.834871 0.366657 0.052374 -1.833289 0.369454 0.052374 -1.831526 0.372315 0.052374 -1.829580 0.375235 0.052374 -1.827451 0.378210 0.052374 -1.785543 0.349591 0.052374 -1.786023 0.347458 0.052374 -1.786646 0.345451 0.052374 -1.787456 0.343590 0.052374 -1.788331 0.341811 0.052374 -1.789400 0.340171 0.052374 -1.790622 0.338649 0.052374 -1.792001 0.337242 0.052374 -1.793540 0.335947 0.052374 -1.795242 0.334761 0.052374 -1.797110 0.333683 0.052374 -1.799146 0.332709 0.052374 -1.801353 0.331837 0.052374 -1.803734 0.331064 0.052374 -1.806293 0.330389 0.052374 -1.809032 0.329808 0.052374 -1.772718 0.359566 0.052374 -1.773890 0.360309 0.052374 -1.775004 0.360867 0.052374 -1.776064 0.361241 0.052374 -1.777070 0.361430 0.052374 -1.778023 0.361437 0.052374 -1.778927 0.361260 0.052374 -1.779782 0.360902 0.052374 -1.780590 0.360362 0.052374 -1.781352 0.359642 0.052374 -1.782070 0.358741 0.052374 -1.782745 0.357661 0.052374 -1.783380 0.356402 0.052374 -1.783976 0.354965 0.052374 -1.784534 0.353351 0.052374 -1.785056 0.351559 0.052374 -1.771014 0.332418 0.052374 -1.769725 0.336785 0.052374 -1.768877 0.341100 0.052374 -1.768465 0.345251 0.052374 -1.768483 0.349123 0.052374 -1.768923 0.352604 0.052374 -1.769779 0.355580 0.052374 -1.770362 0.356844 0.052374 -1.771047 0.357938 0.052374 -1.771832 0.358850 0.052374 -1.758773 0.307972 0.052374 -1.762065 0.308648 0.052374 -1.764950 0.309301 0.052374 -1.767443 0.309961 0.052374 -1.769559 0.310657 0.052374 -1.771312 0.311418 0.052374 -1.772719 0.312274 0.052374 -1.773793 0.313253 0.052374 -1.774551 0.314384 0.052374 -1.775007 0.315697 0.052374 -1.775176 0.317220 0.052374 -1.775073 0.318984 0.052374 -1.774714 0.321016 0.052374 -1.774113 0.323347 0.052374 -1.773286 0.326004 0.052374 -1.772248 0.329018 0.052374 -1.743262 0.294815 0.052374 -1.743037 0.295647 0.052374 -1.743009 0.296510 0.052374 -1.743172 0.297398 0.052374 -1.743515 0.298304 0.052374 -1.744714 0.300138 0.052374 -1.746538 0.301958 0.052374 -1.748922 0.303708 0.052374 -1.751800 0.305331 0.052374 -1.755106 0.306771 0.052374 -1.756729 0.292660 0.052374 -1.754682 0.291388 0.052374 -1.752581 0.290581 0.052374 -1.750505 0.290228 0.052374 -1.748533 0.290315 0.052374 -1.746744 0.290830 0.052374 -1.745943 0.291244 0.052374 -1.745216 0.291760 0.052374 -1.744576 0.292377 0.052374 -1.744029 0.293093 0.052374 -1.743588 0.293906 0.052374 -1.808448 0.264273 0.052374 -1.808609 0.264748 0.052374 -1.808664 0.266296 0.052374 -1.808365 0.267422 0.052374 -1.807816 0.268612 0.052374 -1.807033 0.269858 0.052374 -1.806033 0.271151 0.052374 -1.804832 0.272482 0.052374 -1.803445 0.273843 0.052374 -1.800181 0.276618 0.052374 -1.796371 0.279406 0.052374 -1.792144 0.282138 0.052374 -1.787630 0.284743 0.052374 -1.782958 0.287152 0.052374 -1.778259 0.289296 0.052374 -1.773661 0.291103 0.052374 -1.769294 0.292505 0.052374 -1.765288 0.293431 0.052374 -1.763460 0.293694 0.052374 -1.761772 0.293813 0.052374 -1.760238 0.293777 0.052374 -1.758875 0.293579 0.052374 -1.757700 0.293209 0.052374 -1.750602 0.240424 0.052374 -1.754037 0.239927 0.052374 -1.757819 0.239833 0.052374 -1.761880 0.240114 0.052374 -1.766149 0.240738 0.052374 -1.770558 0.241677 0.052374 -1.775038 0.242900 0.052374 -1.779518 0.244379 0.052374 -1.783930 0.246083 0.052374 -1.788204 0.247983 0.052374 -1.792272 0.250049 0.052374 -1.796063 0.252252 0.052374 -1.799508 0.254561 0.052374 -1.802539 0.256948 0.052374 -1.805085 0.259382 0.052374 -1.807078 0.261833 0.052374 -1.731452 0.243398 0.052374 -1.731908 0.243430 0.052374 -1.733283 0.243396 0.052374 -1.735213 0.243230 0.052374 -1.737623 0.242933 0.052374 -1.740442 0.242504 0.052374 -1.743593 0.241943 0.052374 -1.747005 0.241249 0.052374 -1.758111 -0.169277 0.052374 -1.757917 -0.169265 0.052374 -1.757775 -0.169185 0.052374 -1.757399 -0.168898 0.052374 -1.756902 -0.168445 0.052374 -1.756288 -0.167832 0.052374 -1.755560 -0.167060 0.052374 -1.754721 -0.166135 0.052374 -1.753773 -0.165059 0.052374 -1.751567 -0.162474 0.052374 -1.748967 -0.159334 0.052374 -1.745998 -0.155670 0.052374 -1.742685 -0.151513 0.052374 -1.739053 -0.146894 0.052374 -1.735128 -0.141842 0.052374 -1.730935 -0.136388 0.052374 -1.726498 -0.130563 0.052374 -1.721844 -0.124397 0.052374 -1.716996 -0.117921 0.052374 -1.711981 -0.111165 0.052374 -1.706823 -0.104160 0.052374 -1.791721 -0.092766 0.052374 -1.788526 -0.100245 0.052374 -1.785407 -0.107544 0.052374 -1.782379 -0.114623 0.052374 -1.779457 -0.121445 0.052374 -1.776656 -0.127970 0.052374 -1.773991 -0.134161 0.052374 -1.771478 -0.139980 0.052374 -1.769131 -0.145388 0.052374 -1.766966 -0.150346 0.052374 -1.764997 -0.154816 0.052374 -1.763239 -0.158760 0.052374 -1.761708 -0.162140 0.052374 -1.760419 -0.164917 0.052374 -1.759870 -0.166068 0.052374 -1.759387 -0.167053 0.052374 -1.758971 -0.167869 0.052374 -1.758626 -0.168510 0.052374 -1.758352 -0.168971 0.052374 -1.817242 -0.005652 0.052374 -1.817978 -0.007729 0.052374 -1.818426 -0.010185 0.052374 -1.818583 -0.013036 0.052374 -1.818442 -0.016295 0.052374 -1.817999 -0.019979 0.052374 -1.817249 -0.024101 0.052374 -1.816186 -0.028678 0.052374 -1.814805 -0.033724 0.052374 -1.813102 -0.039253 0.052374 -1.811071 -0.045281 0.052374 -1.808708 -0.051824 0.052374 -1.806006 -0.058895 0.052374 -1.802962 -0.066509 0.052374 -1.799570 -0.074683 0.052374 -1.795824 -0.083430 0.052374 -1.766880 0.068015 0.052374 -1.775975 0.055692 0.052374 -1.784689 0.043660 0.052374 -1.788837 0.037845 0.052374 -1.792812 0.032216 0.052374 -1.796586 0.026810 0.052374 -1.800134 0.021663 0.052374 -1.803430 0.016814 0.052374 -1.806448 0.012299 0.052374 -1.809160 0.008158 0.052374 -1.811543 0.004426 0.052374 -1.813568 0.001141 0.052374 -1.815210 -0.001658 0.052374 -1.816444 -0.003935 0.052374 -1.816899 -0.004866 0.052374 -1.722830 0.129094 0.052374 -1.657879 -0.035595 0.052374 -1.590086 -0.004839 0.052374 -1.500626 -0.014285 0.052374 -1.626800 0.074796 0.052374 -1.663839 0.155191 0.052374 -1.471451 0.138455 0.052374 -1.434737 0.058820 0.052374 -1.404757 -0.021892 0.052374 -1.404548 -0.021796 0.052374 -1.404395 -0.021583 0.052374 -1.404323 -0.021378 0.052374 -1.404252 -0.020819 0.052374 -1.404274 -0.020065 0.052374 -1.404389 -0.019122 0.052374 -1.404594 -0.017995 0.052374 -1.404886 -0.016690 0.052374 -1.405265 -0.015210 0.052374 -1.405727 -0.013563 0.052374 -1.406271 -0.011752 0.052374 -1.407595 -0.007662 0.052374 -1.409222 -0.002981 0.052374 -1.411134 0.002248 0.052374 -1.413316 0.007984 0.052374 -1.415750 0.014184 0.052374 -1.418420 0.020808 0.052374 -1.421310 0.027814 0.052374 -1.424403 0.035160 0.052374 -1.427683 0.042804 0.052374 -1.431133 0.050705 0.052374 -1.491460 -0.015361 0.052374 -1.482480 -0.016365 0.052374 -1.473736 -0.017298 0.052374 -1.465280 -0.018155 0.052374 -1.457162 -0.018935 0.052374 -1.449434 -0.019637 0.052374 -1.442146 -0.020258 0.052374 -1.435349 -0.020797 0.052374 -1.429093 -0.021251 0.052374 -1.423431 -0.021618 0.052374 -1.418412 -0.021897 0.052374 -1.416160 -0.022002 0.052374 -1.414088 -0.022085 0.052374 -1.412203 -0.022144 0.052374 -1.410510 -0.022180 0.052374 -1.409016 -0.022193 0.052374 -1.407728 -0.022181 0.052374 -1.406651 -0.022146 0.052374 -1.405793 -0.022086 0.052374 -1.405160 -0.022002 0.052374 -1.600048 -0.072040 0.052374 -1.600895 -0.072918 0.052374 -1.601841 -0.073942 0.052374 -1.604021 -0.076408 0.052374 -1.606559 -0.079398 0.052374 -1.609424 -0.082871 0.052374 -1.612589 -0.086788 0.052374 -1.616022 -0.091107 0.052374 -1.619696 -0.095789 0.052374 -1.623581 -0.100793 0.052374 -1.627646 -0.106078 0.052374 -1.631864 -0.111604 0.052374 -1.636205 -0.117332 0.052374 -1.640638 -0.123220 0.052374 -1.649668 -0.135316 0.052374 -1.658719 -0.147570 0.052374 -1.667556 -0.159658 0.052374 -1.671821 -0.165540 0.052374 -1.675944 -0.171259 0.052374 -1.679896 -0.176775 0.052374 -1.683648 -0.182049 0.052374 -1.687171 -0.187038 0.052374 -1.690434 -0.191704 0.052374 -1.693409 -0.196006 0.052374 -1.696067 -0.199903 0.052374 -1.698377 -0.203355 0.052374 -1.700311 -0.206322 0.052374 -1.701839 -0.208763 0.052374 -1.702442 -0.209774 0.052374 -1.702932 -0.210639 0.052374 -1.703307 -0.211351 0.052374 -1.703561 -0.211907 0.052374 -1.703692 -0.212302 0.052374 -1.703696 -0.212529 0.052374 -1.422323 -0.092341 0.052374 -1.422429 -0.092161 0.052374 -1.422595 -0.091976 0.052374 -1.423102 -0.091594 0.052374 -1.423836 -0.091196 0.052374 -1.424789 -0.090782 0.052374 -1.425954 -0.090355 0.052374 -1.427324 -0.089914 0.052374 -1.428891 -0.089461 0.052374 -1.430647 -0.088996 0.052374 -1.434699 -0.088036 0.052374 -1.439418 -0.087039 0.052374 -1.444746 -0.086015 0.052374 -1.450622 -0.084969 0.052374 -1.456986 -0.083909 0.052374 -1.463778 -0.082843 0.052374 -1.470939 -0.081776 0.052374 -1.478407 -0.080717 0.052374 -1.486124 -0.079672 0.052374 -1.494028 -0.078648 0.052374 -1.510161 -0.076695 0.052374 -1.526326 -0.074913 0.052374 -1.534271 -0.074104 0.052374 -1.542043 -0.073360 0.052374 -1.549584 -0.072687 0.052374 -1.556832 -0.072092 0.052374 -1.563728 -0.071584 0.052374 -1.570212 -0.071168 0.052374 -1.576224 -0.070852 0.052374 -1.581704 -0.070643 0.052374 -1.586592 -0.070549 0.052374 -1.590828 -0.070576 0.052374 -1.592682 -0.070637 0.052374 -1.594351 -0.070731 0.052374 -1.595827 -0.070859 0.052374 -1.597102 -0.071022 0.052374 -1.598170 -0.071221 0.052374 -1.599021 -0.071456 0.052374 -1.599650 -0.071729 0.052374 -1.599878 -0.071879 0.052374 -1.469968 -0.163948 0.052374 -1.464849 -0.157224 0.052374 -1.459906 -0.150624 0.052374 -1.455162 -0.144186 0.052374 -1.450642 -0.137947 0.052374 -1.446368 -0.131945 0.052374 -1.442364 -0.126218 0.052374 -1.438653 -0.120803 0.052374 -1.435259 -0.115739 0.052374 -1.432205 -0.111061 0.052374 -1.429515 -0.106810 0.052374 -1.427212 -0.103021 0.052374 -1.425320 -0.099733 0.052374 -1.424535 -0.098288 0.052374 -1.423861 -0.096983 0.052374 -1.423302 -0.095822 0.052374 -1.422860 -0.094810 0.052374 -1.422538 -0.093951 0.052374 -1.422340 -0.093250 0.052374 -1.422267 -0.092712 0.052374 -1.422279 -0.092505 0.052374 -1.523118 -0.232370 0.052374 -1.522747 -0.231956 0.052374 -1.522256 -0.231382 0.052374 -1.521646 -0.230650 0.052374 -1.520922 -0.229765 0.052374 -1.520087 -0.228731 0.052374 -1.518096 -0.226235 0.052374 -1.515699 -0.223197 0.052374 -1.512922 -0.219652 0.052374 -1.509791 -0.215634 0.052374 -1.506332 -0.211179 0.052374 -1.502571 -0.206320 0.052374 -1.498534 -0.201093 0.052374 -1.494247 -0.195533 0.052374 -1.489736 -0.189674 0.052374 -1.485026 -0.183551 0.052374 -1.480145 -0.177199 0.052374 -1.475117 -0.170653 0.052374 -1.703587 -0.212667 0.052374 -1.703416 -0.212809 0.052374 -1.702898 -0.213107 0.052374 -1.702147 -0.213424 0.052374 -1.701173 -0.213758 0.052374 -1.699983 -0.214107 0.052374 -1.698585 -0.214473 0.052374 -1.696985 -0.214853 0.052374 -1.695193 -0.215246 0.052374 -1.693215 -0.215652 0.052374 -1.691059 -0.216071 0.052374 -1.686245 -0.216940 0.052374 -1.680811 -0.217846 0.052374 -1.674821 -0.218784 0.052374 -1.668334 -0.219745 0.052374 -1.661412 -0.220723 0.052374 -1.654117 -0.221711 0.052374 -1.646509 -0.222703 0.052374 -1.638651 -0.223690 0.052374 -1.630604 -0.224667 0.052374 -1.614187 -0.226563 0.052374 -1.597749 -0.228333 0.052374 -1.589676 -0.229154 0.052374 -1.581782 -0.229924 0.052374 -1.574129 -0.230635 0.052374 -1.566777 -0.231280 0.052374 -1.559789 -0.231853 0.052374 -1.553225 -0.232347 0.052374 -1.547147 -0.232754 0.052374 -1.541616 -0.233068 0.052374 -1.536694 -0.233283 0.052374 -1.534481 -0.233351 0.052374 -1.532443 -0.233391 0.052374 -1.530587 -0.233403 0.052374 -1.528922 -0.233385 0.052374 -1.527456 -0.233337 0.052374 -1.526195 -0.233259 0.052374 -1.525148 -0.233148 0.052374 -1.524322 -0.233005 0.052374 -1.523725 -0.232828 0.052374 -1.402775 -0.180208 0.052374 -1.411224 -0.191481 0.052374 -1.419610 -0.202520 0.052374 -1.427880 -0.213262 0.052374 -1.435983 -0.223645 0.052374 -1.443864 -0.233607 0.052374 -1.451473 -0.243086 0.052374 -1.458755 -0.252020 0.052374 -1.462258 -0.256263 0.052374 -1.465659 -0.260347 0.052374 -1.468953 -0.264264 0.052374 -1.472133 -0.268006 0.052374 -1.475192 -0.271565 0.052374 -1.478123 -0.274934 0.052374 -1.480920 -0.278104 0.052374 -1.483577 -0.281069 0.052374 -1.486086 -0.283820 0.052374 -1.488442 -0.286349 0.052374 -1.490638 -0.288649 0.052374 -1.492666 -0.290713 0.052374 -1.494522 -0.292532 0.052374 -1.496197 -0.294098 0.052374 -1.497686 -0.295404 0.052374 -1.498981 -0.296443 0.052374 -1.500077 -0.297205 0.052374 -1.500967 -0.297684 0.052374 -1.319794 -0.069228 0.052374 -1.372409 0.060266 0.052374 -1.440878 0.194933 0.052374 -1.438002 0.193447 0.052374 -1.435206 0.191484 0.052374 -1.432416 0.188906 0.052374 -1.431000 0.187344 0.052374 -1.429559 0.185578 0.052374 -1.428081 0.183589 0.052374 -1.426559 0.181362 0.052374 -1.424983 0.178878 0.052374 -1.423343 0.176121 0.052374 -1.421631 0.173074 0.052374 -1.419837 0.169719 0.052374 -1.417951 0.166040 0.052374 -1.415965 0.162019 0.052374 -1.413870 0.157639 0.052374 -1.411655 0.152884 0.052374 -1.409312 0.147735 0.052374 -1.406831 0.142176 0.052374 -1.404203 0.136190 0.052374 -1.401419 0.129759 0.052374 -1.398469 0.122867 0.052374 -1.395345 0.115497 0.052374 -1.392037 0.107631 0.052374 -1.388535 0.099252 0.052374 -1.384831 0.090343 0.052374 -1.380914 0.080887 0.052374 -1.376777 0.070867 0.052374 -1.720736 0.228806 0.052374 -1.719838 0.228904 0.052374 -1.718614 0.228957 0.052374 -1.717077 0.228966 0.052374 -1.715236 0.228933 0.052374 -1.713101 0.228859 0.052374 -1.710684 0.228745 0.052374 -1.707993 0.228592 0.052374 -1.705041 0.228401 0.052374 -1.701837 0.228175 0.052374 -1.698391 0.227913 0.052374 -1.694715 0.227617 0.052374 -1.690818 0.227289 0.052374 -1.686711 0.226929 0.052374 -1.682404 0.226540 0.052374 -1.677908 0.226121 0.052374 -1.668391 0.225202 0.052374 -1.658241 0.224182 0.052374 -1.647543 0.223070 0.052374 -1.636381 0.221878 0.052374 -1.624836 0.220614 0.052374 -1.612994 0.219288 0.052374 -1.588748 0.216491 0.052374 -1.564310 0.213565 0.052374 -1.552228 0.212078 0.052374 -1.540348 0.210589 0.052374 -1.528753 0.209107 0.052374 -1.517527 0.207641 0.052374 -1.506754 0.206203 0.052374 -1.496516 0.204801 0.052374 -1.486898 0.203445 0.052374 -1.482347 0.202788 0.052374 -1.477982 0.202146 0.052374 -1.473814 0.201520 0.052374 -1.469852 0.200912 0.052374 -1.466108 0.200323 0.052374 -1.462592 0.199755 0.052374 -1.459313 0.199207 0.052374 -1.456284 0.198683 0.052374 -1.453513 0.198182 0.052374 -1.451012 0.197706 0.052374 -1.448791 0.197257 0.052374 -1.446860 0.196835 0.052374 -1.445229 0.196443 0.052374 -1.883888 0.013539 0.052374 -1.882679 0.015427 0.052374 -1.881318 0.017507 0.052374 -1.879812 0.019771 0.052374 -1.878166 0.022213 0.052374 -1.876384 0.024825 0.052374 -1.874472 0.027600 0.052374 -1.872436 0.030533 0.052374 -1.870280 0.033614 0.052374 -1.865631 0.040198 0.052374 -1.860567 0.047295 0.052374 -1.855131 0.054850 0.052374 -1.849364 0.062807 0.052374 -1.843309 0.071110 0.052374 -1.837008 0.079702 0.052374 -1.830503 0.088528 0.052374 -1.823836 0.097532 0.052374 -1.796389 0.134204 0.052374 -1.789543 0.143256 0.052374 -1.782788 0.152150 0.052374 -1.776165 0.160829 0.052374 -1.769717 0.169238 0.052374 -1.763486 0.177321 0.052374 -1.757514 0.185021 0.052374 -1.751843 0.192282 0.052374 -1.746516 0.199049 0.052374 -1.743994 0.202230 0.052374 -1.741573 0.205266 0.052374 -1.739259 0.208150 0.052374 -1.737058 0.210876 0.052374 -1.734974 0.213436 0.052374 -1.733012 0.215823 0.052374 -1.731179 0.218031 0.052374 -1.729478 0.220052 0.052374 -1.727916 0.221880 0.052374 -1.726498 0.223507 0.052374 -1.725228 0.224926 0.052374 -1.724113 0.226130 0.052374 -1.723157 0.227113 0.052374 -1.722366 0.227867 0.052374 -1.897924 -0.010441 0.052374 -1.840857 -0.139831 0.052374 -1.782704 -0.269657 0.052374 -1.649602 -0.286539 0.052374 -1.501950 -0.297926 0.052374 -1.503264 -0.298124 0.052374 -1.504900 -0.298279 0.052374 -1.506847 -0.298391 0.052374 -1.509097 -0.298461 0.052374 -1.511640 -0.298489 0.052374 -1.514466 -0.298477 0.052374 -1.517567 -0.298425 0.052374 -1.520932 -0.298332 0.052374 -1.524553 -0.298201 0.052374 -1.528419 -0.298030 0.052374 -1.532521 -0.297822 0.052374 -1.536850 -0.297576 0.052374 -1.541396 -0.297294 0.052374 -1.546151 -0.296975 0.052374 -1.551103 -0.296620 0.052374 -1.556245 -0.296230 0.052374 -1.561566 -0.295805 0.052374 -1.572708 -0.294854 0.052374 -1.584455 -0.293771 0.052374 -1.596730 -0.292561 0.052374 -1.609458 -0.291228 0.052374 -1.622563 -0.289777 0.052374 -1.635970 -0.288213 0.052374 -1.886325 0.244496 0.052374 -1.884897 0.248232 0.052374 -1.883833 0.251976 0.052374 -1.883128 0.255707 0.052374 -1.882773 0.259403 0.052374 -1.882763 0.263042 0.052374 -1.883090 0.266600 0.052374 -1.883748 0.270057 0.052374 -1.884730 0.273391 0.052374 -1.886028 0.276578 0.052374 -1.887637 0.279597 0.052374 -1.889549 0.282426 0.052374 -1.891758 0.285043 0.052374 -1.894257 0.287425 0.052374 -1.897038 0.289551 0.052374 -1.900096 0.291398 0.052374 -1.903423 0.292944 0.052374 -1.921601 0.255505 0.052374 -1.920158 0.252183 0.052374 -1.918752 0.249060 0.052374 -1.917380 0.246135 0.052374 -1.916042 0.243408 0.052374 -1.914736 0.240878 0.052374 -1.913461 0.238544 0.052374 -1.912215 0.236406 0.052374 -1.910997 0.234463 0.052374 -1.909806 0.232714 0.052374 -1.908639 0.231159 0.052374 -1.907495 0.229797 0.052374 -1.906374 0.228626 0.052374 -1.905273 0.227647 0.052374 -1.904191 0.226859 0.052374 -1.903126 0.226261 0.052374 -1.902079 0.225853 0.052374 -1.901045 0.225632 0.052374 -1.900025 0.225600 0.052374 -1.899017 0.225756 0.052374 -1.898019 0.226097 0.052374 -1.897030 0.226625 0.052374 -1.896048 0.227338 0.052374 -1.895073 0.228235 0.052374 -1.894102 0.229316 0.052374 -1.893134 0.230580 0.052374 -1.892168 0.232026 0.052374 -1.891202 0.233655 0.052374 -1.890235 0.235464 0.052374 -1.889265 0.237453 0.052374 -1.888291 0.239622 0.052374 -1.887312 0.241970 0.052374 -1.905905 0.293895 0.052374 -1.908263 0.294703 0.052374 -1.910497 0.295371 0.052374 -1.912607 0.295897 0.052374 -1.914593 0.296284 0.052374 -1.916456 0.296531 0.052374 -1.918195 0.296639 0.052374 -1.919811 0.296608 0.052374 -1.921303 0.296439 0.052374 -1.923917 0.295689 0.052374 -1.925038 0.295108 0.052374 -1.926036 0.294391 0.052374 -1.926911 0.293538 0.052374 -1.927662 0.292550 0.052374 -1.928290 0.291427 0.052374 -1.928795 0.290170 0.052374 -1.929176 0.288778 0.052374 -1.929435 0.287253 0.052374 -1.929570 0.285596 0.052374 -1.929582 0.283805 0.052374 -1.929471 0.281883 0.052374 -1.929237 0.279829 0.052374 -1.928880 0.277645 0.052374 -1.928400 0.275329 0.052374 -1.927797 0.272884 0.052374 -1.927072 0.270309 0.052374 -1.926223 0.267604 0.052374 -1.925252 0.264771 0.052374 -1.924158 0.261810 0.052374 -1.922941 0.258721 0.052374 -1.896065 0.180987 0.052374 -1.944735 0.160198 0.052374 -1.826027 0.273850 0.052374 -1.825403 0.270059 0.052374 -1.824951 0.266341 0.052374 -1.824669 0.262696 0.052374 -1.824560 0.259121 0.052374 -1.824624 0.255615 0.052374 -1.824864 0.252176 0.052374 -1.825279 0.248802 0.052374 -1.825871 0.245492 0.052374 -1.826641 0.242245 0.052374 -1.827590 0.239058 0.052374 -1.828720 0.235930 0.052374 -1.830031 0.232860 0.052374 -1.831524 0.229845 0.052374 -1.833201 0.226884 0.052374 -1.835063 0.223976 0.052374 -1.837111 0.221119 0.052374 -1.839346 0.218311 0.052374 -1.841769 0.215550 0.052374 -1.844381 0.212836 0.052374 -1.847183 0.210166 0.052374 -1.850177 0.207538 0.052374 -1.853364 0.204951 0.052374 -1.856744 0.202404 0.052374 -1.860319 0.199895 0.052374 -1.864090 0.197422 0.052374 -1.868058 0.194984 0.052374 -1.872224 0.192578 0.052374 -1.876589 0.190204 0.052374 -1.881155 0.187859 0.052374 -1.885922 0.185543 0.052374 -1.890892 0.183253 0.052374 -1.891092 0.344072 0.052374 -1.888554 0.343790 0.052374 -1.885991 0.343322 0.052374 -1.880817 0.341852 0.052374 -1.875615 0.339711 0.052374 -1.870431 0.336950 0.052374 -1.865308 0.333620 0.052374 -1.860293 0.329771 0.052374 -1.855432 0.325454 0.052374 -1.850768 0.320719 0.052374 -1.846348 0.315616 0.052374 -1.842216 0.310197 0.052374 -1.838419 0.304511 0.052374 -1.835001 0.298609 0.052374 -1.832007 0.292541 0.052374 -1.829484 0.286358 0.052374 -1.827475 0.280111 0.052374 -1.957998 0.328082 0.052374 -1.948292 0.331687 0.052374 -1.938422 0.334982 0.052374 -1.928663 0.337894 0.052374 -1.923910 0.339182 0.052374 -1.919287 0.340346 0.052374 -1.914828 0.341377 0.052374 -1.910568 0.342265 0.052374 -1.906541 0.343001 0.052374 -1.902780 0.343575 0.052374 -1.899321 0.343979 0.052374 -1.896197 0.344203 0.052374 -1.893442 0.344237 0.052374 -2.003515 0.310438 0.052374 -1.973963 0.234938 0.052374 -1.800117 -0.230784 0.012987 -1.840857 -0.139831 0.012987 -1.850561 -0.117829 0.012987 -1.787592 -0.102431 0.012987 -1.788526 -0.100245 0.012987 -1.790764 -0.095005 0.012987 -1.791721 -0.092766 0.012987 -1.782704 -0.269657 0.012987 -1.773991 -0.134161 0.012987 -1.775858 -0.129824 0.012987 -1.776656 -0.127970 0.012987 -1.778618 -0.123399 0.012987 -1.779457 -0.121445 0.012987 -1.781504 -0.116666 0.012987 -1.782379 -0.114623 0.012987 -1.784500 -0.109663 0.012987 -1.785407 -0.107544 0.012987 -1.758971 -0.167869 0.012987 -1.759262 -0.167297 0.012987 -1.759387 -0.167053 0.012987 -1.759725 -0.166363 0.012987 -1.759870 -0.166068 0.012987 -1.760255 -0.165262 0.012987 -1.760419 -0.164917 0.012987 -1.761322 -0.162972 0.012987 -1.761708 -0.162140 0.012987 -1.762781 -0.159772 0.012987 -1.763239 -0.158760 0.012987 -1.764470 -0.155997 0.012987 -1.764997 -0.154816 0.012987 -1.766376 -0.151684 0.012987 -1.766966 -0.150346 0.012987 -1.768483 -0.146872 0.012987 -1.769131 -0.145388 0.012987 -1.770775 -0.141599 0.012987 -1.771478 -0.139980 0.012987 -1.773239 -0.135904 0.012987 -1.758293 -0.169054 0.012987 -1.758152 -0.169248 0.012987 -1.758352 -0.168971 0.012987 -1.758027 -0.169303 0.012987 -1.757874 -0.169241 0.012987 -1.757775 -0.169185 0.012987 -1.757662 -0.169099 0.012987 -1.757399 -0.168898 0.012987 -1.758544 -0.168648 0.012987 -1.757250 -0.168762 0.012987 -1.758626 -0.168510 0.012987 -1.756902 -0.168445 0.012987 -1.758868 -0.168061 0.012987 -1.756718 -0.168262 0.012987 -1.756288 -0.167832 0.012987 -1.756070 -0.167601 0.012987 -1.755560 -0.167060 0.012987 -1.755309 -0.166783 0.012987 -1.754721 -0.166135 0.012987 -1.754437 -0.165813 0.012987 -1.753773 -0.165059 0.012987 -1.753113 -0.164285 0.012987 -1.703704 -0.212501 0.012987 -1.703600 -0.212025 0.012987 -1.703536 -0.212709 0.012987 -1.703416 -0.212809 0.012987 -1.703261 -0.212898 0.012987 -1.703561 -0.211907 0.012987 -1.703698 -0.212342 0.012987 -1.702147 -0.213424 0.012987 -1.701856 -0.213524 0.012987 -1.703045 -0.210852 0.012987 -1.702932 -0.210639 0.012987 -1.698585 -0.214473 0.012987 -1.698106 -0.214586 0.012987 -1.700769 -0.207053 0.012987 -1.701173 -0.213758 0.012987 -1.702589 -0.210033 0.012987 -1.700817 -0.213862 0.012987 -1.702442 -0.209774 0.012987 -1.702020 -0.209066 0.012987 -1.699983 -0.214107 0.012987 -1.701839 -0.208763 0.012987 -1.699564 -0.214217 0.012987 -1.689617 -0.216331 0.012987 -1.691059 -0.216071 0.012987 -1.689457 -0.281484 0.012987 -1.686245 -0.216940 0.012987 -1.696448 -0.214970 0.012987 -1.696985 -0.214853 0.012987 -1.695193 -0.215246 0.012987 -1.694600 -0.215368 0.012987 -1.693215 -0.215652 0.012987 -1.692569 -0.215778 0.012987 -1.696758 -0.200937 0.012987 -1.696067 -0.199903 0.012987 -1.694205 -0.197173 0.012987 -1.702673 -0.213202 0.012987 -1.702898 -0.213107 0.012987 -1.700311 -0.206322 0.012987 -1.698956 -0.204244 0.012987 -1.698377 -0.203355 0.012987 -1.703383 -0.211518 0.012987 -1.703307 -0.211351 0.012987 -1.751567 -0.162474 0.012987 -1.750789 -0.161534 0.012987 -1.748967 -0.159334 0.012987 -1.748078 -0.158237 0.012987 -1.693409 -0.196006 0.012987 -1.745998 -0.155670 0.012987 -1.745006 -0.154426 0.012987 -1.691325 -0.192992 0.012987 -1.690434 -0.191704 0.012987 -1.742685 -0.151513 0.012987 -1.688148 -0.188435 0.012987 -1.741598 -0.150130 0.012987 -1.687171 -0.187038 0.012987 -1.739053 -0.146894 0.012987 -1.684703 -0.183543 0.012987 -1.737878 -0.145381 0.012987 -1.735128 -0.141842 0.012987 -1.733873 -0.140209 0.012987 -1.730935 -0.136388 0.012987 -1.729606 -0.134644 0.012987 -1.726498 -0.130563 0.012987 -1.725105 -0.128717 0.012987 -1.721844 -0.124397 0.012987 -1.720392 -0.122458 0.012987 -1.716996 -0.117921 0.012987 -1.715494 -0.115898 0.012987 -1.711981 -0.111165 0.012987 -1.710437 -0.109068 0.012987 -1.706823 -0.104160 0.012987 -1.692168 -0.083630 0.012987 -1.668334 -0.219745 0.012987 -1.666261 -0.220038 0.012987 -1.683648 -0.182049 0.012987 -1.681020 -0.178354 0.012987 -1.661412 -0.220723 0.012987 -1.679896 -0.176775 0.012987 -1.659227 -0.221019 0.012987 -1.677127 -0.172911 0.012987 -1.646509 -0.222703 0.012987 -1.649602 -0.286539 0.012987 -1.644156 -0.222998 0.012987 -1.651839 -0.222008 0.012987 -1.654117 -0.221711 0.012987 -1.640052 -0.287711 0.012987 -1.636241 -0.223983 0.012987 -1.638651 -0.223690 0.012987 -1.675944 -0.171259 0.012987 -1.673055 -0.167252 0.012987 -1.671821 -0.165540 0.012987 -1.668833 -0.161419 0.012987 -1.667556 -0.159658 0.012987 -1.661365 -0.151189 0.012987 -1.626578 -0.289309 0.012987 -1.622563 -0.289777 0.012987 -1.614187 -0.226563 0.012987 -1.625688 -0.225235 0.012987 -1.599929 -0.071927 0.012987 -1.599718 -0.071774 0.012987 -1.600048 -0.072040 0.012987 -1.598425 -0.071291 0.012987 -1.599021 -0.071456 0.012987 -1.599210 -0.071538 0.012987 -1.600302 -0.072303 0.012987 -1.598170 -0.071221 0.012987 -1.600895 -0.072918 0.012987 -1.613382 -0.290794 0.012987 -1.609458 -0.291228 0.012987 -1.609265 -0.227093 0.012987 -1.635970 -0.288213 0.012987 -1.630604 -0.224667 0.012987 -1.658719 -0.147570 0.012987 -1.652378 -0.138985 0.012987 -1.649668 -0.135316 0.012987 -1.643342 -0.126842 0.012987 -1.623581 -0.100793 0.012987 -1.620859 -0.097287 0.012987 -1.657879 -0.035595 0.012987 -1.619696 -0.095789 0.012987 -1.617122 -0.092509 0.012987 -1.616022 -0.091107 0.012987 -1.613617 -0.088081 0.012987 -1.612589 -0.086788 0.012987 -1.610372 -0.084044 0.012987 -1.609424 -0.082871 0.012987 -1.607417 -0.080438 0.012987 -1.606559 -0.079398 0.012987 -1.604781 -0.077303 0.012987 -1.604021 -0.076408 0.012987 -1.602494 -0.074680 0.012987 -1.601841 -0.073942 0.012987 -1.601178 -0.073224 0.012987 -1.587860 -0.070557 0.012987 -1.587023 -0.005163 0.012987 -1.590828 -0.070576 0.012987 -1.591383 -0.070594 0.012987 -1.592682 -0.070637 0.012987 -1.593182 -0.070665 0.012987 -1.588130 -0.293409 0.012987 -1.596730 -0.292561 0.012987 -1.587313 -0.229385 0.012987 -1.589676 -0.229154 0.012987 -1.594351 -0.070731 0.012987 -1.594793 -0.070770 0.012987 -1.595827 -0.070859 0.012987 -1.596209 -0.070908 0.012987 -1.597102 -0.071022 0.012987 -1.597422 -0.071082 0.012987 -1.576225 -0.294530 0.012987 -1.574129 -0.230635 0.012987 -1.584455 -0.293771 0.012987 -1.579491 -0.230137 0.012987 -1.563728 -0.071584 0.012987 -1.563299 -0.007668 0.012987 -1.565670 -0.071459 0.012987 -1.564902 -0.295520 0.012987 -1.564685 -0.231452 0.012987 -1.572708 -0.294854 0.012987 -1.566777 -0.231280 0.012987 -1.570212 -0.071168 0.012987 -1.572013 -0.071073 0.012987 -1.571928 -0.230828 0.012987 -1.576224 -0.070852 0.012987 -1.577865 -0.070790 0.012987 -1.581782 -0.229924 0.012987 -1.586592 -0.070549 0.012987 -1.583168 -0.070615 0.012987 -1.581704 -0.070643 0.012987 -1.556245 -0.296230 0.012987 -1.553225 -0.232347 0.012987 -1.557838 -0.296103 0.012987 -1.561566 -0.295805 0.012987 -1.557823 -0.232001 0.012987 -1.551103 -0.296620 0.012987 -1.547634 -0.296868 0.012987 -1.545491 -0.232848 0.012987 -1.547147 -0.232754 0.012987 -1.552643 -0.296503 0.012987 -1.551405 -0.232469 0.012987 -1.538211 -0.297492 0.012987 -1.536850 -0.297576 0.012987 -1.534481 -0.233351 0.012987 -1.536031 -0.233303 0.012987 -1.536694 -0.233283 0.012987 -1.541396 -0.297294 0.012987 -1.540142 -0.233133 0.012987 -1.531887 -0.233394 0.012987 -1.532443 -0.233391 0.012987 -1.533817 -0.297749 0.012987 -1.529647 -0.297968 0.012987 -1.528922 -0.233385 0.012987 -1.530089 -0.233397 0.012987 -1.532521 -0.297822 0.012987 -1.530587 -0.233403 0.012987 -1.533870 -0.233363 0.012987 -1.542820 -0.297198 0.012987 -1.541616 -0.233068 0.012987 -1.546151 -0.296975 0.012987 -1.559789 -0.231853 0.012987 -1.558897 -0.071940 0.012987 -1.556832 -0.072092 0.012987 -1.551754 -0.072509 0.012987 -1.549584 -0.072687 0.012987 -1.544301 -0.073158 0.012987 -1.542043 -0.073360 0.012987 -1.536598 -0.073881 0.012987 -1.600541 -0.292162 0.012987 -1.595332 -0.228579 0.012987 -1.597749 -0.228333 0.012987 -1.640638 -0.123220 0.012987 -1.637532 -0.119095 0.012987 -1.636205 -0.117332 0.012987 -1.633164 -0.113319 0.012987 -1.631864 -0.111604 0.012987 -1.628909 -0.107733 0.012987 -1.627646 -0.106078 0.012987 -1.624798 -0.102375 0.012987 -1.657926 -0.035475 0.012987 -1.672878 -0.219072 0.012987 -1.674821 -0.218784 0.012987 -1.679018 -0.218127 0.012987 -1.680811 -0.217846 0.012987 -1.684618 -0.217211 0.012987 -1.528483 -0.233371 0.012987 -1.528419 -0.298030 0.012987 -1.527456 -0.233337 0.012987 -1.525710 -0.298150 0.012987 -1.527078 -0.233314 0.012987 -1.526195 -0.233259 0.012987 -1.523470 -0.232694 0.012987 -1.523365 -0.232617 0.012987 -1.523291 -0.232543 0.012987 -1.524143 -0.232952 0.012987 -1.523725 -0.232828 0.012987 -1.524553 -0.298201 0.012987 -1.525882 -0.233225 0.012987 -1.522016 -0.298293 0.012987 -1.525148 -0.233148 0.012987 -1.520932 -0.298332 0.012987 -1.524901 -0.233105 0.012987 -1.524322 -0.233005 0.012987 -1.518575 -0.298397 0.012987 -1.517567 -0.298425 0.012987 -1.515395 -0.298461 0.012987 -1.523118 -0.232370 0.012987 -1.523007 -0.232246 0.012987 -1.522747 -0.231956 0.012987 -1.522600 -0.231784 0.012987 -1.522256 -0.231382 0.012987 -1.522073 -0.231162 0.012987 -1.521646 -0.230650 0.012987 -1.521429 -0.230385 0.012987 -1.520922 -0.229765 0.012987 -1.520672 -0.229455 0.012987 -1.501261 -0.297757 0.012987 -1.500967 -0.297684 0.012987 -1.500343 -0.297349 0.012987 -1.501950 -0.297926 0.012987 -1.502343 -0.297985 0.012987 -1.500077 -0.297205 0.012987 -1.499309 -0.296671 0.012987 -1.503264 -0.298124 0.012987 -1.498981 -0.296443 0.012987 -1.503754 -0.298170 0.012987 -1.498073 -0.295715 0.012987 -1.504900 -0.298279 0.012987 -1.497686 -0.295404 0.012987 -1.505483 -0.298312 0.012987 -1.496643 -0.294489 0.012987 -1.506847 -0.298391 0.012987 -1.496197 -0.294098 0.012987 -1.507521 -0.298412 0.012987 -1.498859 -0.078063 0.012987 -1.497881 -0.014607 0.012987 -1.510161 -0.076695 0.012987 -1.500626 -0.014285 0.012987 -1.515001 -0.076161 0.012987 -1.514466 -0.298477 0.012987 -1.526326 -0.074913 0.012987 -1.480718 -0.080404 0.012987 -1.473736 -0.017298 0.012987 -1.486124 -0.079672 0.012987 -1.479862 -0.016645 0.012987 -1.488490 -0.079365 0.012987 -1.482480 -0.016365 0.012987 -1.494028 -0.078648 0.012987 -1.488771 -0.015661 0.012987 -1.470939 -0.081776 0.012987 -1.465922 -0.082523 0.012987 -1.462849 -0.018389 0.012987 -1.465280 -0.018155 0.012987 -1.456986 -0.083909 0.012987 -1.452528 -0.084652 0.012987 -1.447252 -0.019823 0.012987 -1.449434 -0.019637 0.012987 -1.459020 -0.083590 0.012987 -1.454848 -0.019146 0.012987 -1.449362 -0.136150 0.012987 -1.446368 -0.131945 0.012987 -1.445169 -0.130231 0.012987 -1.463778 -0.082843 0.012987 -1.457162 -0.018935 0.012987 -1.463369 -0.155248 0.012987 -1.459906 -0.150624 0.012987 -1.458485 -0.148697 0.012987 -1.455162 -0.144186 0.012987 -1.453809 -0.142318 0.012987 -1.478407 -0.080717 0.012987 -1.450642 -0.137947 0.012987 -1.473175 -0.081459 0.012987 -1.471204 -0.017554 0.012987 -1.495023 -0.293001 0.012987 -1.509097 -0.298461 0.012987 -1.494522 -0.292532 0.012987 -1.509858 -0.298469 0.012987 -1.493222 -0.291258 0.012987 -1.511640 -0.298489 0.012987 -1.492666 -0.290713 0.012987 -1.512486 -0.298486 0.012987 -1.491245 -0.289267 0.012987 -1.490638 -0.288649 0.012987 -1.489100 -0.287038 0.012987 -1.488442 -0.286349 0.012987 -1.486792 -0.284577 0.012987 -1.486086 -0.283820 0.012987 -1.484328 -0.281893 0.012987 -1.483577 -0.281069 0.012987 -1.481716 -0.278992 0.012987 -1.480920 -0.278104 0.012987 -1.478960 -0.275883 0.012987 -1.478123 -0.274934 0.012987 -1.476069 -0.272574 0.012987 -1.475192 -0.271565 0.012987 -1.473049 -0.269072 0.012987 -1.520087 -0.228731 0.012987 -1.472133 -0.268006 0.012987 -1.519491 -0.227984 0.012987 -1.469905 -0.265384 0.012987 -1.518096 -0.226235 0.012987 -1.517378 -0.225326 0.012987 -1.468953 -0.264264 0.012987 -1.515699 -0.223197 0.012987 -1.466646 -0.261520 0.012987 -1.514868 -0.222136 0.012987 -1.465659 -0.260347 0.012987 -1.512922 -0.219652 0.012987 -1.463276 -0.257486 0.012987 -1.511985 -0.218449 0.012987 -1.462258 -0.256263 0.012987 -1.509791 -0.215634 0.012987 -1.459804 -0.253291 0.012987 -1.508756 -0.214300 0.012987 -1.458755 -0.252020 0.012987 -1.506332 -0.211179 0.012987 -1.505206 -0.209724 0.012987 -1.453653 -0.245761 0.012987 -1.502571 -0.206320 0.012987 -1.501363 -0.204755 0.012987 -1.451473 -0.243086 0.012987 -1.498534 -0.201093 0.012987 -1.446142 -0.236445 0.012987 -1.497251 -0.199428 0.012987 -1.494247 -0.195533 0.012987 -1.483565 -0.181649 0.012987 -1.480145 -0.177199 0.012987 -1.478639 -0.175239 0.012987 -1.475117 -0.170653 0.012987 -1.473575 -0.168646 0.012987 -1.469968 -0.163948 0.012987 -1.468435 -0.161935 0.012987 -1.464849 -0.157224 0.012987 -1.491460 -0.015361 0.012987 -1.444746 -0.086015 0.012987 -1.434345 -0.114338 0.012987 -1.432205 -0.111061 0.012987 -1.441014 -0.086733 0.012987 -1.431400 -0.109788 0.012987 -1.439418 -0.087039 0.012987 -1.429515 -0.106810 0.012987 -1.436112 -0.087737 0.012987 -1.428826 -0.105675 0.012987 -1.434699 -0.088036 0.012987 -1.427212 -0.103021 0.012987 -1.431860 -0.088709 0.012987 -1.427398 -0.021361 0.012987 -1.429093 -0.021251 0.012987 -1.433475 -0.020933 0.012987 -1.435349 -0.020797 0.012987 -1.423861 -0.096983 0.012987 -1.423694 -0.096636 0.012987 -1.426364 -0.090223 0.012987 -1.425954 -0.090355 0.012987 -1.423302 -0.095822 0.012987 -1.425138 -0.090654 0.012987 -1.423170 -0.095519 0.012987 -1.424789 -0.090782 0.012987 -1.422355 -0.092287 0.012987 -1.422429 -0.092161 0.012987 -1.422595 -0.091976 0.012987 -1.422747 -0.091861 0.012987 -1.422279 -0.092505 0.012987 -1.422318 -0.093089 0.012987 -1.422267 -0.092712 0.012987 -1.422860 -0.094810 0.012987 -1.424121 -0.091072 0.012987 -1.422764 -0.094552 0.012987 -1.423836 -0.091196 0.012987 -1.422538 -0.093951 0.012987 -1.422479 -0.093741 0.012987 -1.423322 -0.091475 0.012987 -1.422340 -0.093250 0.012987 -1.423102 -0.091594 0.012987 -1.426646 -0.102036 0.012987 -1.430647 -0.088996 0.012987 -1.425320 -0.099733 0.012987 -1.429417 -0.089322 0.012987 -1.425085 -0.099300 0.012987 -1.428891 -0.089461 0.012987 -1.424535 -0.098288 0.012987 -1.427793 -0.089778 0.012987 -1.424333 -0.097898 0.012987 -1.427324 -0.089914 0.012987 -1.421928 -0.021701 0.012987 -1.423431 -0.021618 0.012987 -1.410510 -0.022180 0.012987 -1.405403 -0.014717 0.012987 -1.411696 -0.022155 0.012987 -1.405727 -0.013563 0.012987 -1.412203 -0.022144 0.012987 -1.405890 -0.013021 0.012987 -1.413524 -0.022102 0.012987 -1.406271 -0.011752 0.012987 -1.414088 -0.022085 0.012987 -1.406667 -0.010527 0.012987 -1.415540 -0.022027 0.012987 -1.416160 -0.022002 0.012987 -1.407595 -0.007662 0.012987 -1.417738 -0.021928 0.012987 -1.418412 -0.021897 0.012987 -1.408082 -0.006260 0.012987 -1.405039 -0.021969 0.012987 -1.404757 -0.021892 0.012987 -1.404593 -0.021827 0.012987 -1.808662 0.265248 0.052374 -1.922689 0.296174 0.052374 -1.404491 -0.021738 0.012987 -1.443923 0.196037 0.052374 -1.319794 -0.069228 0.012987 -1.356655 0.021492 0.012987 -1.372409 0.060266 0.012987 -1.375469 0.067693 0.012987 -1.376777 0.070867 0.012987 -1.379676 0.077887 0.012987 -1.380914 0.080887 0.012987 -1.381641 0.082641 0.012987 -1.404395 -0.021583 0.012987 -1.404323 -0.021378 0.012987 -1.404302 -0.021211 0.012987 -1.404252 -0.020819 0.012987 -1.404259 -0.020593 0.012987 -1.404274 -0.020065 0.012987 -1.404309 -0.019783 0.012987 -1.404389 -0.019122 0.012987 -1.344641 -0.102458 0.012987 -1.405160 -0.022002 0.012987 -1.404450 -0.018785 0.012987 -1.404594 -0.017995 0.012987 -1.404681 -0.017604 0.012987 -1.404886 -0.016690 0.012987 -1.404999 -0.016247 0.012987 -1.405265 -0.015210 0.012987 -1.405604 -0.022061 0.012987 -1.405793 -0.022086 0.012987 -1.406394 -0.022128 0.012987 -1.406651 -0.022146 0.012987 -1.407406 -0.022171 0.012987 -1.407728 -0.022181 0.012987 -1.408630 -0.022189 0.012987 -1.409016 -0.022193 0.012987 -1.410063 -0.022184 0.012987 -1.409222 -0.002981 0.012987 -1.409794 -0.001415 0.012987 -1.411134 0.002248 0.012987 -1.411787 0.003965 0.012987 -1.413316 0.007984 0.012987 -1.414044 0.009840 0.012987 -1.415750 0.014184 0.012987 -1.416549 0.016168 0.012987 -1.418420 0.020808 0.012987 -1.419286 0.022906 0.012987 -1.441253 -0.124597 0.012987 -1.442364 -0.126218 0.012987 -1.402775 -0.180208 0.012987 -1.438653 -0.120803 0.012987 -1.437637 -0.119287 0.012987 -1.435259 -0.115739 0.012987 -1.440111 -0.020420 0.012987 -1.442146 -0.020258 0.012987 -1.421310 0.027814 0.012987 -1.422236 0.030014 0.012987 -1.424403 0.035160 0.012987 -1.425385 0.037449 0.012987 -1.427683 0.042804 0.012987 -1.428716 0.045170 0.012987 -1.431133 0.050705 0.012987 -1.432212 0.053135 0.012987 -1.434737 0.058820 0.012987 -1.435169 0.059757 0.012987 -1.443864 -0.233607 0.012987 -1.492896 -0.193778 0.012987 -1.489736 -0.189674 0.012987 -1.438343 -0.226628 0.012987 -1.488326 -0.187840 0.012987 -1.435983 -0.223645 0.012987 -1.485026 -0.183551 0.012987 -1.430306 -0.216371 0.012987 -1.427880 -0.213262 0.012987 -1.422086 -0.205737 0.012987 -1.419610 -0.202520 0.012987 -1.413735 -0.194787 0.012987 -1.411224 -0.191481 0.012987 -1.405305 -0.183583 0.012987 -1.450622 -0.084969 0.012987 -1.446506 -0.085702 0.012987 -1.534271 -0.074104 0.012987 -1.528705 -0.074671 0.012987 -2.003515 0.310438 0.012987 -1.989886 0.315721 0.012987 -1.985456 0.264302 0.012987 -1.957998 0.328082 0.012987 -1.955091 0.329162 0.012987 -1.948292 0.331687 0.012987 -1.945337 0.332674 0.012987 -1.928795 0.290170 0.012987 -1.928909 0.289753 0.012987 -1.928441 0.291051 0.012987 -1.929176 0.288778 0.012987 -1.928290 0.291427 0.012987 -1.938422 0.334982 0.012987 -1.935500 0.335854 0.012987 -1.928663 0.337894 0.012987 -1.927662 0.292550 0.012987 -1.927850 0.292214 0.012987 -1.927136 0.293242 0.012987 -1.925337 0.294893 0.012987 -1.926036 0.294391 0.012987 -1.926298 0.294136 0.012987 -1.926911 0.293538 0.012987 -1.923917 0.295689 0.012987 -1.924252 0.295515 0.012987 -1.923044 0.296000 0.012987 -1.921303 0.296439 0.012987 -1.921713 0.296348 0.012987 -1.920258 0.296558 0.012987 -1.922672 0.296133 0.012987 -1.925038 0.295108 0.012987 -1.916456 0.296531 0.012987 -1.915151 0.296358 0.012987 -1.917952 0.340655 0.012987 -1.918195 0.296639 0.012987 -1.918679 0.296630 0.012987 -1.916977 0.296564 0.012987 -1.919287 0.340346 0.012987 -1.913202 0.296013 0.012987 -1.912607 0.295897 0.012987 -1.913553 0.341643 0.012987 -1.905415 0.343173 0.012987 -1.906541 0.343001 0.012987 -1.911940 0.295731 0.012987 -1.909362 0.342485 0.012987 -1.910568 0.342265 0.012987 -1.914593 0.296284 0.012987 -1.914828 0.341377 0.012987 -1.892739 0.344187 0.012987 -1.893442 0.344237 0.012987 -1.895372 0.344213 0.012987 -1.896197 0.344203 0.012987 -1.898385 0.344046 0.012987 -1.885991 0.343322 0.012987 -1.887786 0.343650 0.012987 -1.884442 0.342882 0.012987 -1.888554 0.343790 0.012987 -1.890332 0.343988 0.012987 -1.874063 0.338884 0.012987 -1.875615 0.339711 0.012987 -1.879260 0.341211 0.012987 -1.880817 0.341852 0.012987 -1.870431 0.336950 0.012987 -1.891092 0.344072 0.012987 -1.899321 0.343979 0.012987 -1.901744 0.343696 0.012987 -1.902780 0.343575 0.012987 -1.919811 0.296608 0.012987 -1.927240 0.338279 0.012987 -1.923910 0.339182 0.012987 -1.922526 0.339531 0.012987 -1.841067 0.345583 0.012987 -1.841062 0.344969 0.012987 -1.840929 0.343602 0.012987 -1.840872 0.343018 0.012987 -1.840618 0.341727 0.012987 -1.840821 0.349845 0.012987 -1.840921 0.349172 0.012987 -1.841031 0.347665 0.012987 -1.860293 0.329771 0.012987 -1.863807 0.332468 0.012987 -1.865308 0.333620 0.012987 -1.841078 0.347021 0.012987 -1.868897 0.335953 0.012987 -1.839975 0.339441 0.012987 -1.839482 0.338306 0.012987 -1.840135 0.339960 0.012987 -1.840080 0.353754 0.012987 -1.840436 0.352118 0.012987 -1.839875 0.354480 0.012987 -1.838658 0.336769 0.012987 -1.838396 0.336319 0.012987 -1.837665 0.335352 0.012987 -1.839271 0.337821 0.012987 -1.837353 0.334939 0.012987 -1.851575 0.321538 0.012987 -1.854035 0.324036 0.012987 -1.855432 0.325454 0.012987 -1.858838 0.328479 0.012987 -1.840509 0.341174 0.012987 -1.840588 0.351418 0.012987 -1.834762 0.332561 0.012987 -1.833679 0.331867 0.012987 -1.835174 0.332898 0.012987 -1.836504 0.334061 0.012987 -1.836141 0.333685 0.012987 -1.831505 0.330718 0.012987 -1.830762 0.330436 0.012987 -1.832017 0.330973 0.012987 -1.833216 0.331571 0.012987 -1.839395 0.356177 0.012987 -1.839136 0.356927 0.012987 -1.838532 0.358683 0.012987 -1.838220 0.359457 0.012987 -1.837491 0.361267 0.012987 -1.837126 0.362063 0.012987 -1.836271 0.363926 0.012987 -1.835852 0.364744 0.012987 -1.834871 0.366657 0.012987 -1.834397 0.367494 0.012987 -1.833289 0.369454 0.012987 -1.832761 0.370311 0.012987 -1.831526 0.372315 0.012987 -1.830944 0.373189 0.012987 -1.829580 0.375235 0.012987 -1.828943 0.376125 0.012987 -1.827451 0.378210 0.012987 -1.826758 0.379116 0.012987 -1.825137 0.381236 0.012987 -1.823955 0.382573 0.012987 -1.821187 0.385701 0.012987 -1.819933 0.386917 0.012987 -1.817000 0.389763 0.012987 -1.815683 0.390861 0.012987 -1.812603 0.393429 0.012987 -1.811232 0.394410 0.012987 -1.808025 0.396706 0.012987 -1.806608 0.397572 0.012987 -1.803292 0.399599 0.012987 -1.801837 0.400353 0.012987 -1.798432 0.402116 0.012987 -1.796947 0.402758 0.012987 -1.793473 0.404262 0.012987 -1.791966 0.404796 0.012987 -1.781567 0.359372 0.012987 -1.782070 0.358741 0.012987 -1.782272 0.358418 0.012987 -1.780024 0.360740 0.012987 -1.780590 0.360362 0.012987 -1.780818 0.360146 0.012987 -1.778294 0.361384 0.012987 -1.778927 0.361260 0.012987 -1.779183 0.361153 0.012987 -1.779782 0.360902 0.012987 -1.775004 0.360867 0.012987 -1.775321 0.360979 0.012987 -1.774223 0.360476 0.012987 -1.776064 0.361241 0.012987 -1.776365 0.361297 0.012987 -1.777070 0.361430 0.012987 -1.777355 0.361432 0.012987 -1.776748 0.408760 0.012987 -1.778023 0.361437 0.012987 -1.778271 0.408542 0.012987 -1.782745 0.357661 0.012987 -1.781352 0.359642 0.012987 -1.788441 0.406044 0.012987 -1.786921 0.406471 0.012987 -1.783364 0.407469 0.012987 -1.781839 0.407790 0.012987 -1.771832 0.358850 0.012987 -1.772098 0.359065 0.012987 -1.771282 0.358211 0.012987 -1.772718 0.359566 0.012987 -1.773069 0.359788 0.012987 -1.770362 0.356844 0.012987 -1.770567 0.357171 0.012987 -1.770136 0.356354 0.012987 -1.771047 0.357938 0.012987 -1.756843 0.409275 0.012987 -1.773890 0.360309 0.012987 -1.758271 0.409451 0.012987 -1.761696 0.409639 0.012987 -1.738987 0.404713 0.012987 -1.740189 0.405252 0.012987 -1.743163 0.406307 0.012987 -1.728942 0.398997 0.012987 -1.731375 0.400656 0.012987 -1.727995 0.398206 0.012987 -1.732415 0.401365 0.012987 -1.735048 0.402828 0.012987 -1.722221 0.392495 0.012987 -1.722957 0.393444 0.012987 -1.724934 0.395484 0.012987 -1.725780 0.396355 0.012987 -1.736174 0.403452 0.012987 -1.744434 0.406758 0.012987 -1.747549 0.407603 0.012987 -1.748881 0.407965 0.012987 -1.752118 0.408595 0.012987 -1.753502 0.408864 0.012987 -1.785202 0.350970 0.012987 -1.785494 0.349788 0.012987 -1.785056 0.351559 0.012987 -1.784690 0.352814 0.012987 -1.784534 0.353351 0.012987 -1.784143 0.354482 0.012987 -1.783976 0.354965 0.012987 -1.783558 0.355972 0.012987 -1.783380 0.356402 0.012987 -1.782935 0.357284 0.012987 -1.763160 0.409719 0.012987 -1.766649 0.409678 0.012987 -1.768141 0.409661 0.012987 -1.771676 0.409387 0.012987 -1.773187 0.409271 0.012987 -1.718439 0.386845 0.012987 -1.719883 0.389246 0.012987 -1.717948 0.385744 0.012987 -1.700680 0.439255 0.012987 -1.714537 0.433875 0.012987 -1.696514 0.387829 0.012987 -1.716442 0.381995 0.012987 -1.715719 0.379618 0.012987 -1.716799 0.383168 0.012987 -1.641829 0.411207 0.012987 -1.668260 0.451844 0.012987 -1.641104 0.412983 0.012987 -1.641613 0.412014 0.012987 -1.641744 0.411524 0.012987 -1.638954 0.415228 0.012987 -1.639870 0.414556 0.012987 -1.640174 0.414209 0.012987 -1.640886 0.413397 0.012987 -1.635645 0.416761 0.012987 -1.636966 0.416307 0.012987 -1.637444 0.416070 0.012987 -1.632903 0.417489 0.012987 -1.633555 0.417329 0.012987 -1.631749 0.417639 0.012987 -1.638563 0.415516 0.012987 -1.641697 0.459967 0.012987 -1.639834 0.460349 0.012987 -1.635080 0.416955 0.012987 -1.666198 0.452588 0.012987 -1.661374 0.454329 0.012987 -1.659361 0.454983 0.012987 -1.654650 0.456511 0.012987 -1.652686 0.457074 0.012987 -1.648090 0.458390 0.012987 -1.646176 0.458862 0.012987 -1.627822 0.417331 0.012987 -1.628342 0.417425 0.012987 -1.627640 0.417273 0.012987 -1.623543 0.462897 0.012987 -1.627661 0.462422 0.012987 -1.629560 0.417645 0.012987 -1.630068 0.417663 0.012987 -1.629421 0.462219 0.012987 -1.600332 0.462405 0.012987 -1.601821 0.462644 0.012987 -1.605434 0.462998 0.012987 -1.606978 0.463150 0.012987 -1.610720 0.463298 0.012987 -1.612319 0.463361 0.012987 -1.616188 0.463303 0.012987 -1.617842 0.463277 0.012987 -1.621836 0.463011 0.012987 -1.581821 0.457114 0.012987 -1.583079 0.457701 0.012987 -1.586160 0.458872 0.012987 -1.571074 0.450957 0.012987 -1.573737 0.452733 0.012987 -1.569996 0.450113 0.012987 -1.574875 0.453492 0.012987 -1.577680 0.455067 0.012987 -1.564083 0.445033 0.012987 -1.563689 0.444613 0.012987 -1.566460 0.447208 0.012987 -1.567475 0.448137 0.012987 -1.578878 0.455740 0.012987 -1.587477 0.459372 0.012987 -1.590693 0.460340 0.012987 -1.592068 0.460754 0.012987 -1.595418 0.461518 0.012987 -1.596850 0.461845 0.012987 -1.631256 0.417703 0.012987 -1.635473 0.461243 0.012987 -1.633661 0.461535 0.012987 -1.720501 0.390272 0.012987 -1.944735 0.160198 0.012987 -1.897924 -0.010441 0.012987 -1.893721 -0.003261 0.012987 -1.883888 0.013539 0.012987 -1.883526 0.014104 0.012987 -1.882679 0.015427 0.012987 -1.882272 0.016050 0.012987 -1.881318 0.017507 0.012987 -1.880867 0.018185 0.012987 -1.879812 0.019771 0.012987 -1.879319 0.020502 0.012987 -1.878166 0.022213 0.012987 -1.877632 0.022995 0.012987 -1.876384 0.024825 0.012987 -1.875812 0.025656 0.012987 -1.857944 -0.101088 0.012987 -1.874472 0.027600 0.012987 -1.873863 0.028478 0.012987 -1.872436 0.030533 0.012987 -1.871790 0.031455 0.012987 -1.870280 0.033614 0.012987 -1.868888 0.035585 0.012987 -1.865631 0.040198 0.012987 -1.864115 0.042323 0.012987 -1.860567 0.047295 0.012987 -1.858939 0.049557 0.012987 -1.855131 0.054850 0.012987 -1.853404 0.057233 0.012987 -1.849364 0.062807 0.012987 -1.847551 0.065293 0.012987 -1.843309 0.071110 0.012987 -1.841423 0.073682 0.012987 -1.837008 0.079702 0.012987 -1.818583 -0.013036 0.012987 -1.818541 -0.014012 0.012987 -1.818473 -0.011039 0.012987 -1.817001 -0.005101 0.012987 -1.817242 -0.005652 0.012987 -1.817462 -0.006274 0.012987 -1.817978 -0.007729 0.012987 -1.818112 -0.008464 0.012987 -1.818442 -0.016295 0.012987 -1.818309 -0.017398 0.012987 -1.818426 -0.010185 0.012987 -1.814805 -0.033724 0.012987 -1.814295 -0.035379 0.012987 -1.809160 0.008158 0.012987 -1.815772 -0.030189 0.012987 -1.809874 0.007040 0.012987 -1.816186 -0.028678 0.012987 -1.811543 0.004426 0.012987 -1.816930 -0.025472 0.012987 -1.812149 0.003442 0.012987 -1.817249 -0.024101 0.012987 -1.817774 -0.021213 0.012987 -1.813568 0.001141 0.012987 -1.814060 0.000303 0.012987 -1.817999 -0.019979 0.012987 -1.815210 -0.001658 0.012987 -1.815580 -0.002340 0.012987 -1.816444 -0.003935 0.012987 -1.816580 -0.004214 0.012987 -1.816899 -0.004866 0.012987 -1.810364 -0.047240 0.012987 -1.811071 -0.045281 0.012987 -1.812494 -0.041058 0.012987 -1.813102 -0.039253 0.012987 -1.835060 0.082345 0.012987 -1.830503 0.088528 0.012987 -1.828507 0.091224 0.012987 -1.823836 0.097532 0.012987 -1.815617 0.108513 0.012987 -1.590086 -0.004839 0.012987 -1.677327 0.013717 0.012987 -1.615807 0.050951 0.012987 -1.626800 0.074796 0.012987 -1.722830 0.129094 0.012987 -1.736020 0.110805 0.012987 -1.663839 0.155191 0.012987 -1.652748 0.131119 0.012987 -1.445730 0.082665 0.012987 -1.529057 0.143467 0.012987 -1.471451 0.138455 0.012987 -1.410953 0.151342 0.012987 -1.411655 0.152884 0.012987 -1.413206 0.156215 0.012987 -1.413870 0.157639 0.012987 -1.383658 0.087512 0.012987 -1.384831 0.090343 0.012987 -1.387426 0.096584 0.012987 -1.388535 0.099252 0.012987 -1.390988 0.105122 0.012987 -1.392037 0.107631 0.012987 -1.394354 0.113142 0.012987 -1.395345 0.115497 0.012987 -1.397534 0.120660 0.012987 -1.398469 0.122867 0.012987 -1.400536 0.127696 0.012987 -1.401419 0.129759 0.012987 -1.403369 0.134264 0.012987 -1.404203 0.136190 0.012987 -1.406044 0.140384 0.012987 -1.406831 0.142176 0.012987 -1.408569 0.146070 0.012987 -1.409312 0.147735 0.012987 -1.794596 -0.086225 0.012987 -1.795824 -0.083430 0.012987 -1.798448 -0.077302 0.012987 -1.799570 -0.074683 0.012987 -1.801946 -0.068957 0.012987 -1.802962 -0.066509 0.012987 -1.805095 -0.061175 0.012987 -1.806006 -0.058895 0.012987 -1.807899 -0.053941 0.012987 -1.808708 -0.051824 0.012987 -1.800134 0.021663 0.012987 -1.801121 0.020211 0.012987 -1.797649 0.025269 0.012987 -1.796586 0.026810 0.012987 -1.793942 0.030597 0.012987 -1.792812 0.032216 0.012987 -1.790027 0.036160 0.012987 -1.788837 0.037845 0.012987 -1.785931 0.041919 0.012987 -1.784689 0.043660 0.012987 -1.778584 0.052089 0.012987 -1.775975 0.055692 0.012987 -1.769603 0.064325 0.012987 -1.766880 0.068015 0.012987 -1.796389 0.134204 0.012987 -1.794339 0.136915 0.012987 -1.789543 0.143256 0.012987 -1.787520 0.145919 0.012987 -1.782788 0.152150 0.012987 -1.780805 0.154749 0.012987 -1.776165 0.160829 0.012987 -1.774234 0.163347 0.012987 -1.803430 0.016814 0.012987 -1.804334 0.015462 0.012987 -1.806448 0.012299 0.012987 -1.807260 0.011059 0.012987 -1.982811 0.257545 0.012987 -1.953487 0.182577 0.012987 -1.973963 0.234938 0.012987 -1.929570 0.285596 0.012987 -1.929574 0.285060 0.012987 -1.929475 0.286757 0.012987 -1.929401 0.281268 0.012987 -1.929471 0.281883 0.012987 -1.929549 0.283230 0.012987 -1.929582 0.283805 0.012987 -1.929435 0.287253 0.012987 -1.925932 0.266756 0.012987 -1.926223 0.267604 0.012987 -1.926818 0.269499 0.012987 -1.927072 0.270309 0.012987 -1.927580 0.272113 0.012987 -1.927797 0.272884 0.012987 -1.928220 0.274597 0.012987 -1.928400 0.275329 0.012987 -1.928737 0.276951 0.012987 -1.928880 0.277645 0.012987 -1.929130 0.279175 0.012987 -1.929237 0.279829 0.012987 -1.929254 0.288322 0.012987 -1.910639 0.174762 0.012987 -1.910640 0.233940 0.012987 -1.910997 0.234463 0.012987 -1.911851 0.235825 0.012987 -1.912215 0.236406 0.012987 -1.913088 0.237904 0.012987 -1.913461 0.238544 0.012987 -1.914355 0.240179 0.012987 -1.914736 0.240878 0.012987 -1.915651 0.242651 0.012987 -1.916042 0.243408 0.012987 -1.916980 0.245319 0.012987 -1.917380 0.246135 0.012987 -1.918341 0.248184 0.012987 -1.918752 0.249060 0.012987 -1.919737 0.251248 0.012987 -1.920158 0.252183 0.012987 -1.921169 0.254511 0.012987 -1.921601 0.255505 0.012987 -1.922540 0.257758 0.012987 -1.922941 0.258721 0.012987 -1.923793 0.260885 0.012987 -1.924158 0.261810 0.012987 -1.924924 0.263885 0.012987 -1.925252 0.264771 0.012987 -1.910497 0.295371 0.012987 -1.911129 0.295528 0.012987 -1.905273 0.227647 0.012987 -1.904949 0.227411 0.012987 -1.906044 0.228333 0.012987 -1.903126 0.226261 0.012987 -1.902813 0.226139 0.012987 -1.903872 0.226680 0.012987 -1.900025 0.225600 0.012987 -1.899723 0.225647 0.012987 -1.900740 0.225623 0.012987 -1.901769 0.225787 0.012987 -1.901045 0.225632 0.012987 -1.902079 0.225853 0.012987 -1.904191 0.226859 0.012987 -1.898718 0.225858 0.012987 -1.898019 0.226097 0.012987 -1.897723 0.226255 0.012987 -1.895073 0.228235 0.012987 -1.894782 0.228559 0.012987 -1.895756 0.227606 0.012987 -1.896736 0.226838 0.012987 -1.896048 0.227338 0.012987 -1.897030 0.226625 0.012987 -1.897038 0.289551 0.012987 -1.897954 0.290104 0.012987 -1.895090 0.288062 0.012987 -1.890211 0.283210 0.012987 -1.891758 0.285043 0.012987 -1.892506 0.285756 0.012987 -1.894257 0.287425 0.012987 -1.896065 0.180987 0.012987 -1.892441 0.182574 0.012987 -1.890892 0.183253 0.012987 -1.899017 0.225756 0.012987 -1.894102 0.229316 0.012987 -1.893812 0.229694 0.012987 -1.906374 0.228626 0.012987 -1.907159 0.229446 0.012987 -1.893134 0.230580 0.012987 -1.892845 0.231013 0.012987 -1.907495 0.229797 0.012987 -1.908296 0.230751 0.012987 -1.892168 0.232026 0.012987 -1.891879 0.232514 0.012987 -1.908639 0.231159 0.012987 -1.909456 0.232249 0.012987 -1.891202 0.233655 0.012987 -1.909806 0.232714 0.012987 -1.890913 0.234196 0.012987 -1.900096 0.291398 0.012987 -1.901092 0.291861 0.012987 -1.890235 0.235464 0.012987 -1.903423 0.292944 0.012987 -1.904166 0.293229 0.012987 -1.905905 0.293895 0.012987 -1.906611 0.294137 0.012987 -1.908263 0.294703 0.012987 -1.908932 0.294903 0.012987 -1.886510 0.277482 0.012987 -1.887637 0.279597 0.012987 -1.888210 0.280444 0.012987 -1.884042 0.271056 0.012987 -1.884730 0.273391 0.012987 -1.885118 0.274345 0.012987 -1.883287 0.267636 0.012987 -1.883748 0.270057 0.012987 -1.886028 0.276578 0.012987 -1.882861 0.264107 0.012987 -1.882770 0.260493 0.012987 -1.882763 0.263042 0.012987 -1.849444 0.319191 0.012987 -1.850768 0.320719 0.012987 -1.853364 0.204951 0.012987 -1.851132 0.206764 0.012987 -1.889945 0.236059 0.012987 -1.889265 0.237453 0.012987 -1.850177 0.207538 0.012987 -1.888974 0.238103 0.012987 -1.848080 0.209379 0.012987 -1.888291 0.239622 0.012987 -1.847183 0.210166 0.012987 -1.845220 0.212036 0.012987 -1.887998 0.240325 0.012987 -1.887312 0.241970 0.012987 -1.883090 0.266600 0.012987 -1.846348 0.315616 0.012987 -1.889549 0.282426 0.012987 -1.829628 0.330006 0.012987 -1.830190 0.330219 0.012987 -1.842216 0.310197 0.012987 -1.845111 0.313994 0.012987 -1.828199 0.329610 0.012987 -1.827588 0.329440 0.012987 -1.826045 0.329148 0.012987 -1.841079 0.308494 0.012987 -1.838419 0.304511 0.012987 -1.825385 0.329024 0.012987 -1.844381 0.212836 0.012987 -1.842551 0.214738 0.012987 -1.887016 0.242726 0.012987 -1.886325 0.244496 0.012987 -1.841769 0.215550 0.012987 -1.840071 0.217484 0.012987 -1.885898 0.245615 0.012987 -1.839346 0.218311 0.012987 -1.837780 0.220278 0.012987 -1.884897 0.248232 0.012987 -1.837111 0.221119 0.012987 -1.835677 0.223121 0.012987 -1.835063 0.223976 0.012987 -1.833759 0.226014 0.012987 -1.884578 0.249353 0.012987 -1.833201 0.226884 0.012987 -1.832026 0.228959 0.012987 -1.883833 0.251976 0.012987 -1.831524 0.229845 0.012987 -1.830478 0.231957 0.012987 -1.830031 0.232860 0.012987 -1.829112 0.235011 0.012987 -1.828720 0.235930 0.012987 -1.827928 0.238122 0.012987 -1.883622 0.253093 0.012987 -1.827590 0.239058 0.012987 -1.826925 0.241291 0.012987 -1.883128 0.255707 0.012987 -1.826641 0.242245 0.012987 -1.826101 0.244520 0.012987 -1.825871 0.245492 0.012987 -1.825456 0.247811 0.012987 -1.825279 0.248802 0.012987 -1.883022 0.256814 0.012987 -1.824988 0.251165 0.012987 -1.824864 0.252176 0.012987 -1.882773 0.259403 0.012987 -1.824696 0.254585 0.012987 -1.824624 0.255615 0.012987 -1.824579 0.258071 0.012987 -1.824636 0.261625 0.012987 -1.824669 0.262696 0.012987 -1.824866 0.265250 0.012987 -1.824951 0.266341 0.012987 -1.825268 0.268945 0.012987 -1.825403 0.270059 0.012987 -1.825840 0.272714 0.012987 -1.826027 0.273850 0.012987 -1.827041 0.278236 0.012987 -1.827475 0.280111 0.012987 -1.828882 0.284488 0.012987 -1.829484 0.286358 0.012987 -1.831252 0.290690 0.012987 -1.832007 0.292541 0.012987 -1.834104 0.296792 0.012987 -1.835001 0.298609 0.012987 -1.837395 0.302743 0.012987 -1.887410 0.184857 0.012987 -1.885922 0.185543 0.012987 -1.882582 0.187166 0.012987 -1.881155 0.187859 0.012987 -1.877956 0.189502 0.012987 -1.876589 0.190204 0.012987 -1.873531 0.191867 0.012987 -1.872224 0.192578 0.012987 -1.869305 0.194263 0.012987 -1.868058 0.194984 0.012987 -1.865278 0.196692 0.012987 -1.864090 0.197422 0.012987 -1.861448 0.199155 0.012987 -1.860319 0.199895 0.012987 -1.857815 0.201653 0.012987 -1.856744 0.202404 0.012987 -1.854376 0.204189 0.012987 -1.821250 0.328686 0.012987 -1.820493 0.328654 0.012987 -1.818610 0.328693 0.012987 -1.823728 0.328839 0.012987 -1.823020 0.328760 0.012987 -1.815811 0.328863 0.012987 -1.814959 0.328929 0.012987 -1.812853 0.329202 0.012987 -1.817806 0.328709 0.012987 -1.808609 0.264748 0.012987 -1.808496 0.264415 0.012987 -1.808635 0.264896 0.012987 -1.808687 0.265559 0.012987 -1.808448 0.264273 0.012987 -1.808575 0.266633 0.012987 -1.808664 0.266296 0.012987 -1.807488 0.262564 0.012987 -1.807582 0.268985 0.012987 -1.808201 0.267778 0.012987 -1.807816 0.268612 0.012987 -1.808365 0.267422 0.012987 -1.824560 0.259121 0.012987 -1.808697 0.265244 0.012987 -1.806033 0.271151 0.012987 -1.805682 0.260116 0.012987 -1.805673 0.271550 0.012987 -1.806734 0.270245 0.012987 -1.803301 0.257676 0.012987 -1.803445 0.273843 0.012987 -1.804416 0.272890 0.012987 -1.805085 0.259382 0.012987 -1.804832 0.272482 0.012987 -1.800416 0.255276 0.012987 -1.800181 0.276618 0.012987 -1.802468 0.274674 0.012987 -1.802066 0.331605 0.012987 -1.801353 0.331837 0.012987 -1.799807 0.332448 0.012987 -1.796371 0.279406 0.012987 -1.797094 0.252943 0.012987 -1.796063 0.252252 0.012987 -1.799040 0.277452 0.012987 -1.797719 0.333391 0.012987 -1.797110 0.333683 0.012987 -1.795801 0.334438 0.012987 -1.799508 0.254561 0.012987 -1.799146 0.332709 0.012987 -1.802539 0.256948 0.012987 -1.804501 0.330862 0.012987 -1.803734 0.331064 0.012987 -1.807078 0.261833 0.012987 -1.807033 0.269858 0.012987 -1.806293 0.330389 0.012987 -1.807113 0.330215 0.012987 -1.793540 0.335947 0.012987 -1.792462 0.336854 0.012987 -1.794050 0.335592 0.012987 -1.789422 0.248602 0.012987 -1.790792 0.282918 0.012987 -1.792144 0.282138 0.012987 -1.790622 0.338649 0.012987 -1.789765 0.339716 0.012987 -1.791035 0.338228 0.012987 -1.792272 0.250049 0.012987 -1.793407 0.250709 0.012987 -1.795105 0.280224 0.012987 -1.792001 0.337242 0.012987 -1.788651 0.341320 0.012987 -1.788331 0.341811 0.012987 -1.787689 0.343043 0.012987 -1.786210 0.346857 0.012987 -1.786023 0.347458 0.012987 -1.785687 0.348952 0.012987 -1.786876 0.344888 0.012987 -1.786646 0.345451 0.012987 -1.787415 0.343570 0.012987 -1.788204 0.247983 0.012987 -1.787630 0.284743 0.012987 -1.789400 0.340171 0.012987 -1.781551 0.287794 0.012987 -1.782958 0.287152 0.012987 -1.780839 0.244889 0.012987 -1.779518 0.244379 0.012987 -1.783930 0.246083 0.012987 -1.776882 0.289837 0.012987 -1.778259 0.289296 0.012987 -1.776379 0.243343 0.012987 -1.775145 0.317748 0.012987 -1.775176 0.317220 0.012987 -1.775057 0.316153 0.012987 -1.774020 0.313591 0.012987 -1.773793 0.313253 0.012987 -1.773040 0.312567 0.012987 -1.774687 0.314777 0.012987 -1.774551 0.314384 0.012987 -1.775038 0.242900 0.012987 -1.775007 0.315697 0.012987 -1.785210 0.246652 0.012987 -1.786231 0.285464 0.012987 -1.774966 0.319592 0.012987 -1.774714 0.321016 0.012987 -1.795242 0.334761 0.012987 -1.774534 0.321714 0.012987 -1.774113 0.323347 0.012987 -1.773866 0.324142 0.012987 -1.773286 0.326004 0.012987 -1.772976 0.326907 0.012987 -1.811953 0.329318 0.012987 -1.809906 0.329661 0.012987 -1.809032 0.329808 0.012987 -1.775073 0.318984 0.012987 -1.785543 0.349591 0.012987 -1.772353 0.291523 0.012987 -1.771900 0.242043 0.012987 -1.770558 0.241677 0.012987 -1.770084 0.310885 0.012987 -1.771312 0.311418 0.012987 -1.771733 0.311675 0.012987 -1.769294 0.292505 0.012987 -1.769559 0.310657 0.012987 -1.765697 0.309499 0.012987 -1.767443 0.309961 0.012987 -1.768094 0.292782 0.012987 -1.768077 0.310170 0.012987 -1.764950 0.309301 0.012987 -1.765288 0.293431 0.012987 -1.764740 0.293510 0.012987 -1.762955 0.293730 0.012987 -1.763460 0.293694 0.012987 -1.758875 0.293579 0.012987 -1.759830 0.293717 0.012987 -1.758523 0.293468 0.012987 -1.760238 0.293777 0.012987 -1.761312 0.293802 0.012987 -1.758773 0.307972 0.012987 -1.759759 0.308174 0.012987 -1.761772 0.293813 0.012987 -1.762065 0.308648 0.012987 -1.762929 0.308843 0.012987 -1.772248 0.329018 0.012987 -1.771878 0.330036 0.012987 -1.771014 0.332418 0.012987 -1.752581 0.290581 0.012987 -1.751960 0.290476 0.012987 -1.754053 0.291146 0.012987 -1.755170 0.239899 0.012987 -1.754682 0.291388 0.012987 -1.756116 0.292279 0.012987 -1.751631 0.240275 0.012987 -1.750602 0.240424 0.012987 -1.748082 0.241002 0.012987 -1.750505 0.290228 0.012987 -1.747005 0.241249 0.012987 -1.748533 0.290315 0.012987 -1.747998 0.290469 0.012987 -1.749915 0.290254 0.012987 -1.754037 0.239927 0.012987 -1.747252 0.302482 0.012987 -1.748922 0.303708 0.012987 -1.749784 0.304194 0.012987 -1.756729 0.292660 0.012987 -1.757409 0.293045 0.012987 -1.751800 0.305331 0.012987 -1.745943 0.291244 0.012987 -1.745725 0.291399 0.012987 -1.746504 0.290954 0.012987 -1.744576 0.292377 0.012987 -1.744412 0.292591 0.012987 -1.745025 0.291945 0.012987 -1.745216 0.291760 0.012987 -1.743588 0.293906 0.012987 -1.743490 0.294178 0.012987 -1.743897 0.293336 0.012987 -1.743874 0.298853 0.012987 -1.743037 0.295647 0.012987 -1.743029 0.295906 0.012987 -1.743194 0.295064 0.012987 -1.743058 0.296776 0.012987 -1.743275 0.297669 0.012987 -1.743172 0.297398 0.012987 -1.743262 0.294815 0.012987 -1.743515 0.298304 0.012987 -1.744029 0.293093 0.012987 -1.744714 0.300138 0.012987 -1.745260 0.300683 0.012987 -1.744615 0.241735 0.012987 -1.743593 0.241943 0.012987 -1.746744 0.290830 0.012987 -1.746538 0.301958 0.012987 -1.755816 0.187195 0.012987 -1.751843 0.192282 0.012987 -1.767470 0.241019 0.012987 -1.750248 0.194308 0.012987 -1.766149 0.240738 0.012987 -1.746516 0.199049 0.012987 -1.763158 0.240301 0.012987 -1.761880 0.240114 0.012987 -1.745760 0.200002 0.012987 -1.743994 0.202230 0.012987 -1.759035 0.239917 0.012987 -1.743269 0.203139 0.012987 -1.757819 0.239833 0.012987 -1.757700 0.293209 0.012987 -1.752790 0.305762 0.012987 -1.755106 0.306771 0.012987 -1.756204 0.307130 0.012987 -1.770628 0.333725 0.012987 -1.769725 0.336785 0.012987 -1.761698 0.179626 0.012987 -1.757514 0.185021 0.012987 -1.773661 0.291103 0.012987 -1.772719 0.312274 0.012987 -1.769471 0.338077 0.012987 -1.768877 0.341100 0.012987 -1.768754 0.342343 0.012987 -1.768465 0.345251 0.012987 -1.768471 0.346410 0.012987 -1.768483 0.349123 0.012987 -1.768614 0.350165 0.012987 -1.768923 0.352604 0.012987 -1.769179 0.353495 0.012987 -1.769779 0.355580 0.012987 -1.769954 0.355958 0.012987 -1.769717 0.169238 0.012987 -1.767851 0.171658 0.012987 -1.763486 0.177321 0.012987 -1.731452 0.243398 0.012987 -1.731589 0.243407 0.012987 -1.731249 0.243352 0.012987 -1.730993 0.243434 0.012987 -1.721262 0.228590 0.052374 -1.732320 0.243420 0.012987 -1.733283 0.243396 0.012987 -1.731908 0.243430 0.012987 -1.729478 0.220052 0.012987 -1.729010 0.220599 0.012987 -1.741385 0.242336 0.012987 -1.740442 0.242504 0.012987 -1.727916 0.221880 0.012987 -1.738467 0.242804 0.012987 -1.727491 0.222367 0.012987 -1.737623 0.242933 0.012987 -1.726498 0.223507 0.012987 -1.735934 0.243141 0.012987 -1.726117 0.223932 0.012987 -1.735213 0.243230 0.012987 -1.725228 0.224926 0.012987 -1.733861 0.243346 0.012987 -1.724894 0.225286 0.012987 -1.724113 0.226130 0.012987 -1.723827 0.226425 0.012987 -1.723157 0.227113 0.012987 -1.722920 0.227339 0.012987 -1.722366 0.227867 0.012987 -1.722180 0.228023 0.012987 -1.730617 0.243694 0.012987 -1.730487 0.243786 0.012987 -1.730055 0.244113 0.012987 -1.729870 0.244252 0.012987 -1.729316 0.244684 0.012987 -1.729079 0.244869 0.012987 -1.728409 0.245402 0.012987 -1.728123 0.245630 0.012987 -1.727344 0.246259 0.012987 -1.727011 0.246528 0.012987 -1.726129 0.247250 0.012987 -1.725752 0.247558 0.012987 -1.724774 0.248367 0.012987 -1.720736 0.228806 0.012987 -1.721130 0.228705 0.012987 -1.721611 0.228469 0.012987 -1.721299 0.228662 0.012987 -1.720351 0.339957 0.012987 -1.720258 0.339474 0.012987 -1.720430 0.341186 0.012987 -1.720464 0.341711 0.012987 -1.720410 0.343050 0.012987 -1.720467 0.228835 0.012987 -1.719528 0.336845 0.012987 -1.719312 0.336426 0.012987 -1.719887 0.337894 0.012987 -1.720041 0.338342 0.012987 -1.720387 0.343622 0.012987 -1.720204 0.345085 0.012987 -1.718527 0.335051 0.012987 -1.717872 0.334125 0.012987 -1.717526 0.333748 0.012987 -1.715393 0.378005 0.012987 -1.715607 0.379250 0.012987 -1.714777 0.369330 0.012987 -1.714681 0.370710 0.012987 -1.714829 0.373782 0.012987 -1.716303 0.332497 0.012987 -1.715336 0.331640 0.012987 -1.714853 0.331279 0.012987 -1.715001 0.366102 0.012987 -1.715265 0.364657 0.012987 -1.714892 0.375095 0.012987 -1.716717 0.332863 0.012987 -1.715880 0.361277 0.012987 -1.716319 0.359769 0.012987 -1.716526 0.228956 0.012987 -1.715236 0.228933 0.012987 -1.722135 0.250574 0.012987 -1.718807 0.335446 0.012987 -1.717077 0.228966 0.012987 -1.718154 0.228960 0.012987 -1.718614 0.228957 0.012987 -1.719471 0.228920 0.012987 -1.719838 0.228904 0.012987 -1.721745 0.228386 0.012987 -1.724356 0.248713 0.012987 -1.705733 0.325544 0.012987 -1.707103 0.326448 0.012987 -1.704681 0.324667 0.012987 -1.704081 0.228334 0.012987 -1.701837 0.228175 0.012987 -1.713593 0.257894 0.012987 -1.710596 0.260530 0.012987 -1.707689 0.326835 0.012987 -1.709153 0.327652 0.012987 -1.698516 0.318158 0.012987 -1.699246 0.319270 0.012987 -1.701331 0.321614 0.012987 -1.696568 0.279016 0.012987 -1.695275 0.282338 0.012987 -1.697281 0.277629 0.012987 -1.696236 0.314353 0.012987 -1.696806 0.315558 0.012987 -1.692639 0.293356 0.012987 -1.692472 0.296684 0.012987 -1.692870 0.291918 0.012987 -1.692609 0.301363 0.012987 -1.692698 0.302754 0.012987 -1.693282 0.305902 0.012987 -1.693412 0.288556 0.012987 -1.693805 0.287119 0.012987 -1.693532 0.307248 0.012987 -1.694491 0.310250 0.012987 -1.694722 0.283758 0.012987 -1.694901 0.311533 0.012987 -1.700805 0.228096 0.012987 -1.698391 0.227913 0.012987 -1.709315 0.261657 0.012987 -1.697290 0.227824 0.012987 -1.694715 0.227617 0.012987 -1.706519 0.264454 0.012987 -1.693548 0.227519 0.012987 -1.702222 0.322616 0.012987 -1.655758 0.283634 0.012987 -1.655038 0.223849 0.012987 -1.647543 0.223070 0.012987 -1.642155 0.407794 0.012987 -1.642095 0.409804 0.012987 -1.642198 0.408461 0.012987 -1.644201 0.222713 0.012987 -1.642051 0.410378 0.012987 -1.658241 0.224182 0.012987 -1.665352 0.224896 0.012987 -1.668391 0.225202 0.012987 -1.675058 0.225846 0.012987 -1.624836 0.220614 0.012987 -1.624858 0.296833 0.012987 -1.632924 0.221499 0.012987 -1.636381 0.221878 0.012987 -1.664509 0.306014 0.012987 -1.625022 0.362390 0.012987 -1.625352 0.363027 0.012987 -1.684985 0.358374 0.012987 -1.626153 0.364647 0.012987 -1.626495 0.365339 0.012987 -1.627327 0.367087 0.012987 -1.627683 0.367835 0.012987 -1.628548 0.369714 0.012987 -1.628918 0.370517 0.012987 -1.629820 0.372528 0.012987 -1.630206 0.373388 0.012987 -1.631146 0.375532 0.012987 -1.631548 0.376449 0.012987 -1.632529 0.378728 0.012987 -1.632949 0.379702 0.012987 -1.634469 0.383316 0.012987 -1.635118 0.384861 0.012987 -1.636435 0.388122 0.012987 -1.636998 0.389517 0.012987 -1.641623 0.403674 0.012987 -1.641407 0.402799 0.012987 -1.626582 0.416940 0.012987 -1.641926 0.405469 0.012987 -1.642056 0.406236 0.012987 -1.690818 0.227289 0.012987 -1.705324 0.265650 0.012987 -1.689588 0.227181 0.012987 -1.686711 0.226929 0.012987 -1.702904 0.268634 0.012987 -1.685421 0.226813 0.012987 -1.701869 0.269909 0.012987 -1.682404 0.226540 0.012987 -1.681058 0.226414 0.012987 -1.677908 0.226121 0.012987 -1.699824 0.273043 0.012987 -1.698950 0.274382 0.012987 -1.692400 0.298106 0.012987 -1.709778 0.328001 0.012987 -1.693834 0.380981 0.012987 -1.638113 0.392446 0.012987 -1.638589 0.393698 0.012987 -1.639501 0.396315 0.012987 -1.639890 0.397433 0.012987 -1.640599 0.399757 0.012987 -1.640902 0.400750 0.012987 -1.741573 0.205266 0.012987 -1.740880 0.206129 0.012987 -1.739259 0.208150 0.012987 -1.738600 0.208966 0.012987 -1.737058 0.210876 0.012987 -1.736434 0.211642 0.012987 -1.734974 0.213436 0.012987 -1.734386 0.214151 0.012987 -1.733012 0.215823 0.012987 -1.732463 0.216484 0.012987 -1.705041 0.228401 0.012987 -1.731179 0.218031 0.012987 -1.707109 0.228535 0.012987 -1.730669 0.218636 0.012987 -1.707993 0.228592 0.012987 -1.709878 0.228699 0.012987 -1.710684 0.228745 0.012987 -1.712377 0.228825 0.012987 -1.713101 0.228859 0.012987 -1.714597 0.228911 0.012987 -1.721186 0.251370 0.012987 -1.718656 0.253526 0.012987 -1.717574 0.254447 0.012987 -1.714785 0.256862 0.012987 -1.743009 0.296510 0.012987 -1.713723 0.330435 0.012987 -1.713169 0.330073 0.012987 -1.720125 0.345711 0.012987 -1.719816 0.347313 0.012987 -1.711872 0.329228 0.012987 -1.711245 0.328861 0.012987 -1.719684 0.347997 0.012987 -1.719254 0.349751 0.012987 -1.719070 0.350501 0.012987 -1.718522 0.352422 0.012987 -1.718288 0.353243 0.012987 -1.717628 0.355344 0.012987 -1.717345 0.356241 0.012987 -1.624259 0.415987 0.012987 -1.624796 0.416222 0.012987 -1.622992 0.415286 0.012987 -1.617380 0.350912 0.012987 -1.616843 0.350512 0.012987 -1.618674 0.352310 0.012987 -1.614697 0.349152 0.012987 -1.614431 0.349073 0.012987 -1.615319 0.349450 0.012987 -1.615584 0.349577 0.012987 -1.613545 0.348854 0.012987 -1.612923 0.348777 0.012987 -1.612656 0.348791 0.012987 -1.610856 0.349125 0.012987 -1.610216 0.349369 0.012987 -1.609654 0.349710 0.012987 -1.611761 0.348882 0.012987 -1.611129 0.349020 0.012987 -1.612031 0.348823 0.012987 -1.606552 0.304695 0.012987 -1.603128 0.306248 0.012987 -1.608339 0.350508 0.012987 -1.607749 0.351022 0.012987 -1.611651 0.302475 0.012987 -1.613811 0.348886 0.012987 -1.608079 0.304030 0.012987 -1.606371 0.352224 0.012987 -1.605746 0.352905 0.012987 -1.619227 0.352907 0.012987 -1.620576 0.354780 0.012987 -1.604283 0.354499 0.012987 -1.621152 0.355580 0.012987 -1.603614 0.355343 0.012987 -1.621853 0.356698 0.012987 -1.622153 0.357176 0.012987 -1.599353 0.361124 0.012987 -1.598688 0.362209 0.012987 -1.598469 0.362720 0.012987 -1.597800 0.364468 0.012987 -1.597434 0.365764 0.012987 -1.597337 0.366357 0.012987 -1.596977 0.369836 0.012987 -1.596992 0.370493 0.012987 -1.597070 0.368369 0.012987 -1.597026 0.372030 0.012987 -1.597093 0.372713 0.012987 -1.597110 0.367743 0.012987 -1.597957 0.363915 0.012987 -1.589519 0.312901 0.012987 -1.592511 0.311344 0.012987 -1.581431 0.215615 0.012987 -1.564310 0.213565 0.012987 -1.588240 0.313566 0.012987 -1.585388 0.315129 0.012987 -1.584169 0.315796 0.012987 -1.560692 0.213120 0.012987 -1.581456 0.317366 0.012987 -1.580296 0.318037 0.012987 -1.588748 0.216491 0.012987 -1.601665 0.306911 0.012987 -1.598386 0.308463 0.012987 -1.596985 0.309127 0.012987 -1.593851 0.310680 0.012987 -1.570825 0.324166 0.012987 -1.569839 0.324852 0.012987 -1.602048 0.357317 0.012987 -1.601326 0.358318 0.012987 -1.567662 0.326472 0.012987 -1.599637 0.360660 0.012987 -1.566732 0.327164 0.012987 -1.564685 0.328801 0.012987 -1.563810 0.329501 0.012987 -1.561891 0.331159 0.012987 -1.561070 0.331867 0.012987 -1.559277 0.333546 0.012987 -1.558511 0.334263 0.012987 -1.605734 0.218450 0.012987 -1.577719 0.319616 0.012987 -1.576618 0.320291 0.012987 -1.574177 0.321882 0.012987 -1.573133 0.322562 0.012987 -1.622875 0.358418 0.012987 -1.623184 0.358948 0.012987 -1.623930 0.360314 0.012987 -1.624249 0.360898 0.012987 -1.609523 0.402277 0.012987 -1.608547 0.400990 0.012987 -1.560008 0.440546 0.012987 -1.560899 0.441645 0.012987 -1.563130 0.444018 0.012987 -1.611806 0.405288 0.012987 -1.612839 0.406439 0.012987 -1.615257 0.409130 0.012987 -1.616327 0.410109 0.012987 -1.618829 0.412401 0.012987 -1.619371 0.412816 0.012987 -1.620638 0.413787 0.012987 -1.621181 0.414146 0.012987 -1.622451 0.414987 0.012987 -1.542258 0.360568 0.012987 -1.541315 0.364717 0.012987 -1.542843 0.358870 0.012987 -1.556129 0.336693 0.012987 -1.556842 0.335966 0.012987 -1.514301 0.207210 0.012987 -1.506754 0.206203 0.012987 -1.554583 0.338422 0.012987 -1.553922 0.339161 0.012987 -1.503688 0.205783 0.012987 -1.496516 0.204801 0.012987 -1.552497 0.340917 0.012987 -1.551888 0.341667 0.012987 -1.493636 0.204395 0.012987 -1.550581 0.343453 0.012987 -1.550023 0.344216 0.012987 -1.486898 0.203445 0.012987 -1.485535 0.203248 0.012987 -1.482347 0.202788 0.012987 -1.547760 0.347886 0.012987 -1.544984 0.353267 0.012987 -1.544211 0.354897 0.012987 -1.444834 0.196334 0.012987 -1.445229 0.196443 0.012987 -1.446371 0.196718 0.012987 -1.440017 0.194488 0.012987 -1.440878 0.194933 0.012987 -1.443002 0.195736 0.012987 -1.443910 0.196080 0.012987 -1.432416 0.188906 0.012987 -1.434370 0.190712 0.012987 -1.431992 0.188439 0.012987 -1.435206 0.191484 0.012987 -1.437164 0.192859 0.012987 -1.429559 0.185578 0.012987 -1.430569 0.186816 0.012987 -1.429116 0.184983 0.012987 -1.427625 0.182922 0.012987 -1.428081 0.183589 0.012987 -1.431000 0.187344 0.012987 -1.415338 0.160708 0.012987 -1.415965 0.162019 0.012987 -1.417357 0.164836 0.012987 -1.417951 0.166040 0.012987 -1.419272 0.168618 0.012987 -1.419837 0.169719 0.012987 -1.421094 0.172070 0.012987 -1.421631 0.173074 0.012987 -1.422830 0.175209 0.012987 -1.423343 0.176121 0.012987 -1.424492 0.178053 0.012987 -1.424983 0.178878 0.012987 -1.426087 0.180618 0.012987 -1.426559 0.181362 0.012987 -1.438002 0.193447 0.012987 -1.477982 0.202146 0.012987 -1.481040 0.202595 0.012987 -1.476734 0.201958 0.012987 -1.473814 0.201520 0.012987 -1.472628 0.201338 0.012987 -1.469852 0.200912 0.012987 -1.468731 0.200736 0.012987 -1.466108 0.200323 0.012987 -1.465055 0.200153 0.012987 -1.462592 0.199755 0.012987 -1.461610 0.199591 0.012987 -1.459313 0.199207 0.012987 -1.458406 0.199050 0.012987 -1.456284 0.198683 0.012987 -1.455454 0.198533 0.012987 -1.453513 0.198182 0.012987 -1.452764 0.198040 0.012987 -1.451012 0.197706 0.012987 -1.450347 0.197572 0.012987 -1.448791 0.197257 0.012987 -1.448212 0.197131 0.012987 -1.446860 0.196835 0.012987 -1.548671 0.211632 0.012987 -1.552228 0.212078 0.012987 -1.540348 0.210589 0.012987 -1.536876 0.210145 0.012987 -1.528753 0.209107 0.012987 -1.525392 0.208668 0.012987 -1.517527 0.207641 0.012987 -1.546793 0.349454 0.012987 -1.540913 0.366490 0.012987 -1.540382 0.370831 0.012987 -1.540155 0.372687 0.012987 -1.540021 0.377237 0.012987 -1.539964 0.379182 0.012987 -1.540214 0.383957 0.012987 -1.540320 0.385997 0.012987 -1.540833 0.390503 0.012987 -1.541052 0.392429 0.012987 -1.541729 0.396744 0.012987 -1.542018 0.398589 0.012987 -1.542859 0.402714 0.012987 -1.543218 0.404477 0.012987 -1.544219 0.408410 0.012987 -1.544648 0.410091 0.012987 -1.545809 0.413832 0.012987 -1.546305 0.415431 0.012987 -1.547624 0.418979 0.012987 -1.548188 0.420495 0.012987 -1.549664 0.423850 0.012987 -1.550294 0.425283 0.012987 -1.551924 0.428443 0.012987 -1.552621 0.429793 0.012987 -1.554403 0.432757 0.012987 -1.555165 0.434024 0.012987 -1.557099 0.436792 0.012987 -1.557925 0.437975 0.012987 -1.597248 0.374310 0.012987 -1.597364 0.375014 0.012987 -1.597634 0.376662 0.012987 -1.598002 0.378118 0.012987 -1.598862 0.381525 0.012987 -1.599394 0.383015 0.012987 -1.600638 0.386503 0.012987 -1.601313 0.387994 0.012987 -1.602892 0.391483 0.012987 -1.603689 0.392941 0.012987 -1.605552 0.396350 0.012987 -1.606449 0.397740 0.012987 -1.621290 0.220217 0.012987 -1.612994 0.219288 0.012987 -1.626052 0.416773 0.012987 -1.721717 0.228348 0.052374 "
							            />
							<TextureCoordinate point="0.7622 0.7158 0.8295 0.7085 0.8273 0.7652 0.7586 0.7401 0.8295 0.7085 0.8701 0.7141 0.8581 0.7544 0.8273 0.7652 0.7499 0.6929 0.8276 0.6785 0.8295 0.7085 0.7622 0.7158 0.8276 0.6785 0.8657 0.6772 0.8701 0.7141 0.8295 0.7085 0.8244 0.6409 0.8634 0.6382 0.8657 0.6772 0.8276 0.6785 0.7571 0.6551 0.8244 0.6409 0.8276 0.6785 0.7499 0.6929 0.7622 0.7158 0.7586 0.7401 0.7446 0.7260 0.7499 0.6929 0.7732 0.6395 0.7571 0.6551 0.7233 0.6376 0.7487 0.6119 0.0003 0.1805 0.0047 0.1478 0.0424 0.1478 0.0440 0.1789 0.7499 0.6929 0.7446 0.7260 0.7181 0.7249 0.7169 0.6962 0.7571 0.6551 0.7499 0.6929 0.7169 0.6962 0.7233 0.6376 0.1092 0.2216 0.1085 0.1870 0.2137 0.1860 0.1945 0.2151 0.5864 0.1842 0.6314 0.1835 0.6399 0.2321 0.5864 0.1842 0.6399 0.2321 0.5932 0.2385 0.6305 0.1478 0.6314 0.1835 0.5864 0.1842 0.5887 0.1478 0.3040 0.7198 0.3087 0.6956 0.3776 0.7042 0.3747 0.7230 0.6314 0.1835 0.6896 0.1720 0.7027 0.2251 0.6399 0.2321 0.5178 0.1478 0.5171 0.1917 0.4195 0.1589 0.4190 0.1478 0.0003 0.1805 0.0440 0.1789 0.0468 0.2411 0.0085 0.2289 0.4190 0.1478 0.4195 0.1589 0.3717 0.1716 0.3692 0.1478 0.4195 0.1589 0.4306 0.2188 0.3692 0.2354 0.3717 0.1716 0.5171 0.1917 0.5188 0.2266 0.4306 0.2188 0.4195 0.1589 0.1085 0.1870 0.1085 0.1478 0.2221 0.1478 0.2137 0.1860 0.1154 0.2804 0.1092 0.2216 0.1945 0.2151 0.1907 0.2655 0.0503 0.2953 0.0468 0.2411 0.1092 0.2216 0.1154 0.2804 0.0440 0.1789 0.0424 0.1478 0.1085 0.1478 0.1085 0.1870 0.5864 0.1842 0.5932 0.2385 0.5188 0.2266 0.5171 0.1917 0.5887 0.1478 0.5864 0.1842 0.5171 0.1917 0.5178 0.1478 0.0468 0.2411 0.0440 0.1789 0.1085 0.1870 0.1092 0.2216 0.9102 0.1427 0.9101 0.1425 0.9102 0.1422 0.9105 0.1426 0.3039 0.7560 0.3040 0.7198 0.3747 0.7230 0.3794 0.7446 0.3103 0.7861 0.3039 0.7560 0.3794 0.7446 0.3846 0.7654 0.3087 0.6956 0.3108 0.6604 0.3846 0.6838 0.3776 0.7042 0.1858 0.6757 0.1944 0.6174 0.2867 0.6554 0.2829 0.6910 0.1927 0.8200 0.1783 0.7773 0.2786 0.7608 0.2860 0.7897 0.1783 0.7773 0.1771 0.7163 0.2792 0.7195 0.2786 0.7608 0.1771 0.7163 0.1858 0.6757 0.2829 0.6910 0.2792 0.7195 0.2829 0.6910 0.2867 0.6554 0.3108 0.6604 0.3087 0.6956 0.2860 0.7897 0.2786 0.7608 0.3039 0.7560 0.3103 0.7861 0.2786 0.7608 0.2792 0.7195 0.3040 0.7198 0.3039 0.7560 0.2792 0.7195 0.2829 0.6910 0.3087 0.6956 0.3040 0.7198 0.9105 0.1426 0.9102 0.1422 0.9165 0.1344 0.9202 0.1416 0.9100 0.1429 0.9102 0.1427 0.9104 0.1428 0.8838 0.1988 0.9098 0.1426 0.9100 0.1429 0.8838 0.1988 0.8586 0.1261 0.9101 0.1425 0.9098 0.1426 0.8586 0.1261 0.9102 0.1422 0.9001 0.0922 0.9279 0.0675 0.9473 0.1104 0.9355 0.1111 0.8838 0.1988 0.9104 0.1428 0.9202 0.1418 0.9514 0.1879 0.9568 0.0324 0.9271 0.0690 0.9120 0.0649 0.9326 0.0421 0.9102 0.1422 0.8586 0.1261 0.9001 0.0922 0.9165 0.1344 0.9355 0.1111 0.9473 0.1104 0.9437 0.1248 0.9389 0.1209 0.9165 0.1344 0.9001 0.0922 0.9355 0.1111 0.9272 0.1322 0.9202 0.1416 0.9165 0.1344 0.9272 0.1322 0.9288 0.1361 0.9514 0.1879 0.9202 0.1418 0.9288 0.1361 0.9568 0.1307 0.8930 0.0802 0.8614 0.1016 0.8875 0.0496 0.9000 0.0623 0.9271 0.0690 0.9001 0.0922 0.8930 0.0802 0.9120 0.0649 0.9001 0.0922 0.8586 0.1261 0.8614 0.1016 0.8930 0.0802 0.9408 0.0003 0.9568 0.0324 0.9326 0.0421 0.9246 0.0159 0.8875 0.0496 0.9045 0.0557 0.9022 0.0603 0.9000 0.0623 0.9120 0.0649 0.8930 0.0802 0.9000 0.0623 0.9022 0.0603 0.9326 0.0421 0.9120 0.0649 0.9022 0.0603 0.9045 0.0557 0.9246 0.0159 0.9326 0.0421 0.9045 0.0557 0.8875 0.0496 0.9308 0.1312 0.9389 0.1209 0.9437 0.1248 0.9312 0.1329 0.9272 0.1322 0.9355 0.1111 0.9389 0.1209 0.9308 0.1312 0.9288 0.1361 0.9272 0.1322 0.9308 0.1312 0.9312 0.1329 0.9568 0.1307 0.9288 0.1361 0.9312 0.1329 0.9437 0.1248 0.2379 0.2781 0.2512 0.2225 0.2803 0.2232 0.2685 0.2784 0.2512 0.2225 0.2668 0.1833 0.2806 0.1603 0.2803 0.2232 0.1945 0.2151 0.2137 0.1860 0.2668 0.1833 0.2512 0.2225 0.1907 0.2655 0.1945 0.2151 0.2512 0.2225 0.2379 0.2781 0.2137 0.1860 0.2221 0.1478 0.2643 0.1478 0.2668 0.1833 0.2806 0.1603 0.2899 0.1478 0.3299 0.1478 0.3347 0.1586 0.3910 0.4666 0.3378 0.4698 0.3674 0.2962 0.4092 0.2959 0.2668 0.1833 0.2643 0.1478 0.2899 0.1478 0.2806 0.1603 0.3717 0.1716 0.3692 0.2354 0.3297 0.2371 0.3347 0.1586 0.3692 0.1478 0.3717 0.1716 0.3347 0.1586 0.3299 0.1478 0.7363 0.0614 0.7444 0.1166 0.7281 0.1248 0.7034 0.0718 0.4379 0.4691 0.3910 0.4666 0.4092 0.2959 0.4464 0.3222 0.3378 0.4698 0.2729 0.4592 0.3160 0.3126 0.3674 0.2962 0.2729 0.4592 0.2284 0.4374 0.2766 0.2983 0.3160 0.3126 0.2359 0.6034 0.1771 0.5669 0.2121 0.4668 0.2669 0.4974 0.3169 0.6168 0.2359 0.6034 0.2669 0.4974 0.3437 0.5101 0.4464 0.6092 0.3843 0.6096 0.3720 0.5061 0.4376 0.5035 0.3843 0.6096 0.3169 0.6168 0.3437 0.5101 0.3720 0.5061 0.2669 0.4974 0.2121 0.4668 0.2284 0.4374 0.2729 0.4592 0.3437 0.5101 0.2669 0.4974 0.2729 0.4592 0.3378 0.4698 0.4376 0.5035 0.3720 0.5061 0.3910 0.4666 0.4379 0.4691 0.3720 0.5061 0.3437 0.5101 0.3378 0.4698 0.3910 0.4666 0.7630 0.2828 0.7631 0.2938 0.7034 0.2833 0.7115 0.2477 0.7627 0.2412 0.7628 0.2520 0.7613 0.2520 0.7553 0.2521 0.7527 0.2522 0.7499 0.2571 0.7487 0.2592 0.7484 0.2597 0.7483 0.2599 0.7480 0.2604 0.7479 0.2606 0.7476 0.2611 0.7475 0.2613 0.7472 0.2618 0.7471 0.2620 0.7468 0.2625 0.7467 0.2627 0.7465 0.2631 0.7464 0.2633 0.7462 0.2637 0.7461 0.2639 0.7460 0.2641 0.7459 0.2642 0.7458 0.2644 0.7458 0.2645 0.7457 0.2647 0.7457 0.2647 0.7456 0.2649 0.7455 0.2650 0.7455 0.2652 0.7454 0.2652 0.7453 0.2654 0.7453 0.2655 0.7452 0.2656 0.7452 0.2657 0.7451 0.2658 0.7451 0.2659 0.7450 0.2660 0.7450 0.2661 0.7449 0.2662 0.7449 0.2663 0.7449 0.2664 0.7448 0.2665 0.7448 0.2666 0.7448 0.2666 0.7447 0.2667 0.7447 0.2668 0.7447 0.2669 0.7447 0.2669 0.7446 0.2670 0.7446 0.2670 0.7446 0.2671 0.7446 0.2671 0.7446 0.2672 0.7446 0.2672 0.7446 0.2672 0.7446 0.2672 0.7446 0.2673 0.7446 0.2673 0.7446 0.2674 0.7446 0.2674 0.7446 0.2674 0.7446 0.2675 0.7446 0.2676 0.7447 0.2676 0.7447 0.2677 0.7447 0.2677 0.7447 0.2678 0.7448 0.2679 0.7448 0.2680 0.7448 0.2680 0.7449 0.2681 0.7449 0.2682 0.7450 0.2683 0.7450 0.2684 0.7451 0.2685 0.7451 0.2686 0.7452 0.2687 0.7452 0.2688 0.7453 0.2690 0.7453 0.2690 0.7454 0.2692 0.7454 0.2693 0.7455 0.2695 0.7456 0.2695 0.7456 0.2697 0.7457 0.2698 0.7458 0.2700 0.7458 0.2701 0.7459 0.2703 0.7460 0.2704 0.7461 0.2706 0.7461 0.2707 0.7464 0.2711 0.7465 0.2713 0.7467 0.2717 0.7468 0.2719 0.7471 0.2724 0.7472 0.2726 0.7475 0.2731 0.7476 0.2733 0.7479 0.2738 0.7480 0.2740 0.7483 0.2745 0.7484 0.2747 0.7487 0.2752 0.7488 0.2755 0.7518 0.2805 0.7531 0.2827 0.7590 0.2827 0.7615 0.2828 0.7620 0.2828 0.7622 0.2828 0.7627 0.2828 0.7629 0.2828 0.8254 0.0441 0.8236 0.0003 0.8580 0.0023 0.8580 0.0433 0.8279 0.1079 0.8254 0.0441 0.8580 0.0433 0.8463 0.1093 0.7582 0.1382 0.7728 0.1322 0.7768 0.1512 0.7727 0.1656 0.7727 0.1656 0.8111 0.1612 0.8209 0.1716 0.7690 0.1793 0.8197 0.1321 0.8394 0.1362 0.8209 0.1716 0.8111 0.1612 0.7877 0.2711 0.7878 0.2711 0.7880 0.2711 0.7881 0.2711 0.7882 0.2710 0.7883 0.2710 0.7884 0.2710 0.7885 0.2709 0.7887 0.2708 0.7887 0.2708 0.7889 0.2707 0.7889 0.2707 0.7891 0.2706 0.7892 0.2705 0.7893 0.2704 0.7893 0.2703 0.7895 0.2702 0.7895 0.2701 0.7897 0.2700 0.7897 0.2699 0.7898 0.2697 0.7899 0.2697 0.7900 0.2695 0.7900 0.2694 0.7901 0.2692 0.7901 0.2692 0.7902 0.2690 0.7902 0.2689 0.7903 0.2687 0.7903 0.2686 0.7904 0.2684 0.7904 0.2683 0.7905 0.2681 0.7905 0.2680 0.7905 0.2678 0.7905 0.2677 0.7905 0.2674 0.7905 0.2673 0.7905 0.2671 0.7905 0.2670 0.7905 0.2668 0.7905 0.2667 0.7905 0.2664 0.7905 0.2663 0.7904 0.2661 0.7904 0.2660 0.7903 0.2658 0.7903 0.2657 0.7902 0.2655 0.7902 0.2654 0.7900 0.2651 0.7900 0.2650 0.7899 0.2649 0.7899 0.2648 0.7898 0.2647 0.7898 0.2646 0.7897 0.2645 0.7896 0.2645 0.7896 0.2644 0.7895 0.2643 0.7894 0.2642 0.7894 0.2642 0.7893 0.2641 0.7893 0.2640 0.7892 0.2639 0.7892 0.2639 0.7891 0.2638 0.7890 0.2638 0.7890 0.2637 0.7889 0.2637 0.7888 0.2636 0.7888 0.2636 0.7887 0.2635 0.7887 0.2635 0.7886 0.2634 0.7886 0.2634 0.7885 0.2634 0.7885 0.2633 0.7884 0.2633 0.7883 0.2633 0.7883 0.2633 0.7882 0.2633 0.7882 0.2632 0.7881 0.2632 0.7880 0.2632 0.7880 0.2632 0.7879 0.2632 0.7879 0.2632 0.7878 0.2632 0.7878 0.2632 0.7877 0.2633 0.7877 0.2633 0.7876 0.2633 0.7876 0.2633 0.7875 0.2633 0.7875 0.2634 0.7874 0.2634 0.7874 0.2634 0.7874 0.2635 0.7873 0.2635 0.7873 0.2635 0.7873 0.2622 0.7875 0.2621 0.7876 0.2620 0.7878 0.2619 0.7879 0.2619 0.7882 0.2617 0.7883 0.2617 0.7885 0.2615 0.7886 0.2615 0.7888 0.2613 0.7889 0.2612 0.7890 0.2611 0.7891 0.2610 0.7892 0.2608 0.7893 0.2608 0.7894 0.2607 0.7894 0.2606 0.7894 0.2605 0.7895 0.2605 0.7895 0.2604 0.7895 0.2604 0.7896 0.2603 0.7896 0.2602 0.7896 0.2601 0.7897 0.2600 0.7897 0.2599 0.7897 0.2598 0.7897 0.2597 0.7898 0.2596 0.7898 0.2594 0.7898 0.2594 0.7899 0.2592 0.7899 0.2591 0.7899 0.2589 0.7899 0.2588 0.7899 0.2586 0.7900 0.2585 0.7900 0.2583 0.7900 0.2582 0.7900 0.2578 0.7901 0.2576 0.7901 0.2572 0.7901 0.2570 0.7901 0.2566 0.7901 0.2564 0.7902 0.2543 0.7902 0.2534 0.7872 0.2534 0.7871 0.2399 0.8266 0.2376 0.8266 0.2946 0.7875 0.2924 0.7874 0.2811 0.7874 0.2811 0.7876 0.2810 0.7877 0.2810 0.7879 0.2809 0.7879 0.2808 0.7881 0.2807 0.7882 0.2807 0.7883 0.2806 0.7884 0.2805 0.7885 0.2804 0.7886 0.2803 0.7887 0.2802 0.7888 0.2801 0.7889 0.2800 0.7890 0.2799 0.7891 0.2797 0.7892 0.2796 0.7893 0.2795 0.7893 0.2794 0.7894 0.2792 0.7895 0.2791 0.7896 0.2789 0.7896 0.2788 0.7897 0.2786 0.7897 0.2785 0.7898 0.2783 0.7898 0.2782 0.7899 0.2779 0.7899 0.2778 0.7900 0.2776 0.7900 0.2775 0.7901 0.2772 0.7901 0.2771 0.7901 0.2768 0.7902 0.2767 0.7902 0.2764 0.7902 0.2763 0.7902 0.2760 0.7902 0.2759 0.7903 0.2756 0.7903 0.2754 0.7903 0.2733 0.7903 0.2724 0.7874 0.2724 0.7873 0.2711 0.7875 0.2711 0.7876 0.2711 0.7878 0.2672 0.7878 0.2672 0.7878 0.2672 0.7878 0.2673 0.7877 0.2673 0.7877 0.2673 0.7877 0.2673 0.7877 0.2674 0.7876 0.2674 0.7876 0.2674 0.7876 0.2674 0.7876 0.2674 0.7875 0.2675 0.7875 0.2675 0.7875 0.2675 0.7874 0.2675 0.7874 0.2675 0.7874 0.2675 0.7873 0.2675 0.7873 0.2665 0.7874 0.2666 0.7874 0.2666 0.7875 0.2666 0.7875 0.2666 0.7875 0.2667 0.7876 0.2667 0.7876 0.2668 0.7876 0.2668 0.7877 0.2668 0.7877 0.2668 0.7877 0.2669 0.7877 0.2669 0.7878 0.2670 0.7878 0.2670 0.7878 0.2670 0.7878 0.2670 0.7878 0.2671 0.7878 0.2671 0.7878 0.2671 0.7878 0.2671 0.7875 0.2574 0.7875 0.2575 0.7875 0.2575 0.7875 0.2575 0.7875 0.2576 0.7875 0.2576 0.7875 0.2577 0.7875 0.2577 0.7875 0.2578 0.7875 0.2578 0.7875 0.2578 0.7875 0.2579 0.7874 0.2579 0.7874 0.2580 0.7874 0.2580 0.7873 0.2581 0.7873 0.2581 0.7873 0.2582 0.7873 0.2582 0.7872 0.2571 0.7873 0.2571 0.7873 0.2571 0.7873 0.2571 0.7874 0.2572 0.7874 0.2572 0.7874 0.2572 0.7874 0.2572 0.7875 0.2573 0.7875 0.2573 0.7875 0.2574 0.7875 0.2574 0.7875 0.2762 0.7875 0.2762 0.7875 0.2763 0.7876 0.2763 0.7875 0.2764 0.7875 0.2765 0.7875 0.2766 0.7875 0.2766 0.7875 0.2767 0.7875 0.2767 0.7875 0.2768 0.7875 0.2768 0.7874 0.2768 0.7874 0.2769 0.7874 0.2769 0.7874 0.2760 0.7874 0.2760 0.7874 0.2760 0.7875 0.2760 0.7875 0.2761 0.7875 0.2761 0.7875 0.2761 0.7728 0.1322 0.8053 0.1318 0.8032 0.1495 0.7768 0.1512 0.7622 0.1097 0.8082 0.1075 0.8053 0.1318 0.7728 0.1322 0.7801 0.2670 0.7801 0.2671 0.7801 0.2671 0.7801 0.2671 0.7801 0.2671 0.7801 0.2671 0.7801 0.2672 0.7801 0.2672 0.7802 0.2673 0.7802 0.2673 0.7802 0.2673 0.7802 0.2674 0.7802 0.2674 0.7802 0.2674 0.7802 0.2675 0.7803 0.2676 0.7803 0.2677 0.7803 0.2678 0.7804 0.2680 0.7804 0.2681 0.7805 0.2683 0.7805 0.2684 0.7806 0.2686 0.7806 0.2687 0.7807 0.2689 0.7808 0.2690 0.7809 0.2692 0.7809 0.2693 0.7810 0.2695 0.7811 0.2696 0.7812 0.2697 0.7813 0.2698 0.7814 0.2700 0.7815 0.2700 0.7817 0.2702 0.7817 0.2702 0.7819 0.2703 0.7820 0.2704 0.7822 0.2705 0.7823 0.2705 0.7824 0.2706 0.7825 0.2706 0.7827 0.2706 0.7828 0.2706 0.7830 0.2707 0.7831 0.2707 0.7833 0.2707 0.7833 0.2707 0.7835 0.2706 0.7836 0.2706 0.7838 0.2705 0.7839 0.2705 0.7840 0.2704 0.7841 0.2704 0.7842 0.2703 0.7842 0.2703 0.7843 0.2702 0.7843 0.2702 0.7844 0.2702 0.7844 0.2701 0.7845 0.2701 0.7846 0.2701 0.7846 0.2700 0.7847 0.2700 0.7847 0.2700 0.7848 0.2699 0.7848 0.2699 0.7849 0.2699 0.7849 0.2699 0.7850 0.2699 0.7850 0.2699 0.7851 0.2699 0.7851 0.2699 0.7851 0.2699 0.7852 0.2699 0.7852 0.2699 0.7853 0.2699 0.7853 0.2699 0.7854 0.2700 0.7854 0.2700 0.7855 0.2700 0.7856 0.2701 0.7856 0.2701 0.7857 0.2701 0.7858 0.2702 0.7858 0.2702 0.7859 0.2703 0.7859 0.2703 0.7860 0.2704 0.7861 0.2705 0.7863 0.2706 0.7863 0.2707 0.7865 0.2708 0.7866 0.2708 0.7868 0.2709 0.7868 0.2709 0.7870 0.2710 0.7871 0.2710 0.7872 0.2711 0.7873 0.2711 0.7873 0.2711 0.7874 0.2724 0.7869 0.2723 0.7854 0.2723 0.7820 0.2722 0.7806 0.2722 0.7806 0.2742 0.7806 0.2751 0.7806 0.2753 0.7806 0.2754 0.7806 0.2757 0.7806 0.2758 0.7806 0.2760 0.7806 0.2761 0.7807 0.2763 0.7807 0.2764 0.7807 0.2766 0.7807 0.2767 0.7807 0.2769 0.7807 0.2769 0.7807 0.2771 0.7807 0.2772 0.7808 0.2774 0.7808 0.2775 0.7808 0.2776 0.7808 0.2777 0.7809 0.2779 0.7809 0.2779 0.7809 0.2781 0.7809 0.2782 0.7810 0.2783 0.7810 0.2784 0.7810 0.2785 0.7811 0.2786 0.7811 0.2787 0.7811 0.2788 0.7812 0.2789 0.7812 0.2790 0.7813 0.2791 0.7813 0.2792 0.7814 0.2793 0.7814 0.2793 0.7815 0.2795 0.7815 0.2795 0.7817 0.2797 0.7817 0.2798 0.7819 0.2800 0.7820 0.2801 0.7821 0.2802 0.7822 0.2803 0.7824 0.2805 0.7825 0.2805 0.7828 0.2807 0.7829 0.2807 0.7831 0.2808 0.7832 0.2809 0.7835 0.2810 0.7836 0.2810 0.7839 0.2811 0.7840 0.2811 0.7842 0.2812 0.7843 0.2812 0.7846 0.2813 0.7847 0.2813 0.7849 0.2813 0.7850 0.2813 0.7853 0.2814 0.7854 0.2814 0.7856 0.2814 0.7857 0.2814 0.7859 0.2814 0.7860 0.2814 0.7862 0.2814 0.7863 0.2814 0.7865 0.2813 0.7866 0.2813 0.7868 0.2813 0.7869 0.2813 0.7871 0.2812 0.7872 0.2812 0.7874 0.2811 0.7874 0.2811 0.7875 0.2924 0.7631 0.2938 0.7630 0.2828 0.7633 0.2828 0.7635 0.2828 0.7639 0.2828 0.7641 0.2828 0.7645 0.2828 0.7646 0.2828 0.7650 0.2828 0.7651 0.2828 0.7655 0.2828 0.7656 0.2828 0.7659 0.2828 0.7661 0.2828 0.7664 0.2828 0.7665 0.2828 0.7668 0.2828 0.7669 0.2828 0.7671 0.2828 0.7673 0.2828 0.7675 0.2827 0.7676 0.2827 0.7678 0.2827 0.7679 0.2827 0.7681 0.2827 0.7682 0.2827 0.7684 0.2827 0.7685 0.2827 0.7687 0.2827 0.7687 0.2827 0.7689 0.2827 0.7690 0.2827 0.7691 0.2826 0.7692 0.2826 0.7693 0.2826 0.7694 0.2826 0.7695 0.2826 0.7695 0.2826 0.7696 0.2826 0.7697 0.2825 0.7698 0.2825 0.7698 0.2825 0.7699 0.2825 0.7700 0.2825 0.7701 0.2824 0.7701 0.2824 0.7702 0.2824 0.7703 0.2823 0.7704 0.2823 0.7705 0.2822 0.7706 0.2821 0.7706 0.2821 0.7707 0.2820 0.7708 0.2820 0.7708 0.2819 0.7708 0.2819 0.7709 0.2818 0.7709 0.2818 0.7709 0.2817 0.7709 0.2817 0.7710 0.2816 0.7710 0.2816 0.7711 0.2815 0.7711 0.2815 0.7712 0.2814 0.7712 0.2813 0.7713 0.2812 0.7713 0.2812 0.7714 0.2811 0.7714 0.2810 0.7715 0.2809 0.7715 0.2808 0.7716 0.2807 0.7716 0.2806 0.7717 0.2805 0.7718 0.2804 0.7719 0.2803 0.7719 0.2802 0.7720 0.2800 0.7720 0.2800 0.7721 0.2798 0.7722 0.2797 0.7724 0.2794 0.7725 0.2792 0.7727 0.2789 0.7728 0.2787 0.7730 0.2783 0.7731 0.2781 0.7734 0.2777 0.7735 0.2775 0.7737 0.2771 0.7738 0.2769 0.7741 0.2765 0.7742 0.2763 0.7744 0.2758 0.7746 0.2757 0.7751 0.2747 0.7753 0.2744 0.7758 0.2735 0.7760 0.2731 0.7763 0.2726 0.7764 0.2724 0.7766 0.2720 0.7767 0.2718 0.7769 0.2714 0.7770 0.2712 0.7772 0.2708 0.7773 0.2707 0.7775 0.2703 0.7776 0.2701 0.7778 0.2698 0.7779 0.2696 0.7780 0.2694 0.7780 0.2694 0.7781 0.2692 0.7782 0.2691 0.7782 0.2690 0.7783 0.2689 0.7783 0.2688 0.7784 0.2687 0.7785 0.2686 0.7785 0.2685 0.7786 0.2684 0.7786 0.2683 0.7786 0.2682 0.7787 0.2682 0.7787 0.2680 0.7787 0.2680 0.7788 0.2679 0.7788 0.2678 0.7789 0.2678 0.7789 0.2677 0.7789 0.2676 0.7789 0.2676 0.7790 0.2675 0.7790 0.2675 0.7790 0.2674 0.7790 0.2674 0.7790 0.2674 0.7790 0.2673 0.7791 0.2673 0.7791 0.2673 0.7791 0.2673 0.7791 0.2673 0.7791 0.2672 0.7791 0.2672 0.7790 0.2672 0.7790 0.2672 0.7790 0.2671 0.7790 0.2671 0.7790 0.2671 0.7790 0.2670 0.7790 0.2670 0.7789 0.2669 0.7789 0.2669 0.7789 0.2668 0.7789 0.2668 0.7788 0.2667 0.7788 0.2666 0.7788 0.2666 0.7787 0.2665 0.7787 0.2665 0.7786 0.2663 0.7786 0.2663 0.7786 0.2662 0.7785 0.2661 0.7785 0.2660 0.7784 0.2660 0.7784 0.2658 0.7783 0.2658 0.7783 0.2656 0.7782 0.2656 0.7782 0.2654 0.7781 0.2654 0.7780 0.2652 0.7780 0.2652 0.7778 0.2648 0.7777 0.2647 0.7776 0.2644 0.7775 0.2642 0.7773 0.2639 0.7772 0.2637 0.7770 0.2633 0.7769 0.2632 0.7767 0.2628 0.7766 0.2626 0.7763 0.2622 0.7762 0.2620 0.7760 0.2616 0.7759 0.2615 0.7757 0.2610 0.7756 0.2609 0.7746 0.2592 0.7741 0.2585 0.7739 0.2581 0.7738 0.2579 0.7736 0.2575 0.7735 0.2573 0.7732 0.2569 0.7731 0.2568 0.7729 0.2564 0.7728 0.2562 0.7726 0.2559 0.7725 0.2557 0.7723 0.2554 0.7722 0.2553 0.7720 0.2549 0.7719 0.2548 0.7717 0.2545 0.7717 0.2544 0.7716 0.2543 0.7715 0.2542 0.7715 0.2541 0.7714 0.2540 0.7714 0.2539 0.7713 0.2538 0.7713 0.2537 0.7712 0.2537 0.7712 0.2536 0.7711 0.2535 0.7711 0.2534 0.7710 0.2534 0.7710 0.2533 0.7709 0.2533 0.7709 0.2532 0.7709 0.2532 0.7702 0.2522 0.7699 0.2518 0.7639 0.2519 0.7628 0.2520 0.7627 0.2412 0.7871 0.2399 0.7872 0.2534 0.7868 0.2534 0.7853 0.2533 0.7819 0.2532 0.7805 0.2532 0.7805 0.2554 0.7805 0.2564 0.7805 0.2566 0.7805 0.2567 0.7805 0.2570 0.7805 0.2571 0.7805 0.2573 0.7805 0.2574 0.7805 0.2576 0.7805 0.2577 0.7806 0.2579 0.7806 0.2580 0.7806 0.2582 0.7806 0.2583 0.7806 0.2585 0.7807 0.2586 0.7807 0.2588 0.7807 0.2588 0.7807 0.2590 0.7808 0.2591 0.7808 0.2593 0.7808 0.2593 0.7809 0.2595 0.7809 0.2596 0.7809 0.2597 0.7810 0.2598 0.7810 0.2600 0.7811 0.2600 0.7811 0.2602 0.7811 0.2602 0.7812 0.2604 0.7812 0.2604 0.7813 0.2606 0.7813 0.2606 0.7814 0.2608 0.7815 0.2608 0.7815 0.2609 0.7816 0.2610 0.7817 0.2611 0.7817 0.2611 0.7818 0.2612 0.7818 0.2613 0.7819 0.2614 0.7820 0.2614 0.7821 0.2615 0.7821 0.2616 0.7822 0.2617 0.7823 0.2617 0.7824 0.2618 0.7824 0.2618 0.7826 0.2619 0.7826 0.2619 0.7827 0.2620 0.7828 0.2620 0.7829 0.2621 0.7830 0.2621 0.7831 0.2622 0.7832 0.2622 0.7833 0.2623 0.7834 0.2623 0.7835 0.2623 0.7836 0.2624 0.7837 0.2624 0.7838 0.2624 0.7840 0.2625 0.7840 0.2625 0.7843 0.2625 0.7844 0.2625 0.7847 0.2626 0.7848 0.2626 0.7851 0.2626 0.7852 0.2626 0.7855 0.2626 0.7856 0.2626 0.7859 0.2625 0.7860 0.2625 0.7863 0.2624 0.7864 0.2624 0.7867 0.2623 0.7868 0.2623 0.7871 0.2622 0.7872 0.2622 0.7873 0.2622 0.7873 0.2635 0.7873 0.2636 0.7872 0.2636 0.7872 0.2637 0.7872 0.2637 0.7871 0.2638 0.7871 0.2638 0.7870 0.2639 0.7870 0.2639 0.7870 0.2640 0.7870 0.2641 0.7869 0.2642 0.7869 0.2642 0.7869 0.2643 0.7868 0.2644 0.7868 0.2645 0.7868 0.2646 0.7868 0.2647 0.7868 0.2647 0.7867 0.2648 0.7867 0.2649 0.7867 0.2650 0.7867 0.2651 0.7867 0.2652 0.7867 0.2652 0.7867 0.2653 0.7867 0.2653 0.7867 0.2654 0.7867 0.2655 0.7867 0.2656 0.7867 0.2656 0.7867 0.2657 0.7867 0.2657 0.7868 0.2658 0.7868 0.2659 0.7868 0.2659 0.7868 0.2660 0.7869 0.2660 0.7869 0.2661 0.7869 0.2661 0.7869 0.2662 0.7870 0.2662 0.7870 0.2663 0.7871 0.2663 0.7871 0.2663 0.7872 0.2664 0.7872 0.2664 0.7873 0.2665 0.7873 0.2665 0.7873 0.2665 0.7873 0.2675 0.7873 0.2675 0.7873 0.2675 0.7871 0.2675 0.7871 0.2675 0.7869 0.2675 0.7869 0.2674 0.7867 0.2674 0.7867 0.2674 0.7865 0.2673 0.7864 0.2672 0.7863 0.2671 0.7862 0.2671 0.7861 0.2670 0.7860 0.2669 0.7859 0.2668 0.7858 0.2668 0.7857 0.2667 0.7857 0.2666 0.7856 0.2666 0.7856 0.2665 0.7855 0.2665 0.7855 0.2664 0.7854 0.2664 0.7854 0.2664 0.7853 0.2663 0.7853 0.2663 0.7852 0.2663 0.7852 0.2663 0.7851 0.2663 0.7851 0.2663 0.7850 0.2663 0.7850 0.2663 0.7849 0.2663 0.7849 0.2663 0.7849 0.2664 0.7848 0.2664 0.7848 0.2665 0.7848 0.2665 0.7847 0.2666 0.7847 0.2666 0.7846 0.2667 0.7846 0.2667 0.7845 0.2668 0.7845 0.2669 0.7844 0.2670 0.7844 0.2670 0.7843 0.2671 0.7842 0.2672 0.7841 0.2673 0.7840 0.2673 0.7839 0.2674 0.7839 0.2675 0.7838 0.2675 0.7837 0.2676 0.7836 0.2676 0.7836 0.2676 0.7835 0.2676 0.7835 0.2676 0.7834 0.2676 0.7834 0.2676 0.7834 0.2676 0.7834 0.2676 0.7833 0.2676 0.7833 0.2676 0.7833 0.2676 0.7833 0.2676 0.7832 0.2676 0.7832 0.2675 0.7832 0.2675 0.7832 0.2675 0.7832 0.2675 0.7832 0.2674 0.7831 0.2674 0.7831 0.2674 0.7831 0.2674 0.7831 0.2673 0.7831 0.2673 0.7831 0.2673 0.7831 0.2672 0.7831 0.2672 0.7832 0.2671 0.7832 0.2671 0.7832 0.2670 0.7832 0.2670 0.7833 0.2669 0.7833 0.2669 0.7834 0.2668 0.7835 0.2668 0.7835 0.2667 0.7835 0.2667 0.7835 0.2667 0.7836 0.2667 0.7836 0.2666 0.7836 0.2666 0.7836 0.2665 0.7836 0.2665 0.7837 0.2665 0.7837 0.2664 0.7837 0.2664 0.7837 0.2663 0.7837 0.2661 0.7837 0.2661 0.7838 0.2659 0.7838 0.2658 0.7838 0.2656 0.7838 0.2655 0.7838 0.2653 0.7838 0.2652 0.7837 0.2650 0.7837 0.2649 0.7837 0.2647 0.7837 0.2646 0.7837 0.2643 0.7836 0.2643 0.7836 0.2641 0.7836 0.2640 0.7835 0.2638 0.7835 0.2637 0.7835 0.2637 0.7835 0.2636 0.7834 0.2636 0.7834 0.2635 0.7834 0.2635 0.7834 0.2634 0.7833 0.2634 0.7833 0.2634 0.7833 0.2633 0.7833 0.2633 0.7832 0.2633 0.7832 0.2633 0.7832 0.2632 0.7831 0.2632 0.7831 0.2632 0.7831 0.2632 0.7831 0.2632 0.7831 0.2632 0.7830 0.2632 0.7829 0.2632 0.7828 0.2633 0.7827 0.2633 0.7826 0.2634 0.7825 0.2634 0.7824 0.2635 0.7823 0.2635 0.7822 0.2636 0.7821 0.2636 0.7820 0.2638 0.7819 0.2638 0.7818 0.2639 0.7817 0.2640 0.7816 0.2641 0.7815 0.2642 0.7814 0.2643 0.7813 0.2644 0.7812 0.2645 0.7811 0.2646 0.7810 0.2647 0.7809 0.2648 0.7808 0.2650 0.7808 0.2650 0.7807 0.2652 0.7806 0.2653 0.7806 0.2654 0.7805 0.2655 0.7805 0.2656 0.7805 0.2657 0.7804 0.2658 0.7804 0.2659 0.7804 0.2661 0.7804 0.2661 0.7803 0.2663 0.7803 0.2663 0.7803 0.2665 0.7803 0.2665 0.7803 0.2666 0.7802 0.2667 0.7802 0.2668 0.7802 0.2668 0.7802 0.2669 0.7802 0.2669 0.7801 0.2670 0.7801 0.2670 0.7801 0.2670 0.7801 0.2670 0.7683 0.2565 0.7683 0.2565 0.7683 0.2565 0.7683 0.2565 0.7684 0.2566 0.7684 0.2566 0.7685 0.2567 0.7685 0.2568 0.7686 0.2569 0.7687 0.2570 0.7688 0.2571 0.7688 0.2572 0.7689 0.2574 0.7690 0.2575 0.7691 0.2576 0.7692 0.2577 0.7693 0.2579 0.7694 0.2580 0.7695 0.2582 0.7696 0.2583 0.7697 0.2586 0.7698 0.2587 0.7699 0.2589 0.7700 0.2590 0.7702 0.2593 0.7702 0.2594 0.7706 0.2599 0.7707 0.2602 0.7710 0.2607 0.7712 0.2610 0.7728 0.2637 0.7735 0.2648 0.7661 0.2647 0.7629 0.2646 0.7628 0.2558 0.7632 0.2558 0.7634 0.2558 0.7638 0.2558 0.7640 0.2558 0.7644 0.2558 0.7645 0.2558 0.7649 0.2558 0.7650 0.2558 0.7653 0.2558 0.7655 0.2558 0.7658 0.2558 0.7659 0.2558 0.7662 0.2559 0.7663 0.2559 0.7665 0.2559 0.7666 0.2559 0.7668 0.2559 0.7669 0.2560 0.7671 0.2560 0.7672 0.2560 0.7674 0.2560 0.7675 0.2561 0.7676 0.2561 0.7677 0.2561 0.7678 0.2562 0.7679 0.2562 0.7680 0.2562 0.7680 0.2563 0.7681 0.2563 0.7681 0.2563 0.7682 0.2564 0.7682 0.2564 0.7645 0.2792 0.7630 0.2793 0.7629 0.2693 0.7630 0.2691 0.7667 0.2690 0.7683 0.2689 0.7720 0.2688 0.7736 0.2687 0.7698 0.2760 0.7682 0.2791 0.7831 0.2573 0.7831 0.2572 0.7831 0.2572 0.7831 0.2572 0.7831 0.2572 0.7831 0.2571 0.7831 0.2571 0.7832 0.2571 0.7832 0.2571 0.7832 0.2570 0.7832 0.2570 0.7833 0.2570 0.7833 0.2570 0.7834 0.2569 0.7834 0.2569 0.7834 0.2569 0.7835 0.2569 0.7835 0.2569 0.7836 0.2569 0.7837 0.2569 0.7837 0.2568 0.7838 0.2568 0.7838 0.2568 0.7839 0.2568 0.7840 0.2568 0.7841 0.2568 0.7841 0.2568 0.7842 0.2568 0.7843 0.2568 0.7844 0.2567 0.7844 0.2567 0.7846 0.2567 0.7846 0.2567 0.7848 0.2567 0.7848 0.2567 0.7850 0.2567 0.7850 0.2567 0.7852 0.2567 0.7852 0.2567 0.7854 0.2567 0.7854 0.2567 0.7856 0.2567 0.7857 0.2567 0.7858 0.2567 0.7858 0.2567 0.7860 0.2567 0.7860 0.2567 0.7861 0.2568 0.7862 0.2568 0.7863 0.2568 0.7864 0.2568 0.7865 0.2568 0.7865 0.2568 0.7866 0.2568 0.7866 0.2568 0.7867 0.2569 0.7868 0.2569 0.7869 0.2569 0.7869 0.2569 0.7870 0.2569 0.7870 0.2569 0.7871 0.2570 0.7871 0.2570 0.7872 0.2570 0.7872 0.2570 0.7872 0.2571 0.7873 0.2582 0.7872 0.2582 0.7872 0.2583 0.7871 0.2583 0.7871 0.2584 0.7870 0.2585 0.7870 0.2585 0.7869 0.2586 0.7869 0.2586 0.7868 0.2587 0.7867 0.2588 0.7866 0.2588 0.7866 0.2589 0.7864 0.2590 0.7864 0.2590 0.7862 0.2590 0.7862 0.2591 0.7861 0.2591 0.7860 0.2591 0.7858 0.2592 0.7858 0.2592 0.7856 0.2592 0.7856 0.2592 0.7854 0.2592 0.7854 0.2592 0.7852 0.2592 0.7852 0.2592 0.7850 0.2591 0.7850 0.2591 0.7848 0.2591 0.7848 0.2591 0.7846 0.2590 0.7845 0.2590 0.7844 0.2589 0.7844 0.2589 0.7842 0.2588 0.7842 0.2587 0.7840 0.2586 0.7840 0.2586 0.7839 0.2585 0.7838 0.2584 0.7837 0.2583 0.7837 0.2583 0.7836 0.2582 0.7836 0.2582 0.7835 0.2581 0.7835 0.2581 0.7834 0.2580 0.7834 0.2580 0.7833 0.2579 0.7833 0.2579 0.7833 0.2578 0.7832 0.2578 0.7832 0.2577 0.7832 0.2577 0.7832 0.2577 0.7831 0.2576 0.7831 0.2576 0.7831 0.2576 0.7831 0.2575 0.7831 0.2575 0.7831 0.2574 0.7831 0.2574 0.7831 0.2574 0.7830 0.2573 0.7831 0.2573 0.7832 0.2761 0.7833 0.2761 0.7833 0.2760 0.7833 0.2760 0.7833 0.2760 0.7833 0.2760 0.7834 0.2759 0.7834 0.2759 0.7836 0.2759 0.7836 0.2759 0.7837 0.2758 0.7838 0.2758 0.7839 0.2758 0.7839 0.2758 0.7840 0.2758 0.7840 0.2758 0.7841 0.2758 0.7842 0.2758 0.7843 0.2757 0.7843 0.2757 0.7844 0.2757 0.7845 0.2757 0.7846 0.2757 0.7846 0.2757 0.7848 0.2757 0.7848 0.2757 0.7849 0.2757 0.7850 0.2757 0.7851 0.2757 0.7852 0.2757 0.7854 0.2757 0.7854 0.2757 0.7857 0.2757 0.7858 0.2757 0.7860 0.2757 0.7861 0.2757 0.7862 0.2757 0.7863 0.2757 0.7865 0.2757 0.7866 0.2757 0.7867 0.2758 0.7868 0.2758 0.7869 0.2758 0.7870 0.2758 0.7871 0.2758 0.7871 0.2758 0.7872 0.2759 0.7872 0.2759 0.7873 0.2759 0.7873 0.2759 0.7874 0.2760 0.7874 0.2769 0.7873 0.2769 0.7873 0.2770 0.7873 0.2770 0.7872 0.2770 0.7872 0.2771 0.7871 0.2771 0.7871 0.2772 0.7870 0.2772 0.7869 0.2772 0.7869 0.2773 0.7867 0.2773 0.7866 0.2774 0.7864 0.2775 0.7863 0.2775 0.7861 0.2775 0.7860 0.2776 0.7858 0.2776 0.7857 0.2776 0.7855 0.2777 0.7854 0.2777 0.7851 0.2777 0.7850 0.2777 0.7848 0.2777 0.7847 0.2777 0.7845 0.2776 0.7844 0.2776 0.7843 0.2776 0.7843 0.2776 0.7842 0.2775 0.7841 0.2775 0.7841 0.2775 0.7840 0.2775 0.7839 0.2774 0.7839 0.2774 0.7838 0.2774 0.7838 0.2774 0.7837 0.2773 0.7837 0.2773 0.7837 0.2772 0.7836 0.2772 0.7836 0.2772 0.7836 0.2771 0.7835 0.2770 0.7834 0.2769 0.7834 0.2768 0.7833 0.2767 0.7833 0.2766 0.7833 0.2766 0.7832 0.2764 0.7832 0.2764 0.7832 0.2763 0.7832 0.2763 0.7832 0.2762 0.7832 0.2762 0.7832 0.2762 0.7832 0.2762 0.7832 0.2761 0.7832 0.2761 0.8279 0.1079 0.8463 0.1093 0.8394 0.1362 0.8197 0.1321 0.7444 0.1166 0.7622 0.1097 0.7728 0.1322 0.7582 0.1382 0.7281 0.1248 0.7444 0.1166 0.7582 0.1382 0.7407 0.1493 0.8082 0.1075 0.8279 0.1079 0.8197 0.1321 0.8053 0.1318 0.8053 0.1318 0.8197 0.1321 0.8111 0.1612 0.8032 0.1495 0.7768 0.1512 0.8032 0.1495 0.8111 0.1612 0.7727 0.1656 0.7407 0.1493 0.7582 0.1382 0.7727 0.1656 0.7690 0.1793 0.8082 0.1075 0.7957 0.0461 0.8254 0.0441 0.8279 0.1079 0.7957 0.0461 0.7935 0.0004 0.8236 0.0003 0.8254 0.0441 0.7672 0.0579 0.7622 0.1097 0.7444 0.1166 0.7363 0.0614 0.7577 0.2559 0.7577 0.2559 0.7578 0.2559 0.7578 0.2559 0.7578 0.2559 0.7578 0.2559 0.7578 0.2559 0.7578 0.2559 0.7579 0.2559 0.7579 0.2559 0.7579 0.2559 0.7580 0.2559 0.7580 0.2559 0.7580 0.2559 0.7582 0.2559 0.7582 0.2559 0.7584 0.2559 0.7584 0.2559 0.7586 0.2559 0.7587 0.2559 0.7589 0.2559 0.7590 0.2559 0.7592 0.2558 0.7593 0.2558 0.7596 0.2558 0.7597 0.2558 0.7600 0.2558 0.7601 0.2558 0.7604 0.2558 0.7605 0.2558 0.7608 0.2558 0.7609 0.2558 0.7612 0.2558 0.7614 0.2558 0.7617 0.2558 0.7618 0.2558 0.7622 0.2558 0.7623 0.2558 0.7626 0.2558 0.7628 0.2558 0.7629 0.2646 0.7628 0.2646 0.7610 0.2616 0.7602 0.2603 0.7600 0.2600 0.7599 0.2598 0.7597 0.2595 0.7596 0.2594 0.7595 0.2591 0.7594 0.2590 0.7592 0.2587 0.7592 0.2586 0.7590 0.2583 0.7589 0.2582 0.7588 0.2579 0.7587 0.2578 0.7586 0.2576 0.7585 0.2575 0.7584 0.2573 0.7584 0.2572 0.7583 0.2570 0.7582 0.2569 0.7581 0.2567 0.7581 0.2566 0.7580 0.2565 0.7580 0.2564 0.7579 0.2563 0.7579 0.2562 0.7578 0.2562 0.7578 0.2562 0.7578 0.2561 0.7578 0.2561 0.7578 0.2561 0.7578 0.2560 0.7578 0.2560 0.7578 0.2560 0.7577 0.2560 0.7577 0.2560 0.7577 0.2559 0.7577 0.2559 0.7577 0.2559 0.7622 0.5073 0.7586 0.4830 0.8273 0.4578 0.8295 0.5146 0.8295 0.5146 0.8273 0.4578 0.8581 0.4687 0.8701 0.5090 0.7499 0.5302 0.7622 0.5073 0.8295 0.5146 0.8276 0.5445 0.8276 0.5445 0.8295 0.5146 0.8701 0.5090 0.8657 0.5459 0.8244 0.5822 0.8276 0.5445 0.8657 0.5459 0.8634 0.5849 0.7571 0.5680 0.7499 0.5302 0.8276 0.5445 0.8244 0.5822 0.7622 0.5073 0.7499 0.5302 0.7446 0.4971 0.7586 0.4830 0.7732 0.5835 0.7487 0.6112 0.7233 0.5855 0.7571 0.5680 0.0003 0.1151 0.0439 0.1167 0.0424 0.1478 0.0047 0.1478 0.7499 0.5302 0.7169 0.5269 0.7181 0.4982 0.7446 0.4971 0.7571 0.5680 0.7233 0.5855 0.7169 0.5269 0.7499 0.5302 0.1092 0.0740 0.1945 0.0805 0.2137 0.1096 0.1084 0.1086 0.5864 0.1113 0.6398 0.0634 0.6314 0.1120 0.5864 0.1113 0.5932 0.0570 0.6398 0.0634 0.6305 0.1478 0.5887 0.1478 0.5864 0.1113 0.6314 0.1120 0.5121 0.7176 0.5828 0.7145 0.5857 0.7333 0.5168 0.7418 0.6314 0.1120 0.6398 0.0634 0.7027 0.0704 0.6896 0.1235 0.5178 0.1478 0.4190 0.1478 0.4195 0.1366 0.5171 0.1038 0.0003 0.1151 0.0085 0.0667 0.0468 0.0545 0.0439 0.1167 0.4190 0.1478 0.3692 0.1478 0.3717 0.1240 0.4195 0.1366 0.4195 0.1366 0.3717 0.1240 0.3691 0.0601 0.4306 0.0767 0.5171 0.1038 0.4195 0.1366 0.4306 0.0767 0.5188 0.0689 0.1084 0.1086 0.2137 0.1096 0.2221 0.1478 0.1085 0.1478 0.1154 0.0152 0.1907 0.0300 0.1945 0.0805 0.1092 0.0740 0.0503 0.0003 0.1154 0.0152 0.1092 0.0740 0.0468 0.0545 0.0439 0.1167 0.1084 0.1086 0.1085 0.1478 0.0424 0.1478 0.5864 0.1113 0.5171 0.1038 0.5188 0.0689 0.5932 0.0570 0.5887 0.1478 0.5178 0.1478 0.5171 0.1038 0.5864 0.1113 0.0468 0.0545 0.1092 0.0740 0.1084 0.1086 0.0439 0.1167 0.6497 0.6729 0.6523 0.6738 0.6494 0.6768 0.6483 0.6736 0.5120 0.6815 0.5875 0.6929 0.5828 0.7145 0.5121 0.7176 0.5184 0.6513 0.5927 0.6720 0.5875 0.6929 0.5120 0.6815 0.5168 0.7418 0.5857 0.7333 0.5927 0.7536 0.5189 0.7771 0.3939 0.7617 0.4910 0.7464 0.4948 0.7820 0.4025 0.8200 0.4008 0.6174 0.4941 0.6478 0.4867 0.6766 0.3864 0.6601 0.3864 0.6601 0.4867 0.6766 0.4873 0.7180 0.3852 0.7212 0.3852 0.7212 0.4873 0.7180 0.4910 0.7464 0.3939 0.7617 0.4910 0.7464 0.5168 0.7418 0.5189 0.7771 0.4948 0.7820 0.4941 0.6478 0.5184 0.6513 0.5120 0.6815 0.4867 0.6766 0.4867 0.6766 0.5120 0.6815 0.5121 0.7176 0.4873 0.7180 0.4873 0.7180 0.5121 0.7176 0.5168 0.7418 0.4910 0.7464 0.6523 0.6738 0.6565 0.6764 0.6537 0.6821 0.6494 0.6768 0.6485 0.6705 0.6400 0.6174 0.6523 0.6737 0.6497 0.6729 0.6458 0.6722 0.5933 0.6813 0.6400 0.6174 0.6485 0.6705 0.6483 0.6736 0.6494 0.6768 0.5933 0.6813 0.6458 0.6722 0.6348 0.7232 0.6716 0.7026 0.6835 0.7025 0.6653 0.7479 0.6400 0.6174 0.6864 0.6362 0.6566 0.6763 0.6523 0.6737 0.6899 0.7951 0.6646 0.7817 0.6447 0.7544 0.6617 0.7517 0.6494 0.6768 0.6537 0.6821 0.6348 0.7232 0.5933 0.6813 0.6716 0.7026 0.6741 0.6927 0.6785 0.6884 0.6835 0.7025 0.6537 0.6821 0.6616 0.6830 0.6716 0.7026 0.6348 0.7232 0.6565 0.6764 0.6620 0.6798 0.6616 0.6830 0.6537 0.6821 0.6864 0.6362 0.6899 0.6813 0.6620 0.6797 0.6566 0.6763 0.6256 0.7355 0.6313 0.7558 0.6161 0.7683 0.5935 0.7085 0.6617 0.7517 0.6447 0.7544 0.6256 0.7355 0.6348 0.7232 0.6348 0.7232 0.6256 0.7355 0.5935 0.7085 0.5933 0.6813 0.6688 0.8284 0.6528 0.8094 0.6646 0.7817 0.6899 0.7951 0.6161 0.7683 0.6313 0.7558 0.6334 0.7583 0.6354 0.7636 0.6447 0.7544 0.6334 0.7583 0.6313 0.7558 0.6256 0.7355 0.6646 0.7817 0.6354 0.7636 0.6334 0.7583 0.6447 0.7544 0.6528 0.8094 0.6161 0.7683 0.6354 0.7636 0.6646 0.7817 0.6654 0.6836 0.6658 0.6818 0.6785 0.6884 0.6741 0.6927 0.6616 0.6830 0.6654 0.6836 0.6741 0.6927 0.6716 0.7026 0.6620 0.6798 0.6658 0.6818 0.6654 0.6836 0.6616 0.6830 0.6899 0.6813 0.6785 0.6884 0.6658 0.6818 0.6620 0.6797 0.2378 0.0174 0.2685 0.0171 0.2802 0.0723 0.2511 0.0730 0.2511 0.0730 0.2802 0.0723 0.2806 0.1352 0.2668 0.1123 0.1945 0.0805 0.2511 0.0730 0.2668 0.1123 0.2137 0.1096 0.1907 0.0300 0.2378 0.0174 0.2511 0.0730 0.1945 0.0805 0.2137 0.1096 0.2668 0.1123 0.2643 0.1478 0.2221 0.1478 0.2806 0.1352 0.3347 0.1370 0.3299 0.1478 0.2899 0.1478 0.6609 0.4460 0.6791 0.6168 0.6373 0.6165 0.6077 0.4429 0.2668 0.1123 0.2806 0.1352 0.2899 0.1478 0.2643 0.1478 0.3717 0.1240 0.3347 0.1370 0.3296 0.0584 0.3691 0.0601 0.3692 0.1478 0.3299 0.1478 0.3347 0.1370 0.3717 0.1240 0.2101 0.9386 0.1771 0.9282 0.2018 0.8752 0.2181 0.8834 0.7078 0.4435 0.7162 0.5905 0.6791 0.6168 0.6609 0.4460 0.6077 0.4429 0.6373 0.6165 0.5859 0.6000 0.5428 0.4535 0.5428 0.4535 0.5859 0.6000 0.5465 0.6144 0.4982 0.4753 0.5058 0.3093 0.5367 0.4153 0.4820 0.4459 0.4470 0.3458 0.5868 0.2959 0.6136 0.4026 0.5367 0.4153 0.5058 0.3093 0.7162 0.3035 0.7075 0.4092 0.6419 0.4066 0.6542 0.3030 0.6542 0.3030 0.6419 0.4066 0.6136 0.4026 0.5868 0.2959 0.5367 0.4153 0.5428 0.4535 0.4982 0.4753 0.4820 0.4459 0.6136 0.4026 0.6077 0.4429 0.5428 0.4535 0.5367 0.4153 0.7075 0.4092 0.7078 0.4435 0.6609 0.4460 0.6419 0.4066 0.6419 0.4066 0.6609 0.4460 0.6077 0.4429 0.6136 0.4026 0.7631 0.1808 0.7627 0.2333 0.7115 0.2268 0.7034 0.1913 0.2992 0.9559 0.3317 0.9567 0.3317 0.9977 0.2973 0.9997 0.3016 0.8921 0.3200 0.8907 0.3317 0.9567 0.2992 0.9559 0.2319 0.8618 0.2465 0.8344 0.2506 0.8488 0.2465 0.8678 0.2465 0.8344 0.2427 0.8207 0.2947 0.8284 0.2848 0.8388 0.2934 0.8679 0.2848 0.8388 0.2947 0.8284 0.3132 0.8638 0.7875 0.1821 0.8266 0.1800 0.8266 0.2370 0.7871 0.2347 0.2465 0.8678 0.2506 0.8488 0.2769 0.8505 0.2791 0.8682 0.2359 0.8903 0.2465 0.8678 0.2791 0.8682 0.2820 0.8925 0.7631 0.1808 0.7875 0.1821 0.7871 0.2347 0.7627 0.2333 0.3016 0.8921 0.2934 0.8679 0.3132 0.8638 0.3200 0.8907 0.2181 0.8834 0.2319 0.8618 0.2465 0.8678 0.2359 0.8903 0.2018 0.8752 0.2144 0.8507 0.2319 0.8618 0.2181 0.8834 0.2820 0.8925 0.2791 0.8682 0.2934 0.8679 0.3016 0.8921 0.2791 0.8682 0.2769 0.8505 0.2848 0.8388 0.2934 0.8679 0.2506 0.8488 0.2465 0.8344 0.2848 0.8388 0.2769 0.8505 0.2144 0.8507 0.2427 0.8207 0.2465 0.8344 0.2319 0.8618 0.2820 0.8925 0.3016 0.8921 0.2992 0.9559 0.2695 0.9539 0.2695 0.9539 0.2992 0.9559 0.2973 0.9997 0.2672 0.9996 0.2409 0.9421 0.2101 0.9386 0.2181 0.8834 0.2359 0.8903 0.1258 0.7895 0.1307 0.7862 0.1340 0.7955 0.1328 0.7958 0.1127 0.7733 0.1290 0.7836 0.1237 0.7880 0.1004 0.7845 0.0646 0.6684 0.0956 0.7455 0.0761 0.7603 0.0434 0.6675 0.0956 0.7455 0.1127 0.7733 0.1004 0.7845 0.0761 0.7603 0.0761 0.7603 0.1004 0.7845 0.0944 0.8083 0.0439 0.7823 0.0434 0.6675 0.0761 0.7603 0.0439 0.7823 0.0012 0.6613 0.1004 0.7845 0.1237 0.7880 0.1241 0.7971 0.0944 0.8083 0.0944 0.8083 0.1241 0.7971 0.1383 0.8101 0.1174 0.8290 0.1441 0.8063 0.1388 0.8090 0.1383 0.8101 0.1435 0.8060 0.1304 0.7972 0.1369 0.7957 0.1402 0.8059 0.1391 0.8067 0.1478 0.8034 0.1435 0.8060 0.1451 0.8041 0.1453 0.8036 0.1480 0.8039 0.1441 0.8063 0.1435 0.8060 0.1478 0.8034 0.1140 0.7400 0.1239 0.7689 0.1127 0.7733 0.0956 0.7455 0.0824 0.6712 0.1140 0.7400 0.0956 0.7455 0.0646 0.6684 0.1239 0.7689 0.1321 0.7795 0.1290 0.7836 0.1127 0.7733 0.1338 0.7828 0.1428 0.7944 0.1395 0.7940 0.1396 0.7943 0.1441 0.8063 0.1480 0.8039 0.1491 0.8086 0.1492 0.8088 0.1174 0.8290 0.1383 0.8101 0.1388 0.8090 0.1174 0.8290 0.1388 0.8090 0.1189 0.8285 0.1494 0.8089 0.1494 0.8088 0.1492 0.8088 0.1491 0.8086 0.1480 0.8039 0.1509 0.8090 0.1494 0.8089 0.1491 0.8086 0.1509 0.8090 0.1481 0.8110 0.1494 0.8088 0.1494 0.8089 0.1481 0.8110 0.1441 0.8063 0.1492 0.8088 0.1494 0.8088 0.1460 0.8116 0.1459 0.8115 0.1460 0.8117 0.1457 0.8114 0.1388 0.8090 0.1441 0.8063 0.1457 0.8114 0.1460 0.8117 0.1441 0.8063 0.1481 0.8110 0.1460 0.8116 0.1457 0.8114 0.1405 0.8070 0.1397 0.8070 0.1391 0.8067 0.1402 0.8059 0.1369 0.7957 0.1435 0.8060 0.1405 0.8070 0.1402 0.8059 0.1435 0.8060 0.1383 0.8101 0.1397 0.8070 0.1405 0.8070 0.1383 0.8101 0.1304 0.7972 0.1391 0.8067 0.1397 0.8070 0.1453 0.8036 0.1451 0.8041 0.1444 0.8036 0.1453 0.8032 0.1435 0.8060 0.1369 0.7957 0.1444 0.8036 0.1451 0.8041 0.1428 0.7944 0.1478 0.8034 0.1453 0.8036 0.1453 0.8032 0.1369 0.7957 0.1428 0.7944 0.1453 0.8032 0.1444 0.8036 0.1334 0.7957 0.1327 0.7955 0.1328 0.7958 0.1340 0.7955 0.1369 0.7957 0.1304 0.7972 0.1327 0.7955 0.1334 0.7957 0.1304 0.7972 0.1258 0.7895 0.1328 0.7958 0.1327 0.7955 0.1307 0.7862 0.1369 0.7957 0.1334 0.7957 0.1340 0.7955 0.1395 0.7940 0.1392 0.7944 0.1388 0.7947 0.1396 0.7943 0.1307 0.7862 0.1338 0.7828 0.1396 0.7943 0.1388 0.7947 0.1369 0.7957 0.1307 0.7862 0.1388 0.7947 0.1392 0.7944 0.1428 0.7944 0.1369 0.7957 0.1392 0.7944 0.1395 0.7940 0.1452 0.7810 0.1497 0.7907 0.1491 0.7916 0.1407 0.7824 0.1377 0.7623 0.1514 0.7602 0.1438 0.7780 0.1400 0.7811 0.0963 0.6698 0.1116 0.6692 0.1470 0.7320 0.1280 0.7347 0.1280 0.7347 0.1470 0.7320 0.1514 0.7602 0.1377 0.7623 0.1470 0.7320 0.1749 0.7243 0.1707 0.7681 0.1514 0.7602 0.1116 0.6692 0.1288 0.6565 0.1749 0.7243 0.1470 0.7320 0.1514 0.7602 0.1707 0.7681 0.1514 0.7861 0.1438 0.7780 0.1707 0.7681 0.1755 0.7926 0.1567 0.7998 0.1514 0.7861 0.1519 0.8022 0.1518 0.8017 0.1567 0.7998 0.1563 0.7996 0.1517 0.7890 0.1543 0.7990 0.1532 0.7996 0.1488 0.7942 0.1478 0.8034 0.1493 0.8018 0.1498 0.8020 0.1518 0.8017 0.1480 0.8039 0.1478 0.8034 0.1518 0.8017 0.1519 0.8022 0.1111 0.7423 0.1280 0.7347 0.1377 0.7623 0.1274 0.7676 0.0824 0.6712 0.0963 0.6698 0.1280 0.7347 0.1111 0.7423 0.1274 0.7676 0.1377 0.7623 0.1400 0.7811 0.1339 0.7830 0.1345 0.7836 0.1502 0.7960 0.1562 0.8026 0.1460 0.7960 0.1519 0.8022 0.1515 0.8074 0.1514 0.8073 0.1480 0.8039 0.1755 0.7926 0.1738 0.7938 0.1563 0.7996 0.1755 0.7926 0.1563 0.7996 0.1567 0.7998 0.1515 0.8076 0.1514 0.8073 0.1515 0.8074 0.1514 0.8076 0.1480 0.8039 0.1514 0.8073 0.1515 0.8076 0.1509 0.8090 0.1509 0.8090 0.1515 0.8076 0.1514 0.8076 0.1538 0.8074 0.1538 0.8074 0.1514 0.8076 0.1515 0.8074 0.1519 0.8022 0.1551 0.8059 0.1551 0.8056 0.1552 0.8059 0.1550 0.8058 0.1563 0.7996 0.1552 0.8059 0.1551 0.8056 0.1519 0.8022 0.1519 0.8022 0.1551 0.8056 0.1551 0.8059 0.1538 0.8074 0.1538 0.8001 0.1532 0.7996 0.1543 0.7990 0.1542 0.7995 0.1488 0.7942 0.1532 0.7996 0.1538 0.8001 0.1518 0.8017 0.1518 0.8017 0.1538 0.8001 0.1542 0.7995 0.1567 0.7998 0.1567 0.7998 0.1542 0.7995 0.1543 0.7990 0.1517 0.7890 0.1493 0.8018 0.1490 0.8016 0.1499 0.8013 0.1498 0.8020 0.1518 0.8017 0.1498 0.8020 0.1499 0.8013 0.1488 0.7942 0.1460 0.7960 0.1490 0.8016 0.1493 0.8018 0.1478 0.8034 0.1488 0.7942 0.1499 0.8013 0.1490 0.8016 0.1460 0.7960 0.1496 0.7912 0.1491 0.7916 0.1497 0.7907 0.1495 0.7906 0.1488 0.7942 0.1496 0.7912 0.1495 0.7906 0.1517 0.7890 0.1517 0.7890 0.1495 0.7906 0.1497 0.7907 0.1452 0.7810 0.1407 0.7824 0.1491 0.7916 0.1496 0.7912 0.1488 0.7942 0.1562 0.8026 0.1502 0.7960 0.1506 0.7967 0.1543 0.7998 0.1407 0.7824 0.1506 0.7967 0.1502 0.7960 0.1345 0.7836 0.1488 0.7942 0.1543 0.7998 0.1506 0.7967 0.1407 0.7824 0.1460 0.7960 0.1562 0.8026 0.1543 0.7998 0.1488 0.7942 0.1553 0.8101 0.1552 0.8096 0.1550 0.8096 0.1551 0.8102 0.1538 0.8080 0.1548 0.8081 0.1548 0.8083 0.1563 0.8076 0.1523 0.8091 0.1524 0.8091 0.1526 0.8091 0.1524 0.8093 0.1538 0.8080 0.1524 0.8093 0.1526 0.8091 0.1547 0.8096 0.1548 0.8081 0.1548 0.8081 0.1549 0.8081 0.1548 0.8083 0.1563 0.8076 0.1548 0.8083 0.1549 0.8081 0.1555 0.8094 0.1555 0.8094 0.1549 0.8081 0.1548 0.8081 0.1547 0.8096 0.1547 0.8096 0.1548 0.8081 0.1548 0.8081 0.1538 0.8080 0.1551 0.8096 0.1550 0.8096 0.1552 0.8096 0.1552 0.8096 0.1551 0.8102 0.1550 0.8096 0.1551 0.8096 0.1547 0.8096 0.1547 0.8096 0.1551 0.8096 0.1552 0.8096 0.1555 0.8094 0.1555 0.8094 0.1552 0.8096 0.1552 0.8096 0.1553 0.8101 0.1546 0.8100 0.1545 0.8100 0.1546 0.8099 0.1546 0.8099 0.1547 0.8096 0.1546 0.8099 0.1546 0.8099 0.1551 0.8102 0.1552 0.8102 0.1552 0.8102 0.1552 0.8102 0.1552 0.8102 0.1551 0.8102 0.1552 0.8102 0.1552 0.8102 0.1553 0.8101 0.0434 0.6675 0.0012 0.6613 0.0003 0.6600 0.0433 0.6626 0.0944 0.8083 0.1174 0.8290 0.1177 0.8300 0.0931 0.8098 0.0439 0.7823 0.0944 0.8083 0.0931 0.8098 0.0420 0.7836 0.0012 0.6613 0.0439 0.7823 0.0420 0.7836 0.0003 0.6600 0.0646 0.6684 0.0434 0.6675 0.0433 0.6626 0.0637 0.6644 0.1174 0.8290 0.1189 0.8285 0.1177 0.8300 0.1288 0.6565 0.1116 0.6692 0.1114 0.6663 0.1290 0.6553 0.1755 0.7926 0.1707 0.7681 0.1722 0.7679 0.1757 0.7935 0.1707 0.7681 0.1749 0.7243 0.1765 0.7238 0.1722 0.7679 0.1749 0.7243 0.1288 0.6565 0.1290 0.6553 0.1765 0.7238 0.1116 0.6692 0.0963 0.6698 0.0968 0.6666 0.1114 0.6663 0.1738 0.7938 0.1755 0.7926 0.1757 0.7935 0.7541 0.2579 0.7541 0.2579 0.7541 0.2579 0.7541 0.2579 0.7541 0.2580 0.7541 0.2580 0.7541 0.2580 0.7541 0.2580 0.7542 0.2580 0.7542 0.2581 0.7542 0.2581 0.7542 0.2581 0.7543 0.2582 0.7543 0.2583 0.7544 0.2584 0.7544 0.2584 0.7545 0.2586 0.7546 0.2586 0.7547 0.2588 0.7547 0.2589 0.7549 0.2591 0.7549 0.2592 0.7550 0.2594 0.7551 0.2594 0.7552 0.2597 0.7553 0.2598 0.7554 0.2600 0.7555 0.2601 0.7556 0.2603 0.7557 0.2604 0.7559 0.2607 0.7559 0.2608 0.7561 0.2611 0.7562 0.2612 0.7565 0.2617 0.7566 0.2620 0.7570 0.2625 0.7571 0.2627 0.7574 0.2633 0.7576 0.2635 0.7577 0.2638 0.7578 0.2639 0.7579 0.2642 0.7580 0.2643 0.7581 0.2645 0.7582 0.2647 0.7584 0.2649 0.7584 0.2650 0.7585 0.2652 0.7586 0.2653 0.7587 0.2656 0.7588 0.2657 0.7589 0.2659 0.7589 0.2659 0.7590 0.2661 0.7591 0.2662 0.7592 0.2664 0.7592 0.2665 0.7593 0.2666 0.7593 0.2667 0.7594 0.2668 0.7594 0.2668 0.7594 0.2669 0.7594 0.2669 0.7595 0.2670 0.7595 0.2670 0.7595 0.2670 0.7595 0.2670 0.7595 0.2670 0.7595 0.2671 0.7595 0.2671 0.7595 0.2671 0.7595 0.2672 0.7595 0.2672 0.7594 0.2672 0.7594 0.2673 0.7594 0.2673 0.7594 0.2673 0.7594 0.2674 0.7594 0.2674 0.7593 0.2675 0.7593 0.2675 0.7593 0.2677 0.7592 0.2678 0.7591 0.2680 0.7591 0.2680 0.7590 0.2683 0.7590 0.2683 0.7589 0.2686 0.7588 0.2687 0.7587 0.2689 0.7586 0.2690 0.7585 0.2693 0.7585 0.2694 0.7583 0.2697 0.7582 0.2698 0.7581 0.2701 0.7580 0.2702 0.7579 0.2705 0.7578 0.2706 0.7577 0.2709 0.7576 0.2710 0.7572 0.2716 0.7571 0.2719 0.7568 0.2725 0.7566 0.2727 0.7564 0.2730 0.7564 0.2732 0.7562 0.2734 0.7561 0.2736 0.7560 0.2738 0.7559 0.2740 0.7557 0.2742 0.7557 0.2743 0.7555 0.2746 0.7555 0.2747 0.7553 0.2749 0.7553 0.2750 0.7551 0.2752 0.7551 0.2753 0.7549 0.2755 0.7549 0.2756 0.7548 0.2758 0.7547 0.2758 0.7546 0.2760 0.7546 0.2760 0.7545 0.2761 0.7545 0.2761 0.7544 0.2762 0.7544 0.2762 0.7544 0.2762 0.7544 0.2763 0.7543 0.2763 0.7543 0.2763 0.7543 0.2763 0.7543 0.2764 0.7543 0.2764 0.7542 0.2764 0.7542 0.2764 0.7542 0.2764 0.7542 0.2764 0.7542 0.2764 0.7542 0.2764 0.7542 0.2764 0.7541 0.2764 0.7541 0.2764 0.7541 0.2764 0.7541 0.2764 0.7541 0.2763 0.7541 0.2763 0.7540 0.2763 0.7540 0.2763 0.7540 0.2762 0.7540 0.2762 0.7539 0.2762 0.7539 0.2762 0.7539 0.2761 0.7538 0.2761 0.7537 0.2760 0.7537 0.2759 0.7536 0.2757 0.7535 0.2757 0.7534 0.2755 0.7534 0.2754 0.7532 0.2752 0.7532 0.2752 0.7530 0.2749 0.7530 0.2748 0.7528 0.2746 0.7528 0.2745 0.7526 0.2743 0.7525 0.2742 0.7524 0.2739 0.7523 0.2738 0.7521 0.2735 0.7521 0.2734 0.7519 0.2731 0.7518 0.2730 0.7516 0.2727 0.7516 0.2725 0.7514 0.2722 0.7513 0.2721 0.7511 0.2718 0.7510 0.2716 0.7509 0.2713 0.7508 0.2712 0.7506 0.2709 0.7506 0.2708 0.7504 0.2705 0.7503 0.2704 0.7502 0.2701 0.7501 0.2700 0.7500 0.2697 0.7499 0.2696 0.7498 0.2694 0.7497 0.2693 0.7496 0.2691 0.7495 0.2690 0.7494 0.2688 0.7494 0.2687 0.7492 0.2685 0.7492 0.2684 0.7491 0.2682 0.7491 0.2682 0.7490 0.2680 0.7490 0.2680 0.7489 0.2678 0.7489 0.2678 0.7488 0.2677 0.7488 0.2677 0.7488 0.2677 0.7488 0.2677 0.7488 0.2676 0.7488 0.2676 0.7487 0.2676 0.7487 0.2676 0.7487 0.2675 0.7487 0.2675 0.7487 0.2675 0.7487 0.2675 0.7487 0.2675 0.7487 0.2675 0.7487 0.2675 0.7487 0.2674 0.7487 0.2674 0.7487 0.2674 0.7487 0.2674 0.7488 0.2673 0.7488 0.2673 0.7488 0.2673 0.7488 0.2672 0.7488 0.2672 0.7488 0.2671 0.7488 0.2671 0.7489 0.2670 0.7489 0.2670 0.7489 0.2669 0.7489 0.2669 0.7490 0.2668 0.7490 0.2668 0.7491 0.2666 0.7491 0.2665 0.7492 0.2663 0.7493 0.2662 0.7494 0.2659 0.7494 0.2659 0.7496 0.2656 0.7496 0.2655 0.7498 0.2652 0.7498 0.2651 0.7500 0.2648 0.7500 0.2647 0.7502 0.2644 0.7502 0.2643 0.7504 0.2640 0.7505 0.2639 0.7506 0.2636 0.7507 0.2635 0.7510 0.2628 0.7512 0.2626 0.7515 0.2620 0.7517 0.2617 0.7518 0.2614 0.7519 0.2613 0.7521 0.2610 0.7522 0.2609 0.7523 0.2606 0.7524 0.2605 0.7525 0.2602 0.7526 0.2601 0.7528 0.2598 0.7528 0.2597 0.7530 0.2595 0.7530 0.2594 0.7532 0.2592 0.7532 0.2591 0.7533 0.2589 0.7534 0.2588 0.7535 0.2586 0.7536 0.2585 0.7536 0.2585 0.7536 0.2584 0.7537 0.2584 0.7537 0.2583 0.7537 0.2583 0.7538 0.2582 0.7538 0.2582 0.7538 0.2582 0.7539 0.2581 0.7539 0.2581 0.7539 0.2581 0.7539 0.2580 0.7540 0.2580 0.7540 0.2580 0.7540 0.2580 0.7540 0.2580 0.7540 0.2579 0.7540 0.2579 0.7540 0.2579 0.7577 0.2791 0.7577 0.2790 0.7577 0.2790 0.7577 0.2790 0.7577 0.2790 0.7577 0.2790 0.7577 0.2789 0.7577 0.2789 0.7577 0.2789 0.7577 0.2789 0.7578 0.2788 0.7578 0.2788 0.7578 0.2787 0.7578 0.2787 0.7578 0.2787 0.7579 0.2786 0.7579 0.2786 0.7579 0.2785 0.7579 0.2784 0.7580 0.2784 0.7580 0.2783 0.7580 0.2783 0.7581 0.2781 0.7581 0.2780 0.7583 0.2778 0.7583 0.2777 0.7584 0.2775 0.7585 0.2774 0.7586 0.2771 0.7587 0.2770 0.7588 0.2767 0.7589 0.2766 0.7590 0.2763 0.7591 0.2762 0.7592 0.2759 0.7593 0.2758 0.7595 0.2754 0.7596 0.2753 0.7597 0.2750 0.7598 0.2748 0.7600 0.2745 0.7601 0.2744 0.7603 0.2740 0.7604 0.2739 0.7622 0.2705 0.7629 0.2693 0.7630 0.2793 0.7629 0.2793 0.7625 0.2793 0.7624 0.2793 0.7620 0.2793 0.7618 0.2793 0.7615 0.2793 0.7613 0.2793 0.7610 0.2793 0.7609 0.2793 0.7605 0.2793 0.7604 0.2793 0.7601 0.2793 0.7600 0.2793 0.7597 0.2793 0.7596 0.2793 0.7593 0.2793 0.7592 0.2793 0.7590 0.2792 0.7589 0.2792 0.7586 0.2792 0.7586 0.2792 0.7584 0.2792 0.7583 0.2792 0.7582 0.2792 0.7582 0.2792 0.7581 0.2792 0.7581 0.2792 0.7580 0.2792 0.7580 0.2792 0.7579 0.2792 0.7579 0.2791 0.7579 0.2791 0.7578 0.2791 0.7578 0.2791 0.7578 0.2791 0.7578 0.2791 0.7577 0.2791 0.7577 0.2791 0.7577 0.2791 0.7577 0.2791 0.7577 0.2791 0.1550 0.8058 0.1552 0.8059 0.1563 0.7996 0.1738 0.7938 0.1757 0.7935 0.8701 0.5090 0.8581 0.4687 0.8701 0.7141 0.8657 0.6772 0.1189 0.8285 0.1388 0.8090 0.1460 0.8117 0.1459 0.8115 0.1460 0.8116 0.1481 0.8110 0.1509 0.8090 0.1538 0.8074 0.1551 0.8059 0.0000 0.0000 0.0000 0.0000 0.0000 0.0000 0.0000 0.0000 0.0000 0.0000 0.0000 0.0000 0.0000 0.0000 0.0000 0.0000 0.0000 0.0000 0.0000 0.0000 " />
							<ColorRGBA color="0.000 0.000 0.000 1.000 0.000 0.000 0.000 1.000 0.000 0.000 0.000 1.000 0.000 0.000 0.000 1.000 0.000 0.000 0.000 1.000 0.024 0.004 0.004 1.000 0.000 0.000 0.000 1.000 0.149 0.149 0.149 1.000 0.000 0.000 0.000 1.000 0.000 0.000 0.000 1.000 0.024 0.004 0.004 1.000 0.000 0.000 0.000 1.000 0.000 0.000 0.000 1.000 0.000 0.000 0.000 1.000 0.000 0.000 0.000 1.000 0.000 0.000 0.000 1.000 0.000 0.000 0.000 1.000 0.000 0.000 0.000 1.000 0.000 0.000 0.000 1.000 0.000 0.000 0.000 1.000 0.000 0.000 0.000 1.000 0.000 0.000 0.000 1.000 0.000 0.000 0.000 1.000 0.000 0.000 0.000 1.000 0.000 0.000 0.000 1.000 0.000 0.000 0.000 1.000 0.000 0.000 0.000 1.000 0.000 0.000 0.000 1.000 0.000 0.000 0.000 1.000 0.000 0.000 0.000 1.000 0.000 0.000 0.000 1.000 0.000 0.000 0.000 1.000 0.000 0.000 0.000 1.000 0.000 0.000 0.000 1.000 0.000 0.000 0.000 1.000 0.000 0.000 0.000 1.000 0.000 0.000 0.000 1.000 0.004 0.000 0.000 1.000 0.000 0.000 0.000 1.000 0.000 0.000 0.000 1.000 0.000 0.000 0.000 1.000 0.000 0.000 0.000 1.000 0.000 0.000 0.000 1.000 0.000 0.000 0.000 1.000 0.000 0.000 0.000 1.000 0.000 0.000 0.000 1.000 0.000 0.000 0.000 1.000 0.000 0.000 0.000 1.000 0.000 0.000 0.000 1.000 0.000 0.000 0.000 1.000 0.000 0.000 0.000 1.000 0.000 0.000 0.000 1.000 0.016 0.016 0.016 1.000 0.000 0.000 0.000 1.000 0.016 0.016 0.016 1.000 0.000 0.000 0.000 1.000 0.000 0.000 0.000 1.000 0.000 0.000 0.000 1.000 0.369 0.369 0.369 1.000 0.031 0.031 0.031 1.000 0.000 0.000 0.000 1.000 0.000 0.000 0.000 1.000 0.000 0.000 0.000 1.000 0.000 0.000 0.000 1.000 0.000 0.000 0.000 1.000 0.000 0.000 0.000 1.000 0.000 0.000 0.000 1.000 0.000 0.000 0.000 1.000 0.000 0.000 0.000 1.000 0.000 0.000 0.000 1.000 0.000 0.000 0.000 1.000 0.000 0.000 0.000 1.000 0.000 0.000 0.000 1.000 0.000 0.000 0.000 1.000 0.000 0.000 0.000 1.000 0.000 0.000 0.000 1.000 0.000 0.000 0.000 1.000 0.000 0.000 0.000 1.000 0.000 0.000 0.000 1.000 0.259 0.259 0.259 1.000 0.000 0.000 0.000 1.000 0.012 0.012 0.012 1.000 0.000 0.000 0.000 1.000 0.000 0.000 0.000 1.000 0.000 0.000 0.000 1.000 0.000 0.000 0.000 1.000 0.000 0.000 0.000 1.000 0.012 0.012 0.012 1.000 0.000 0.000 0.000 1.000 0.000 0.000 0.000 1.000 0.000 0.000 0.000 1.000 0.000 0.000 0.000 1.000 0.000 0.000 0.000 1.000 0.051 0.051 0.051 1.000 0.059 0.059 0.059 1.000 0.082 0.082 0.082 1.000 0.039 0.039 0.039 1.000 0.000 0.000 0.000 1.000 0.000 0.000 0.000 1.000 0.047 0.047 0.047 1.000 0.043 0.043 0.043 1.000 0.016 0.016 0.016 1.000 0.075 0.075 0.075 1.000 0.035 0.035 0.035 1.000 0.000 0.000 0.000 1.000 0.000 0.000 0.000 1.000 0.047 0.047 0.047 1.000 0.000 0.000 0.000 1.000 0.000 0.000 0.000 1.000 0.000 0.000 0.000 1.000 0.122 0.122 0.122 1.000 0.000 0.000 0.000 1.000 0.000 0.000 0.000 1.000 0.000 0.000 0.000 1.000 0.047 0.047 0.047 1.000 0.000 0.000 0.000 1.000 0.000 0.000 0.000 1.000 0.000 0.000 0.000 1.000 0.000 0.000 0.000 1.000 0.000 0.000 0.000 1.000 0.024 0.004 0.004 1.000 0.000 0.000 0.000 1.000 0.149 0.149 0.149 1.000 0.000 0.000 0.000 1.000 0.000 0.000 0.000 1.000 0.024 0.004 0.004 1.000 0.000 0.000 0.000 1.000 0.000 0.000 0.000 1.000 0.000 0.000 0.000 1.000 0.000 0.000 0.000 1.000 0.000 0.000 0.000 1.000 0.000 0.000 0.000 1.000 0.000 0.000 0.000 1.000 0.000 0.000 0.000 1.000 0.000 0.000 0.000 1.000 0.000 0.000 0.000 1.000 0.000 0.000 0.000 1.000 0.000 0.000 0.000 1.000 0.000 0.000 0.000 1.000 0.000 0.000 0.000 1.000 0.000 0.000 0.000 1.000 0.000 0.000 0.000 1.000 0.000 0.000 0.000 1.000 0.000 0.000 0.000 1.000 0.000 0.000 0.000 1.000 0.000 0.000 0.000 1.000 0.000 0.000 0.000 1.000 0.000 0.000 0.000 1.000 0.000 0.000 0.000 1.000 0.000 0.000 0.000 1.000 0.000 0.000 0.000 1.000 0.000 0.000 0.000 1.000 0.004 0.000 0.000 1.000 0.000 0.000 0.000 1.000 0.000 0.000 0.000 1.000 0.000 0.000 0.000 1.000 0.000 0.000 0.000 1.000 0.000 0.000 0.000 1.000 0.000 0.000 0.000 1.000 0.000 0.000 0.000 1.000 0.000 0.000 0.000 1.000 0.000 0.000 0.000 1.000 0.000 0.000 0.000 1.000 0.000 0.000 0.000 1.000 0.000 0.000 0.000 1.000 0.000 0.000 0.000 1.000 0.000 0.000 0.000 1.000 0.016 0.016 0.016 1.000 0.000 0.000 0.000 1.000 0.016 0.016 0.016 1.000 0.000 0.000 0.000 1.000 0.000 0.000 0.000 1.000 0.000 0.000 0.000 1.000 0.369 0.369 0.369 1.000 0.031 0.031 0.031 1.000 0.000 0.000 0.000 1.000 0.000 0.000 0.000 1.000 0.000 0.000 0.000 1.000 0.000 0.000 0.000 1.000 0.000 0.000 0.000 1.000 0.000 0.000 0.000 1.000 0.000 0.000 0.000 1.000 0.000 0.000 0.000 1.000 0.000 0.000 0.000 1.000 0.000 0.000 0.000 1.000 0.000 0.000 0.000 1.000 0.000 0.000 0.000 1.000 0.000 0.000 0.000 1.000 0.000 0.000 0.000 1.000 0.000 0.000 0.000 1.000 0.000 0.000 0.000 1.000 0.000 0.000 0.000 1.000 0.000 0.000 0.000 1.000 0.000 0.000 0.000 1.000 0.255 0.255 0.255 1.000 0.000 0.000 0.000 1.000 0.012 0.012 0.012 1.000 0.000 0.000 0.000 1.000 0.000 0.000 0.000 1.000 0.000 0.000 0.000 1.000 0.000 0.000 0.000 1.000 0.000 0.000 0.000 1.000 0.000 0.000 0.000 1.000 0.000 0.000 0.000 1.000 0.000 0.000 0.000 1.000 0.000 0.000 0.000 1.000 0.000 0.000 0.000 1.000 0.000 0.000 0.000 1.000 0.000 0.000 0.000 1.000 0.000 0.000 0.000 1.000 0.000 0.000 0.000 1.000 0.000 0.000 0.000 1.000 0.000 0.000 0.000 1.000 0.000 0.000 0.000 1.000 0.047 0.047 0.047 1.000 0.000 0.000 0.000 1.000 0.000 0.000 0.000 1.000 0.000 0.000 0.000 1.000 0.122 0.122 0.122 1.000 0.000 0.000 0.000 1.000 0.000 0.000 0.000 1.000 0.000 0.000 0.000 1.000 0.000 0.000 0.000 1.000 0.000 0.000 0.000 1.000 0.149 0.016 0.055 1.000 0.000 0.000 0.000 1.000 0.000 0.000 0.000 1.000 0.176 0.020 0.055 1.000 0.000 0.000 0.000 1.000 0.004 0.000 0.000 1.000 0.000 0.000 0.000 1.000 0.000 0.000 0.000 1.000 0.149 0.020 0.004 1.000 1.000 1.000 1.000 1.000 0.000 0.000 0.000 1.000 0.035 0.008 0.031 1.000 0.000 0.000 0.000 1.000 0.000 0.000 0.000 1.000 0.000 0.000 0.000 1.000 0.000 0.000 0.000 1.000 0.000 0.000 0.000 1.000 0.039 0.008 0.000 1.000 1.000 1.000 1.000 1.000 0.000 0.000 0.000 1.000 0.071 0.008 0.008 1.000 0.012 0.000 0.000 1.000 0.000 0.000 0.000 1.000 0.000 0.000 0.000 1.000 0.000 0.000 0.000 1.000 0.000 0.000 0.000 1.000 0.859 0.792 0.792 1.000 0.000 0.000 0.000 1.000 0.000 0.000 0.000 1.000 0.859 0.792 0.792 1.000 0.000 0.000 0.000 1.000 0.000 0.000 0.000 1.000 0.000 0.000 0.000 1.000 0.000 0.000 0.000 1.000 0.000 0.000 0.000 1.000 0.000 0.000 0.000 1.000 0.000 0.000 0.000 1.000 0.000 0.000 0.000 1.000 0.000 0.000 0.000 1.000 0.000 0.000 0.000 1.000 0.000 0.000 0.000 1.000 0.000 0.000 0.000 1.000 0.153 0.016 0.059 1.000 0.000 0.000 0.000 1.000 0.000 0.000 0.000 1.000 0.165 0.016 0.047 1.000 0.000 0.000 0.000 1.000 0.004 0.000 0.000 1.000 0.000 0.000 0.000 1.000 0.000 0.000 0.000 1.000 0.149 0.020 0.004 1.000 1.000 1.000 1.000 1.000 0.000 0.000 0.000 1.000 0.035 0.008 0.031 1.000 0.000 0.000 0.000 1.000 0.000 0.000 0.000 1.000 0.000 0.000 0.000 1.000 0.000 0.000 0.000 1.000 0.000 0.000 0.000 1.000 0.039 0.008 0.000 1.000 1.000 1.000 1.000 1.000 0.000 0.000 0.000 1.000 0.000 0.000 0.000 1.000 0.012 0.000 0.000 1.000 0.000 0.000 0.000 1.000 0.000 0.000 0.000 1.000 0.000 0.000 0.000 1.000 0.000 0.000 0.000 1.000 0.835 0.576 0.576 1.000 0.000 0.000 0.000 1.000 0.000 0.000 0.000 1.000 0.835 0.576 0.576 1.000 0.000 0.000 0.000 1.000 0.000 0.000 0.000 1.000 0.000 0.000 0.000 1.000 0.000 0.000 0.000 1.000 0.000 0.000 0.000 1.000 0.000 0.000 0.000 1.000 0.000 0.000 0.000 1.000 0.000 0.000 0.000 1.000 0.000 0.000 0.000 1.000 0.000 0.000 0.000 1.000 0.643 0.635 0.635 1.000 0.647 0.647 0.647 1.000 0.961 0.961 0.961 1.000 0.647 0.647 0.647 1.000 1.000 1.000 1.000 1.000 0.000 0.000 0.000 1.000 0.000 0.000 0.000 1.000 0.882 0.882 0.882 1.000 0.945 0.824 0.824 1.000 1.000 1.000 1.000 1.000 0.882 0.882 0.882 1.000 0.000 0.000 0.000 1.000 0.992 0.976 0.973 1.000 0.882 0.882 0.882 1.000 0.412 0.349 0.349 1.000 1.000 1.000 1.000 1.000 0.176 0.020 0.055 1.000 0.004 0.000 0.000 1.000 0.000 0.000 0.000 1.000 0.016 0.004 0.004 1.000 0.149 0.016 0.055 1.000 0.000 0.000 0.000 1.000 0.020 0.004 0.004 1.000 0.000 0.000 0.000 1.000 0.004 0.000 0.000 1.000 0.000 0.000 0.000 1.000 0.165 0.016 0.047 1.000 0.000 0.000 0.000 1.000 0.055 0.055 0.055 1.000 0.020 0.020 0.020 1.000 0.024 0.000 0.000 1.000 1.000 1.000 1.000 1.000 " />
						</IndexedFaceSet>
					</Shape>
					<Shape>
						<Appearance>
						</Appearance>
						<IndexedFaceSet solid="false"
						                colorPerVertex="false"
						                texCoordIndex="0 1 2 -1 3 4 5 6 -1 7 8 9 -1 10 11 12 13 -1 14 15 16 -1 17 18 19 20 -1 21 22 23 -1 24 25 26 27 -1 28 29 30 -1 31 32 33 34 -1 35 36 37 -1 38 39 40 41 -1 42 43 44 -1 45 46 47 48 -1 49 50 51 -1 52 53 54 55 -1 56 57 58 -1 59 60 61 62 -1 63 64 65 -1 66 67 68 69 -1 70 71 72 -1 73 74 75 76 -1 77 78 79 -1 80 81 82 83 -1 84 85 86 -1 87 88 89 90 -1 91 92 93 -1 94 95 96 97 -1 98 99 100 -1 101 102 103 104 -1 105 106 107 -1 108 109 110 111 -1 112 113 114 -1 115 116 117 118 -1 119 120 121 -1 122 123 124 125 -1 126 127 128 -1 129 130 131 132 -1 133 134 135 -1 136 137 138 139 -1 140 141 142 -1 143 144 145 146 -1 147 148 149 -1 150 151 152 153 154 -1 155 156 157 -1 158 159 160 161 -1 162 163 164 -1 165 166 167 168 -1 169 170 171 -1 172 173 174 175 -1 176 177 178 -1 179 180 181 182 -1 183 184 185 -1 186 187 188 189 -1 190 191 192 -1 193 194 195 196 -1 197 198 199 -1 200 201 202 203 -1 204 205 206 -1 207 208 209 210 -1 211 212 213 -1 214 215 216 217 -1 218 219 220 -1 221 222 223 224 -1 225 226 227 -1 228 229 230 231 -1 232 233 234 -1 235 236 237 238 -1 239 240 241 -1 242 243 244 245 -1 246 247 248 -1 249 250 251 252 -1 253 254 255 -1 256 257 258 259 -1 260 261 262 -1 263 264 265 266 -1 267 268 269 -1 270 271 272 273 -1 274 275 276 -1 277 278 279 280 -1 281 282 283 -1 284 285 286 287 -1 288 289 290 -1 291 292 293 294 -1 295 296 297 -1 298 299 300 301 -1 302 303 304 -1 305 306 307 308 -1 309 310 311 -1 312 313 314 315 -1 316 317 318 -1 319 320 321 322 -1 323 324 325 -1 326 327 328 329 -1 330 331 332 -1 333 334 335 336 -1 337 338 339 -1 340 341 342 343 -1 344 345 346 -1 347 348 349 350 -1 351 352 353 -1 354 355 356 357 -1 358 359 360 -1 361 362 363 364 -1 365 366 367 -1 368 369 370 371 -1 372 373 374 -1 375 376 377 378 -1 379 380 381 -1 382 383 384 385 -1 386 387 388 -1 389 390 391 392 393 -1 394 395 396 -1 397 398 399 400 -1 401 402 403 -1 404 405 406 407 -1 408 409 410 -1 411 412 413 414 -1 415 416 417 -1 418 419 420 421 -1 422 423 424 -1 425 426 427 428 -1 429 430 431 -1 432 433 434 435 -1 436 437 438 -1 439 440 441 442 -1 443 444 445 -1 446 447 448 449 -1 450 451 452 -1 453 454 455 456 -1 457 458 459 -1 460 461 462 463 -1 464 465 466 -1 467 468 469 470 -1 471 472 473 -1 474 475 476 477 -1 478 479 480 -1 481 482 483 484 -1 485 486 487 -1 488 489 490 491 -1 492 493 494 -1 495 496 497 498 -1 499 500 501 -1 502 503 504 505 -1 506 507 508 -1 509 510 511 512 -1 513 514 515 -1 516 517 518 519 -1 520 521 522 -1 523 524 525 526 -1 527 528 529 -1 530 531 532 533 -1 534 535 536 -1 537 538 539 540 -1 541 542 543 -1 544 545 546 547 -1 548 549 550 -1 551 552 553 554 -1 555 556 557 -1 558 559 560 561 -1 562 563 564 -1 565 566 567 568 -1 569 570 571 -1 572 573 574 575 -1 576 577 578 -1 579 580 581 582 -1 583 584 585 -1 586 587 588 589 -1 590 591 592 -1 593 594 595 596 -1 597 598 599 -1 600 601 602 603 -1 604 605 606 -1 607 608 609 610 -1 611 612 613 -1 614 615 616 617 -1 618 619 620 -1 621 622 623 624 -1 625 626 627 -1 628 629 630 631 -1 632 633 634 -1 635 636 637 638 -1 639 640 641 -1 642 643 644 645 -1 646 647 648 -1 649 650 651 652 -1 653 654 655 -1 656 657 658 659 -1 660 661 662 -1 663 664 665 666 -1 667 668 669 -1 670 671 672 673 -1 674 675 676 -1 677 678 679 680 -1 681 682 683 -1 684 685 686 687 -1 688 689 690 -1 691 692 693 694 -1 695 696 697 -1 698 699 700 701 -1 702 703 704 -1 705 706 707 708 -1 709 710 711 -1 712 713 714 715 -1 716 717 718 -1 719 720 721 722 -1 723 724 725 -1 726 727 728 729 -1 730 731 732 -1 733 734 735 736 -1 737 738 739 -1 740 741 742 743 -1 744 745 746 -1 747 748 749 750 -1 751 752 753 -1 754 755 756 757 -1 758 759 760 -1 761 762 763 764 -1 765 766 767 -1 768 769 770 771 -1 772 773 774 -1 775 776 777 778 -1 779 780 781 782 -1 783 784 785 786 -1 787 788 789 -1 790 791 792 793 -1 794 795 796 -1 797 798 799 800 -1 801 802 803 -1 804 805 806 807 -1 808 809 810 -1 811 812 813 814 -1 815 816 817 -1 818 819 820 821 -1 822 823 824 -1 825 826 827 828 -1 829 830 831 -1 832 833 834 835 -1 836 837 838 -1 839 840 841 842 -1 843 844 845 -1 846 847 848 849 -1 850 851 852 -1 853 854 855 856 -1 857 858 859 -1 860 861 862 863 -1 864 865 866 -1 867 868 869 870 -1 871 872 873 -1 874 875 876 877 878 -1 879 880 881 -1 882 883 884 885 -1 886 887 888 -1 889 890 891 -1 892 893 894 -1 895 896 897 -1 898 899 900 -1 901 902 903 -1 904 905 906 -1 907 908 909 -1 910 911 912 -1 913 914 915 -1 916 917 918 -1 919 920 921 -1 922 923 924 -1 925 926 927 -1 928 929 930 -1 931 932 933 -1 934 935 936 -1 937 938 939 -1 940 941 942 -1 943 944 945 -1 946 947 948 -1 949 950 951 -1 952 953 954 -1 955 956 957 -1 958 959 960 -1 961 962 963 -1 964 965 966 -1 967 968 969 -1 970 971 972 -1 973 974 975 -1 976 977 978 -1 979 980 981 -1 982 983 984 -1 985 986 987 -1 988 989 990 -1 991 992 993 -1 994 995 996 -1 997 998 999 -1 1000 1001 1002 -1 1003 1004 1005 -1 1006 1007 1008 -1 1009 1010 1011 -1 1012 1013 1014 -1 1015 1016 1017 -1 1018 1019 1020 -1 1021 1022 1023 -1 1024 1025 1026 -1 1027 1028 1029 -1 1030 1031 1032 -1 1033 1034 1035 -1 1036 1037 1038 -1 1039 1040 1041 -1 1042 1043 1044 -1 1045 1046 1047 -1 1048 1049 1050 -1 1051 1052 1053 -1 1054 1055 1056 -1 1057 1058 1059 -1 1060 1061 1062 -1 1063 1064 1065 -1 1066 1067 1068 -1 1069 1070 1071 -1 1072 1073 1074 -1 1075 1076 1077 -1 1078 1079 1080 -1 1081 1082 1083 -1 1084 1085 1086 -1 1087 1088 1089 -1 1090 1091 1092 -1 1093 1094 1095 -1 1096 1097 1098 -1 1099 1100 1101 -1 1102 1103 1104 -1 1105 1106 1107 -1 1108 1109 1110 -1 1111 1112 1113 -1 1114 1115 1116 -1 1117 1118 1119 -1 1120 1121 1122 -1 1123 1124 1125 -1 1126 1127 1128 -1 1129 1130 1131 -1 1132 1133 1134 -1 1135 1136 1137 -1 1138 1139 1140 -1 1141 1142 1143 -1 1144 1145 1146 -1 1147 1148 1149 -1 1150 1151 1152 -1 1153 1154 1155 -1 1156 1157 1158 -1 1159 1160 1161 -1 1162 1163 1164 -1 1165 1166 1167 -1 1168 1169 1170 -1 1171 1172 1173 -1 1174 1175 1176 -1 1177 1178 1179 -1 1180 1181 1182 -1 1183 1184 1185 -1 1186 1187 1188 -1 1189 1190 1191 -1 1192 1193 1194 -1 1195 1196 1197 -1 1198 1199 1200 -1 1201 1202 1203 -1 1204 1205 1206 -1 1207 1208 1209 -1 1210 1211 1212 -1 1213 1214 1215 -1 1216 1217 1218 -1 1219 1220 1221 -1 1222 1223 1224 -1 1225 1226 1227 -1 1228 1229 1230 -1 1231 1232 1233 -1 1234 1235 1236 -1 1237 1238 1239 -1 1240 1241 1242 -1 1243 1244 1245 -1 1246 1247 1248 -1 1249 1250 1251 -1 1252 1253 1254 -1 1255 1256 1257 -1 1258 1259 1260 -1 1261 1262 1263 -1 1264 1265 1266 1267 -1 1268 1269 1270 -1 1271 1272 1273 1274 -1 1275 1276 1277 -1 1278 1279 1280 1281 -1 1282 1283 1284 -1 1285 1286 1287 1288 -1 1289 1290 1291 -1 1292 1293 1294 1295 -1 1296 1297 1298 -1 1299 1300 1301 1302 -1 1303 1304 1305 -1 1306 1307 1308 1309 -1 1310 1311 1312 -1 1313 1314 1315 1316 -1 1317 1318 1319 -1 1320 1321 1322 1323 -1 1324 1325 1326 -1 1327 1328 1329 1330 -1 1331 1332 1333 -1 1334 1335 1336 1337 -1 1338 1339 1340 1341 -1 1342 1343 1344 -1 1345 1346 1347 1348 -1 1349 1350 1351 -1 1352 1353 1354 1355 -1 1356 1357 1358 -1 1359 1360 1361 1362 -1 1363 1364 1365 -1 1366 1367 1368 1369 -1 1370 1371 1372 -1 1373 1374 1375 1376 -1 1377 1378 1379 -1 1380 1381 1382 1383 -1 1384 1385 1386 -1 1387 1388 1389 1390 -1 1391 1392 1393 -1 1394 1395 1396 1397 -1 1398 1399 1400 -1 1401 1402 1403 1404 -1 1405 1406 1407 -1 1408 1409 1410 1411 -1 1412 1413 1414 -1 1415 1416 1417 1418 -1 1419 1420 1421 -1 1422 1423 1424 1425 -1 1426 1427 1428 -1 1429 1430 1431 1432 -1 1433 1434 1435 -1 1436 1437 1438 1439 -1 1440 1441 1442 -1 1443 1444 1445 1446 -1 1447 1448 1449 -1 1450 1451 1452 1453 -1 1454 1455 1456 -1 1457 1458 1459 1460 -1 1461 1462 1463 -1 1464 1465 1466 1467 -1 1468 1469 1470 -1 1471 1472 1473 1474 -1 1475 1476 1477 -1 1478 1479 1480 1481 -1 1482 1483 1484 -1 1485 1486 1487 1488 -1 1489 1490 1491 -1 1492 1493 1494 1495 -1 1496 1497 1498 -1 1499 1500 1501 1502 -1 1503 1504 1505 -1 1506 1507 1508 1509 -1 1510 1511 1512 -1 1513 1514 1515 1516 -1 1517 1518 1519 -1 1520 1521 1522 1523 -1 1524 1525 1526 -1 1527 1528 1529 1530 -1 1531 1532 1533 -1 1534 1535 1536 1537 -1 1538 1539 1540 -1 1541 1542 1543 1544 -1 1545 1546 1547 -1 1548 1549 1550 1551 -1 1552 1553 1554 -1 1555 1556 1557 1558 -1 1559 1560 1561 -1 1562 1563 1564 1565 -1 1566 1567 1568 -1 1569 1570 1571 1572 -1 1573 1574 1575 -1 1576 1577 1578 1579 -1 1580 1581 1582 -1 1583 1584 1585 1586 -1 1587 1588 1589 -1 1590 1591 1592 1593 -1 1594 1595 1596 -1 1597 1598 1599 1600 -1 1601 1602 1603 -1 1604 1605 1606 1607 -1 1608 1609 1610 -1 1611 1612 1613 1614 -1 1615 1616 1617 -1 1618 1619 1620 1621 -1 1622 1623 1624 -1 1625 1626 1627 1628 -1 1629 1630 1631 -1 1632 1633 1634 1635 -1 1636 1637 1638 -1 1639 1640 1641 1642 -1 1643 1644 1645 -1 1646 1647 1648 1649 -1 1650 1651 1652 -1 1653 1654 1655 1656 -1 1657 1658 1659 -1 1660 1661 1662 1663 -1 1664 1665 1666 -1 1667 1668 1669 1670 -1 1671 1672 1673 -1 1674 1675 1676 1677 -1 1678 1679 1680 -1 1681 1682 1683 1684 -1 1685 1686 1687 -1 1688 1689 1690 1691 -1 1692 1693 1694 -1 1695 1696 1697 1698 -1 1699 1700 1701 -1 1702 1703 1704 1705 -1 1706 1707 1708 -1 1709 1710 1711 1712 -1 1713 1714 1715 -1 1716 1717 1718 1719 -1 1720 1721 1722 -1 1723 1724 1725 1726 -1 1727 1728 1729 -1 1730 1731 1732 1733 -1 1734 1735 1736 -1 1737 1738 1739 1740 -1 1741 1742 1743 -1 1744 1745 1746 1747 -1 1748 1749 1750 -1 1751 1752 1753 1754 -1 1755 1756 1757 -1 1758 1759 1760 1761 1762 -1 1763 1764 1765 -1 1766 1767 1768 1769 -1 1770 1771 1772 -1 1773 1774 1775 1776 -1 1777 1778 1779 -1 1780 1781 1782 1783 -1 1784 1785 1786 -1 1787 1788 1789 1790 -1 1791 1792 1793 -1 1794 1795 1796 1797 -1 1798 1799 1800 -1 1801 1802 1803 1804 -1 1805 1806 1807 -1 1808 1809 1810 1811 -1 1812 1813 1814 -1 1815 1816 1817 1818 -1 1819 1820 1821 -1 1822 1823 1824 1825 -1 1826 1827 1828 -1 1829 1830 1831 1832 -1 1833 1834 1835 -1 1836 1837 1838 1839 -1 1840 1841 1842 -1 1843 1844 1845 1846 -1 1847 1848 1849 -1 1850 1851 1852 1853 1854 -1 1855 1856 1857 -1 1858 1859 1860 1861 -1 1862 1863 1864 -1 1865 1866 1867 1868 -1 1869 1870 1871 -1 1872 1873 1874 1875 -1 1876 1877 1878 -1 1879 1880 1881 1882 -1 1883 1884 1885 -1 1886 1887 1888 1889 -1 1890 1891 1892 -1 1893 1894 1895 1896 -1 1897 1898 1899 -1 1900 1901 1902 1903 -1 1904 1905 1906 -1 1907 1908 1909 1910 -1 1911 1912 1913 -1 1914 1915 1916 1917 -1 1918 1919 1920 -1 1921 1922 1923 1924 -1 1925 1926 1927 -1 1928 1929 1930 1931 -1 1932 1933 1934 -1 1935 1936 1937 1938 -1 1939 1940 1941 -1 1942 1943 1944 1945 -1 1946 1947 1948 -1 1949 1950 1951 1952 -1 1953 1954 1955 -1 1956 1957 1958 1959 -1 1960 1961 1962 -1 1963 1964 1965 1966 -1 1967 1968 1969 -1 1970 1971 1972 1973 -1 1974 1975 1976 -1 1977 1978 1979 1980 -1 1981 1982 1983 -1 1984 1985 1986 1987 -1 1988 1989 1990 -1 1991 1992 1993 1994 -1 1995 1996 1997 -1 1998 1999 2000 2001 -1 2002 2003 2004 -1 2005 2006 2007 2008 -1 2009 2010 2011 -1 2012 2013 2014 2015 -1 2016 2017 2018 -1 2019 2020 2021 2022 -1 2023 2024 2025 -1 2026 2027 2028 2029 -1 2030 2031 2032 -1 2033 2034 2035 2036 -1 2037 2038 2039 -1 2040 2041 2042 2043 -1 2044 2045 2046 -1 2047 2048 2049 2050 -1 2051 2052 2053 -1 2054 2055 2056 2057 -1 2058 2059 2060 -1 2061 2062 2063 2064 -1 2065 2066 2067 -1 2068 2069 2070 2071 -1 2072 2073 2074 -1 2075 2076 2077 2078 -1 2079 2080 2081 -1 2082 2083 2084 2085 -1 2086 2087 2088 -1 2089 2090 2091 2092 -1 2093 2094 2095 -1 2096 2097 2098 2099 -1 2100 2101 2102 -1 2103 2104 2105 2106 -1 2107 2108 2109 -1 2110 2111 2112 2113 -1 2114 2115 2116 -1 2117 2118 2119 2120 -1 2121 2122 2123 -1 2124 2125 2126 2127 -1 2128 2129 2130 -1 2131 2132 2133 2134 -1 2135 2136 2137 -1 2138 2139 2140 2141 -1 2142 2143 2144 -1 2145 2146 2147 2148 -1 2149 2150 2151 -1 2152 2153 2154 2155 -1 2156 2157 2158 -1 2159 2160 2161 2162 -1 2163 2164 2165 -1 2166 2167 2168 2169 -1 2170 2171 2172 -1 2173 2174 2175 2176 -1 2177 2178 2179 -1 2180 2181 2182 2183 -1 2184 2185 2186 -1 2187 2188 2189 2190 -1 2191 2192 2193 -1 2194 2195 2196 2197 -1 2198 2199 2200 -1 2201 2202 2203 2204 -1 2205 2206 2207 -1 2208 2209 2210 2211 -1 2212 2213 2214 -1 2215 2216 2217 2218 -1 2219 2220 2221 -1 2222 2223 2224 2225 -1 2226 2227 2228 -1 2229 2230 2231 2232 -1 2233 2234 2235 -1 2236 2237 2238 2239 -1 2240 2241 2242 -1 2243 2244 2245 2246 2247 -1 2248 2249 2250 -1 2251 2252 2253 2254 -1 2255 2256 2257 -1 2258 2259 2260 2261 -1 2262 2263 2264 -1 2265 2266 2267 2268 -1 2269 2270 2271 -1 2272 2273 2274 2275 -1 2276 2277 2278 -1 2279 2280 2281 2282 -1 2283 2284 2285 -1 2286 2287 2288 2289 -1 2290 2291 2292 -1 2293 2294 2295 2296 2297 -1 2298 2299 2300 -1 2301 2302 2303 2304 -1 2305 2306 2307 -1 2308 2309 2310 2311 -1 2312 2313 2314 -1 2315 2316 2317 2318 -1 2319 2320 2321 -1 2322 2323 2324 2325 -1 2326 2327 2328 -1 2329 2330 2331 2332 -1 2333 2334 2335 -1 2336 2337 2338 2339 -1 2340 2341 2342 -1 2343 2344 2345 2346 -1 2347 2348 2349 -1 2350 2351 2352 2353 -1 2354 2355 2356 -1 2357 2358 2359 2360 -1 2361 2362 2363 -1 2364 2365 2366 2367 -1 2368 2369 2370 -1 2371 2372 2373 2374 -1 2375 2376 2377 -1 2378 2379 2380 2381 -1 2382 2383 2384 -1 2385 2386 2387 2388 -1 2389 2390 2391 -1 2392 2393 2394 2395 -1 2396 2397 2398 -1 2399 2400 2401 2402 -1 2403 2404 2405 -1 2406 2407 2408 2409 -1 2410 2411 2412 -1 2413 2414 2415 2416 -1 2417 2418 2419 -1 2420 2421 2422 2423 -1 2424 2425 2426 -1 2427 2428 2429 2430 -1 2431 2432 2433 -1 2434 2435 2436 2437 -1 2438 2439 2440 -1 2441 2442 2443 2444 -1 2445 2446 2447 -1 2448 2449 2450 2451 -1 2452 2453 2454 -1 2455 2456 2457 2458 -1 2459 2460 2461 -1 2462 2463 2464 2465 -1 2466 2467 2468 -1 2469 2470 2471 2472 -1 2473 2474 2475 -1 2476 2477 2478 2479 -1 2480 2481 2482 -1 2483 2484 2485 2486 -1 2487 2488 2489 -1 2490 2491 2492 2493 -1 2494 2495 2496 -1 2497 2498 2499 2500 -1 2501 2502 2503 -1 2504 2505 2506 2507 -1 2508 2509 2510 -1 2511 2512 2513 2514 -1 2515 2516 2517 -1 2518 2519 2520 2521 -1 2522 2523 2524 -1 2525 2526 2527 2528 -1 2529 2530 2531 -1 2532 2533 2534 2535 -1 2536 2537 2538 -1 2539 2540 2541 2542 -1 2543 2544 2545 -1 2546 2547 2548 2549 -1 2550 2551 2552 -1 2553 2554 2555 2556 -1 2557 2558 2559 -1 2560 2561 2562 2563 -1 2564 2565 2566 -1 2567 2568 2569 2570 -1 2571 2572 2573 -1 2574 2575 2576 2577 -1 2578 2579 2580 -1 2581 2582 2583 2584 -1 2585 2586 2587 -1 2588 2589 2590 2591 -1 2592 2593 2594 -1 2595 2596 2597 2598 -1 2599 2600 2601 -1 2602 2603 2604 2605 -1 2606 2607 2608 -1 2609 2610 2611 2612 -1 2613 2614 2615 -1 2616 2617 2618 2619 -1 2620 2621 2622 -1 2623 2624 2625 2626 -1 2627 2628 2629 -1 2630 2631 2632 2633 -1 2634 2635 2636 -1 2637 2638 2639 2640 -1 2641 2642 2643 -1 2644 2645 2646 2647 -1 2648 2649 2650 -1 2651 2652 2653 2654 -1 2655 2656 2657 -1 2658 2659 2660 2661 -1 2662 2663 2664 -1 2665 2666 2667 2668 -1 2669 2670 2671 -1 2672 2673 2674 2675 -1 2676 2677 2678 -1 2679 2680 2681 2682 -1 2683 2684 2685 -1 2686 2687 2688 2689 -1 2690 2691 2692 -1 2693 2694 2695 2696 -1 2697 2698 2699 -1 2700 2701 2702 2703 -1 2704 2705 2706 -1 2707 2708 2709 2710 -1 2711 2712 2713 -1 2714 2715 2716 2717 -1 2718 2719 2720 -1 2721 2722 2723 2724 -1 2725 2726 2727 -1 2728 2729 2730 2731 -1 2732 2733 2734 -1 2735 2736 2737 2738 -1 2739 2740 2741 -1 2742 2743 2744 2745 -1 2746 2747 2748 -1 2749 2750 2751 2752 -1 2753 2754 2755 -1 2756 2757 2758 2759 -1 2760 2761 2762 -1 2763 2764 2765 2766 -1 2767 2768 2769 -1 2770 2771 2772 2773 -1 2774 2775 2776 -1 2777 2778 2779 2780 -1 2781 2782 2783 -1 2784 2785 2786 2787 -1 2788 2789 2790 -1 2791 2792 2793 2794 -1 2795 2796 2797 -1 2798 2799 2800 2801 -1 2802 2803 2804 -1 2805 2806 2807 2808 -1 2809 2810 2811 -1 2812 2813 2814 2815 -1 2816 2817 2818 -1 2819 2820 2821 2822 -1 2823 2824 2825 -1 2826 2827 2828 2829 -1 2830 2831 2832 -1 2833 2834 2835 2836 -1 2837 2838 2839 -1 2840 2841 2842 2843 -1 2844 2845 2846 -1 2847 2848 2849 2850 -1 2851 2852 2853 -1 2854 2855 2856 2857 -1 2858 2859 2860 2861 -1 2862 2863 2864 -1 2865 2866 2867 2868 -1 2869 2870 2871 -1 2872 2873 2874 2875 -1 2876 2877 2878 -1 2879 2880 2881 2882 -1 2883 2884 2885 -1 2886 2887 2888 2889 -1 2890 2891 2892 -1 2893 2894 2895 2896 -1 2897 2898 2899 -1 2900 2901 2902 2903 -1 2904 2905 2906 -1 2907 2908 2909 2910 -1 2911 2912 2913 -1 2914 2915 2916 2917 -1 2918 2919 2920 -1 2921 2922 2923 -1 2924 2925 2926 -1 2927 2928 2929 -1 2930 2931 2932 -1 2933 2934 2935 -1 2936 2937 2938 -1 2939 2940 2941 -1 2942 2943 2944 -1 2945 2946 2947 -1 2948 2949 2950 -1 2951 2952 2953 -1 2954 2955 2956 -1 2957 2958 2959 -1 2960 2961 2962 -1 2963 2964 2965 -1 2966 2967 2968 -1 2969 2970 2971 -1 2972 2973 2974 -1 2975 2976 2977 -1 2978 2979 2980 -1 2981 2982 2983 -1 2984 2985 2986 -1 2987 2988 2989 -1 2990 2991 2992 -1 2993 2994 2995 -1 2996 2997 2998 -1 2999 3000 3001 -1 3002 3003 3004 -1 3005 3006 3007 -1 3008 3009 3010 -1 3011 3012 3013 -1 3014 3015 3016 -1 3017 3018 3019 -1 3020 3021 3022 -1 3023 3024 3025 -1 3026 3027 3028 -1 3029 3030 3031 -1 3032 3033 3034 -1 3035 3036 3037 3038 -1 3039 3040 3041 -1 3042 3043 3044 -1 3045 3046 3047 -1 3048 3049 3050 -1 3051 3052 3053 -1 3054 3055 3056 -1 3057 3058 3059 -1 3060 3061 3062 -1 3063 3064 3065 -1 3066 3067 3068 -1 3069 3070 3071 -1 3072 3073 3074 -1 3075 3076 3077 -1 3078 3079 3080 -1 3081 3082 3083 -1 3084 3085 3086 -1 3087 3088 3089 -1 3090 3091 3092 -1 3093 3094 3095 -1 3096 3097 3098 -1 3099 3100 3101 -1 3102 3103 3104 -1 3105 3106 3107 -1 3108 3109 3110 -1 3111 3112 3113 -1 3114 3115 3116 -1 3117 3118 3119 -1 3120 3121 3122 -1 3123 3124 3125 -1 3126 3127 3128 -1 3129 3130 3131 -1 3132 3133 3134 -1 3135 3136 3137 -1 3138 3139 3140 -1 3141 3142 3143 -1 3144 3145 3146 -1 3147 3148 3149 -1 3150 3151 3152 -1 3153 3154 3155 -1 3156 3157 3158 -1 3159 3160 3161 -1 3162 3163 3164 -1 3165 3166 3167 -1 3168 3169 3170 -1 3171 3172 3173 -1 3174 3175 3176 -1 3177 3178 3179 -1 3180 3181 3182 -1 3183 3184 3185 -1 3186 3187 3188 -1 3189 3190 3191 -1 3192 3193 3194 -1 3195 3196 3197 -1 3198 3199 3200 -1 3201 3202 3203 -1 3204 3205 3206 -1 3207 3208 3209 -1 3210 3211 3212 -1 3213 3214 3215 -1 3216 3217 3218 -1 3219 3220 3221 -1 3222 3223 3224 -1 3225 3226 3227 -1 3228 3229 3230 -1 3231 3232 3233 -1 3234 3235 3236 -1 3237 3238 3239 -1 3240 3241 3242 -1 3243 3244 3245 -1 3246 3247 3248 -1 3249 3250 3251 -1 3252 3253 3254 -1 3255 3256 3257 -1 3258 3259 3260 -1 3261 3262 3263 -1 3264 3265 3266 -1 3267 3268 3269 -1 3270 3271 3272 -1 3273 3274 3275 -1 3276 3277 3278 -1 3279 3280 3281 -1 3282 3283 3284 -1 3285 3286 3287 -1 3288 3289 3290 -1 3291 3292 3293 -1 3294 3295 3296 -1 3297 3298 3299 -1 3300 3301 3302 -1 3303 3304 3305 -1 3306 3307 3308 -1 3309 3310 3311 -1 3312 3313 3314 -1 3315 3316 3317 -1 3318 3319 3320 -1 3321 3322 3323 -1 3324 3325 3326 -1 3327 3328 3329 -1 3330 3331 3332 -1 3333 3334 3335 -1 3336 3337 3338 -1 3339 3340 3341 -1 3342 3343 3344 -1 3345 3346 3347 -1 3348 3349 3350 -1 3351 3352 3353 -1 3354 3355 3356 -1 3357 3358 3359 -1 3360 3361 3362 -1 3363 3364 3365 -1 3366 3367 3368 -1 3369 3370 3371 -1 3372 3373 3374 -1 3375 3376 3377 -1 3378 3379 3380 -1 3381 3382 3383 -1 3384 3385 3386 -1 3387 3388 3389 -1 3390 3391 3392 -1 3393 3394 3395 -1 3396 3397 3398 -1 3399 3400 3401 -1 3402 3403 3404 -1 3405 3406 3407 -1 3408 3409 3410 -1 3411 3412 3413 -1 3414 3415 3416 -1 3417 3418 3419 -1 3420 3421 3422 -1 3423 3424 3425 -1 3426 3427 3428 -1 3429 3430 3431 -1 3432 3433 3434 -1 3435 3436 3437 -1 3438 3439 3440 -1 3441 3442 3443 -1 3444 3445 3446 -1 3447 3448 3449 3450 -1 3451 3452 3453 -1 3454 3455 3456 -1 3457 3458 3459 -1 3460 3461 3462 -1 3463 3464 3465 -1 3466 3467 3468 -1 3469 3470 3471 -1 3472 3473 3474 -1 3475 3476 3477 -1 3478 3479 3480 -1 3481 3482 3483 -1 3484 3485 3486 -1 3487 3488 3489 -1 3490 3491 3492 -1 3493 3494 3495 -1 3496 3497 3498 -1 3499 3500 3501 -1 3502 3503 3504 -1 3505 3506 3507 -1 3508 3509 3510 -1 3511 3512 3513 -1 3514 3515 3516 -1 3517 3518 3519 -1 3520 3521 3522 -1 3523 3524 3525 -1 3526 3527 3528 -1 3529 3530 3531 -1 3532 3533 3534 -1 3535 3536 3537 -1 3538 3539 3540 -1 3541 3542 3543 -1 3544 3545 3546 -1 3547 3548 3549 -1 3550 3551 3552 -1 3553 3554 3555 -1 3556 3557 3558 -1 3559 3560 3561 -1 3562 3563 3564 -1 3565 3566 3567 -1 3568 3569 3570 -1 3571 3572 3573 -1 3574 3575 3576 -1 3577 3578 3579 -1 3580 3581 3582 -1 3583 3584 3585 -1 3586 3587 3588 -1 3589 3590 3591 -1 3592 3593 3594 -1 3595 3596 3597 -1 3598 3599 3600 -1 3601 3602 3603 -1 3604 3605 3606 -1 3607 3608 3609 -1 3610 3611 3612 -1 3613 3614 3615 -1 3616 3617 3618 -1 3619 3620 3621 -1 3622 3623 3624 3625 -1 3626 3627 3628 3629 -1 3630 3631 3632 -1 3633 3634 3635 3636 -1 3637 3638 3639 -1 3640 3641 3642 3643 -1 3644 3645 3646 -1 3647 3648 3649 3650 -1 3651 3652 3653 -1 3654 3655 3656 3657 -1 3658 3659 3660 -1 3661 3662 3663 3664 -1 3665 3666 3667 -1 3668 3669 3670 3671 -1 3672 3673 3674 -1 3675 3676 3677 3678 -1 3679 3680 3681 -1 3682 3683 3684 3685 -1 3686 3687 3688 -1 3689 3690 3691 3692 -1 3693 3694 3695 -1 3696 3697 3698 3699 -1 3700 3701 3702 -1 3703 3704 3705 3706 -1 3707 3708 3709 -1 3710 3711 3712 3713 -1 3714 3715 3716 -1 3717 3718 3719 3720 -1 3721 3722 3723 -1 3724 3725 3726 3727 -1 3728 3729 3730 -1 3731 3732 3733 3734 -1 3735 3736 3737 -1 3738 3739 3740 3741 -1 3742 3743 3744 -1 3745 3746 3747 3748 -1 3749 3750 3751 -1 3752 3753 3754 3755 -1 3756 3757 3758 -1 3759 3760 3761 3762 -1 3763 3764 3765 -1 3766 3767 3768 3769 -1 3770 3771 3772 -1 3773 3774 3775 3776 -1 3777 3778 3779 -1 3780 3781 3782 3783 -1 3784 3785 3786 -1 3787 3788 3789 3790 -1 3791 3792 3793 -1 3794 3795 3796 3797 -1 3798 3799 3800 -1 3801 3802 3803 3804 -1 3805 3806 3807 -1 3808 3809 3810 3811 -1 3812 3813 3814 -1 3815 3816 3817 3818 -1 3819 3820 3821 -1 3822 3823 3824 3825 -1 3826 3827 3828 -1 3829 3830 3831 3832 -1 3833 3834 3835 -1 3836 3837 3838 3839 -1 3840 3841 3842 -1 3843 3844 3845 3846 -1 3847 3848 3849 -1 3850 3851 3852 3853 -1 3854 3855 3856 -1 3857 3858 3859 3860 -1 3861 3862 3863 -1 3864 3865 3866 3867 -1 3868 3869 3870 -1 3871 3872 3873 3874 -1 3875 3876 3877 -1 3878 3879 3880 3881 -1 3882 3883 3884 -1 3885 3886 3887 3888 -1 3889 3890 3891 -1 3892 3893 3894 3895 -1 3896 3897 3898 -1 3899 3900 3901 3902 -1 3903 3904 3905 -1 3906 3907 3908 3909 -1 3910 3911 3912 -1 3913 3914 3915 3916 -1 3917 3918 3919 -1 3920 3921 3922 3923 -1 3924 3925 3926 -1 3927 3928 3929 3930 -1 3931 3932 3933 -1 3934 3935 3936 3937 -1 3938 3939 3940 -1 3941 3942 3943 3944 -1 3945 3946 3947 -1 3948 3949 3950 3951 -1 3952 3953 3954 -1 3955 3956 3957 3958 -1 3959 3960 3961 -1 3962 3963 3964 3965 -1 3966 3967 3968 -1 3969 3970 3971 3972 -1 3973 3974 3975 -1 3976 3977 3978 3979 -1 3980 3981 3982 -1 3983 3984 3985 3986 -1 3987 3988 3989 -1 3990 3991 3992 3993 -1 3994 3995 3996 -1 3997 3998 3999 4000 -1 4001 4002 4003 -1 4004 4005 4006 4007 -1 4008 4009 4010 -1 4011 4012 4013 4014 -1 4015 4016 4017 -1 4018 4019 4020 4021 -1 4022 4023 4024 -1 4025 4026 4027 4028 -1 4029 4030 4031 -1 4032 4033 4034 4035 -1 4036 4037 4038 -1 4039 4040 4041 4042 -1 4043 4044 4045 -1 4046 4047 4048 4049 -1 4050 4051 4052 -1 4053 4054 4055 4056 -1 4057 4058 4059 -1 4060 4061 4062 4063 -1 4064 4065 4066 -1 4067 4068 4069 4070 -1 4071 4072 4073 -1 4074 4075 4076 4077 -1 4078 4079 4080 -1 4081 4082 4083 4084 -1 4085 4086 4087 -1 4088 4089 4090 4091 -1 4092 4093 4094 -1 4095 4096 4097 4098 -1 4099 4100 4101 -1 4102 4103 4104 4105 -1 4106 4107 4108 -1 4109 4110 4111 4112 -1 4113 4114 4115 4116 -1 4117 4118 4119 4120 -1 4121 4122 4123 -1 4124 4125 4126 4127 -1 4128 4129 4130 4131 -1 4132 4133 4134 4135 -1 4136 4137 4138 -1 4139 4140 4141 4142 -1 4143 4144 4145 -1 4146 4147 4148 4149 -1 4150 4151 4152 -1 4153 4154 4155 4156 -1 4157 4158 4159 4160 -1 4161 4162 4163 4164 -1 4165 4166 4167 -1 4168 4169 4170 -1 4171 4172 4173 -1 4174 4175 4176 4177 -1 4178 4179 4180 4181 -1 4182 4183 4184 -1 4185 4186 4187 4188 -1 4189 4190 4191 -1 4192 4193 4194 4195 -1 4196 4197 4198 -1 4199 4200 4201 4202 -1 4203 4204 4205 -1 4206 4207 4208 4209 -1 4210 4211 4212 -1 4213 4214 4215 4216 -1 4217 4218 4219 -1 4220 4221 4222 4223 -1 4224 4225 4226 -1 4227 4228 4229 4230 -1 4231 4232 4233 -1 4234 4235 4236 4237 -1 4238 4239 4240 -1 4241 4242 4243 4244 -1 4245 4246 4247 -1 4248 4249 4250 4251 -1 4252 4253 4254 -1 4255 4256 4257 4258 -1 4259 4260 4261 -1 4262 4263 4264 4265 -1 4266 4267 4268 -1 4269 4270 4271 4272 -1 4273 4274 4275 -1 4276 4277 4278 4279 -1 4280 4281 4282 -1 4283 4284 4285 4286 -1 4287 4288 4289 -1 4290 4291 4292 4293 -1 4294 4295 4296 -1 4297 4298 4299 4300 -1 4301 4302 4303 -1 4304 4305 4306 4307 -1 4308 4309 4310 -1 4311 4312 4313 4314 -1 4315 4316 4317 -1 4318 4319 4320 4321 -1 4322 4323 4324 -1 4325 4326 4327 4328 -1 4329 4330 4331 -1 4332 4333 4334 4335 -1 4336 4337 4338 -1 4339 4340 4341 4342 -1 4343 4344 4345 -1 4346 4347 4348 4349 -1 4350 4351 4352 -1 4353 4354 4355 4356 -1 4357 4358 4359 -1 4360 4361 4362 4363 -1 4364 4365 4366 -1 4367 4368 4369 4370 -1 4371 4372 4373 -1 4374 4375 4376 4377 -1 4378 4379 4380 -1 4381 4382 4383 4384 -1 4385 4386 4387 -1 4388 4389 4390 4391 -1 4392 4393 4394 -1 4395 4396 4397 4398 -1 4399 4400 4401 -1 4402 4403 4404 4405 -1 4406 4407 4408 -1 4409 4410 4411 4412 -1 4413 4414 4415 -1 4416 4417 4418 4419 -1 4420 4421 4422 -1 4423 4424 4425 4426 -1 4427 4428 4429 -1 4430 4431 4432 4433 -1 4434 4435 4436 -1 4437 4438 4439 4440 -1 4441 4442 4443 -1 4444 4445 4446 4447 -1 4448 4449 4450 -1 4451 4452 4453 4454 -1 4455 4456 4457 -1 4458 4459 4460 4461 -1 4462 4463 4464 -1 4465 4466 4467 4468 -1 4469 4470 4471 -1 4472 4473 4474 4475 -1 4476 4477 4478 -1 4479 4480 4481 4482 -1 4483 4484 4485 -1 4486 4487 4488 4489 -1 4490 4491 4492 -1 4493 4494 4495 4496 -1 4497 4498 4499 -1 4500 4501 4502 4503 -1 4504 4505 4506 -1 4507 4508 4509 4510 -1 4511 4512 4513 -1 4514 4515 4516 4517 -1 4518 4519 4520 -1 4521 4522 4523 4524 -1 4525 4526 4527 -1 4528 4529 4530 4531 -1 4532 4533 4534 -1 4535 4536 4537 4538 -1 4539 4540 4541 -1 4542 4543 4544 4545 -1 4546 4547 4548 -1 4549 4550 4551 4552 -1 4553 4554 4555 -1 4556 4557 4558 4559 -1 4560 4561 4562 -1 4563 4564 4565 4566 -1 4567 4568 4569 -1 4570 4571 4572 4573 -1 4574 4575 4576 -1 4577 4578 4579 4580 -1 4581 4582 4583 -1 4584 4585 4586 4587 -1 4588 4589 4590 -1 4591 4592 4593 4594 -1 4595 4596 4597 -1 4598 4599 4600 4601 -1 4602 4603 4604 -1 4605 4606 4607 4608 -1 4609 4610 4611 -1 4612 4613 4614 4615 -1 4616 4617 4618 -1 4619 4620 4621 4622 -1 4623 4624 4625 -1 4626 4627 4628 4629 -1 4630 4631 4632 -1 4633 4634 4635 4636 -1 4637 4638 4639 -1 4640 4641 4642 4643 -1 4644 4645 4646 -1 4647 4648 4649 4650 -1 4651 4652 4653 -1 4654 4655 4656 4657 -1 4658 4659 4660 -1 4661 4662 4663 4664 -1 4665 4666 4667 -1 4668 4669 4670 4671 -1 4672 4673 4674 -1 4675 4676 4677 4678 -1 4679 4680 4681 -1 4682 4683 4684 4685 -1 4686 4687 4688 4689 -1 4690 4691 4692 4693 -1 4694 4695 4696 4697 -1 4698 4699 4700 -1 4701 4702 4703 4704 -1 4705 4706 4707 -1 4708 4709 4710 4711 -1 4712 4713 4714 -1 4715 4716 4717 4718 -1 4719 4720 4721 -1 4722 4723 4724 4725 -1 4726 4727 4728 -1 4729 4730 4731 4732 -1 4733 4734 4735 -1 4736 4737 4738 4739 -1 4740 4741 4742 -1 4743 4744 4745 4746 -1 4747 4748 4749 -1 4750 4751 4752 4753 -1 4754 4755 4756 -1 4757 4758 4759 4760 -1 4761 4762 4763 -1 4764 4765 4766 4767 -1 4768 4769 4770 -1 4771 4772 4773 4774 -1 4775 4776 4777 -1 4778 4779 4780 4781 -1 4782 4783 4784 -1 4785 4786 4787 4788 -1 4789 4790 4791 -1 4792 4793 4794 4795 -1 4796 4797 4798 -1 4799 4800 4801 4802 -1 4803 4804 4805 -1 4806 4807 4808 4809 -1 4810 4811 4812 -1 4813 4814 4815 4816 -1 4817 4818 4819 -1 4820 4821 4822 4823 -1 4824 4825 4826 -1 4827 4828 4829 4830 -1 4831 4832 4833 -1 4834 4835 4836 4837 -1 4838 4839 4840 -1 4841 4842 4843 4844 -1 4845 4846 4847 -1 4848 4849 4850 4851 -1 4852 4853 4854 -1 4855 4856 4857 4858 -1 4859 4860 4861 -1 4862 4863 4864 4865 -1 4866 4867 4868 -1 4869 4870 4871 4872 -1 4873 4874 4875 -1 4876 4877 4878 4879 -1 4880 4881 4882 -1 4883 4884 4885 4886 -1 4887 4888 4889 -1 4890 4891 4892 4893 -1 4894 4895 4896 -1 4897 4898 4899 4900 -1 4901 4902 4903 -1 4904 4905 4906 4907 -1 4908 4909 4910 -1 4911 4912 4913 4914 -1 4915 4916 4917 -1 4918 4919 4920 4921 -1 4922 4923 4924 -1 4925 4926 4927 4928 -1 4929 4930 4931 -1 4932 4933 4934 4935 -1 4936 4937 4938 -1 4939 4940 4941 4942 -1 4943 4944 4945 -1 4946 4947 4948 4949 -1 4950 4951 4952 4953 -1 4954 4955 4956 4957 -1 4958 4959 4960 -1 4961 4962 4963 4964 -1 4965 4966 4967 -1 4968 4969 4970 4971 -1 4972 4973 4974 -1 4975 4976 4977 4978 -1 4979 4980 4981 -1 4982 4983 4984 4985 -1 4986 4987 4988 -1 4989 4990 4991 4992 -1 4993 4994 4995 -1 4996 4997 4998 4999 -1 5000 5001 5002 -1 5003 5004 5005 5006 -1 5007 5008 5009 -1 5010 5011 5012 5013 -1 5014 5015 5016 -1 5017 5018 5019 5020 -1 5021 5022 5023 -1 5024 5025 5026 5027 -1 5028 5029 5030 -1 5031 5032 5033 5034 -1 5035 5036 5037 -1 5038 5039 5040 5041 -1 5042 5043 5044 -1 5045 5046 5047 5048 -1 5049 5050 5051 -1 5052 5053 5054 5055 -1 5056 5057 5058 -1 5059 5060 5061 5062 -1 5063 5064 5065 -1 5066 5067 5068 5069 -1 5070 5071 5072 -1 5073 5074 5075 5076 -1 5077 5078 5079 -1 5080 5081 5082 5083 -1 5084 5085 5086 -1 5087 5088 5089 5090 -1 5091 5092 5093 5094 -1 5095 5096 5097 5098 -1 5099 5100 5101 -1 5102 5103 5104 5105 -1 5106 5107 5108 -1 5109 5110 5111 5112 -1 5113 5114 5115 -1 5116 5117 5118 5119 -1 5120 5121 5122 -1 5123 5124 5125 5126 -1 5127 5128 5129 -1 5130 5131 5132 5133 -1 5134 5135 5136 -1 5137 5138 5139 5140 -1 5141 5142 5143 -1 5144 5145 5146 5147 -1 5148 5149 5150 -1 5151 5152 5153 5154 -1 5155 5156 5157 -1 5158 5159 5160 5161 -1 5162 5163 5164 -1 5165 5166 5167 5168 -1 5169 5170 5171 -1 5172 5173 5174 5175 -1 5176 5177 5178 -1 5179 5180 5181 5182 -1 5183 5184 5185 -1 5186 5187 5188 5189 -1 5190 5191 5192 -1 5193 5194 5195 5196 -1 5197 5198 5199 -1 5200 5201 5202 5203 -1 5204 5205 5206 -1 5207 5208 5209 5210 -1 5211 5212 5213 -1 5214 5215 5216 5217 -1 5218 5219 5220 -1 5221 5222 5223 5224 -1 5225 5226 5227 -1 5228 5229 5230 5231 -1 5232 5233 5234 5235 -1 5236 5237 5238 5239 -1 5240 5241 5242 -1 5243 5244 5245 5246 -1 5247 5248 5249 -1 5250 5251 5252 5253 -1 5254 5255 5256 -1 5257 5258 5259 5260 -1 5261 5262 5263 -1 5264 5265 5266 5267 -1 5268 5269 5270 -1 5271 5272 5273 5274 -1 5275 5276 5277 -1 5278 5279 5280 5281 -1 5282 5283 5284 -1 5285 5286 5287 5288 -1 5289 5290 5291 -1 5292 5293 5294 5295 -1 5296 5297 5298 -1 5299 5300 5301 5302 -1 5303 5304 5305 -1 5306 5307 5308 5309 -1 5310 5311 5312 -1 5313 5314 5315 5316 -1 5317 5318 5319 -1 5320 5321 5322 5323 -1 5324 5325 5326 -1 5327 5328 5329 5330 -1 5331 5332 5333 -1 5334 5335 5336 5337 -1 5338 5339 5340 -1 5341 5342 5343 5344 -1 5345 5346 5347 -1 5348 5349 5350 5351 -1 5352 5353 5354 -1 5355 5356 5357 5358 -1 5359 5360 5361 -1 5362 5363 5364 5365 -1 5366 5367 5368 -1 5369 5370 5371 5372 -1 5373 5374 5375 -1 5376 5377 5378 5379 -1 5380 5381 5382 -1 5383 5384 5385 5386 -1 5387 5388 5389 -1 5390 5391 5392 5393 -1 5394 5395 5396 -1 5397 5398 5399 5400 -1 5401 5402 5403 -1 5404 5405 5406 5407 -1 5408 5409 5410 -1 5411 5412 5413 5414 -1 5415 5416 5417 -1 5418 5419 5420 5421 -1 5422 5423 5424 -1 5425 5426 5427 5428 -1 5429 5430 5431 -1 5432 5433 5434 5435 -1 5436 5437 5438 -1 5439 5440 5441 5442 -1 5443 5444 5445 -1 5446 5447 5448 5449 -1 5450 5451 5452 -1 5453 5454 5455 5456 -1 5457 5458 5459 -1 5460 5461 5462 5463 -1 5464 5465 5466 -1 5467 5468 5469 5470 -1 5471 5472 5473 -1 5474 5475 5476 5477 -1 5478 5479 5480 -1 5481 5482 5483 5484 -1 5485 5486 5487 -1 5488 5489 5490 5491 -1 5492 5493 5494 -1 5495 5496 5497 5498 -1 5499 5500 5501 -1 5502 5503 5504 5505 -1 5506 5507 5508 5509 -1 5510 5511 5512 5513 -1 5514 5515 5516 -1 5517 5518 5519 5520 -1 5521 5522 5523 -1 5524 5525 5526 5527 -1 5528 5529 5530 -1 5531 5532 5533 5534 -1 5535 5536 5537 -1 5538 5539 5540 5541 -1 5542 5543 5544 -1 5545 5546 5547 5548 -1 5549 5550 5551 -1 5552 5553 5554 5555 -1 5556 5557 5558 -1 5559 5560 5561 5562 -1 5563 5564 5565 -1 5566 5567 5568 5569 -1 5570 5571 5572 -1 5573 5574 5575 5576 -1 5577 5578 5579 -1 5580 5581 5582 5583 -1 5584 5585 5586 -1 5587 5588 5589 5590 -1 5591 5592 5593 -1 5594 5595 5596 5597 -1 5598 5599 5600 -1 5601 5602 5603 5604 -1 5605 5606 5607 -1 5608 5609 5610 5611 -1 5612 5613 5614 -1 5615 5616 5617 5618 -1 5619 5620 5621 -1 5622 5623 5624 5625 -1 5626 5627 5628 -1 5629 5630 5631 5632 -1 5633 5634 5635 -1 5636 5637 5638 5639 -1 5640 5641 5642 -1 5643 5644 5645 5646 -1 5647 5648 5649 -1 5650 5651 5652 5653 -1 5654 5655 5656 -1 5657 5658 5659 5660 -1 5661 5662 5663 -1 5664 5665 5666 5667 -1 5668 5669 5670 -1 5671 5672 5673 5674 -1 5675 5676 5677 -1 5678 5679 5680 5681 -1 5682 5683 5684 -1 5685 5686 5687 5688 -1 5689 5690 5691 -1 5692 5693 5694 5695 -1 5696 5697 5698 -1 5699 5700 5701 5702 -1 5703 5704 5705 -1 5706 5707 5708 5709 -1 5710 5711 5712 -1 5713 5714 5715 5716 -1 5717 5718 5719 -1 5720 5721 5722 5723 -1 5724 5725 5726 -1 5727 5728 5729 5730 -1 5731 5732 5733 -1 5734 5735 5736 5737 -1 5738 5739 5740 -1 5741 5742 5743 5744 -1 5745 5746 5747 -1 5748 5749 5750 5751 -1 5752 5753 5754 -1 5755 5756 5757 5758 -1 5759 5760 5761 -1 5762 5763 5764 5765 -1 5766 5767 5768 -1 5769 5770 5771 5772 -1 5773 5774 5775 -1 5776 5777 5778 5779 -1 5780 5781 5782 -1 5783 5784 5785 5786 -1 5787 5788 5789 -1 5790 5791 5792 5793 -1 5794 5795 5796 -1 5797 5798 5799 5800 -1 5801 5802 5803 -1 5804 5805 5806 5807 -1 5808 5809 5810 -1 5811 5812 5813 5814 -1 5815 5816 5817 -1 5818 5819 5820 5821 -1 5822 5823 5824 -1 5825 5826 5827 5828 -1 5829 5830 5831 -1 5832 5833 5834 5835 -1 5836 5837 5838 -1 5839 5840 5841 5842 -1 5843 5844 5845 -1 5846 5847 5848 5849 -1 5850 5851 5852 -1 5853 5854 5855 5856 -1 5857 5858 5859 -1 5860 5861 5862 5863 -1 5864 5865 5866 -1 5867 5868 5869 5870 -1 5871 5872 5873 -1 5874 5875 5876 5877 -1 5878 5879 5880 -1 5881 5882 5883 5884 5885 -1 5886 5887 5888 -1 5889 5890 5891 5892 -1 5893 5894 5895 -1 5896 5897 5898 5899 -1 5900 5901 5902 -1 5903 5904 5905 5906 -1 5907 5908 5909 -1 5910 5911 5912 5913 -1 5914 5915 5916 -1 5917 5918 5919 5920 -1 5921 5922 5923 -1 5924 5925 5926 5927 -1 5928 5929 5930 -1 5931 5932 5933 5934 -1 5935 5936 5937 -1 5938 5939 5940 5941 -1 5942 5943 5944 -1 5945 5946 5947 5948 -1 5949 5950 5951 -1 5952 5953 5954 5955 -1 5956 5957 5958 -1 5959 5960 5961 5962 -1 5963 5964 5965 -1 5966 5967 5968 5969 -1 5970 5971 5972 -1 5973 5974 5975 5976 -1 5977 5978 5979 -1 5980 5981 5982 5983 -1 5984 5985 5986 -1 5987 5988 5989 5990 -1 5991 5992 5993 -1 5994 5995 5996 5997 -1 5998 5999 6000 -1 6001 6002 6003 6004 -1 6005 6006 6007 -1 6008 6009 6010 6011 -1 6012 6013 6014 -1 6015 6016 6017 6018 -1 6019 6020 6021 -1 6022 6023 6024 6025 -1 6026 6027 6028 -1 6029 6030 6031 6032 -1 6033 6034 6035 -1 6036 6037 6038 6039 -1 6040 6041 6042 -1 6043 6044 6045 6046 -1 6047 6048 6049 -1 6050 6051 6052 6053 -1 6054 6055 6056 -1 6057 6058 6059 6060 -1 6061 6062 6063 -1 6064 6065 6066 6067 -1 6068 6069 6070 -1 6071 6072 6073 6074 -1 6075 6076 6077 -1 6078 6079 6080 6081 -1 6082 6083 6084 -1 6085 6086 6087 6088 -1 6089 6090 6091 -1 6092 6093 6094 6095 -1 6096 6097 6098 -1 6099 6100 6101 6102 -1 6103 6104 6105 -1 6106 6107 6108 6109 -1 6110 6111 6112 -1 6113 6114 6115 6116 -1 6117 6118 6119 -1 6120 6121 6122 6123 -1 6124 6125 6126 -1 6127 6128 6129 6130 -1 6131 6132 6133 -1 6134 6135 6136 6137 -1 6138 6139 6140 -1 6141 6142 6143 6144 -1 6145 6146 6147 -1 6148 6149 6150 6151 -1 6152 6153 6154 -1 6155 6156 6157 6158 -1 6159 6160 6161 -1 6162 6163 6164 6165 -1 6166 6167 6168 -1 6169 6170 6171 6172 -1 6173 6174 6175 -1 6176 6177 6178 6179 -1 6180 6181 6182 -1 6183 6184 6185 6186 -1 6187 6188 6189 -1 6190 6191 6192 6193 -1 6194 6195 6196 -1 6197 6198 6199 6200 -1 6201 6202 6203 -1 6204 6205 6206 6207 -1 6208 6209 6210 -1 6211 6212 6213 6214 -1 6215 6216 6217 -1 6218 6219 6220 6221 -1 6222 6223 6224 -1 6225 6226 6227 6228 -1 6229 6230 6231 -1 6232 6233 6234 6235 -1 6236 6237 6238 -1 6239 6240 6241 6242 -1 6243 6244 6245 -1 6246 6247 6248 6249 -1 6250 6251 6252 -1 6253 6254 6255 6256 -1 6257 6258 6259 -1 6260 6261 6262 6263 -1 6264 6265 6266 -1 6267 6268 6269 6270 -1 6271 6272 6273 -1 6274 6275 6276 6277 -1 6278 6279 6280 -1 6281 6282 6283 6284 -1 6285 6286 6287 -1 6288 6289 6290 6291 -1 6292 6293 6294 -1 6295 6296 6297 6298 -1 6299 6300 6301 -1 6302 6303 6304 6305 -1 6306 6307 6308 -1 6309 6310 6311 6312 -1 6313 6314 6315 -1 6316 6317 6318 6319 -1 6320 6321 6322 -1 6323 6324 6325 6326 -1 6327 6328 6329 -1 6330 6331 6332 6333 -1 6334 6335 6336 -1 6337 6338 6339 6340 -1 6341 6342 6343 -1 6344 6345 6346 6347 -1 6348 6349 6350 -1 6351 6352 6353 6354 -1 6355 6356 6357 -1 6358 6359 6360 6361 -1 6362 6363 6364 -1 6365 6366 6367 6368 -1 6369 6370 6371 -1 6372 6373 6374 6375 -1 6376 6377 6378 -1 6379 6380 6381 6382 -1 6383 6384 6385 -1 6386 6387 6388 6389 -1 6390 6391 6392 -1 6393 6394 6395 6396 -1 6397 6398 6399 -1 6400 6401 6402 6403 -1 6404 6405 6406 -1 6407 6408 6409 6410 -1 6411 6412 6413 -1 6414 6415 6416 6417 -1 6418 6419 6420 -1 6421 6422 6423 6424 -1 6425 6426 6427 -1 6428 6429 6430 6431 -1 6432 6433 6434 -1 6435 6436 6437 6438 -1 6439 6440 6441 -1 6442 6443 6444 6445 -1 6446 6447 6448 -1 6449 6450 6451 6452 -1 6453 6454 6455 -1 6456 6457 6458 6459 -1 6460 6461 6462 -1 6463 6464 6465 6466 -1 6467 6468 6469 -1 6470 6471 6472 6473 -1 6474 6475 6476 -1 6477 6478 6479 6480 -1 6481 6482 6483 -1 6484 6485 6486 6487 -1 6488 6489 6490 -1 6491 6492 6493 6494 -1 6495 6496 6497 -1 6498 6499 6500 6501 -1 6502 6503 6504 -1 6505 6506 6507 6508 -1 6509 6510 6511 6512 -1 6513 6514 6515 6516 -1 6517 6518 6519 -1 6520 6521 6522 6523 -1 6524 6525 6526 -1 6527 6528 6529 6530 -1 6531 6532 6533 -1 6534 6535 6536 6537 -1 6538 6539 6540 -1 6541 6542 6543 6544 -1 6545 6546 6547 -1 6548 6549 6550 6551 -1 6552 6553 6554 -1 6555 6556 6557 6558 -1 6559 6560 6561 -1 6562 6563 6564 6565 -1 6566 6567 6568 -1 6569 6570 6571 6572 -1 6573 6574 6575 -1 6576 6577 6578 6579 -1 6580 6581 6582 -1 6583 6584 6585 6586 -1 6587 6588 6589 -1 6590 6591 6592 6593 -1 6594 6595 6596 -1 6597 6598 6599 6600 -1 6601 6602 6603 -1 6604 6605 6606 6607 -1 6608 6609 6610 -1 6611 6612 6613 6614 -1 6615 6616 6617 -1 6618 6619 6620 6621 -1 6622 6623 6624 -1 6625 6626 6627 6628 -1 6629 6630 6631 -1 6632 6633 6634 6635 -1 6636 6637 6638 -1 6639 6640 6641 6642 -1 6643 6644 6645 -1 6646 6647 6648 6649 -1 6650 6651 6652 -1 6653 6654 6655 6656 -1 6657 6658 6659 -1 6660 6661 6662 6663 -1 6664 6665 6666 -1 6667 6668 6669 6670 -1 6671 6672 6673 -1 6674 6675 6676 6677 -1 6678 6679 6680 -1 6681 6682 6683 6684 -1 6685 6686 6687 -1 6688 6689 6690 6691 -1 6692 6693 6694 -1 6695 6696 6697 6698 -1 6699 6700 6701 -1 6702 6703 6704 6705 -1 6706 6707 6708 -1 6709 6710 6711 -1 6712 6713 6714 -1 6715 6716 6717 -1 6718 6719 6720 -1 6721 6722 6723 -1 6724 6725 6726 -1 6727 6728 6729 -1 6730 6731 6732 -1 6733 6734 6735 -1 6736 6737 6738 -1 6739 6740 6741 -1 6742 6743 6744 -1 6745 6746 6747 -1 6748 6749 6750 -1 6751 6752 6753 -1 6754 6755 6756 -1 6757 6758 6759 -1 6760 6761 6762 -1 6763 6764 6765 -1 6766 6767 6768 -1 6769 6770 6771 -1 6772 6773 6774 -1 6775 6776 6777 -1 6778 6779 6780 -1 6781 6782 6783 -1 6784 6785 6786 -1 6787 6788 6789 -1 6790 6791 6792 -1 6793 6794 6795 -1 6796 6797 6798 -1 6799 6800 6801 -1 6802 6803 6804 -1 6805 6806 6807 -1 6808 6809 6810 -1 6811 6812 6813 -1 6814 6815 6816 -1 6817 6818 6819 -1 6820 6821 6822 -1 6823 6824 6825 -1 6826 6827 6828 -1 6829 6830 6831 -1 6832 6833 6834 -1 6835 6836 6837 -1 6838 6839 6840 -1 6841 6842 6843 -1 6844 6845 6846 -1 6847 6848 6849 -1 6850 6851 6852 -1 6853 6854 6855 -1 6856 6857 6858 -1 6859 6860 6861 -1 6862 6863 6864 -1 6865 6866 6867 -1 6868 6869 6870 -1 6871 6872 6873 -1 6874 6875 6876 -1 6877 6878 6879 -1 6880 6881 6882 -1 6883 6884 6885 -1 6886 6887 6888 -1 6889 6890 6891 -1 6892 6893 6894 -1 6895 6896 6897 -1 6898 6899 6900 -1 6901 6902 6903 -1 6904 6905 6906 -1 6907 6908 6909 -1 6910 6911 6912 -1 6913 6914 6915 -1 6916 6917 6918 -1 6919 6920 6921 -1 6922 6923 6924 -1 6925 6926 6927 -1 6928 6929 6930 -1 6931 6932 6933 -1 6934 6935 6936 -1 6937 6938 6939 -1 6940 6941 6942 -1 6943 6944 6945 -1 6946 6947 6948 -1 6949 6950 6951 -1 6952 6953 6954 6955 -1 6956 6957 6958 -1 6959 6960 6961 -1 6962 6963 6964 -1 6965 6966 6967 -1 6968 6969 6970 -1 6971 6972 6973 -1 6974 6975 6976 -1 6977 6978 6979 -1 6980 6981 6982 -1 6983 6984 6985 -1 6986 6987 6988 -1 6989 6990 6991 -1 6992 6993 6994 -1 6995 6996 6997 -1 6998 6999 7000 -1 7001 7002 7003 -1 7004 7005 7006 -1 7007 7008 7009 -1 7010 7011 7012 -1 7013 7014 7015 -1 7016 7017 7018 -1 7019 7020 7021 -1 7022 7023 7024 -1 7025 7026 7027 -1 7028 7029 7030 -1 7031 7032 7033 -1 7034 7035 7036 -1 7037 7038 7039 -1 7040 7041 7042 -1 7043 7044 7045 -1 7046 7047 7048 -1 7049 7050 7051 -1 7052 7053 7054 -1 7055 7056 7057 -1 7058 7059 7060 -1 7061 7062 7063 -1 7064 7065 7066 -1 7067 7068 7069 -1 7070 7071 7072 -1 7073 7074 7075 -1 7076 7077 7078 -1 7079 7080 7081 -1 7082 7083 7084 -1 7085 7086 7087 -1 7088 7089 7090 -1 7091 7092 7093 -1 7094 7095 7096 -1 7097 7098 7099 -1 7100 7101 7102 -1 7103 7104 7105 -1 7106 7107 7108 -1 7109 7110 7111 -1 7112 7113 7114 -1 7115 7116 7117 -1 7118 7119 7120 -1 7121 7122 7123 -1 7124 7125 7126 -1 7127 7128 7129 -1 7130 7131 7132 -1 7133 7134 7135 -1 7136 7137 7138 -1 7139 7140 7141 -1 7142 7143 7144 -1 7145 7146 7147 -1 7148 7149 7150 -1 7151 7152 7153 -1 7154 7155 7156 -1 7157 7158 7159 -1 7160 7161 7162 -1 7163 7164 7165 -1 7166 7167 7168 -1 7169 7170 7171 -1 7172 7173 7174 -1 7175 7176 7177 -1 7178 7179 7180 -1 7181 7182 7183 -1 7184 7185 7186 -1 7187 7188 7189 -1 7190 7191 7192 -1 7193 7194 7195 -1 7196 7197 7198 -1 7199 7200 7201 -1 7202 7203 7204 -1 7205 7206 7207 -1 7208 7209 7210 -1 7211 7212 7213 -1 7214 7215 7216 -1 7217 7218 7219 -1 7220 7221 7222 -1 7223 7224 7225 -1 7226 7227 7228 -1 7229 7230 7231 -1 7232 7233 7234 -1 7235 7236 7237 -1 7238 7239 7240 -1 7241 7242 7243 -1 7244 7245 7246 -1 7247 7248 7249 -1 7250 7251 7252 -1 7253 7254 7255 -1 7256 7257 7258 -1 7259 7260 7261 -1 7262 7263 7264 -1 7265 7266 7267 -1 7268 7269 7270 -1 7271 7272 7273 -1 7274 7275 7276 -1 7277 7278 7279 -1 7280 7281 7282 -1 7283 7284 7285 -1 7286 7287 7288 -1 7289 7290 7291 -1 7292 7293 7294 -1 7295 7296 7297 -1 7298 7299 7300 -1 7301 7302 7303 -1 7304 7305 7306 -1 7307 7308 7309 -1 7310 7311 7312 -1 7313 7314 7315 -1 7316 7317 7318 -1 7319 7320 7321 -1 7322 7323 7324 -1 7325 7326 7327 -1 7328 7329 7330 -1 7331 7332 7333 -1 7334 7335 7336 -1 7337 7338 7339 -1 7340 7341 7342 -1 7343 7344 7345 -1 7346 7347 7348 -1 7349 7350 7351 -1 7352 7353 7354 -1 7355 7356 7357 -1 7358 7359 7360 -1 7361 7362 7363 -1 7364 7365 7366 -1 7367 7368 7369 -1 7370 7371 7372 -1 7373 7374 7375 -1 7376 7377 7378 -1 7379 7380 7381 -1 7382 7383 7384 -1 7385 7386 7387 -1 7388 7389 7390 -1 7391 7392 7393 -1 7394 7395 7396 -1 7397 7398 7399 -1 7400 7401 7402 -1 7403 7404 7405 -1 7406 7407 7408 -1 7409 7410 7411 -1 7412 7413 7414 -1 7415 7416 7417 -1 7418 7419 7420 -1 7421 7422 7423 -1 7424 7425 7426 -1 7427 7428 7429 -1 7430 7431 7432 -1 7433 7434 7435 -1 7436 7437 7438 -1 7439 7440 7441 -1 7442 7443 7444 -1 7445 7446 7447 -1 7448 7449 7450 -1 7451 7452 7453 -1 7454 7455 7456 -1 7457 7458 7459 -1 7460 7461 7462 -1 7463 7464 7465 -1 7466 7467 7468 -1 7469 7470 7471 -1 7472 7473 7474 -1 7475 7476 7477 -1 7478 7479 7480 -1 7481 7482 7483 -1 7484 7485 7486 -1 7487 7488 7489 -1 7490 7491 7492 -1 7493 7494 7495 -1 7496 7497 7498 -1 7499 7500 7501 -1 7502 7503 7504 -1 7505 7506 7507 -1 7508 7509 7510 -1 7511 7512 7513 -1 7514 7515 7516 -1 7517 7518 7519 -1 7520 7521 7522 -1 7523 7524 7525 -1 7526 7527 7528 -1 7529 7530 7531 -1 7532 7533 7534 -1 7535 7536 7537 -1 7538 7539 7540 -1 7541 7542 7543 -1 7544 7545 7546 -1 7547 7548 7549 -1 7550 7551 7552 -1 7553 7554 7555 -1 7556 7557 7558 -1 7559 7560 7561 -1 7562 7563 7564 -1 7565 7566 7567 -1 7568 7569 7570 -1 7571 7572 7573 -1 7574 7575 7576 -1 7577 7578 7579 -1 7580 7581 7582 -1 7583 7584 7585 -1 7586 7587 7588 -1 7589 7590 7591 -1 7592 7593 7594 -1 7595 7596 7597 7598 -1 7599 7600 7601 -1 7602 7603 7604 -1 7605 7606 7607 -1 7608 7609 7610 -1 7611 7612 7613 -1 7614 7615 7616 -1 7617 7618 7619 -1 7620 7621 7622 -1 7623 7624 7625 -1 7626 7627 7628 -1 7629 7630 7631 -1 7632 7633 7634 -1 7635 7636 7637 -1 7638 7639 7640 -1 7641 7642 7643 -1 7644 7645 7646 -1 7647 7648 7649 -1 7650 7651 7652 -1 7653 7654 7655 -1 7656 7657 7658 -1 7659 7660 7661 -1 7662 7663 7664 -1 7665 7666 7667 -1 7668 7669 7670 -1 7671 7672 7673 -1 7674 7675 7676 -1 7677 7678 7679 -1 7680 7681 7682 -1 7683 7684 7685 -1 7686 7687 7688 -1 7689 7690 7691 -1 7692 7693 7694 -1 7695 7696 7697 -1 7698 7699 7700 -1 7701 7702 7703 -1 7704 7705 7706 -1 7707 7708 7709 -1 7710 7711 7712 -1 7713 7714 7715 -1 7716 7717 7718 -1 7719 7720 7721 -1 7722 7723 7724 -1 7725 7726 7727 -1 7728 7729 7730 -1 7731 7732 7733 -1 7734 7735 7736 -1 7737 7738 7739 -1 7740 7741 7742 -1 7743 7744 7745 -1 7746 7747 7748 -1 7749 7750 7751 -1 7752 7753 7754 -1 7755 7756 7757 -1 7758 7759 7760 -1 7761 7762 7763 -1 7764 7765 7766 -1 7767 7768 7769 -1 7770 7771 7772 -1 7773 7774 7775 -1 7776 7777 7778 -1 7779 7780 7781 -1 7782 7783 7784 -1 7785 7786 7787 -1 7788 7789 7790 -1 7791 7792 7793 -1 7794 7795 7796 -1 7797 7798 7799 -1 7800 7801 7802 -1 7803 7804 7805 -1 7806 7807 7808 -1 7809 7810 7811 -1 7812 7813 7814 -1 7815 7816 7817 -1 7818 7819 7820 -1 7821 7822 7823 -1 7824 7825 7826 -1 7827 7828 7829 -1 7830 7831 7832 -1 7833 7834 7835 -1 7836 7837 7838 -1 7839 7840 7841 -1 7842 7843 7844 -1 7845 7846 7847 -1 7848 7849 7850 -1 7851 7852 7853 -1 7854 7855 7856 -1 7857 7858 7859 -1 7860 7861 7862 -1 7863 7864 7865 -1 7866 7867 7868 -1 7869 7870 7871 -1 7872 7873 7874 -1 7875 7876 7877 -1 7878 7879 7880 -1 7881 7882 7883 -1 7884 7885 7886 -1 7887 7888 7889 -1 7890 7891 7892 -1 7893 7894 7895 -1 7896 7897 7898 -1 7899 7900 7901 -1 7902 7903 7904 -1 7905 7906 7907 -1 7908 7909 7910 -1 7911 7912 7913 -1 7914 7915 7916 -1 7917 7918 7919 -1 7920 7921 7922 -1 7923 7924 7925 -1 7926 7927 7928 7929 7930 -1 7931 7932 7933 -1 7934 7935 7936 -1 7937 7938 7939 -1 7940 7941 7942 -1 7943 7944 7945 -1 7946 7947 7948 -1 7949 7950 7951 -1 7952 7953 7954 -1 7955 7956 7957 -1 7958 7959 7960 -1 7961 7962 7963 -1 7964 7965 7966 -1 7967 7968 7969 -1 7970 7971 7972 -1 7973 7974 7975 -1 7976 7977 7978 -1 7979 7980 7981 -1 7982 7983 7984 -1 7985 7986 7987 -1 7988 7989 7990 -1 7991 7992 7993 -1 7994 7995 7996 -1 7997 7998 7999 -1 8000 8001 8002 -1 8003 8004 8005 -1 8006 8007 8008 -1 8009 8010 8011 -1 8012 8013 8014 -1 8015 8016 8017 -1 8018 8019 8020 -1 8021 8022 8023 -1 8024 8025 8026 -1 8027 8028 8029 -1 8030 8031 8032 8033 -1 8034 8035 8036 -1 8037 8038 8039 8040 -1 8041 8042 8043 -1 8044 8045 8046 8047 -1 8048 8049 8050 -1 8051 8052 8053 8054 -1 8055 8056 8057 -1 8058 8059 8060 8061 -1 8062 8063 8064 -1 8065 8066 8067 8068 -1 8069 8070 8071 -1 8072 8073 8074 8075 -1 8076 8077 8078 -1 8079 8080 8081 8082 -1 8083 8084 8085 -1 8086 8087 8088 8089 -1 8090 8091 8092 -1 8093 8094 8095 8096 -1 8097 8098 8099 -1 8100 8101 8102 8103 -1 8104 8105 8106 -1 8107 8108 8109 8110 -1 8111 8112 8113 -1 8114 8115 8116 8117 -1 8118 8119 8120 -1 8121 8122 8123 8124 -1 8125 8126 8127 -1 8128 8129 8130 8131 -1 8132 8133 8134 -1 8135 8136 8137 8138 -1 8139 8140 8141 -1 8142 8143 8144 8145 -1 8146 8147 8148 -1 8149 8150 8151 8152 -1 8153 8154 8155 -1 8156 8157 8158 8159 -1 8160 8161 8162 -1 8163 8164 8165 8166 -1 8167 8168 8169 -1 8170 8171 8172 8173 -1 8174 8175 8176 -1 8177 8178 8179 8180 -1 8181 8182 8183 -1 8184 8185 8186 8187 -1 8188 8189 8190 -1 8191 8192 8193 8194 -1 8195 8196 8197 -1 8198 8199 8200 8201 -1 8202 8203 8204 -1 8205 8206 8207 8208 -1 8209 8210 8211 -1 8212 8213 8214 8215 -1 8216 8217 8218 -1 8219 8220 8221 8222 -1 8223 8224 8225 -1 8226 8227 8228 8229 -1 8230 8231 8232 -1 8233 8234 8235 8236 -1 8237 8238 8239 -1 8240 8241 8242 8243 -1 8244 8245 8246 -1 8247 8248 8249 8250 -1 8251 8252 8253 -1 8254 8255 8256 8257 -1 8258 8259 8260 -1 8261 8262 8263 8264 -1 8265 8266 8267 -1 8268 8269 8270 8271 -1 8272 8273 8274 -1 8275 8276 8277 8278 -1 8279 8280 8281 -1 8282 8283 8284 8285 -1 8286 8287 8288 -1 8289 8290 8291 8292 -1 8293 8294 8295 -1 8296 8297 8298 8299 -1 8300 8301 8302 -1 8303 8304 8305 8306 -1 8307 8308 8309 -1 8310 8311 8312 8313 -1 8314 8315 8316 -1 8317 8318 8319 8320 -1 8321 8322 8323 -1 8324 8325 8326 8327 -1 8328 8329 8330 -1 8331 8332 8333 8334 -1 8335 8336 8337 -1 8338 8339 8340 8341 -1 8342 8343 8344 -1 8345 8346 8347 8348 -1 8349 8350 8351 -1 8352 8353 8354 8355 -1 8356 8357 8358 -1 8359 8360 8361 8362 -1 8363 8364 8365 -1 8366 8367 8368 8369 -1 8370 8371 8372 -1 8373 8374 8375 8376 -1 8377 8378 8379 -1 8380 8381 8382 8383 -1 8384 8385 8386 -1 8387 8388 8389 8390 8391 -1 8392 8393 8394 -1 8395 8396 8397 8398 -1 8399 8400 8401 -1 8402 8403 8404 8405 -1 8406 8407 8408 -1 8409 8410 8411 8412 -1 8413 8414 8415 -1 8416 8417 8418 8419 -1 8420 8421 8422 -1 8423 8424 8425 8426 -1 8427 8428 8429 -1 8430 8431 8432 8433 -1 8434 8435 8436 -1 8437 8438 8439 8440 -1 8441 8442 8443 -1 8444 8445 8446 8447 -1 8448 8449 8450 -1 8451 8452 8453 8454 -1 8455 8456 8457 -1 8458 8459 8460 8461 -1 8462 8463 8464 -1 8465 8466 8467 8468 -1 8469 8470 8471 -1 8472 8473 8474 8475 -1 8476 8477 8478 -1 8479 8480 8481 8482 -1 8483 8484 8485 -1 8486 8487 8488 8489 -1 8490 8491 8492 -1 8493 8494 8495 8496 -1 8497 8498 8499 -1 8500 8501 8502 8503 -1 8504 8505 8506 -1 8507 8508 8509 8510 -1 8511 8512 8513 -1 8514 8515 8516 8517 -1 8518 8519 8520 -1 8521 8522 8523 8524 -1 8525 8526 8527 -1 8528 8529 8530 8531 -1 8532 8533 8534 -1 8535 8536 8537 8538 -1 8539 8540 8541 -1 8542 8543 8544 8545 -1 8546 8547 8548 -1 8549 8550 8551 8552 -1 8553 8554 8555 -1 8556 8557 8558 8559 -1 8560 8561 8562 -1 8563 8564 8565 8566 -1 8567 8568 8569 -1 8570 8571 8572 8573 -1 8574 8575 8576 -1 8577 8578 8579 8580 -1 8581 8582 8583 -1 8584 8585 8586 8587 -1 8588 8589 8590 -1 8591 8592 8593 8594 -1 8595 8596 8597 -1 8598 8599 8600 8601 -1 8602 8603 8604 -1 8605 8606 8607 8608 -1 8609 8610 8611 -1 8612 8613 8614 8615 -1 8616 8617 8618 -1 8619 8620 8621 8622 -1 8623 8624 8625 -1 8626 8627 8628 8629 -1 8630 8631 8632 -1 8633 8634 8635 8636 -1 8637 8638 8639 -1 8640 8641 8642 8643 -1 8644 8645 8646 -1 8647 8648 8649 8650 -1 8651 8652 8653 -1 8654 8655 8656 8657 -1 8658 8659 8660 -1 8661 8662 8663 8664 -1 8665 8666 8667 -1 8668 8669 8670 8671 -1 8672 8673 8674 -1 8675 8676 8677 8678 -1 8679 8680 8681 -1 8682 8683 8684 8685 -1 8686 8687 8688 -1 8689 8690 8691 8692 -1 8693 8694 8695 -1 8696 8697 8698 8699 -1 8700 8701 8702 -1 8703 8704 8705 8706 -1 8707 8708 8709 -1 8710 8711 8712 8713 -1 8714 8715 8716 -1 8717 8718 8719 8720 -1 8721 8722 8723 -1 8724 8725 8726 8727 -1 8728 8729 8730 -1 8731 8732 8733 8734 -1 8735 8736 8737 -1 8738 8739 8740 8741 -1 8742 8743 8744 -1 8745 8746 8747 8748 -1 8749 8750 8751 -1 8752 8753 8754 8755 -1 8756 8757 8758 -1 8759 8760 8761 8762 -1 8763 8764 8765 -1 8766 8767 8768 8769 -1 8770 8771 8772 -1 8773 8774 8775 8776 -1 8777 8778 8779 -1 8780 8781 8782 8783 -1 8784 8785 8786 -1 8787 8788 8789 8790 -1 8791 8792 8793 -1 8794 8795 8796 8797 -1 8798 8799 8800 -1 8801 8802 8803 8804 -1 8805 8806 8807 -1 8808 8809 8810 8811 -1 8812 8813 8814 -1 8815 8816 8817 8818 -1 8819 8820 8821 -1 8822 8823 8824 8825 -1 8826 8827 8828 -1 8829 8830 8831 8832 -1 8833 8834 8835 -1 8836 8837 8838 8839 -1 8840 8841 8842 -1 8843 8844 8845 8846 -1 8847 8848 8849 -1 8850 8851 8852 8853 -1 8854 8855 8856 -1 8857 8858 8859 8860 -1 8861 8862 8863 -1 8864 8865 8866 8867 -1 8868 8869 8870 -1 8871 8872 8873 8874 -1 8875 8876 8877 -1 8878 8879 8880 8881 8882 -1 8883 8884 8885 -1 8886 8887 8888 8889 -1 8890 8891 8892 -1 8893 8894 8895 8896 -1 8897 8898 8899 -1 8900 8901 8902 8903 -1 8904 8905 8906 -1 8907 8908 8909 8910 -1 8911 8912 8913 -1 8914 8915 8916 8917 -1 8918 8919 8920 -1 8921 8922 8923 8924 -1 8925 8926 8927 -1 8928 8929 8930 8931 -1 8932 8933 8934 -1 8935 8936 8937 8938 -1 8939 8940 8941 -1 8942 8943 8944 8945 -1 8946 8947 8948 -1 8949 8950 8951 8952 -1 8953 8954 8955 -1 8956 8957 8958 8959 -1 8960 8961 8962 -1 8963 8964 8965 8966 -1 8967 8968 8969 -1 8970 8971 8972 8973 -1 8974 8975 8976 -1 8977 8978 8979 8980 -1 8981 8982 8983 -1 8984 8985 8986 8987 -1 8988 8989 8990 -1 8991 8992 8993 8994 -1 8995 8996 8997 -1 8998 8999 9000 9001 -1 9002 9003 9004 -1 9005 9006 9007 9008 -1 9009 9010 9011 -1 9012 9013 9014 9015 -1 9016 9017 9018 -1 9019 9020 9021 9022 -1 9023 9024 9025 -1 9026 9027 9028 9029 -1 9030 9031 9032 -1 9033 9034 9035 9036 -1 9037 9038 9039 -1 9040 9041 9042 9043 9044 -1 9045 9046 9047 -1 9048 9049 9050 9051 -1 9052 9053 9054 -1 9055 9056 9057 -1 9058 9059 9060 -1 9061 9062 9063 -1 9064 9065 9066 -1 9067 9068 9069 -1 9070 9071 9072 -1 9073 9074 9075 -1 9076 9077 9078 -1 9079 9080 9081 -1 9082 9083 9084 -1 9085 9086 9087 -1 9088 9089 9090 -1 9091 9092 9093 -1 9094 9095 9096 -1 9097 9098 9099 -1 9100 9101 9102 -1 9103 9104 9105 -1 9106 9107 9108 -1 9109 9110 9111 -1 9112 9113 9114 -1 9115 9116 9117 -1 9118 9119 9120 -1 9121 9122 9123 -1 9124 9125 9126 -1 9127 9128 9129 -1 9130 9131 9132 -1 9133 9134 9135 -1 9136 9137 9138 -1 9139 9140 9141 -1 9142 9143 9144 -1 9145 9146 9147 -1 9148 9149 9150 -1 9151 9152 9153 -1 9154 9155 9156 -1 9157 9158 9159 -1 9160 9161 9162 -1 9163 9164 9165 -1 9166 9167 9168 -1 9169 9170 9171 -1 9172 9173 9174 -1 9175 9176 9177 -1 9178 9179 9180 -1 9181 9182 9183 -1 9184 9185 9186 -1 9187 9188 9189 -1 9190 9191 9192 -1 9193 9194 9195 -1 9196 9197 9198 -1 9199 9200 9201 -1 9202 9203 9204 -1 9205 9206 9207 -1 9208 9209 9210 -1 9211 9212 9213 -1 9214 9215 9216 -1 9217 9218 9219 -1 9220 9221 9222 -1 9223 9224 9225 -1 9226 9227 9228 -1 9229 9230 9231 -1 9232 9233 9234 -1 9235 9236 9237 -1 9238 9239 9240 -1 9241 9242 9243 -1 9244 9245 9246 -1 9247 9248 9249 -1 9250 9251 9252 -1 9253 9254 9255 -1 9256 9257 9258 -1 9259 9260 9261 -1 9262 9263 9264 -1 9265 9266 9267 -1 9268 9269 9270 -1 9271 9272 9273 -1 9274 9275 9276 -1 9277 9278 9279 -1 9280 9281 9282 -1 9283 9284 9285 -1 9286 9287 9288 -1 9289 9290 9291 -1 9292 9293 9294 -1 9295 9296 9297 -1 9298 9299 9300 -1 9301 9302 9303 -1 9304 9305 9306 -1 9307 9308 9309 -1 9310 9311 9312 -1 9313 9314 9315 -1 9316 9317 9318 -1 9319 9320 9321 -1 9322 9323 9324 -1 9325 9326 9327 -1 9328 9329 9330 -1 9331 9332 9333 -1 9334 9335 9336 -1 9337 9338 9339 -1 9340 9341 9342 -1 9343 9344 9345 -1 9346 9347 9348 -1 9349 9350 9351 -1 9352 9353 9354 -1 9355 9356 9357 -1 9358 9359 9360 -1 9361 9362 9363 -1 9364 9365 9366 -1 9367 9368 9369 -1 9370 9371 9372 -1 9373 9374 9375 -1 9376 9377 9378 -1 9379 9380 9381 -1 9382 9383 9384 -1 9385 9386 9387 -1 9388 9389 9390 -1 9391 9392 9393 -1 9394 9395 9396 -1 9397 9398 9399 -1 9400 9401 9402 -1 9403 9404 9405 -1 9406 9407 9408 -1 9409 9410 9411 -1 9412 9413 9414 -1 9415 9416 9417 -1 9418 9419 9420 -1 9421 9422 9423 -1 9424 9425 9426 -1 9427 9428 9429 -1 9430 9431 9432 -1 9433 9434 9435 -1 9436 9437 9438 -1 9439 9440 9441 -1 9442 9443 9444 -1 9445 9446 9447 -1 9448 9449 9450 -1 9451 9452 9453 -1 9454 9455 9456 -1 9457 9458 9459 -1 9460 9461 9462 -1 9463 9464 9465 -1 9466 9467 9468 -1 9469 9470 9471 -1 9472 9473 9474 -1 9475 9476 9477 -1 9478 9479 9480 -1 9481 9482 9483 -1 9484 9485 9486 9487 -1 9488 9489 9490 -1 9491 9492 9493 -1 9494 9495 9496 -1 9497 9498 9499 -1 "
						                coordIndex="987 988 499 -1 988 989 512 499 -1 3015 1 3048 -1 3016 3 1 3015 -1 3017 3 3016 -1 3027 5 3 3017 -1 3018 5 3027 -1 3019 6 5 3018 -1 3020 6 3019 -1 3026 8 6 3020 -1 3023 8 3026 -1 3021 10 8 3023 -1 3022 10 3021 -1 3024 11 10 3022 -1 3025 11 3024 -1 3191 14 11 3025 -1 3192 14 3191 -1 3193 18 14 3192 -1 3194 18 3193 -1 3195 20 18 3194 -1 3196 20 3195 -1 3197 24 20 3196 -1 3198 24 3197 -1 3199 26 24 3198 -1 3200 26 3199 -1 3201 28 26 3200 -1 3202 28 3201 -1 3066 32 28 3202 -1 3065 32 3066 -1 3070 35 32 3065 -1 3071 35 3070 -1 3072 38 35 3071 -1 3072 3073 38 -1 3073 3074 40 38 -1 3074 3075 40 -1 3075 3076 44 40 -1 3076 3077 44 -1 3077 3078 47 44 -1 3078 2982 47 -1 2982 2980 49 47 -1 2980 2981 49 -1 2981 3205 52 49 -1 3205 2918 52 -1 56 52 2918 2132 2130 -1 2130 2131 56 -1 2131 2135 59 56 -1 2135 2136 59 -1 2136 2165 61 59 -1 2165 2118 61 -1 2118 2116 65 61 -1 2911 2910 69 -1 2910 2909 71 69 -1 2909 2908 71 -1 2908 2907 74 71 -1 2907 2906 74 -1 2906 2905 77 74 -1 2905 2904 77 -1 2904 2903 79 77 -1 2903 2902 79 -1 2902 2901 83 79 -1 2901 2900 83 -1 2900 2898 85 83 -1 2898 2897 85 -1 2897 3064 89 85 -1 3064 3063 89 -1 3063 3062 91 89 -1 3062 3061 91 -1 3061 3014 94 91 -1 3014 3013 94 -1 3013 3011 97 94 -1 3011 3009 97 -1 3009 3008 100 97 -1 3008 2985 100 -1 2985 2983 103 100 -1 2984 103 2983 -1 2989 107 103 2984 -1 2988 107 2989 -1 2986 110 107 2988 -1 2987 110 2986 -1 3004 112 110 2987 -1 2990 112 3004 -1 2991 115 112 2990 -1 2992 115 2991 -1 2998 118 115 2992 -1 2996 118 2998 -1 2997 120 118 2996 -1 2993 120 2997 -1 2994 124 120 2993 -1 2995 124 2994 -1 3001 127 124 2995 -1 3002 127 3001 -1 3006 130 127 3002 -1 3007 130 3006 -1 3010 133 130 3007 -1 3012 133 3010 -1 3045 135 133 3012 -1 3046 135 3045 -1 3048 1 135 3046 -1 2116 2117 65 -1 2117 2122 138 65 -1 2122 2113 138 -1 2113 2114 141 138 -1 2114 2115 141 -1 2115 2119 144 141 -1 2119 2109 144 -1 2109 2110 147 144 -1 2110 2111 147 -1 2111 2112 151 147 -1 2112 2106 151 -1 2106 2107 153 151 -1 2107 2108 153 -1 156 153 2108 2104 2887 -1 2887 2884 156 -1 2884 2885 160 156 -1 2885 2883 160 -1 2883 2920 163 160 -1 2920 2919 163 -1 2919 2916 165 163 -1 2916 2917 165 -1 2917 2941 168 165 -1 2941 2940 168 -1 2940 2939 172 168 -1 2939 2938 172 -1 2938 2937 175 172 -1 2937 2936 175 -1 2936 2915 178 175 -1 2915 2914 178 -1 2914 2913 181 178 -1 2913 2912 181 -1 2912 2911 69 181 -1 3003 2893 185 -1 2893 2880 186 185 -1 3170 3169 190 -1 3169 3168 193 190 -1 3168 3167 193 -1 3167 3166 195 193 -1 3166 3165 195 -1 3165 3164 198 195 -1 3164 3080 198 -1 3080 3079 201 198 -1 3079 3081 201 -1 3081 3100 204 201 -1 3100 3099 204 -1 3099 3163 207 204 -1 3163 3098 207 -1 3098 3094 211 207 -1 3094 3093 211 -1 3093 3091 213 211 -1 3091 3090 213 -1 3090 3087 216 213 -1 3087 3086 216 -1 3086 3082 220 216 -1 3082 3083 220 -1 3083 3055 222 220 -1 3055 3054 222 -1 3054 3053 226 222 -1 3053 3052 226 -1 3052 3051 228 226 -1 3051 3050 228 -1 3050 3049 232 228 -1 3049 3047 232 -1 3047 3044 234 232 -1 3044 3043 234 -1 3043 3060 238 234 -1 3060 3059 238 -1 3059 3058 240 238 -1 3058 3057 240 -1 3057 3037 243 240 -1 3037 3036 243 -1 3036 3034 247 243 -1 3034 3033 247 -1 3033 3032 250 247 -1 3032 3028 250 -1 3028 3029 253 250 -1 3029 3042 253 -1 3042 3041 256 253 -1 3041 3040 256 -1 3040 3039 259 256 -1 3039 3000 259 -1 3000 2999 262 259 -1 2999 3005 262 -1 3005 3003 185 262 -1 2123 265 2105 -1 2124 266 265 2123 -1 2125 266 2124 -1 2126 269 266 2125 -1 2127 269 2126 -1 2128 273 269 2127 -1 2129 273 2128 -1 2120 276 273 2129 -1 2121 276 2120 -1 2166 279 276 2121 -1 2167 279 2166 -1 2137 281 279 2167 -1 2134 281 2137 -1 2133 284 281 2134 -1 2146 284 2133 -1 2145 287 284 2146 -1 2144 287 2145 -1 2143 290 287 2144 -1 2142 290 2143 -1 2141 293 290 2142 -1 2140 293 2141 -1 2139 297 293 2140 -1 2138 297 2139 -1 2164 300 297 2138 -1 2163 300 2164 -1 2162 303 300 2163 -1 2161 303 2162 -1 2160 306 303 2161 -1 2149 306 2160 -1 2148 309 306 2149 -1 2147 309 2148 -1 2159 311 309 2147 -1 2154 311 2159 -1 2153 315 311 2154 -1 2151 315 2153 -1 2150 318 315 2151 -1 2152 318 2150 -1 2158 321 318 2152 -1 2157 321 2158 -1 2155 324 321 2157 -1 3069 324 2155 2156 -1 3069 3068 325 324 -1 3068 3067 325 -1 3067 3190 329 325 -1 3190 3189 329 -1 3189 3188 332 329 -1 3188 3187 332 -1 3187 3186 335 332 -1 3186 3185 335 -1 3185 3184 337 335 -1 3184 3183 337 -1 3183 3182 340 337 -1 3182 3181 340 -1 3181 3180 343 340 -1 3180 3179 343 -1 3179 3178 345 343 -1 3178 3177 345 -1 3177 3176 349 345 -1 3176 3175 349 -1 3175 3174 352 349 -1 3174 3173 352 -1 3173 3172 354 352 -1 3172 3171 354 -1 3171 3170 190 354 -1 2098 358 2099 -1 2105 265 358 2098 -1 2935 360 2899 -1 2099 358 360 2935 2100 -1 2896 186 2880 -1 2899 360 186 2896 -1 65 138 273 -1 276 65 273 -1 61 65 276 -1 279 61 276 -1 281 61 279 -1 273 138 141 -1 269 273 141 -1 144 269 141 -1 266 269 144 -1 147 266 144 -1 265 266 147 -1 151 265 147 -1 153 265 151 -1 265 153 156 -1 358 265 156 -1 160 358 156 -1 163 358 160 -1 360 358 163 -1 165 360 163 -1 168 360 165 -1 360 168 172 -1 175 360 172 -1 178 360 175 -1 360 178 181 -1 69 360 181 -1 71 360 69 -1 360 71 74 -1 77 360 74 -1 79 360 77 -1 360 79 83 -1 85 360 83 -1 89 360 85 -1 360 89 91 -1 94 360 91 -1 97 360 94 -1 360 97 100 -1 185 360 100 -1 186 360 185 -1 185 100 103 -1 107 185 103 -1 110 185 107 -1 185 110 112 -1 262 185 112 -1 115 262 112 -1 259 262 115 -1 118 259 115 -1 256 259 118 -1 120 256 118 -1 253 256 120 -1 124 253 120 -1 250 253 124 -1 127 250 124 -1 247 250 127 -1 130 247 127 -1 243 247 130 -1 133 243 130 -1 240 243 133 -1 238 240 133 -1 135 238 133 -1 234 238 135 -1 1 234 135 -1 232 234 1 -1 228 232 1 -1 3 228 1 -1 226 228 3 -1 222 226 3 -1 5 222 3 -1 220 222 5 -1 216 220 5 -1 6 216 5 -1 213 216 6 -1 211 213 6 -1 8 211 6 -1 207 211 8 -1 204 207 8 -1 10 204 8 -1 201 204 10 -1 11 201 10 -1 198 201 11 -1 195 198 11 -1 14 195 11 -1 193 195 14 -1 18 193 14 -1 190 193 18 -1 20 190 18 -1 354 190 20 -1 352 354 20 -1 24 352 20 -1 349 352 24 -1 345 349 24 -1 26 345 24 -1 343 345 26 -1 340 343 26 -1 28 340 26 -1 337 340 28 -1 335 337 28 -1 332 335 28 -1 32 332 28 -1 329 332 32 -1 325 329 32 -1 324 325 32 -1 321 324 32 -1 35 321 32 -1 318 321 35 -1 315 318 35 -1 311 315 35 -1 38 311 35 -1 40 311 38 -1 311 40 44 -1 47 311 44 -1 49 311 47 -1 311 49 52 -1 56 311 52 -1 59 311 56 -1 311 59 61 -1 309 311 61 -1 306 309 61 -1 303 306 61 -1 300 303 61 -1 297 300 61 -1 293 297 61 -1 290 293 61 -1 287 290 61 -1 284 287 61 -1 281 284 61 -1 2874 2849 365 -1 2849 2848 366 365 -1 2848 2965 366 -1 2965 2964 370 366 -1 2964 2963 370 -1 2963 2962 373 370 -1 2962 2834 373 -1 2834 2842 375 373 -1 2842 2798 375 -1 2798 2797 378 375 -1 2797 2796 378 -1 2796 2795 381 378 -1 2795 2794 381 -1 2794 2793 385 381 -1 2793 2792 385 -1 2792 2791 387 385 -1 2791 2790 387 -1 2790 2789 390 387 -1 2789 2788 390 -1 2788 2787 393 390 -1 2787 2786 393 -1 2786 2760 396 393 -1 2760 2759 399 396 -1 2851 403 2934 -1 2850 405 403 2851 -1 2844 405 2850 -1 2843 408 405 2844 -1 2845 408 2843 -1 2879 410 408 2845 -1 2879 2854 410 -1 2854 2853 413 410 -1 2853 2852 413 -1 2852 2859 416 413 -1 2859 2858 416 -1 2858 2871 419 416 -1 2871 2869 419 -1 2869 2868 422 419 -1 2868 2865 422 -1 2865 2864 424 422 -1 2864 2863 424 -1 2863 2933 428 424 -1 2933 2861 428 -1 2861 2860 430 428 -1 2860 2862 430 -1 2862 2866 434 430 -1 2866 2867 434 -1 2867 2870 436 434 -1 2870 2856 436 -1 2856 2855 439 436 -1 2855 2857 439 -1 2857 2932 443 439 -1 2932 2931 443 -1 2931 2927 446 443 -1 2927 2925 446 -1 2925 2922 449 446 -1 2922 2877 449 -1 2877 2874 365 449 -1 2979 2978 452 -1 2978 2977 455 452 -1 2977 2976 455 -1 2976 2975 458 455 -1 2975 2974 458 -1 2974 2973 461 458 -1 2973 2970 461 -1 2970 2969 464 461 -1 2969 2814 464 -1 2814 2813 467 464 -1 2813 2807 467 -1 2807 2806 469 467 -1 2806 2805 469 -1 2805 2803 471 469 -1 2803 2804 471 -1 2804 2812 473 471 -1 2812 2811 473 -1 2811 2809 475 473 -1 2809 2810 475 -1 2810 2835 478 475 -1 2835 2815 478 -1 2815 2816 479 478 -1 2816 2817 479 -1 2817 2829 480 479 -1 2823 480 2829 -1 2824 482 480 2823 -1 2825 482 2824 -1 2967 483 482 2825 -1 2968 483 2967 -1 2971 484 483 2968 -1 2972 484 2971 -1 2934 403 484 2972 -1 2008 485 2007 -1 2009 486 485 2008 -1 2010 486 2009 -1 2011 487 486 2010 -1 2012 487 2011 -1 2013 488 487 2012 -1 2014 488 2013 -1 2015 489 488 2014 -1 2016 489 2015 -1 2017 490 489 2016 -1 2018 490 2017 -1 2019 491 490 2018 -1 2020 491 2019 -1 2021 492 491 2020 -1 2022 492 2021 -1 2045 493 492 2022 -1 2046 493 2045 -1 2047 494 493 2046 -1 2048 494 2047 -1 2042 495 494 2048 -1 2040 495 2042 -1 2094 497 495 2040 -1 2093 497 2094 -1 2092 500 497 2093 -1 2091 500 2092 -1 2090 502 500 2091 -1 2061 502 2090 -1 2060 505 502 2061 -1 2058 505 2060 -1 2079 507 505 2058 -1 2078 507 2079 -1 2077 509 507 2078 -1 2076 509 2077 -1 2075 513 509 2076 -1 2064 513 2075 -1 2063 514 513 2064 -1 2062 514 2063 -1 2074 518 514 2062 -1 2069 518 2074 -1 2068 521 518 2069 -1 2066 521 2068 -1 2065 524 521 2066 -1 2067 524 2065 -1 2073 527 524 2067 -1 2073 2072 527 -1 2072 2071 530 527 -1 2071 2070 530 -1 2070 2168 532 530 -1 2168 2096 532 -1 2096 2095 535 532 -1 2095 2097 535 -1 2097 2103 538 535 -1 2103 2101 538 -1 542 538 2101 2102 2819 -1 2819 2818 542 -1 2818 2828 544 542 -1 2828 2822 544 -1 2822 2821 547 544 -1 2821 2820 547 -1 2820 2826 548 547 -1 2826 2827 548 -1 2827 2830 549 548 -1 2830 2831 549 -1 2831 2979 452 549 -1 2638 2538 550 -1 2538 2537 551 550 -1 2537 2536 551 -1 2536 2539 552 551 -1 2539 2533 552 -1 2533 2532 553 552 -1 2532 2531 553 -1 2531 2535 554 553 -1 2535 2534 554 -1 2534 2456 555 554 -1 2456 2453 555 -1 2453 2452 556 555 -1 2452 2451 556 -1 2451 2447 557 556 -1 2447 2448 557 -1 558 557 2448 1986 1985 -1 1985 1987 558 -1 1987 1988 559 558 -1 1988 1981 559 -1 1981 1980 560 559 -1 1980 1982 560 -1 1982 1984 561 560 -1 1983 561 1984 -1 1973 562 561 1983 -1 1971 562 1973 -1 1970 563 562 1971 -1 1969 563 1970 -1 1972 564 563 1969 -1 1964 564 1972 -1 1963 565 564 1964 -1 1965 565 1963 -1 1978 566 565 1965 -1 1954 566 1978 -1 1953 567 566 1954 -1 1952 567 1953 -1 1951 568 567 1952 -1 1950 568 1951 -1 1961 569 568 1950 -1 1957 569 1961 -1 1956 570 569 1957 -1 1955 570 1956 -1 1979 571 570 1955 -1 1967 571 1979 -1 1966 572 571 1967 -1 1968 572 1966 -1 1989 573 572 1968 -1 1990 573 1989 -1 1991 574 573 1990 -1 1992 574 1991 -1 1993 575 574 1992 -1 1994 575 1993 -1 1995 576 575 1994 -1 1996 576 1995 -1 1997 577 576 1996 -1 1998 577 1997 -1 1999 578 577 1998 -1 2000 578 1999 -1 2001 579 578 2000 -1 2002 579 2001 -1 2003 580 579 2002 -1 2004 580 2003 -1 2005 581 580 2004 -1 2006 581 2005 -1 2007 485 581 2006 -1 2642 2603 582 -1 2603 2602 583 582 -1 2602 2601 583 -1 2601 2605 584 583 -1 2605 2604 584 -1 2604 2606 585 584 -1 2606 2600 585 -1 2600 2599 586 585 -1 2599 2598 586 -1 2598 2609 587 586 -1 2609 2592 587 -1 2592 2591 588 587 -1 2591 2593 588 -1 2593 2597 589 588 -1 2597 2586 589 -1 2586 2585 590 589 -1 2585 2587 590 -1 2587 2632 591 590 -1 2632 2575 591 -1 2575 2574 592 591 -1 2574 2573 592 -1 2573 2577 593 592 -1 2577 2568 593 -1 2568 2567 594 593 -1 2567 2566 594 -1 2566 2580 595 594 -1 2580 2579 595 -1 2579 2583 596 595 -1 2583 2584 596 -1 2584 2640 597 596 -1 2640 2639 597 -1 2639 2638 550 597 -1 2052 2053 598 -1 2053 2059 599 598 -1 2059 2035 599 -1 2035 2033 600 599 -1 2033 2034 600 -1 2034 2036 601 600 -1 2036 2037 601 -1 2037 2038 602 601 -1 2038 2039 602 -1 2039 2041 603 602 -1 2041 2029 603 -1 2029 2030 604 603 -1 2030 2031 604 -1 2031 2032 605 604 -1 2032 2026 605 -1 2026 2027 606 605 -1 2027 2028 606 -1 2028 2044 607 606 -1 2044 2023 607 -1 2023 2024 608 607 -1 2024 2025 608 -1 2025 2043 609 608 -1 2043 2089 609 -1 2089 2088 610 609 -1 2088 2087 610 -1 2087 2086 611 610 -1 2086 2085 611 -1 2085 2084 612 611 -1 2084 2083 612 -1 2083 2082 613 612 -1 2082 2080 613 -1 582 613 2080 2081 2642 -1 2737 614 2672 -1 2738 615 614 2737 -1 2743 615 2738 -1 2744 616 615 2743 -1 2745 616 2744 -1 2746 617 616 2745 -1 2747 617 2746 -1 2748 618 617 2747 -1 2749 618 2748 -1 2750 619 618 2749 -1 2751 619 2750 -1 2752 620 619 2751 -1 2753 620 2752 -1 2054 621 620 2753 2056 -1 2055 621 2054 -1 2057 622 621 2055 -1 2051 622 2057 -1 2049 623 622 2051 -1 2049 2050 623 -1 2050 2052 598 623 -1 2665 2666 624 -1 2666 2668 625 624 -1 2668 2669 625 -1 2669 2655 626 625 -1 2655 2651 626 -1 2651 2652 627 626 -1 2652 2654 627 -1 2654 2650 628 627 -1 2650 2646 628 -1 2646 2647 629 628 -1 2647 2648 629 -1 2648 2742 630 629 -1 2742 2623 630 -1 2623 2622 631 630 -1 2621 631 2622 -1 2625 632 631 2621 -1 2624 632 2625 -1 2627 633 632 2624 -1 2620 633 2627 -1 2619 634 633 2620 -1 2618 634 2619 -1 2641 635 634 2618 -1 2630 635 2641 -1 2631 636 635 2630 -1 2633 636 2631 -1 2634 637 636 2633 -1 2635 637 2634 -1 2636 638 637 2635 -1 2637 638 2636 -1 2670 639 638 2637 -1 2671 639 2670 -1 2672 614 639 2671 -1 2707 640 2711 -1 2705 641 640 2707 -1 2706 641 2705 -1 2966 642 641 2706 -1 2708 642 2966 -1 2710 643 642 2708 -1 2709 643 2710 -1 2712 644 643 2709 -1 2704 644 2712 -1 2714 645 644 2704 -1 2714 2715 645 -1 2715 2719 646 645 -1 2719 2688 646 -1 2688 2689 647 646 -1 2689 2690 647 -1 2690 2693 648 647 -1 2693 2734 648 -1 2734 2735 649 648 -1 2735 2736 649 -1 2736 2665 624 649 -1 2678 650 2691 -1 2677 651 650 2678 -1 2675 651 2677 -1 2673 652 651 2675 -1 2674 652 2673 -1 2682 653 652 2674 -1 2686 653 2682 -1 2684 654 653 2686 -1 2685 654 2684 -1 2718 655 654 2685 -1 2696 655 2718 -1 2694 656 655 2696 -1 2695 656 2694 -1 2700 657 656 2695 -1 2699 657 2700 -1 2697 658 657 2699 -1 2698 658 2697 -1 2713 659 658 2698 -1 2703 659 2713 -1 2701 660 659 2703 -1 2702 660 2701 -1 2711 640 660 2702 -1 2541 661 2544 -1 2540 662 661 2541 -1 2542 662 2540 -1 2553 1797 662 2542 -1 2543 1797 2553 -1 2546 663 1797 2543 -1 2545 663 2546 -1 2551 664 663 2545 -1 2549 664 2551 -1 2550 665 664 2549 -1 2548 665 2550 -1 2582 666 665 2548 -1 2557 666 2582 -1 2554 667 666 2557 -1 2556 667 2554 -1 2562 668 667 2556 -1 2560 668 2562 -1 2559 669 668 2560 -1 2565 669 2559 -1 2564 670 669 2565 -1 2572 670 2564 -1 2569 671 670 2572 -1 2596 671 2569 -1 2590 672 671 2596 -1 2589 672 2590 -1 2608 673 672 2589 -1 2629 673 2608 -1 2611 674 673 2629 -1 2610 674 2611 -1 2616 675 674 2610 -1 2615 675 2616 -1 2741 676 675 2615 -1 2643 676 2741 -1 2649 677 676 2643 -1 2653 677 2649 -1 2656 678 677 2653 -1 2657 678 2656 -1 2659 679 678 2657 -1 2658 679 2659 -1 2667 680 679 2658 -1 2664 680 2667 -1 2663 681 680 2664 -1 2661 681 2663 -1 2660 682 681 2661 -1 2662 682 2660 -1 2733 683 682 2662 -1 2692 683 2733 -1 2691 650 683 2692 -1 2680 2679 684 -1 2679 2687 685 684 -1 2687 2676 685 -1 2676 2732 686 685 -1 2732 2730 686 -1 2730 2727 687 686 -1 2727 2726 687 -1 2726 2724 688 687 -1 2724 2722 688 -1 2722 2645 689 688 -1 2645 2644 689 -1 2644 2626 690 689 -1 2626 2617 690 -1 2617 2613 691 690 -1 2613 2612 691 -1 2612 2614 692 691 -1 2614 2628 692 -1 2628 2607 693 692 -1 2607 2588 693 -1 2588 2594 694 693 -1 2594 2595 694 -1 2595 2571 695 694 -1 2571 2570 695 -1 2570 2576 696 695 -1 2576 2563 696 -1 2563 2578 697 696 -1 2578 2558 697 -1 2558 2561 698 697 -1 2555 698 2561 -1 2581 699 698 2555 -1 2547 699 2581 -1 2544 661 699 2547 -1 2759 2757 700 399 -1 2757 2758 700 -1 2758 2764 701 700 -1 2764 2762 701 -1 2762 2763 702 701 -1 2763 2778 702 -1 2778 2776 703 702 -1 2776 2774 703 -1 2774 2772 704 703 -1 2772 2770 704 -1 2770 2768 705 704 -1 2768 2767 705 -1 2767 2717 706 705 -1 2717 2716 706 -1 2716 2683 707 706 -1 2683 2681 707 -1 2681 2680 684 707 -1 396 399 700 -1 393 396 700 -1 701 393 700 -1 390 393 701 -1 702 390 701 -1 387 390 702 -1 385 387 702 -1 703 385 702 -1 381 385 703 -1 655 381 703 -1 378 381 655 -1 375 378 655 -1 656 375 655 -1 373 375 656 -1 657 373 656 -1 370 373 657 -1 658 370 657 -1 659 370 658 -1 655 703 704 -1 705 655 704 -1 706 655 705 -1 655 706 707 -1 684 655 707 -1 685 655 684 -1 655 685 686 -1 687 655 686 -1 688 655 687 -1 655 688 689 -1 690 655 689 -1 691 655 690 -1 655 691 692 -1 693 655 692 -1 694 655 693 -1 661 655 694 -1 695 661 694 -1 696 661 695 -1 661 696 697 -1 698 661 697 -1 699 661 698 -1 661 662 1797 663 -1 664 661 663 -1 665 661 664 -1 661 665 666 -1 667 661 666 -1 668 661 667 -1 661 668 669 -1 670 661 669 -1 671 661 670 -1 661 671 672 -1 673 661 672 -1 652 661 673 -1 674 652 673 -1 675 652 674 -1 652 675 676 -1 651 652 676 -1 677 651 676 -1 678 651 677 -1 651 678 679 -1 680 651 679 -1 681 651 680 -1 650 651 681 -1 682 650 681 -1 683 650 682 -1 661 652 653 -1 654 661 653 -1 655 661 654 -1 366 370 659 -1 660 366 659 -1 365 366 660 -1 640 365 660 -1 641 365 640 -1 641 642 446 -1 449 641 446 -1 365 641 449 -1 642 643 439 -1 443 642 439 -1 446 642 443 -1 643 644 483 -1 484 643 483 -1 434 643 484 -1 403 434 484 -1 430 434 403 -1 428 430 403 -1 405 428 403 -1 424 428 405 -1 408 424 405 -1 422 424 408 -1 419 422 408 -1 416 419 408 -1 410 416 408 -1 413 416 410 -1 644 645 480 -1 482 644 480 -1 483 644 482 -1 479 480 645 -1 646 479 645 -1 478 479 646 -1 475 478 646 -1 647 475 646 -1 473 475 647 -1 616 473 647 -1 617 473 616 -1 616 647 648 -1 615 616 648 -1 649 615 648 -1 624 615 649 -1 624 625 639 -1 614 624 639 -1 615 624 614 -1 638 639 625 -1 626 638 625 -1 637 638 626 -1 627 637 626 -1 636 637 627 -1 628 636 627 -1 635 636 628 -1 629 635 628 -1 634 635 629 -1 630 634 629 -1 633 634 630 -1 631 633 630 -1 632 633 631 -1 471 473 617 -1 618 471 617 -1 469 471 618 -1 619 469 618 -1 467 469 619 -1 464 467 619 -1 620 464 619 -1 461 464 620 -1 458 461 620 -1 621 458 620 -1 455 458 621 -1 452 455 621 -1 527 452 621 -1 549 452 527 -1 548 549 527 -1 547 548 527 -1 530 547 527 -1 532 547 530 -1 527 621 622 -1 623 527 622 -1 598 527 623 -1 527 598 599 -1 600 527 599 -1 601 527 600 -1 527 601 602 -1 603 527 602 -1 604 527 603 -1 527 604 605 -1 568 527 605 -1 569 527 568 -1 563 568 605 -1 606 563 605 -1 607 563 606 -1 563 607 608 -1 609 563 608 -1 610 563 609 -1 563 610 611 -1 612 563 611 -1 550 563 612 -1 597 550 612 -1 596 597 612 -1 613 596 612 -1 595 596 613 -1 594 595 613 -1 593 594 613 -1 582 593 613 -1 592 593 582 -1 591 592 582 -1 590 591 582 -1 589 590 582 -1 583 589 582 -1 588 589 583 -1 584 588 583 -1 587 588 584 -1 586 587 584 585 -1 563 550 551 -1 552 563 551 -1 553 563 552 -1 563 553 554 -1 555 563 554 -1 556 563 555 -1 563 556 557 -1 558 563 557 -1 559 563 558 -1 563 559 560 -1 561 563 560 -1 562 563 561 -1 563 564 565 -1 566 563 565 -1 567 563 566 -1 563 567 568 -1 527 569 570 -1 524 527 570 -1 571 524 570 -1 521 524 571 -1 572 521 571 -1 573 521 572 -1 518 521 573 -1 574 518 573 -1 575 518 574 -1 514 518 575 -1 576 514 575 -1 577 514 576 -1 513 514 577 -1 578 513 577 -1 509 513 578 -1 579 509 578 -1 580 509 579 -1 507 509 580 -1 581 507 580 -1 505 507 581 -1 485 505 581 -1 502 505 485 -1 486 502 485 -1 500 502 486 -1 487 500 486 -1 497 500 487 -1 488 497 487 -1 495 497 488 -1 489 495 488 -1 494 495 489 -1 490 494 489 -1 493 494 490 -1 491 493 490 -1 492 493 491 -1 547 532 535 -1 544 547 535 -1 542 544 535 -1 538 542 535 -1 643 434 436 -1 439 643 436 -1 1334 708 1332 -1 1335 709 708 1334 -1 1336 710 709 1335 -1 1337 710 1336 -1 1338 711 710 1337 -1 1340 711 1338 -1 1342 712 711 1340 -1 1344 712 1342 -1 1345 713 712 1344 -1 1346 713 1345 -1 1347 714 713 1346 -1 1348 714 1347 -1 1349 715 714 1348 -1 1350 715 1349 -1 1351 716 715 1350 -1 1352 716 1351 -1 1395 717 716 1352 -1 1396 717 1395 -1 1397 718 717 1396 -1 1398 718 1397 -1 1400 719 718 1398 -1 1401 719 1400 -1 1404 720 719 1401 -1 1406 720 1404 -1 1408 721 720 1406 -1 1410 721 1408 -1 1411 722 721 1410 -1 1412 722 1411 -1 1413 723 722 1412 -1 1414 723 1413 -1 1415 724 723 1414 -1 1416 724 1415 -1 1417 725 724 1416 -1 1418 725 1417 -1 1419 726 725 1418 -1 1420 726 1419 -1 1421 727 726 1420 -1 1422 727 1421 -1 1423 728 727 1422 -1 1300 1299 729 -1 1299 1298 730 729 -1 1298 1297 730 -1 1297 1310 731 730 -1 1310 1309 731 -1 1309 1308 732 731 -1 1308 1307 732 -1 1307 1306 733 732 -1 1306 1305 733 -1 1305 1304 734 733 -1 1304 1303 734 -1 1303 1302 735 734 -1 1302 1330 735 -1 1330 1329 736 735 -1 1329 1328 736 -1 1328 1327 737 736 -1 1327 1326 737 -1 1326 1325 738 737 -1 1325 1324 738 -1 1324 1323 739 738 -1 1323 1322 739 -1 1322 1321 740 739 -1 1321 1320 740 -1 1320 1319 741 740 -1 1319 1318 741 -1 1318 1317 742 741 -1 1317 1316 742 -1 1316 1315 743 742 -1 1315 1314 743 -1 1314 1313 744 743 -1 1313 1312 744 -1 1312 1311 745 744 -1 1311 1343 745 -1 1343 1341 746 745 -1 1341 1339 746 -1 1339 1333 747 746 -1 1333 1331 747 -1 1331 1332 708 747 -1 2206 2207 748 -1 2207 2208 749 748 -1 2208 2209 749 -1 2209 2212 750 749 -1 2212 2204 750 -1 2204 2202 751 750 -1 2202 2203 751 -1 2203 2210 752 751 -1 2210 2211 752 -1 2211 2226 753 752 -1 2226 2223 753 -1 2223 2222 754 753 -1 2222 2220 754 -1 2220 2218 755 754 -1 2218 2216 755 -1 2216 2213 756 755 -1 2213 2214 756 -1 2214 2235 757 756 -1 2235 2234 757 -1 2234 2233 758 757 -1 2233 2232 758 -1 2232 2283 759 758 -1 2283 2282 759 -1 2282 2281 760 759 -1 2281 2280 760 -1 2280 2279 761 760 -1 2279 2278 761 -1 2278 2277 762 761 -1 2277 2276 762 -1 2276 2275 763 762 -1 2275 2274 763 -1 729 763 2274 1300 -1 2297 2296 764 -1 2296 2295 765 764 -1 2295 2294 765 -1 2294 2293 766 765 -1 2293 2292 766 -1 2292 2291 767 766 -1 2291 2290 767 -1 2290 2289 768 767 -1 2289 2288 768 -1 2288 2287 769 768 -1 2287 2286 769 -1 2286 2284 770 769 -1 2284 2285 770 -1 2285 2306 771 770 -1 2306 2307 771 -1 2307 2308 772 771 -1 2308 2309 772 -1 2309 2215 773 772 -1 2215 2217 773 -1 2217 2219 774 773 -1 2219 2221 774 -1 2221 2224 775 774 -1 2224 2225 775 -1 2225 2227 776 775 -1 2227 2228 776 -1 2228 2229 777 776 -1 2229 2230 777 -1 2230 2231 778 777 -1 2231 2205 778 -1 2205 2206 748 778 -1 2245 2246 779 -1 2246 2297 764 779 -1 1571 2242 780 1471 -1 2245 779 780 2242 -1 1424 728 1423 -1 1471 780 728 1424 -1 1487 1507 781 2241 -1 1629 782 781 1507 -1 2244 2243 783 -1 2243 2241 781 783 -1 2247 2248 784 -1 2248 2244 783 784 -1 2251 2250 785 -1 2250 2247 784 785 -1 1861 2249 786 1860 -1 2251 785 786 2249 -1 1796 787 1795 -1 1796 788 787 -1 1799 788 1796 -1 1809 789 788 1799 -1 1810 790 789 1809 -1 1811 790 1810 -1 1812 791 790 1811 -1 1813 791 1812 -1 1814 792 791 1813 -1 1815 792 1814 -1 1816 793 792 1815 -1 1819 793 1816 -1 1820 794 793 1819 -1 1821 794 1820 -1 1822 795 794 1821 -1 1823 795 1822 -1 1824 796 795 1823 -1 1779 796 1824 -1 1781 797 796 1779 -1 1783 797 1781 -1 1785 798 797 1783 -1 1787 798 1785 -1 1790 799 798 1787 -1 1793 799 1790 -1 1834 800 799 1793 -1 1835 800 1834 -1 1836 801 800 1835 -1 1837 801 1836 -1 1838 802 801 1837 -1 1839 802 1838 -1 1840 803 802 1839 -1 1841 803 1840 -1 1842 804 803 1841 -1 1843 804 1842 -1 1852 805 804 1843 -1 1853 805 1852 -1 1854 806 805 1853 -1 1855 806 1854 -1 1856 807 806 1855 -1 1857 807 1856 -1 1858 808 807 1857 -1 1859 808 1858 -1 1860 786 808 1859 -1 1627 782 1629 -1 1725 809 782 1627 -1 1640 809 1725 -1 1638 810 809 1640 -1 1636 810 1638 -1 1634 811 810 1636 -1 1664 811 1634 -1 1644 812 811 1664 -1 1643 812 1644 -1 1655 813 812 1643 -1 1650 813 1655 -1 1648 814 813 1650 -1 1647 814 1648 -1 1851 815 814 1647 -1 1850 815 1851 -1 1741 816 815 1850 -1 1740 816 1741 -1 1739 817 816 1740 -1 1738 817 1739 -1 1777 818 817 1738 -1 1776 818 1777 -1 1792 819 818 1776 -1 1791 819 1792 -1 1789 820 819 1791 -1 1788 820 1789 -1 1786 821 820 1788 -1 1784 821 1786 -1 1782 822 821 1784 -1 1780 822 1782 -1 1778 823 822 1780 -1 1833 823 1778 -1 1832 824 823 1833 -1 1831 824 1832 -1 1830 825 824 1831 -1 1829 825 1830 -1 1828 826 825 1829 -1 1827 826 1828 -1 1826 827 826 1827 -1 1825 827 1826 -1 1818 828 827 1825 -1 1794 828 1818 -1 1795 787 828 1794 -1 1453 1457 829 -1 1457 1459 830 829 -1 1459 1485 830 -1 1485 1484 831 830 -1 1484 1483 831 -1 1483 1482 832 831 -1 1482 1481 832 -1 1481 1480 833 832 -1 1480 1479 833 -1 1479 1478 834 833 -1 1478 1477 834 -1 1477 1476 835 834 -1 1476 1475 835 -1 1475 1474 836 835 -1 1474 1473 836 -1 1473 1472 837 836 -1 1472 1470 837 -1 1470 1469 838 837 -1 1469 1570 838 -1 1570 1569 839 838 -1 1569 1568 839 -1 1568 1567 840 839 -1 1567 1566 840 -1 1566 1565 841 840 -1 1565 1564 841 -1 1564 1563 842 841 -1 1563 1468 842 -1 1468 1467 843 842 -1 1467 1466 843 -1 1466 1465 844 843 -1 1465 1446 844 -1 1446 1445 845 844 -1 1445 1444 845 -1 1444 1443 846 845 -1 1443 1442 846 -1 1442 1441 847 846 -1 1441 1432 847 -1 1432 1430 848 847 -1 1430 1428 848 -1 1428 1427 849 848 -1 1427 1409 849 -1 1409 1407 850 849 -1 1407 1405 850 -1 1405 1403 851 850 -1 1403 1402 851 -1 1402 1399 852 851 -1 1399 1387 852 -1 1387 1386 853 852 -1 1386 1385 853 -1 1385 1392 854 853 -1 1392 1391 854 -1 1391 1390 855 854 -1 1390 1366 855 -1 1366 1373 856 855 -1 1373 1371 856 -1 1371 1370 857 856 -1 1370 1368 857 -1 1368 1363 858 857 -1 1363 1362 858 -1 1362 1394 859 858 -1 1394 1393 859 -1 1393 1358 860 859 -1 1358 1354 860 -1 1354 1359 861 860 -1 1359 1353 862 861 -1 1751 864 863 1750 -1 1752 865 864 1751 -1 1752 1753 865 -1 1753 1765 866 865 -1 1765 1763 866 -1 1763 1760 867 866 -1 1760 1758 867 -1 1758 1749 868 867 -1 1749 1747 868 -1 1747 1745 869 868 -1 1745 1744 869 -1 1744 1775 870 869 -1 1775 1773 870 -1 1773 1771 871 870 -1 1771 1769 871 -1 1769 1767 872 871 -1 1767 1737 872 -1 1737 1735 873 872 -1 1735 1733 873 -1 1733 1731 874 873 -1 1731 1729 874 -1 1729 1726 875 874 -1 1726 1877 875 -1 1877 1876 876 875 -1 1876 1646 876 -1 1646 1645 877 876 -1 1645 1649 877 -1 1649 1654 878 877 -1 1654 1642 878 -1 1642 1641 879 878 -1 1641 1663 879 -1 1663 1661 880 879 -1 1661 1633 880 -1 1633 1635 881 880 -1 1635 1637 881 -1 1637 1639 882 881 -1 1639 1626 882 -1 1626 1628 883 882 -1 1628 1630 883 -1 1630 1632 884 883 -1 1632 1879 884 -1 1879 1878 885 884 -1 1878 1559 885 -1 1559 1558 886 885 -1 1558 1557 886 -1 1557 1556 887 886 -1 1556 1555 887 -1 1555 1554 888 887 -1 1554 1553 888 -1 1553 1506 889 888 -1 1506 1508 889 -1 1508 1513 890 889 -1 1513 1514 890 -1 1514 1516 891 890 -1 1516 1517 891 -1 1517 1521 892 891 -1 1521 1520 892 -1 1520 1519 893 892 -1 1519 1486 893 -1 1486 1488 894 893 -1 1488 1489 894 -1 1489 1490 895 894 -1 1490 1491 895 -1 1491 1496 896 895 -1 1496 1497 896 -1 1497 1498 897 896 -1 1498 1499 897 -1 1499 1500 898 897 -1 1500 1501 898 -1 1501 1458 899 898 -1 1458 1454 899 -1 1454 1455 900 899 -1 1455 1456 900 -1 1456 1452 901 900 -1 1452 1451 902 901 -1 1451 1453 829 902 -1 1723 903 1722 -1 1724 904 903 1723 -1 1656 904 1724 -1 1657 905 904 1656 -1 1658 905 1657 -1 1659 906 905 1658 -1 1660 906 1659 -1 1662 907 906 1660 -1 1651 907 1662 -1 1652 908 907 1651 -1 1653 908 1652 -1 1845 909 908 1653 -1 1844 909 1845 -1 1847 910 909 1844 -1 1848 910 1847 -1 1849 911 910 1848 -1 1727 911 1849 -1 1728 912 911 1727 -1 1730 912 1728 -1 1732 913 912 1730 -1 1734 913 1732 -1 1736 914 913 1734 -1 1766 914 1736 -1 1768 915 914 1766 -1 1770 915 1768 -1 1772 916 915 1770 -1 1774 916 1772 -1 1742 917 916 1774 -1 1743 917 1742 -1 1746 918 917 1743 -1 1748 918 1746 -1 1757 919 918 1748 -1 1759 919 1757 -1 1761 920 919 1759 -1 1762 920 1761 -1 1764 921 920 1762 -1 1755 921 1764 -1 1756 922 921 1755 -1 1754 923 922 1756 -1 1750 863 923 1754 -1 1585 499 1584 -1 1598 924 499 1585 -1 1599 924 1598 -1 1600 925 924 1599 -1 1601 925 1600 -1 1602 926 925 1601 -1 1603 926 1602 -1 1604 927 926 1603 -1 1605 927 1604 -1 1606 928 927 1605 -1 1607 928 1606 -1 1688 929 928 1607 -1 1690 929 1688 -1 1692 930 929 1690 -1 1693 930 1692 -1 1695 931 930 1693 -1 1697 931 1695 -1 1699 932 931 1697 -1 1701 932 1699 -1 1703 933 932 1701 -1 1705 933 1703 -1 1707 934 933 1705 -1 1708 934 1707 -1 1710 935 934 1708 -1 1711 935 1710 -1 1713 936 935 1711 -1 1715 936 1713 -1 1716 937 936 1715 -1 1863 937 1716 -1 1864 938 937 1863 -1 1866 938 1864 -1 1868 939 938 1866 -1 1717 939 1868 -1 1718 940 939 1717 -1 1719 940 1718 -1 1720 941 940 1719 -1 1721 941 1720 -1 1722 903 941 1721 -1 1353 1355 942 862 -1 1356 943 942 1355 -1 1357 943 1356 -1 1389 944 943 1357 -1 1388 944 1389 -1 1360 945 944 1388 -1 1361 945 1360 -1 1367 946 945 1361 -1 1369 946 1367 -1 1372 947 946 1369 -1 1374 947 1372 -1 1364 948 947 1374 -1 1365 948 1364 -1 1380 949 948 1365 -1 1379 949 1380 -1 1381 950 949 1379 -1 1382 950 1381 -1 1383 951 950 1382 -1 1384 951 1383 -1 1376 952 951 1384 -1 1375 952 1376 -1 1378 953 952 1375 -1 1576 953 1378 -1 1575 954 953 1576 -1 1574 954 1575 -1 1573 955 954 1574 -1 1572 955 1573 -1 1425 956 955 1572 -1 1426 956 1425 -1 1429 957 956 1426 -1 1431 957 1429 -1 1437 958 957 1431 -1 1436 958 1437 -1 1433 959 958 1436 -1 1435 959 1433 -1 1440 960 959 1435 -1 1439 960 1440 -1 1464 961 960 1439 -1 1450 961 1464 -1 1449 962 961 1450 -1 1462 962 1449 -1 1562 963 962 1462 -1 1561 963 1562 -1 1495 964 963 1561 -1 1494 964 1495 -1 1518 965 964 1494 -1 1505 965 1518 -1 1503 966 965 1505 -1 1515 966 1503 -1 1512 967 966 1515 -1 1510 967 1512 -1 1552 968 967 1510 -1 1526 968 1552 -1 1523 969 968 1526 -1 1532 969 1523 -1 1530 970 969 1532 -1 1529 970 1530 -1 1550 971 970 1529 -1 1539 971 1550 -1 1537 972 971 1539 -1 1536 972 1537 -1 1535 973 972 1536 -1 1548 973 1535 -1 1541 974 973 1548 -1 1540 974 1541 -1 1547 975 974 1540 -1 1545 975 1547 -1 1544 976 975 1545 -1 1577 976 1544 -1 1579 977 976 1577 -1 1581 977 1579 -1 1582 978 977 1581 -1 1589 978 1582 -1 1591 979 978 1589 -1 1593 979 1591 -1 1594 980 979 1593 -1 1586 980 1594 -1 1587 981 980 1586 -1 1583 512 981 1587 -1 1584 499 512 1583 -1 1846 1875 982 -1 1875 1874 983 982 -1 1874 1873 983 -1 1873 1872 984 983 -1 1872 1871 984 -1 1871 1870 985 984 -1 1870 1869 985 -1 1869 1867 986 985 -1 1867 1865 986 -1 1865 1862 987 986 -1 1862 1714 987 -1 1714 1712 988 987 -1 1712 1709 988 -1 1709 1706 989 988 -1 1706 1704 989 -1 1704 1702 990 989 -1 1702 1700 990 -1 1700 1698 991 990 -1 1698 1696 991 -1 1696 1694 992 991 -1 1694 1691 992 -1 1691 1689 993 992 -1 1689 1687 993 -1 1687 1686 994 993 -1 1686 1685 994 -1 1685 1684 995 994 -1 1684 1683 995 -1 1683 1682 996 995 -1 1682 1681 996 -1 1681 1680 997 996 -1 1680 1679 997 -1 1679 1678 998 997 -1 1678 1677 998 -1 1677 1676 999 998 -1 1676 1675 999 -1 1675 1674 1000 999 -1 1674 1673 1000 -1 1673 1671 1001 1000 -1 1671 1669 1001 -1 1669 1667 1002 1001 -1 1667 1665 1002 -1 1665 1624 1003 1002 -1 1624 1622 1003 -1 1622 1620 1004 1003 -1 1620 1618 1004 -1 1618 1616 1005 1004 -1 1616 1614 1005 -1 1614 1613 1006 1005 -1 1613 1610 1006 -1 1610 1609 1007 1006 -1 1801 1817 1008 -1 1817 1846 982 1008 -1 1803 1802 1009 -1 1802 1801 1008 1009 -1 3106 1800 3107 -1 3105 1010 1800 3106 -1 3104 1010 3105 -1 3133 1011 1010 3104 -1 3112 1011 3133 -1 3111 1012 1011 3112 -1 3109 1012 3111 -1 3108 1013 1012 3109 -1 3108 3110 1013 -1 3110 3118 1014 1013 -1 3118 3114 1014 -1 3114 3113 1015 1014 -1 3113 3115 1015 -1 3115 3117 1016 1015 -1 3117 3116 1016 -1 3116 3132 1017 1016 -1 3132 3131 1017 -1 3131 3130 1018 1017 -1 3130 3129 1018 -1 3129 3128 1019 1018 -1 3128 3127 1019 -1 3127 3126 1020 1019 -1 3126 3125 1020 -1 3125 3124 1021 1020 -1 3124 3123 1021 -1 3123 3122 1022 1021 -1 3122 3121 1022 -1 3121 3120 1023 1022 -1 3120 3119 1023 -1 1024 1023 3119 2255 -1 2255 2254 1024 -1 2254 2253 1025 1024 -1 2253 2252 1025 -1 2252 2273 1026 1025 -1 2273 2272 1026 -1 2272 2271 1027 1026 -1 2271 2270 1027 -1 2270 2269 1028 1027 -1 2269 2268 1028 -1 2268 2267 1029 1028 -1 2267 2266 1029 -1 2266 2265 1030 1029 -1 2265 2264 1030 -1 2264 2263 1031 1030 -1 2263 2262 1031 -1 2262 2261 1032 1031 -1 2261 2260 1032 -1 2260 2259 1033 1032 -1 2259 2258 1033 -1 2258 2257 1034 1033 -1 2257 2256 1034 -1 1035 1034 2256 1808 1807 -1 1807 1806 1035 -1 1806 1805 1036 1035 -1 1805 1804 1036 -1 1804 1803 1009 1036 -1 2800 2761 2802 -1 2799 1037 2761 2800 -1 2808 1037 2799 -1 2840 1038 1037 2808 -1 2839 1038 2840 -1 2838 1039 1038 2839 -1 2837 1039 2838 -1 2836 1040 1039 2837 -1 2832 1040 2836 -1 2833 1041 1040 2832 -1 2961 1041 2833 -1 2960 1042 1041 2961 -1 2959 1042 2960 -1 2958 1043 1042 2959 -1 2957 1043 2958 -1 2956 1044 1043 2957 -1 2954 1044 2956 -1 2952 1045 1044 2954 -1 2846 1045 2952 -1 2847 1046 1045 2846 -1 2872 1046 2847 -1 2873 1047 1046 2872 -1 2875 1047 2873 -1 2876 1048 1047 2875 -1 2878 1048 2876 -1 2921 1049 1048 2878 -1 2923 1049 2921 -1 2924 1050 1049 2923 -1 2926 1050 2924 -1 2928 1051 1050 2926 -1 2929 1051 2928 -1 2930 1052 1051 2929 -1 2891 1052 2930 -1 2890 1053 1052 2891 -1 2889 1053 2890 -1 2888 1054 1053 2889 -1 2881 1054 2888 -1 2882 1055 1054 2881 -1 2886 1055 2882 -1 2895 1056 1055 2886 -1 2894 1056 2895 -1 2892 1057 1056 2894 -1 3203 1057 2892 -1 3204 1058 1057 3203 -1 3056 1058 3204 -1 3038 1059 1058 3056 -1 3030 1059 3038 -1 3031 1060 1059 3030 -1 3035 1060 3031 -1 3157 1061 1060 3035 -1 3156 1061 3157 -1 3158 1062 1061 3156 -1 3159 1062 3158 -1 3160 1063 1062 3159 -1 3161 1063 3160 -1 3162 1064 1063 3161 -1 3084 1064 3162 -1 3085 1065 1064 3084 -1 3088 1065 3085 -1 3089 1066 1065 3088 -1 3092 1066 3089 -1 3095 1067 1066 3092 -1 3096 1067 3095 -1 3097 1068 1067 3096 -1 3135 1068 3097 -1 3134 1069 1068 3135 -1 3136 1069 3134 -1 3137 1070 1069 3136 -1 3138 1070 3137 -1 3139 1071 1070 3138 -1 3140 1071 3139 -1 3141 1072 1071 3140 -1 3142 1072 3141 -1 3143 1073 1072 3142 -1 3144 1073 3143 -1 3145 1074 1073 3144 -1 3146 1074 3145 -1 3147 1075 1074 3146 -1 3148 1075 3147 -1 3149 1076 1075 3148 -1 3150 1076 3149 -1 3151 1077 1076 3150 -1 3152 1077 3151 -1 3153 1078 1077 3152 -1 3154 1078 3153 -1 3155 1079 1078 3154 -1 3103 1079 3155 -1 3102 1080 1079 3103 -1 3101 1080 3102 -1 3107 1800 1080 3101 -1 2173 1081 2172 -1 2174 1082 1081 2173 -1 2175 1082 2174 -1 2176 1083 1082 2175 -1 2177 1083 2176 -1 2178 1084 1083 2177 -1 2179 1084 2178 -1 2180 1085 1084 2179 -1 2181 1085 2180 -1 2182 1086 1085 2181 -1 2183 1086 2182 -1 2185 1087 1086 2183 -1 2186 1087 2185 -1 2187 1088 1087 2186 -1 2188 1088 2187 -1 2189 1089 1088 2188 -1 2190 1089 2189 -1 2191 1090 1089 2190 -1 2192 1090 2191 -1 2193 1091 1090 2192 -1 2194 1091 2193 -1 2195 1092 1091 2194 -1 2196 1092 2195 -1 2197 1093 1092 2196 -1 2198 1093 2197 -1 2199 1094 1093 2198 -1 2200 1094 2199 -1 2201 1095 1094 2200 -1 2236 1095 2201 -1 2237 1096 1095 2236 -1 2238 1096 2237 -1 2239 1097 1096 2238 -1 2240 1097 2239 -1 2298 1098 1097 2240 -1 2299 1098 2298 -1 2300 1099 1098 2299 -1 2301 1099 2300 -1 2302 1100 1099 2301 -1 2303 1100 2302 -1 2304 1101 1100 2303 -1 2305 1101 2304 -1 2754 1102 1101 2305 -1 2755 1102 2754 -1 2756 1103 1102 2755 -1 2739 1103 2756 -1 2740 1104 1103 2739 -1 2720 1104 2740 -1 2721 1105 1104 2720 -1 2723 1105 2721 -1 2725 1106 1105 2723 -1 2728 1106 2725 -1 2729 1107 1106 2728 -1 2731 1107 2729 -1 2942 1108 1107 2731 -1 2943 1108 2942 -1 2944 1109 1108 2943 -1 2945 1109 2944 -1 2946 1110 1109 2945 -1 2947 1110 2946 -1 2948 1111 1110 2947 -1 2949 1111 2948 -1 2950 1112 1111 2949 -1 2951 1112 2950 -1 2953 1113 1112 2951 -1 2955 1113 2953 -1 2765 1114 1113 2955 -1 2766 1114 2765 -1 2769 1115 1114 2766 -1 2771 1115 2769 -1 2773 1116 1115 2771 -1 2775 1116 2773 -1 2777 1117 1116 2775 -1 2779 1117 2777 -1 2780 1118 1117 2779 -1 2781 1118 2780 -1 2782 1119 1118 2781 -1 2783 1119 2782 -1 2784 1120 1119 2783 -1 2785 1120 2784 -1 2841 3206 1120 2785 -1 2801 3206 2841 -1 2802 2761 3206 2801 -1 2171 1121 2170 -1 2172 1081 1121 2171 -1 1296 2184 1122 1295 -1 2170 1121 1122 2184 -1 1294 1123 1301 -1 1295 1122 1123 1294 -1 1434 1377 1124 -1 1377 1301 1123 1124 -1 1609 1608 1007 -1 1608 1611 1125 1007 -1 1611 1612 1125 -1 1612 1615 1126 1125 -1 1615 1617 1126 -1 1617 1619 1127 1126 -1 1619 1621 1127 -1 1621 1623 1128 1127 -1 1623 1625 1128 -1 1625 1666 1129 1128 -1 1666 1668 1129 -1 1668 1670 1130 1129 -1 1670 1672 1130 -1 1672 1631 1131 1130 -1 1631 1597 1131 -1 1597 1596 1132 1131 -1 1596 1595 1132 -1 1595 1592 1133 1132 -1 1592 1590 1133 -1 1590 1588 1134 1133 -1 1588 1580 1134 -1 1580 1578 1135 1134 -1 1578 1543 1135 -1 1543 1546 1136 1135 -1 1546 1542 1136 -1 1542 1534 1137 1136 -1 1534 1533 1137 -1 1533 1538 1138 1137 -1 1538 1549 1138 -1 1549 1551 1139 1138 -1 1551 1528 1139 -1 1528 1527 1140 1139 -1 1527 1531 1140 -1 1531 1522 1141 1140 -1 1522 1524 1141 -1 1524 1525 1142 1141 -1 1525 1509 1142 -1 1509 1511 1143 1142 -1 1511 1502 1143 -1 1502 1504 1144 1143 -1 1504 1492 1144 -1 1492 1493 1145 1144 -1 1493 1560 1145 -1 1560 1461 1146 1145 -1 1461 1460 1146 -1 1460 1448 1147 1146 -1 1448 1447 1147 -1 1447 1463 1148 1147 -1 1463 1438 1148 -1 1438 1434 1124 1148 -1 862 942 1123 -1 708 862 1123 -1 942 943 1123 -1 943 944 1123 -1 944 945 1123 -1 945 946 1123 -1 946 1124 1123 -1 947 1124 946 -1 948 1124 947 -1 949 1124 948 -1 950 1124 949 -1 951 1124 950 -1 952 1124 951 -1 953 1124 952 -1 954 1124 953 -1 955 1124 954 -1 956 1124 955 -1 957 1124 956 -1 958 1124 957 -1 958 959 1124 -1 959 960 1124 -1 960 1148 1124 -1 960 961 1148 -1 961 1147 1148 -1 961 962 1147 -1 962 1146 1147 -1 962 963 1146 -1 963 1145 1146 -1 963 964 1145 -1 964 1144 1145 -1 964 965 1144 -1 1143 1144 965 -1 966 1143 965 -1 967 1143 966 -1 1142 1143 967 -1 968 1142 967 -1 1141 1142 968 -1 969 1141 968 -1 1140 1141 969 -1 970 1140 969 -1 1139 1140 970 -1 1138 1139 970 -1 971 1138 970 -1 1137 1138 971 -1 972 1137 971 -1 1136 1137 972 -1 973 1136 972 -1 974 1136 973 -1 1135 1136 974 -1 975 1135 974 -1 1134 1135 975 -1 976 1134 975 -1 977 1134 976 -1 1133 1134 977 -1 978 1133 977 -1 1132 1133 978 -1 979 1132 978 -1 1131 1132 979 -1 980 1131 979 -1 1130 1131 980 -1 1001 1130 980 -1 1129 1130 1001 -1 1002 1129 1001 -1 1128 1129 1002 -1 1003 1128 1002 -1 1127 1128 1003 -1 1004 1127 1003 -1 1126 1127 1004 -1 1005 1126 1004 -1 1125 1126 1005 -1 1006 1125 1005 -1 1007 1125 1006 -1 1001 980 981 -1 1000 1001 981 -1 999 1000 981 -1 998 999 981 -1 997 998 981 -1 996 997 981 -1 995 996 981 -1 994 995 981 -1 993 994 981 -1 992 993 981 -1 991 992 981 512 -1 990 991 512 -1 984 499 924 -1 925 984 924 -1 926 984 925 -1 984 926 927 -1 928 984 927 -1 929 984 928 -1 984 929 930 -1 931 984 930 -1 932 984 931 -1 984 932 933 -1 934 984 933 -1 935 984 934 -1 984 935 936 -1 937 984 936 -1 938 984 937 -1 984 938 939 -1 940 984 939 -1 941 984 940 -1 984 941 903 -1 904 984 903 -1 983 984 904 -1 905 983 904 -1 906 983 905 -1 982 983 906 -1 907 982 906 -1 908 982 907 -1 982 908 909 -1 910 982 909 -1 911 982 910 -1 982 911 912 -1 913 982 912 -1 914 982 913 -1 982 914 915 -1 916 982 915 -1 917 982 916 -1 982 917 918 -1 919 982 918 -1 1008 982 919 -1 920 1008 919 -1 921 1008 920 -1 1008 921 922 -1 923 1008 922 -1 863 1008 923 -1 863 864 787 -1 788 863 787 -1 1008 863 788 -1 828 787 864 -1 865 828 864 -1 827 828 865 -1 826 827 865 -1 825 826 865 -1 866 825 865 -1 824 825 866 -1 823 824 866 -1 822 823 866 -1 867 822 866 -1 821 822 867 -1 820 821 867 -1 868 820 867 -1 819 820 868 -1 869 819 868 -1 870 819 869 -1 818 819 870 -1 871 818 870 -1 872 818 871 -1 817 818 872 -1 873 817 872 -1 816 817 873 -1 874 816 873 -1 815 816 874 -1 875 815 874 -1 876 815 875 -1 814 815 876 -1 877 814 876 -1 813 814 877 -1 878 813 877 -1 812 813 878 -1 879 812 878 -1 811 812 879 -1 880 811 879 -1 881 811 880 -1 811 881 882 -1 883 811 882 -1 884 811 883 -1 811 884 885 -1 886 811 885 -1 887 811 886 -1 811 887 888 -1 889 811 888 -1 890 811 889 -1 811 890 891 -1 892 811 891 -1 893 811 892 -1 811 893 894 -1 895 811 894 -1 896 811 895 -1 811 896 897 -1 898 811 897 -1 899 811 898 -1 811 899 900 -1 810 811 900 -1 809 810 900 -1 782 809 900 -1 781 782 900 -1 901 781 900 -1 780 781 901 -1 902 780 901 -1 829 780 902 -1 780 829 830 -1 831 780 830 -1 832 780 831 -1 780 832 833 -1 834 780 833 -1 835 780 834 -1 780 835 836 -1 837 780 836 -1 838 780 837 -1 780 838 839 -1 840 780 839 -1 728 780 840 -1 841 728 840 -1 842 728 841 -1 728 842 843 -1 844 728 843 -1 727 728 844 -1 845 727 844 -1 726 727 845 -1 846 726 845 -1 725 726 846 -1 847 725 846 -1 724 725 847 -1 848 724 847 -1 723 724 848 -1 723 848 849 -1 723 849 722 -1 722 849 850 -1 722 850 721 -1 721 850 851 -1 721 851 720 -1 720 851 852 -1 720 852 719 -1 719 852 853 -1 719 853 854 -1 719 854 718 -1 718 854 855 -1 718 855 717 -1 717 855 856 -1 717 856 716 -1 716 856 857 -1 716 857 715 -1 715 857 858 -1 715 858 714 -1 714 858 859 -1 714 859 713 -1 713 859 860 -1 713 860 712 -1 712 860 711 -1 711 860 861 -1 711 861 710 -1 710 861 709 -1 709 861 862 -1 709 862 708 -1 1008 788 789 -1 790 1008 789 -1 1008 790 791 -1 792 1008 791 -1 793 1008 792 -1 1008 793 794 -1 795 1008 794 -1 1009 1008 795 -1 796 1009 795 -1 797 1009 796 -1 1009 797 798 -1 799 1009 798 -1 800 1009 799 -1 1009 800 801 -1 802 1009 801 -1 803 1009 802 -1 1009 803 804 -1 805 1009 804 -1 806 1009 805 -1 1009 806 807 -1 1036 1009 807 -1 808 1036 807 -1 1035 1036 808 -1 786 1035 808 -1 1034 1035 786 -1 1033 1034 786 -1 1032 1033 786 -1 1031 1032 786 -1 1030 1031 786 -1 785 1030 786 -1 1029 1030 785 -1 1028 1029 785 -1 1027 1028 785 -1 1026 1027 785 -1 1025 1026 785 -1 1024 1025 785 -1 1023 1024 785 -1 1022 1023 785 -1 1021 1022 785 -1 1020 1021 785 -1 1019 1020 785 -1 1018 1019 785 -1 1017 1018 785 -1 1016 1017 785 -1 1015 1016 785 -1 1014 1015 785 -1 1013 1014 785 -1 1012 1013 785 -1 1011 1012 785 -1 1010 1011 785 -1 1080 1800 1010 785 -1 785 784 1062 -1 1063 785 1062 -1 1064 785 1063 -1 784 783 779 -1 1108 784 779 -1 1109 784 1108 -1 780 779 783 -1 781 780 783 -1 779 764 1099 -1 1100 779 1099 -1 1101 779 1100 -1 764 765 1097 -1 1098 764 1097 -1 1099 764 1098 -1 1096 1097 765 -1 766 1096 765 -1 1095 1096 766 -1 767 1095 766 -1 768 1095 767 -1 1094 1095 768 -1 769 1094 768 -1 1093 1094 769 -1 770 1093 769 -1 771 1093 770 -1 1092 1093 771 -1 772 1092 771 -1 773 1092 772 -1 1091 1092 773 -1 774 1091 773 -1 1090 1091 774 -1 775 1090 774 -1 776 1090 775 -1 1090 776 777 -1 1089 1090 777 -1 778 1089 777 -1 748 1089 778 -1 1088 1089 748 -1 749 1088 748 -1 1087 1088 749 -1 1086 1087 749 -1 1085 1086 749 -1 750 1085 749 -1 1084 1085 750 -1 1083 1084 750 -1 751 1083 750 -1 1082 1083 751 -1 1081 1082 751 -1 752 1081 751 -1 753 1081 752 -1 1121 1081 753 -1 754 1121 753 -1 755 1121 754 -1 1121 755 756 -1 757 1121 756 -1 758 1121 757 -1 1121 758 759 -1 1122 1121 759 -1 760 1122 759 -1 761 1122 760 -1 1122 761 762 -1 763 1122 762 -1 729 1122 763 -1 1122 729 730 -1 731 1122 730 -1 732 1122 731 -1 1122 732 733 -1 734 1122 733 -1 735 1122 734 -1 1122 735 736 -1 737 1122 736 -1 738 1122 737 -1 1122 738 739 -1 740 1122 739 -1 741 1122 740 -1 1122 741 742 -1 743 1122 742 -1 744 1122 743 -1 1122 744 745 -1 746 1122 745 -1 747 1122 746 -1 747 708 1123 -1 1122 747 1123 -1 779 1101 1102 -1 1103 779 1102 -1 1104 779 1103 -1 779 1104 1105 -1 1106 779 1105 -1 1107 779 1106 -1 779 1107 1108 -1 784 1109 1110 -1 1111 784 1110 -1 1046 784 1111 -1 1112 1046 1111 -1 1045 1046 1112 -1 1113 1045 1112 -1 1044 1045 1113 -1 1114 1044 1113 -1 1043 1044 1114 -1 1115 1043 1114 -1 1042 1043 1115 -1 1116 1042 1115 -1 1041 1042 1116 -1 1117 1041 1116 -1 1040 1041 1117 -1 1118 1040 1117 -1 1039 1040 1118 -1 1119 1039 1118 -1 1038 1039 1119 -1 1120 1038 1119 -1 1037 1038 1120 3206 2761 -1 784 1046 1047 -1 1048 784 1047 -1 1049 784 1048 -1 784 1049 1050 -1 1051 784 1050 -1 1052 784 1051 -1 784 1052 1053 -1 1054 784 1053 -1 1055 784 1054 -1 784 1055 1056 -1 1057 784 1056 -1 1058 784 1057 -1 784 1058 1059 -1 1060 784 1059 -1 1061 784 1060 -1 784 1061 1062 -1 785 1064 1065 -1 1066 785 1065 -1 1067 785 1066 -1 785 1067 1068 -1 1069 785 1068 -1 1070 785 1069 -1 785 1070 1071 -1 1072 785 1071 -1 1073 785 1072 -1 785 1073 1074 -1 1075 785 1074 -1 1076 785 1075 -1 785 1076 1077 -1 1078 785 1077 -1 1079 785 1078 -1 785 1079 1080 -1 2463 1149 2460 -1 2466 1150 1149 2463 -1 2471 1150 2466 -1 2474 1151 1150 2471 -1 2481 1151 2474 -1 2484 1152 1151 2481 -1 2490 1152 2484 -1 2493 1153 1152 2490 -1 2428 1153 2493 -1 2429 1154 1153 2428 -1 2427 1154 2429 -1 2444 1155 1154 2427 -1 2424 1155 2444 -1 2425 1156 1155 2424 -1 2421 1156 2425 -1 2422 1157 1156 2421 -1 2423 1157 2422 -1 2426 1158 1157 2423 -1 2418 1158 2426 -1 2419 1159 1158 2418 -1 2420 1159 2419 -1 2446 1160 1159 2420 -1 2386 1160 2446 -1 2387 1161 1160 2386 -1 2387 2388 1161 -1 2388 2389 1162 1161 -1 2389 2385 1162 -1 2385 2383 1163 1162 -1 2383 2384 1163 -1 2384 2409 1164 1163 -1 2409 2410 1164 -1 2410 2412 1165 1164 -1 2352 2351 1166 -1 2351 2350 1167 1166 -1 2350 2349 1167 -1 2349 2348 1168 1167 -1 2348 2347 1168 -1 2347 2346 1169 1168 -1 2346 2345 1169 -1 2345 2344 1170 1169 -1 2344 2343 1170 -1 2343 2342 1171 1170 -1 2342 2341 1171 -1 2341 2340 1172 1171 -1 2340 2339 1172 -1 2339 2338 1173 1172 -1 2338 2337 1173 -1 2337 2336 1174 1173 -1 2336 2335 1174 -1 2335 2407 1175 1174 -1 2407 2405 1175 -1 2405 2404 1176 1175 -1 2404 2401 1176 -1 2401 2400 1177 1176 -1 2400 2397 1177 -1 2397 2396 1178 1177 -1 2363 1178 2396 -1 2361 1179 1178 2363 -1 2362 1179 2361 -1 2373 1180 1179 2362 -1 2366 1180 2373 -1 2364 1181 1180 2366 -1 2365 1181 2364 -1 2372 1182 1181 2365 -1 2370 1182 2372 -1 2371 1183 1182 2370 -1 2369 1183 2371 -1 2367 1184 1183 2369 -1 2368 1184 2367 -1 2393 1185 1184 2368 -1 2374 1185 2393 -1 2375 1186 1185 2374 -1 2376 1186 2375 -1 2382 1187 1186 2376 -1 2380 1187 2382 -1 2381 1188 1187 2380 -1 2379 1188 2381 -1 2377 1189 1188 2379 -1 2378 1189 2377 -1 2394 1190 1189 2378 -1 2395 1190 2394 -1 2398 1191 1190 2395 -1 2399 1191 2398 -1 2402 1192 1191 2399 -1 2403 1192 2402 -1 2406 1193 1192 2403 -1 2408 1193 2406 -1 2411 1194 1193 2408 -1 2434 1194 2411 -1 2435 1195 1194 2434 -1 2437 1195 2435 -1 2439 1196 1195 2437 -1 2442 1196 2439 -1 2443 1197 1196 2442 -1 2459 1197 2443 -1 2460 1149 1197 2459 -1 2412 2413 1165 -1 2413 2414 1198 1165 -1 2414 2415 1198 -1 2415 2416 1199 1198 -1 2416 2417 1199 -1 2417 2359 1200 1199 -1 2359 2360 1200 -1 1201 1200 2360 1922 1918 -1 1918 1917 1201 -1 1917 1925 1202 1201 -1 1925 1911 1202 -1 1911 1910 1203 1202 -1 1910 1915 1203 -1 1915 1913 1204 1203 -1 1913 1914 1204 -1 1914 1946 1205 1204 -1 1946 1907 1205 -1 1907 1905 1206 1205 -1 1905 1906 1206 -1 1906 1908 1798 1206 -1 1908 1904 1798 -1 1904 1902 1207 1798 -1 1902 1903 1207 -1 1903 1909 1208 1207 -1 1909 1898 1208 -1 1898 1899 1209 1208 -1 1899 1900 1209 -1 1900 1901 1210 1209 -1 1901 1897 1210 -1 1897 1895 1211 1210 -1 1895 1896 1211 -1 1896 1891 1212 1211 -1 1891 1889 1212 -1 1889 1887 1213 1212 -1 1887 1888 1213 -1 1888 1890 1214 1213 -1 2333 1214 1890 -1 2333 2320 1215 1214 -1 2320 2315 1215 -1 2315 2313 1216 1215 -1 2313 2314 1216 -1 2314 2319 1217 1216 -1 2319 2318 1217 -1 2318 2317 1218 1217 -1 2317 2316 1218 -1 2316 2332 1219 1218 -1 2332 2331 1219 -1 2331 2330 1220 1219 -1 2330 2329 1220 -1 2329 2328 1221 1220 -1 2328 2327 1221 -1 2327 2326 1222 1221 -1 2326 2325 1222 -1 2325 2324 1223 1222 -1 2324 2323 1223 -1 2323 2322 1224 1223 -1 2322 2321 1224 -1 2321 2358 1225 1224 -1 2358 2357 1225 -1 2357 2356 1226 1225 -1 2356 2355 1226 -1 2355 2354 1227 1226 -1 2354 2353 1227 -1 2353 2352 1166 1227 -1 2390 2334 1228 -1 1229 1228 2334 2169 -1 2504 2503 1230 -1 2503 2502 1231 1230 -1 2502 2501 1231 -1 2501 2500 1232 1231 -1 2500 2499 1232 -1 2499 2498 1233 1232 -1 2498 2497 1233 -1 2497 2552 1234 1233 -1 2552 2496 1234 -1 2496 2495 1235 1234 -1 2495 2494 1235 -1 2494 2492 1236 1235 -1 2492 2491 1236 -1 2491 2489 1237 1236 -1 2489 2488 1237 -1 2488 2487 1238 1237 -1 2487 2486 1238 -1 2486 2485 1239 1238 -1 2485 2483 1239 -1 2483 2482 1240 1239 -1 2482 2480 1240 -1 2480 2479 1241 1240 -1 2479 2478 1241 -1 2478 2477 1242 1241 -1 2477 2476 1242 -1 2476 2475 1243 1242 -1 2475 2473 1243 -1 2473 2472 1244 1243 -1 2472 2470 1244 -1 2470 2469 1245 1244 -1 2469 2468 1245 -1 2468 2467 1246 1245 -1 2467 2465 1246 -1 2465 2464 1247 1246 -1 2464 2462 1247 -1 2462 2461 1248 1247 -1 2461 2458 1248 -1 2458 2457 1249 1248 -1 2457 2441 1249 -1 2441 2440 1250 1249 -1 2440 2438 1250 -1 2438 2436 1251 1250 -1 2436 2433 1251 -1 2433 2432 1252 1251 -1 2432 2530 1252 -1 2530 2529 1253 1252 -1 2529 2528 1253 -1 2528 2527 1254 1253 -1 2527 2526 1254 -1 2526 2525 1255 1254 -1 2525 2524 1255 -1 2524 2523 1256 1255 -1 2523 2522 1256 -1 2522 2521 1257 1256 -1 2521 2520 1257 -1 2520 2519 1258 1257 -1 2519 2518 1258 -1 2518 2517 1259 1258 -1 2517 2516 1259 -1 2516 2515 1260 1259 -1 2515 2514 1260 -1 2514 2392 1261 1260 -1 2392 2391 1261 -1 2391 2390 1228 1261 -1 1936 1262 1942 -1 1935 1263 1262 1936 -1 1933 1263 1935 -1 1932 1264 1263 1933 -1 1934 1264 1932 -1 1940 1265 1264 1934 -1 1939 1265 1940 -1 1938 1266 1265 1939 -1 1937 1266 1938 -1 1941 1267 1266 1937 -1 1962 1267 1941 -1 1960 1268 1267 1962 -1 1959 1268 1960 -1 1958 1269 1268 1959 -1 1977 1269 1958 -1 1976 1270 1269 1977 -1 1976 1975 1270 -1 1271 1270 1975 1974 2431 -1 2431 2430 1271 -1 2430 2445 1272 1271 -1 2445 2450 1272 -1 2450 2449 1273 1272 -1 2449 2454 1273 -1 2454 2455 1274 1273 -1 2455 2513 1274 -1 2513 2512 1275 1274 -1 2512 2511 1275 -1 2511 2510 1276 1275 -1 2510 2509 1276 -1 2509 2508 1277 1276 -1 2508 2507 1277 -1 2507 2506 1278 1277 -1 2506 2505 1278 -1 2505 2504 1230 1278 -1 1884 1279 1883 -1 1885 1280 1279 1884 -1 1886 1280 1885 -1 1892 1281 1280 1886 -1 1893 1281 1892 -1 1894 1282 1281 1893 -1 1947 1282 1894 -1 1948 1283 1282 1947 -1 1949 1283 1948 -1 1916 1284 1283 1949 -1 1912 1284 1916 -1 1926 1285 1284 1912 -1 1919 1285 1926 -1 1924 1286 1285 1919 -1 1923 1286 1924 -1 1921 1287 1286 1923 -1 1920 1287 1921 -1 1945 1288 1287 1920 -1 1944 1288 1945 -1 1943 1289 1288 1944 -1 1931 1289 1943 -1 1930 1290 1289 1931 -1 1929 1290 1930 -1 1928 1291 1290 1929 -1 1927 1291 1928 -1 1942 1262 1291 1927 -1 1881 1292 1880 -1 1883 1279 1292 1881 -1 2310 1293 2312 -1 1880 1292 1293 2310 1882 -1 2311 1229 2169 -1 2312 1293 1229 2311 -1 1270 1164 1165 -1 1198 1270 1165 -1 1199 1270 1198 -1 1270 1199 1200 -1 1201 1270 1200 -1 1202 1270 1201 -1 1270 1202 1203 -1 1204 1270 1203 -1 1205 1270 1204 -1 1270 1205 1206 -1 1798 1270 1206 -1 1207 1208 1281 -1 1282 1207 1281 -1 1283 1207 1282 -1 1280 1281 1208 -1 1209 1280 1208 -1 1210 1280 1209 -1 1279 1280 1210 -1 1211 1279 1210 -1 1212 1279 1211 -1 1279 1212 1213 -1 1214 1279 1213 -1 1215 1279 1214 -1 1279 1215 1216 -1 1292 1279 1216 -1 1217 1292 1216 -1 1218 1292 1217 -1 1293 1292 1218 -1 1219 1293 1218 -1 1220 1293 1219 -1 1293 1220 1221 -1 1222 1293 1221 -1 1223 1293 1222 -1 1293 1223 1224 -1 1225 1293 1224 -1 1226 1293 1225 -1 1293 1226 1227 -1 1166 1293 1227 -1 1167 1293 1166 -1 1293 1167 1168 -1 1169 1293 1168 -1 1170 1293 1169 -1 1293 1170 1171 -1 1172 1293 1171 -1 1173 1293 1172 -1 1293 1173 1174 -1 1175 1293 1174 -1 1176 1293 1175 -1 1229 1293 1176 -1 1177 1229 1176 -1 1178 1229 1177 -1 1228 1229 1178 -1 1179 1228 1178 -1 1180 1228 1179 -1 1228 1180 1181 -1 1182 1228 1181 -1 1183 1228 1182 -1 1261 1228 1183 -1 1184 1261 1183 -1 1260 1261 1184 -1 1185 1260 1184 -1 1259 1260 1185 -1 1186 1259 1185 -1 1258 1259 1186 -1 1187 1258 1186 -1 1188 1258 1187 -1 1257 1258 1188 -1 1189 1257 1188 -1 1256 1257 1189 -1 1190 1256 1189 -1 1255 1256 1190 -1 1191 1255 1190 -1 1254 1255 1191 -1 1192 1254 1191 -1 1193 1254 1192 -1 1253 1254 1193 -1 1194 1253 1193 -1 1252 1253 1194 -1 1195 1252 1194 -1 1251 1252 1195 -1 1250 1251 1195 -1 1249 1250 1195 -1 1248 1249 1195 -1 1247 1248 1195 -1 1196 1247 1195 -1 1246 1247 1196 -1 1245 1246 1196 -1 1244 1245 1196 -1 1197 1244 1196 -1 1149 1244 1197 -1 1244 1149 1150 -1 1151 1244 1150 -1 1243 1244 1151 -1 1242 1243 1151 -1 1241 1242 1151 -1 1152 1241 1151 -1 1240 1241 1152 -1 1239 1240 1152 -1 1238 1239 1152 -1 1237 1238 1152 -1 1153 1237 1152 -1 1236 1237 1153 -1 1235 1236 1153 -1 1234 1235 1153 -1 1154 1234 1153 -1 1233 1234 1154 -1 1232 1233 1154 -1 1231 1232 1154 -1 1155 1231 1154 -1 1230 1231 1155 -1 1278 1230 1155 -1 1156 1278 1155 -1 1277 1278 1156 -1 1276 1277 1156 -1 1157 1276 1156 -1 1275 1276 1157 -1 1158 1275 1157 -1 1274 1275 1158 -1 1159 1274 1158 -1 1273 1274 1159 -1 1272 1273 1159 -1 1160 1272 1159 -1 1271 1272 1160 -1 1161 1271 1160 -1 1270 1271 1161 -1 1162 1270 1161 -1 1163 1270 1162 -1 1270 1163 1164 -1 1207 1283 1284 -1 1285 1207 1284 -1 1286 1207 1285 -1 1207 1286 1287 -1 1288 1207 1287 -1 1289 1207 1288 -1 1207 1289 1290 -1 1291 1207 1290 -1 1262 1207 1291 -1 1207 1262 1263 -1 1264 1207 1263 -1 1265 1207 1264 -1 1207 1265 1266 -1 1267 1207 1266 -1 1268 1207 1267 -1 1207 1268 1269 -1 1270 1798 1207 1269 -1 984 985 499 -1 985 986 499 -1 986 987 499 -1 989 990 512 -1 "
						                >
							<Coordinate USE="coords_ME_Body_003" />
							<TextureCoordinate point="0.0000 0.0000 0.0000 0.0000 0.0000 0.0000 0.0000 0.0000 0.0000 0.0000 0.0000 0.0000 0.0000 0.0000 0.0000 0.0000 0.0000 0.0000 0.0000 0.0000 0.0000 0.0000 0.0000 0.0000 0.0000 0.0000 0.0000 0.0000 0.0000 0.0000 0.0000 0.0000 0.0000 0.0000 0.0000 0.0000 0.0000 0.0000 0.0000 0.0000 0.0000 0.0000 0.0000 0.0000 0.0000 0.0000 0.0000 0.0000 0.0000 0.0000 0.0000 0.0000 0.0000 0.0000 0.0000 0.0000 0.0000 0.0000 0.0000 0.0000 0.0000 0.0000 0.0000 0.0000 0.0000 0.0000 0.0000 0.0000 0.0000 0.0000 0.0000 0.0000 0.0000 0.0000 0.0000 0.0000 0.0000 0.0000 0.0000 0.0000 0.0000 0.0000 0.0000 0.0000 0.0000 0.0000 0.0000 0.0000 0.0000 0.0000 0.0000 0.0000 0.0000 0.0000 0.0000 0.0000 0.0000 0.0000 0.0000 0.0000 0.0000 0.0000 0.0000 0.0000 0.0000 0.0000 0.0000 0.0000 0.0000 0.0000 0.0000 0.0000 0.0000 0.0000 0.0000 0.0000 0.0000 0.0000 0.0000 0.0000 0.0000 0.0000 0.0000 0.0000 0.0000 0.0000 0.0000 0.0000 0.0000 0.0000 0.0000 0.0000 0.0000 0.0000 0.0000 0.0000 0.0000 0.0000 0.0000 0.0000 0.0000 0.0000 0.0000 0.0000 0.0000 0.0000 0.0000 0.0000 0.0000 0.0000 0.0000 0.0000 0.0000 0.0000 0.0000 0.0000 0.0000 0.0000 0.0000 0.0000 0.0000 0.0000 0.0000 0.0000 0.0000 0.0000 0.0000 0.0000 0.0000 0.0000 0.0000 0.0000 0.0000 0.0000 0.0000 0.0000 0.0000 0.0000 0.0000 0.0000 0.0000 0.0000 0.0000 0.0000 0.0000 0.0000 0.0000 0.0000 0.0000 0.0000 0.0000 0.0000 0.0000 0.0000 0.0000 0.0000 0.0000 0.0000 0.0000 0.0000 0.0000 0.0000 0.0000 0.0000 0.0000 0.0000 0.0000 0.0000 0.0000 0.0000 0.0000 0.0000 0.0000 0.0000 0.0000 0.0000 0.0000 0.0000 0.0000 0.0000 0.0000 0.0000 0.0000 0.0000 0.0000 0.0000 0.0000 0.0000 0.0000 0.0000 0.0000 0.0000 0.0000 0.0000 0.0000 0.0000 0.0000 0.0000 0.0000 0.0000 0.0000 0.0000 0.0000 0.0000 0.0000 0.0000 0.0000 0.0000 0.0000 0.0000 0.0000 0.0000 0.0000 0.0000 0.0000 0.0000 0.0000 0.0000 0.0000 0.0000 0.0000 0.0000 0.0000 0.0000 0.0000 0.0000 0.0000 0.0000 0.0000 0.0000 0.0000 0.0000 0.0000 0.0000 0.0000 0.0000 0.0000 0.0000 0.0000 0.0000 0.0000 0.0000 0.0000 0.0000 0.0000 0.0000 0.0000 0.0000 0.0000 0.0000 0.0000 0.0000 0.0000 0.0000 0.0000 0.0000 0.0000 0.0000 0.0000 0.0000 0.0000 0.0000 0.0000 0.0000 0.0000 0.0000 0.0000 0.0000 0.0000 0.0000 0.0000 0.0000 0.0000 0.0000 0.0000 0.0000 0.0000 0.0000 0.0000 0.0000 0.0000 0.0000 0.0000 0.0000 0.0000 0.0000 0.0000 0.0000 0.0000 0.0000 0.0000 0.0000 0.0000 0.0000 0.0000 0.0000 0.0000 0.0000 0.0000 0.0000 0.0000 0.0000 0.0000 0.0000 0.0000 0.0000 0.0000 0.0000 0.0000 0.0000 0.0000 0.0000 0.0000 0.0000 0.0000 0.0000 0.0000 0.0000 0.0000 0.0000 0.0000 0.0000 0.0000 0.0000 0.0000 0.0000 0.0000 0.0000 0.0000 0.0000 0.0000 0.0000 0.0000 0.0000 0.0000 0.0000 0.0000 0.0000 0.0000 0.0000 0.0000 0.0000 0.0000 0.0000 0.0000 0.0000 0.0000 0.0000 0.0000 0.0000 0.0000 0.0000 0.0000 0.0000 0.0000 0.0000 0.0000 0.0000 0.0000 0.0000 0.0000 0.0000 0.0000 0.0000 0.0000 0.0000 0.0000 0.0000 0.0000 0.0000 0.0000 0.0000 0.0000 0.0000 0.0000 0.0000 0.0000 0.0000 0.0000 0.0000 0.0000 0.0000 0.0000 0.0000 0.0000 0.0000 0.0000 0.0000 0.0000 0.0000 0.0000 0.0000 0.0000 0.0000 0.0000 0.0000 0.0000 0.0000 0.0000 0.0000 0.0000 0.0000 0.0000 0.0000 0.0000 0.0000 0.0000 0.0000 0.0000 0.0000 0.0000 0.0000 0.0000 0.0000 0.0000 0.0000 0.0000 0.0000 0.0000 0.0000 0.0000 0.0000 0.0000 0.0000 0.0000 0.0000 0.0000 0.0000 0.0000 0.0000 0.0000 0.0000 0.0000 0.0000 0.0000 0.0000 0.0000 0.0000 0.0000 0.0000 0.0000 0.0000 0.0000 0.0000 0.0000 0.0000 0.0000 0.0000 0.0000 0.0000 0.0000 0.0000 0.0000 0.0000 0.0000 0.0000 0.0000 0.0000 0.0000 0.0000 0.0000 0.0000 0.0000 0.0000 0.0000 0.0000 0.0000 0.0000 0.0000 0.0000 0.0000 0.0000 0.0000 0.0000 0.0000 0.0000 0.0000 0.0000 0.0000 0.0000 0.0000 0.0000 0.0000 0.0000 0.0000 0.0000 0.0000 0.0000 0.0000 0.0000 0.0000 0.0000 0.0000 0.0000 0.0000 0.0000 0.0000 0.0000 0.0000 0.0000 0.0000 0.0000 0.0000 0.0000 0.0000 0.0000 0.0000 0.0000 0.0000 0.0000 0.0000 0.0000 0.0000 0.0000 0.0000 0.0000 0.0000 0.0000 0.0000 0.0000 0.0000 0.0000 0.0000 0.0000 0.0000 0.0000 0.0000 0.0000 0.0000 0.0000 0.0000 0.0000 0.0000 0.0000 0.0000 0.0000 0.0000 0.0000 0.0000 0.0000 0.0000 0.0000 0.0000 0.0000 0.0000 0.0000 0.0000 0.0000 0.0000 0.0000 0.0000 0.0000 0.0000 0.0000 0.0000 0.0000 0.0000 0.0000 0.0000 0.0000 0.0000 0.0000 0.0000 0.0000 0.0000 0.0000 0.0000 0.0000 0.0000 0.0000 0.0000 0.0000 0.0000 0.0000 0.0000 0.0000 0.0000 0.0000 0.0000 0.0000 0.0000 0.0000 0.0000 0.0000 0.0000 0.0000 0.0000 0.0000 0.0000 0.0000 0.0000 0.0000 0.0000 0.0000 0.0000 0.0000 0.0000 0.0000 0.0000 0.0000 0.0000 0.0000 0.0000 0.0000 0.0000 0.0000 0.0000 0.0000 0.0000 0.0000 0.0000 0.0000 0.0000 0.0000 0.0000 0.0000 0.0000 0.0000 0.0000 0.0000 0.0000 0.0000 0.0000 0.0000 0.0000 0.0000 0.0000 0.0000 0.0000 0.0000 0.0000 0.0000 0.0000 0.0000 0.0000 0.0000 0.0000 0.0000 0.0000 0.0000 0.0000 0.0000 0.0000 0.0000 0.0000 0.0000 0.0000 0.0000 0.0000 0.0000 0.0000 0.0000 0.0000 0.0000 0.0000 0.0000 0.0000 0.0000 0.0000 0.0000 0.0000 0.0000 0.0000 0.0000 0.0000 0.0000 0.0000 0.0000 0.0000 0.0000 0.0000 0.0000 0.0000 0.0000 0.0000 0.0000 0.0000 0.0000 0.0000 0.0000 0.0000 0.0000 0.0000 0.0000 0.0000 0.0000 0.0000 0.0000 0.0000 0.0000 0.0000 0.0000 0.0000 0.0000 0.0000 0.0000 0.0000 0.0000 0.0000 0.0000 0.0000 0.0000 0.0000 0.0000 0.0000 0.0000 0.0000 0.0000 0.0000 0.0000 0.0000 0.0000 0.0000 0.0000 0.0000 0.0000 0.0000 0.0000 0.0000 0.0000 0.0000 0.0000 0.0000 0.0000 0.0000 0.0000 0.0000 0.0000 0.0000 0.0000 0.0000 0.0000 0.0000 0.0000 0.0000 0.0000 0.0000 0.0000 0.0000 0.0000 0.0000 0.0000 0.0000 0.0000 0.0000 0.0000 0.0000 0.0000 0.0000 0.0000 0.0000 0.0000 0.0000 0.0000 0.0000 0.0000 0.0000 0.0000 0.0000 0.0000 0.0000 0.0000 0.0000 0.0000 0.0000 0.0000 0.0000 0.0000 0.0000 0.0000 0.0000 0.0000 0.0000 0.0000 0.0000 0.0000 0.0000 0.0000 0.0000 0.0000 0.0000 0.0000 0.0000 0.0000 0.0000 0.0000 0.0000 0.0000 0.0000 0.0000 0.0000 0.0000 0.0000 0.0000 0.0000 0.0000 0.0000 0.0000 0.0000 0.0000 0.0000 0.0000 0.0000 0.0000 0.0000 0.0000 0.0000 0.0000 0.0000 0.0000 0.0000 0.0000 0.0000 0.0000 0.0000 0.0000 0.0000 0.0000 0.0000 0.0000 0.0000 0.0000 0.0000 0.0000 0.0000 0.0000 0.0000 0.0000 0.0000 0.0000 0.0000 0.0000 0.0000 0.0000 0.0000 0.0000 0.0000 0.0000 0.0000 0.0000 0.0000 0.0000 0.0000 0.0000 0.0000 0.0000 0.0000 0.0000 0.0000 0.0000 0.0000 0.0000 0.0000 0.0000 0.0000 0.0000 0.0000 0.0000 0.0000 0.0000 0.0000 0.0000 0.0000 0.0000 0.0000 0.0000 0.0000 0.0000 0.0000 0.0000 0.0000 0.0000 0.0000 0.0000 0.0000 0.0000 0.0000 0.0000 0.0000 0.0000 0.0000 0.0000 0.0000 0.0000 0.0000 0.0000 0.0000 0.0000 0.0000 0.0000 0.0000 0.0000 0.0000 0.0000 0.0000 0.0000 0.0000 0.0000 0.0000 0.0000 0.0000 0.0000 0.0000 0.0000 0.0000 0.0000 0.0000 0.0000 0.0000 0.0000 0.0000 0.0000 0.0000 0.0000 0.0000 0.0000 0.0000 0.0000 0.0000 0.0000 0.0000 0.0000 0.0000 0.0000 0.0000 0.0000 0.0000 0.0000 0.0000 0.0000 0.0000 0.0000 0.0000 0.0000 0.0000 0.0000 0.0000 0.0000 0.0000 0.0000 0.0000 0.0000 0.0000 0.0000 0.0000 0.0000 0.0000 0.0000 0.0000 0.0000 0.0000 0.0000 0.0000 0.0000 0.0000 0.0000 0.0000 0.0000 0.0000 0.0000 0.0000 0.0000 0.0000 0.0000 0.0000 0.0000 0.0000 0.0000 0.0000 0.0000 0.0000 0.0000 0.0000 0.0000 0.0000 0.0000 0.0000 0.0000 0.0000 0.0000 0.0000 0.0000 0.0000 0.0000 0.0000 0.0000 0.0000 0.0000 0.0000 0.0000 0.0000 0.0000 0.0000 0.0000 0.0000 0.0000 0.0000 0.0000 0.0000 0.0000 0.0000 0.0000 0.0000 0.0000 0.0000 0.0000 0.0000 0.0000 0.0000 0.0000 0.0000 0.0000 0.0000 0.0000 0.0000 0.0000 0.0000 0.0000 0.0000 0.0000 0.0000 0.0000 0.0000 0.0000 0.0000 0.0000 0.0000 0.0000 0.0000 0.0000 0.0000 0.0000 0.0000 0.0000 0.0000 0.0000 0.0000 0.0000 0.0000 0.0000 0.0000 0.0000 0.0000 0.0000 0.0000 0.0000 0.0000 0.0000 0.0000 0.0000 0.0000 0.0000 0.0000 0.0000 0.0000 0.0000 0.0000 0.0000 0.0000 0.0000 0.0000 0.0000 0.0000 0.0000 0.0000 0.0000 0.0000 0.0000 0.0000 0.0000 0.0000 0.0000 0.0000 0.0000 0.0000 0.0000 0.0000 0.0000 0.0000 0.0000 0.0000 0.0000 0.0000 0.0000 0.0000 0.0000 0.0000 0.0000 0.0000 0.0000 0.0000 0.0000 0.0000 0.0000 0.0000 0.0000 0.0000 0.0000 0.0000 0.0000 0.0000 0.0000 0.0000 0.0000 0.0000 0.0000 0.0000 0.0000 0.0000 0.0000 0.0000 0.0000 0.0000 0.0000 0.0000 0.0000 0.0000 0.0000 0.0000 0.0000 0.0000 0.0000 0.0000 0.0000 0.0000 0.0000 0.0000 0.0000 0.0000 0.0000 0.0000 0.0000 0.0000 0.0000 0.0000 0.0000 0.0000 0.0000 0.0000 0.0000 0.0000 0.0000 0.0000 0.0000 0.0000 0.0000 0.0000 0.0000 0.0000 0.0000 0.0000 0.0000 0.0000 0.0000 0.0000 0.0000 0.0000 0.0000 0.0000 0.0000 0.0000 0.0000 0.0000 0.0000 0.0000 0.0000 0.0000 0.0000 0.0000 0.0000 0.0000 0.0000 0.0000 0.0000 0.0000 0.0000 0.0000 0.0000 0.0000 0.0000 0.0000 0.0000 0.0000 0.0000 0.0000 0.0000 0.0000 0.0000 0.0000 0.0000 0.0000 0.0000 0.0000 0.0000 0.0000 0.0000 0.0000 0.0000 0.0000 0.0000 0.0000 0.0000 0.0000 0.0000 0.0000 0.0000 0.0000 0.0000 0.0000 0.0000 0.0000 0.0000 0.0000 0.0000 0.0000 0.0000 0.0000 0.0000 0.0000 0.0000 0.0000 0.0000 0.0000 0.0000 0.0000 0.0000 0.0000 0.0000 0.0000 0.0000 0.0000 0.0000 0.0000 0.0000 0.0000 0.0000 0.0000 0.0000 0.0000 0.0000 0.0000 0.0000 0.0000 0.0000 0.0000 0.0000 0.0000 0.0000 0.0000 0.0000 0.0000 0.0000 0.0000 0.0000 0.0000 0.0000 0.0000 0.0000 0.0000 0.0000 0.0000 0.0000 0.0000 0.0000 0.0000 0.0000 0.0000 0.0000 0.0000 0.0000 0.0000 0.0000 0.0000 0.0000 0.0000 0.0000 0.0000 0.0000 0.0000 0.0000 0.0000 0.0000 0.0000 0.0000 0.0000 0.0000 0.0000 0.0000 0.0000 0.0000 0.0000 0.0000 0.0000 0.0000 0.0000 0.0000 0.0000 0.0000 0.0000 0.0000 0.0000 0.0000 0.0000 0.0000 0.0000 0.0000 0.0000 0.0000 0.0000 0.0000 0.0000 0.0000 0.0000 0.0000 0.0000 0.0000 0.0000 0.0000 0.0000 0.0000 0.0000 0.0000 0.0000 0.0000 0.0000 0.0000 0.0000 0.0000 0.0000 0.0000 0.0000 0.0000 0.0000 0.0000 0.0000 0.0000 0.0000 0.0000 0.0000 0.0000 0.0000 0.0000 0.0000 0.0000 0.0000 0.0000 0.0000 0.0000 0.0000 0.0000 0.0000 0.0000 0.0000 0.0000 0.0000 0.0000 0.0000 0.0000 0.0000 0.0000 0.0000 0.0000 0.0000 0.0000 0.0000 0.0000 0.0000 0.0000 0.0000 0.0000 0.0000 0.0000 0.0000 0.0000 0.0000 0.0000 0.0000 0.0000 0.0000 0.0000 0.0000 0.0000 0.0000 0.0000 0.0000 0.0000 0.0000 0.0000 0.0000 0.0000 0.0000 0.0000 0.0000 0.0000 0.0000 0.0000 0.0000 0.0000 0.0000 0.0000 0.0000 0.0000 0.0000 0.0000 0.0000 0.0000 0.0000 0.0000 0.0000 0.0000 0.0000 0.0000 0.0000 0.0000 0.0000 0.0000 0.0000 0.0000 0.0000 0.0000 0.0000 0.0000 0.0000 0.0000 0.0000 0.0000 0.0000 0.0000 0.0000 0.0000 0.0000 0.0000 0.0000 0.0000 0.0000 0.0000 0.0000 0.0000 0.0000 0.0000 0.0000 0.0000 0.0000 0.0000 0.0000 0.0000 0.0000 0.0000 0.0000 0.0000 0.0000 0.0000 0.0000 0.0000 0.0000 0.0000 0.0000 0.0000 0.0000 0.0000 0.0000 0.0000 0.0000 0.0000 0.0000 0.0000 0.0000 0.0000 0.0000 0.0000 0.0000 0.0000 0.0000 0.0000 0.0000 0.0000 0.0000 0.0000 0.0000 0.0000 0.0000 0.0000 0.0000 0.0000 0.0000 0.0000 0.0000 0.0000 0.0000 0.0000 0.0000 0.0000 0.0000 0.0000 0.0000 0.0000 0.0000 0.0000 0.0000 0.0000 0.0000 0.0000 0.0000 0.0000 0.0000 0.0000 0.0000 0.0000 0.0000 0.0000 0.0000 0.0000 0.0000 0.0000 0.0000 0.0000 0.0000 0.0000 0.0000 0.0000 0.0000 0.0000 0.0000 0.0000 0.0000 0.0000 0.0000 0.0000 0.0000 0.0000 0.0000 0.0000 0.0000 0.0000 0.0000 0.0000 0.0000 0.0000 0.0000 0.0000 0.0000 0.0000 0.0000 0.0000 0.0000 0.0000 0.0000 0.0000 0.0000 0.0000 0.0000 0.0000 0.0000 0.0000 0.0000 0.0000 0.0000 0.0000 0.0000 0.0000 0.0000 0.0000 0.0000 0.0000 0.0000 0.0000 0.0000 0.0000 0.0000 0.0000 0.0000 0.0000 0.0000 0.0000 0.0000 0.0000 0.0000 0.0000 0.0000 0.0000 0.0000 0.0000 0.0000 0.0000 0.0000 0.0000 0.0000 0.0000 0.0000 0.0000 0.0000 0.0000 0.0000 0.0000 0.0000 0.0000 0.0000 0.0000 0.0000 0.0000 0.0000 0.0000 0.0000 0.0000 0.0000 0.0000 0.0000 0.0000 0.0000 0.0000 0.0000 0.0000 0.0000 0.0000 0.0000 0.0000 0.0000 0.0000 0.0000 0.0000 0.0000 0.0000 0.0000 0.0000 0.0000 0.0000 0.0000 0.0000 0.0000 0.0000 0.0000 0.0000 0.0000 0.0000 0.0000 0.0000 0.0000 0.0000 0.0000 0.0000 0.0000 0.0000 0.0000 0.0000 0.0000 0.0000 0.0000 0.0000 0.0000 0.0000 0.0000 0.0000 0.0000 0.0000 0.0000 0.0000 0.0000 0.0000 0.0000 0.0000 0.0000 0.0000 0.0000 0.0000 0.0000 0.0000 0.0000 0.0000 0.0000 0.0000 0.0000 0.0000 0.0000 0.0000 0.0000 0.0000 0.0000 0.0000 0.0000 0.0000 0.0000 0.0000 0.0000 0.0000 0.0000 0.0000 0.0000 0.0000 0.0000 0.0000 0.0000 0.0000 0.0000 0.0000 0.0000 0.0000 0.0000 0.0000 0.0000 0.0000 0.0000 0.0000 0.0000 0.0000 0.0000 0.0000 0.0000 0.0000 0.0000 0.0000 0.0000 0.0000 0.0000 0.0000 0.0000 0.0000 0.0000 0.0000 0.0000 0.0000 0.0000 0.0000 0.0000 0.0000 0.0000 0.0000 0.0000 0.0000 0.0000 0.0000 0.0000 0.0000 0.0000 0.0000 0.0000 0.0000 0.0000 0.0000 0.0000 0.0000 0.0000 0.0000 0.0000 0.0000 0.0000 0.0000 0.0000 0.0000 0.0000 0.0000 0.0000 0.0000 0.0000 0.0000 0.0000 0.0000 0.0000 0.0000 0.0000 0.0000 0.0000 0.0000 0.0000 0.0000 0.0000 0.0000 0.0000 0.0000 0.0000 0.0000 0.0000 0.0000 0.0000 0.0000 0.0000 0.0000 0.0000 0.0000 0.0000 0.0000 0.0000 0.0000 0.0000 0.0000 0.0000 0.0000 0.0000 0.0000 0.0000 0.0000 0.0000 0.0000 0.0000 0.0000 0.0000 0.0000 0.0000 0.0000 0.0000 0.0000 0.0000 0.0000 0.0000 0.0000 0.0000 0.0000 0.0000 0.0000 0.0000 0.0000 0.0000 0.0000 0.0000 0.0000 0.0000 0.0000 0.0000 0.0000 0.0000 0.0000 0.0000 0.0000 0.0000 0.0000 0.0000 0.0000 0.0000 0.0000 0.0000 0.0000 0.0000 0.0000 0.0000 0.0000 0.0000 0.0000 0.0000 0.0000 0.0000 0.0000 0.0000 0.0000 0.0000 0.0000 0.0000 0.0000 0.0000 0.0000 0.0000 0.0000 0.0000 0.0000 0.0000 0.0000 0.0000 0.0000 0.0000 0.0000 0.0000 0.0000 0.0000 0.0000 0.0000 0.0000 0.0000 0.0000 0.0000 0.0000 0.0000 0.0000 0.0000 0.0000 0.0000 0.0000 0.0000 0.0000 0.0000 0.0000 0.0000 0.0000 0.0000 0.0000 0.0000 0.0000 0.0000 0.0000 0.0000 0.0000 0.0000 0.0000 0.0000 0.0000 0.0000 0.0000 0.0000 0.0000 0.0000 0.0000 0.0000 0.0000 0.0000 0.0000 0.0000 0.0000 0.0000 0.0000 0.0000 0.0000 0.0000 0.0000 0.0000 0.0000 0.0000 0.0000 0.0000 0.0000 0.0000 0.0000 0.0000 0.0000 0.0000 0.0000 0.0000 0.0000 0.0000 0.0000 0.0000 0.0000 0.0000 0.0000 0.0000 0.0000 0.0000 0.0000 0.0000 0.0000 0.0000 0.0000 0.0000 0.0000 0.0000 0.0000 0.0000 0.0000 0.0000 0.0000 0.0000 0.0000 0.0000 0.0000 0.0000 0.0000 0.0000 0.0000 0.0000 0.0000 0.0000 0.0000 0.0000 0.0000 0.0000 0.0000 0.0000 0.0000 0.0000 0.0000 0.0000 0.0000 0.0000 0.0000 0.0000 0.0000 0.0000 0.0000 0.0000 0.0000 0.0000 0.0000 0.0000 0.0000 0.0000 0.0000 0.0000 0.0000 0.0000 0.0000 0.0000 0.0000 0.0000 0.0000 0.0000 0.0000 0.0000 0.0000 0.0000 0.0000 0.0000 0.0000 0.0000 0.0000 0.0000 0.0000 0.0000 0.0000 0.0000 0.0000 0.0000 0.0000 0.0000 0.0000 0.0000 0.0000 0.0000 0.0000 0.0000 0.0000 0.0000 0.0000 0.0000 0.0000 0.0000 0.0000 0.0000 0.0000 0.0000 0.0000 0.0000 0.0000 0.0000 0.0000 0.0000 0.0000 0.0000 0.0000 0.0000 0.0000 0.0000 0.0000 0.0000 0.0000 0.0000 0.0000 0.0000 0.0000 0.0000 0.0000 0.0000 0.0000 0.0000 0.0000 0.0000 0.0000 0.0000 0.0000 0.0000 0.0000 0.0000 0.0000 0.0000 0.0000 0.0000 0.0000 0.0000 0.0000 0.0000 0.0000 0.0000 0.0000 0.0000 0.0000 0.0000 0.0000 0.0000 0.0000 0.0000 0.0000 0.0000 0.0000 0.0000 0.0000 0.0000 0.0000 0.0000 0.0000 0.0000 0.0000 0.0000 0.0000 0.0000 0.0000 0.0000 0.0000 0.0000 0.0000 0.0000 0.0000 0.0000 0.0000 0.0000 0.0000 0.0000 0.0000 0.0000 0.0000 0.0000 0.0000 0.0000 0.0000 0.0000 0.0000 0.0000 0.0000 0.0000 0.0000 0.0000 0.0000 0.0000 0.0000 0.0000 0.0000 0.0000 0.0000 0.0000 0.0000 0.0000 0.0000 0.0000 0.0000 0.0000 0.0000 0.0000 0.0000 0.0000 0.0000 0.0000 0.0000 0.0000 0.0000 0.0000 0.0000 0.0000 0.0000 0.0000 0.0000 0.0000 0.0000 0.0000 0.0000 0.0000 0.0000 0.0000 0.0000 0.0000 0.0000 0.0000 0.0000 0.0000 0.0000 0.0000 0.0000 0.0000 0.0000 0.0000 0.0000 0.0000 0.0000 0.0000 0.0000 0.0000 0.0000 0.0000 0.0000 0.0000 0.0000 0.0000 0.0000 0.0000 0.0000 0.0000 0.0000 0.0000 0.0000 0.0000 0.0000 0.0000 0.0000 0.0000 0.0000 0.0000 0.0000 0.0000 0.0000 0.0000 0.0000 0.0000 0.0000 0.0000 0.0000 0.0000 0.0000 0.0000 0.0000 0.0000 0.0000 0.0000 0.0000 0.0000 0.0000 0.0000 0.0000 0.0000 0.0000 0.0000 0.0000 0.0000 0.0000 0.0000 0.0000 0.0000 0.0000 0.0000 0.0000 0.0000 0.0000 0.0000 0.0000 0.0000 0.0000 0.0000 0.0000 0.0000 0.0000 0.0000 0.0000 0.0000 0.0000 0.0000 0.0000 0.0000 0.0000 0.0000 0.0000 0.0000 0.0000 0.0000 0.0000 0.0000 0.0000 0.0000 0.0000 0.0000 0.0000 0.0000 0.0000 0.0000 0.0000 0.0000 0.0000 0.0000 0.0000 0.0000 0.0000 0.0000 0.0000 0.0000 0.0000 0.0000 0.0000 0.0000 0.0000 0.0000 0.0000 0.0000 0.0000 0.0000 0.0000 0.0000 0.0000 0.0000 0.0000 0.0000 0.0000 0.0000 0.0000 0.0000 0.0000 0.0000 0.0000 0.0000 0.0000 0.0000 0.0000 0.0000 0.0000 0.0000 0.0000 0.0000 0.0000 0.0000 0.0000 0.0000 0.0000 0.0000 0.0000 0.0000 0.0000 0.0000 0.0000 0.0000 0.0000 0.0000 0.0000 0.0000 0.0000 0.0000 0.0000 0.0000 0.0000 0.0000 0.0000 0.0000 0.0000 0.0000 0.0000 0.0000 0.0000 0.0000 0.0000 0.0000 0.0000 0.0000 0.0000 0.0000 0.0000 0.0000 0.0000 0.0000 0.0000 0.0000 0.0000 0.0000 0.0000 0.0000 0.0000 0.0000 0.0000 0.0000 0.0000 0.0000 0.0000 0.0000 0.0000 0.0000 0.0000 0.0000 0.0000 0.0000 0.0000 0.0000 0.0000 0.0000 0.0000 0.0000 0.0000 0.0000 0.0000 0.0000 0.0000 0.0000 0.0000 0.0000 0.0000 0.0000 0.0000 0.0000 0.0000 0.0000 0.0000 0.0000 0.0000 0.0000 0.0000 0.0000 0.0000 0.0000 0.0000 0.0000 0.0000 0.0000 0.0000 0.0000 0.0000 0.0000 0.0000 0.0000 0.0000 0.0000 0.0000 0.0000 0.0000 0.0000 0.0000 0.0000 0.0000 0.0000 0.0000 0.0000 0.0000 0.0000 0.0000 0.0000 0.0000 0.0000 0.0000 0.0000 0.0000 0.0000 0.0000 0.0000 0.0000 0.0000 0.0000 0.0000 0.0000 0.0000 0.0000 0.0000 0.0000 0.0000 0.0000 0.0000 0.0000 0.0000 0.0000 0.0000 0.0000 0.0000 0.0000 0.0000 0.0000 0.0000 0.0000 0.0000 0.0000 0.0000 0.0000 0.0000 0.0000 0.0000 0.0000 0.0000 0.0000 0.0000 0.0000 0.0000 0.0000 0.0000 0.0000 0.0000 0.0000 0.0000 0.0000 0.0000 0.0000 0.0000 0.0000 0.0000 0.0000 0.0000 0.0000 0.0000 0.0000 0.0000 0.0000 0.0000 0.0000 0.0000 0.0000 0.0000 0.0000 0.0000 0.0000 0.0000 0.0000 0.0000 0.0000 0.0000 0.0000 0.0000 0.0000 0.0000 0.0000 0.0000 0.0000 0.0000 0.0000 0.0000 0.0000 0.0000 0.0000 0.0000 0.0000 0.0000 0.0000 0.0000 0.0000 0.0000 0.0000 0.0000 0.0000 0.0000 0.0000 0.0000 0.0000 0.0000 0.0000 0.0000 0.0000 0.0000 0.0000 0.0000 0.0000 0.0000 0.0000 0.0000 0.0000 0.0000 0.0000 0.0000 0.0000 0.0000 0.0000 0.0000 0.0000 0.0000 0.0000 0.0000 0.0000 0.0000 0.0000 0.0000 0.0000 0.0000 0.0000 0.0000 0.0000 0.0000 0.0000 0.0000 0.0000 0.0000 0.0000 0.0000 0.0000 0.0000 0.0000 0.0000 0.0000 0.0000 0.0000 0.0000 0.0000 0.0000 0.0000 0.0000 0.0000 0.0000 0.0000 0.0000 0.0000 0.0000 0.0000 0.0000 0.0000 0.0000 0.0000 0.0000 0.0000 0.0000 0.0000 0.0000 0.0000 0.0000 0.0000 0.0000 0.0000 0.0000 0.0000 0.0000 0.0000 0.0000 0.0000 0.0000 0.0000 0.0000 0.0000 0.0000 0.0000 0.0000 0.0000 0.0000 0.0000 0.0000 0.0000 0.0000 0.0000 0.0000 0.0000 0.0000 0.0000 0.0000 0.0000 0.0000 0.0000 0.0000 0.0000 0.0000 0.0000 0.0000 0.0000 0.0000 0.0000 0.0000 0.0000 0.0000 0.0000 0.0000 0.0000 0.0000 0.0000 0.0000 0.0000 0.0000 0.0000 0.0000 0.0000 0.0000 0.0000 0.0000 0.0000 0.0000 0.0000 0.0000 0.0000 0.0000 0.0000 0.0000 0.0000 0.0000 0.0000 0.0000 0.0000 0.0000 0.0000 0.0000 0.0000 0.0000 0.0000 0.0000 0.0000 0.0000 0.0000 0.0000 0.0000 0.0000 0.0000 0.0000 0.0000 0.0000 0.0000 0.0000 0.0000 0.0000 0.0000 0.0000 0.0000 0.0000 0.0000 0.0000 0.0000 0.0000 0.0000 0.0000 0.0000 0.0000 0.0000 0.0000 0.0000 0.0000 0.0000 0.0000 0.0000 0.0000 0.0000 0.0000 0.0000 0.0000 0.0000 0.0000 0.0000 0.0000 0.0000 0.0000 0.0000 0.0000 0.0000 0.0000 0.0000 0.0000 0.0000 0.0000 0.0000 0.0000 0.0000 0.0000 0.0000 0.0000 0.0000 0.0000 0.0000 0.0000 0.0000 0.0000 0.0000 0.0000 0.0000 0.0000 0.0000 0.0000 0.0000 0.0000 0.0000 0.0000 0.0000 0.0000 0.0000 0.0000 0.0000 0.0000 0.0000 0.0000 0.0000 0.0000 0.0000 0.0000 0.0000 0.0000 0.0000 0.0000 0.0000 0.0000 0.0000 0.0000 0.0000 0.0000 0.0000 0.0000 0.0000 0.0000 0.0000 0.0000 0.0000 0.0000 0.0000 0.0000 0.0000 0.0000 0.0000 0.0000 0.0000 0.0000 0.0000 0.0000 0.0000 0.0000 0.0000 0.0000 0.0000 0.0000 0.0000 0.0000 0.0000 0.0000 0.0000 0.0000 0.0000 0.0000 0.0000 0.0000 0.0000 0.0000 0.0000 0.0000 0.0000 0.0000 0.0000 0.0000 0.0000 0.0000 0.0000 0.0000 0.0000 0.0000 0.0000 0.0000 0.0000 0.0000 0.0000 0.0000 0.0000 0.0000 0.0000 0.0000 0.0000 0.0000 0.0000 0.0000 0.0000 0.0000 0.0000 0.0000 0.0000 0.0000 0.0000 0.0000 0.0000 0.0000 0.0000 0.0000 0.0000 0.0000 0.0000 0.0000 0.0000 0.0000 0.0000 0.0000 0.0000 0.0000 0.0000 0.0000 0.0000 0.0000 0.0000 0.0000 0.0000 0.0000 0.0000 0.0000 0.0000 0.0000 0.0000 0.0000 0.0000 0.0000 0.0000 0.0000 0.0000 0.0000 0.0000 0.0000 0.0000 0.0000 0.0000 0.0000 0.0000 0.0000 0.0000 0.0000 0.0000 0.0000 0.0000 0.0000 0.0000 0.0000 0.0000 0.0000 0.0000 0.0000 0.0000 0.0000 0.0000 0.0000 0.0000 0.0000 0.0000 0.0000 0.0000 0.0000 0.0000 0.0000 0.0000 0.0000 0.0000 0.0000 0.0000 0.0000 0.0000 0.0000 0.0000 0.0000 0.0000 0.0000 0.0000 0.0000 0.0000 0.0000 0.0000 0.0000 0.0000 0.0000 0.0000 0.0000 0.0000 0.0000 0.0000 0.0000 0.0000 0.0000 0.0000 0.0000 0.0000 0.0000 0.0000 0.0000 0.0000 0.0000 0.0000 0.0000 0.0000 0.0000 0.0000 0.0000 0.0000 0.0000 0.0000 0.0000 0.0000 0.0000 0.0000 0.0000 0.0000 0.0000 0.0000 0.0000 0.0000 0.0000 0.0000 0.0000 0.0000 0.0000 0.0000 0.0000 0.0000 0.0000 0.0000 0.0000 0.0000 0.0000 0.0000 0.0000 0.0000 0.0000 0.0000 0.0000 0.0000 0.0000 0.0000 0.0000 0.0000 0.0000 0.0000 0.0000 0.0000 0.0000 0.0000 0.0000 0.0000 0.0000 0.0000 0.0000 0.0000 0.0000 0.0000 0.0000 0.0000 0.0000 0.0000 0.0000 0.0000 0.0000 0.0000 0.0000 0.0000 0.0000 0.0000 0.0000 0.0000 0.0000 0.0000 0.0000 0.0000 0.0000 0.0000 0.0000 0.0000 0.0000 0.0000 0.0000 0.0000 0.0000 0.0000 0.0000 0.0000 0.0000 0.0000 0.0000 0.0000 0.0000 0.0000 0.0000 0.0000 0.0000 0.0000 0.0000 0.0000 0.0000 0.0000 0.0000 0.0000 0.0000 0.0000 0.0000 0.0000 0.0000 0.0000 0.0000 0.0000 0.0000 0.0000 0.0000 0.0000 0.0000 0.0000 0.0000 0.0000 0.0000 0.0000 0.0000 0.0000 0.0000 0.0000 0.0000 0.0000 0.0000 0.0000 0.0000 0.0000 0.0000 0.0000 0.0000 0.0000 0.0000 0.0000 0.0000 0.0000 0.0000 0.0000 0.0000 0.0000 0.0000 0.0000 0.0000 0.0000 0.0000 0.0000 0.0000 0.0000 0.0000 0.0000 0.0000 0.0000 0.0000 0.0000 0.0000 0.0000 0.0000 0.0000 0.0000 0.0000 0.0000 0.0000 0.0000 0.0000 0.0000 0.0000 0.0000 0.0000 0.0000 0.0000 0.0000 0.0000 0.0000 0.0000 0.0000 0.0000 0.0000 0.0000 0.0000 0.0000 0.0000 0.0000 0.0000 0.0000 0.0000 0.0000 0.0000 0.0000 0.0000 0.0000 0.0000 0.0000 0.0000 0.0000 0.0000 0.0000 0.0000 0.0000 0.0000 0.0000 0.0000 0.0000 0.0000 0.0000 0.0000 0.0000 0.0000 0.0000 0.0000 0.0000 0.0000 0.0000 0.0000 0.0000 0.0000 0.0000 0.0000 0.0000 0.0000 0.0000 0.0000 0.0000 0.0000 0.0000 0.0000 0.0000 0.0000 0.0000 0.0000 0.0000 0.0000 0.0000 0.0000 0.0000 0.0000 0.0000 0.0000 0.0000 0.0000 0.0000 0.0000 0.0000 0.0000 0.0000 0.0000 0.0000 0.0000 0.0000 0.0000 0.0000 0.0000 0.0000 0.0000 0.0000 0.0000 0.0000 0.0000 0.0000 0.0000 0.0000 0.0000 0.0000 0.0000 0.0000 0.0000 0.0000 0.0000 0.0000 0.0000 0.0000 0.0000 0.0000 0.0000 0.0000 0.0000 0.0000 0.0000 0.0000 0.0000 0.0000 0.0000 0.0000 0.0000 0.0000 0.0000 0.0000 0.0000 0.0000 0.0000 0.0000 0.0000 0.0000 0.0000 0.0000 0.0000 0.0000 0.0000 0.0000 0.0000 0.0000 0.0000 0.0000 0.0000 0.0000 0.0000 0.0000 0.0000 0.0000 0.0000 0.0000 0.0000 0.0000 0.0000 0.0000 0.0000 0.0000 0.0000 0.0000 0.0000 0.0000 0.0000 0.0000 0.0000 0.0000 0.0000 0.0000 0.0000 0.0000 0.0000 0.0000 0.0000 0.0000 0.0000 0.0000 0.0000 0.0000 0.0000 0.0000 0.0000 0.0000 0.0000 0.0000 0.0000 0.0000 0.0000 0.0000 0.0000 0.0000 0.0000 0.0000 0.0000 0.0000 0.0000 0.0000 0.0000 0.0000 0.0000 0.0000 0.0000 0.0000 0.0000 0.0000 0.0000 0.0000 0.0000 0.0000 0.0000 0.0000 0.0000 0.0000 0.0000 0.0000 0.0000 0.0000 0.0000 0.0000 0.0000 0.0000 0.0000 0.0000 0.0000 0.0000 0.0000 0.0000 0.0000 0.0000 0.0000 0.0000 0.0000 0.0000 0.0000 0.0000 0.0000 0.0000 0.0000 0.0000 0.0000 0.0000 0.0000 0.0000 0.0000 0.0000 0.0000 0.0000 0.0000 0.0000 0.0000 0.0000 0.0000 0.0000 0.0000 0.0000 0.0000 0.0000 0.0000 0.0000 0.0000 0.0000 0.0000 0.0000 0.0000 0.0000 0.0000 0.0000 0.0000 0.0000 0.0000 0.0000 0.0000 0.0000 0.0000 0.0000 0.0000 0.0000 0.0000 0.0000 0.0000 0.0000 0.0000 0.0000 0.0000 0.0000 0.0000 0.0000 0.0000 0.0000 0.0000 0.0000 0.0000 0.0000 0.0000 0.0000 0.0000 0.0000 0.0000 0.0000 0.0000 0.0000 0.0000 0.0000 0.0000 0.0000 0.0000 0.0000 0.0000 0.0000 0.0000 0.0000 0.0000 0.0000 0.0000 0.0000 0.0000 0.0000 0.0000 0.0000 0.0000 0.0000 0.0000 0.0000 0.0000 0.0000 0.0000 0.0000 0.0000 0.0000 0.0000 0.0000 0.0000 0.0000 0.0000 0.0000 0.0000 0.0000 0.0000 0.0000 0.0000 0.0000 0.0000 0.0000 0.0000 0.0000 0.0000 0.0000 0.0000 0.0000 0.0000 0.0000 0.0000 0.0000 0.0000 0.0000 0.0000 0.0000 0.0000 0.0000 0.0000 0.0000 0.0000 0.0000 0.0000 0.0000 0.0000 0.0000 0.0000 0.0000 0.0000 0.0000 0.0000 0.0000 0.0000 0.0000 0.0000 0.0000 0.0000 0.0000 0.0000 0.0000 0.0000 0.0000 0.0000 0.0000 0.0000 0.0000 0.0000 0.0000 0.0000 0.0000 0.0000 0.0000 0.0000 0.0000 0.0000 0.0000 0.0000 0.0000 0.0000 0.0000 0.0000 0.0000 0.0000 0.0000 0.0000 0.0000 0.0000 0.0000 0.0000 0.0000 0.0000 0.0000 0.0000 0.0000 0.0000 0.0000 0.0000 0.0000 0.0000 0.0000 0.0000 0.0000 0.0000 0.0000 0.0000 0.0000 0.0000 0.0000 0.0000 0.0000 0.0000 0.0000 0.0000 0.0000 0.0000 0.0000 0.0000 0.0000 0.0000 0.0000 0.0000 0.0000 0.0000 0.0000 0.0000 0.0000 0.0000 0.0000 0.0000 0.0000 0.0000 0.0000 0.0000 0.0000 0.0000 0.0000 0.0000 0.0000 0.0000 0.0000 0.0000 0.0000 0.0000 0.0000 0.0000 0.0000 0.0000 0.0000 0.0000 0.0000 0.0000 0.0000 0.0000 0.0000 0.0000 0.0000 0.0000 0.0000 0.0000 0.0000 0.0000 0.0000 0.0000 0.0000 0.0000 0.0000 0.0000 0.0000 0.0000 0.0000 0.0000 0.0000 0.0000 0.0000 0.0000 0.0000 0.0000 0.0000 0.0000 0.0000 0.0000 0.0000 0.0000 0.0000 0.0000 0.0000 0.0000 0.0000 0.0000 0.0000 0.0000 0.0000 0.0000 0.0000 0.0000 0.0000 0.0000 0.0000 0.0000 0.0000 0.0000 0.0000 0.0000 0.0000 0.0000 0.0000 0.0000 0.0000 0.0000 0.0000 0.0000 0.0000 0.0000 0.0000 0.0000 0.0000 0.0000 0.0000 0.0000 0.0000 0.0000 0.0000 0.0000 0.0000 0.0000 0.0000 0.0000 0.0000 0.0000 0.0000 0.0000 0.0000 0.0000 0.0000 0.0000 0.0000 0.0000 0.0000 0.0000 0.0000 0.0000 0.0000 0.0000 0.0000 0.0000 0.0000 0.0000 0.0000 0.0000 0.0000 0.0000 0.0000 0.0000 0.0000 0.0000 0.0000 0.0000 0.0000 0.0000 0.0000 0.0000 0.0000 0.0000 0.0000 0.0000 0.0000 0.0000 0.0000 0.0000 0.0000 0.0000 0.0000 0.0000 0.0000 0.0000 0.0000 0.0000 0.0000 0.0000 0.0000 0.0000 0.0000 0.0000 0.0000 0.0000 0.0000 0.0000 0.0000 0.0000 0.0000 0.0000 0.0000 0.0000 0.0000 0.0000 0.0000 0.0000 0.0000 0.0000 0.0000 0.0000 0.0000 0.0000 0.0000 0.0000 0.0000 0.0000 0.0000 0.0000 0.0000 0.0000 0.0000 0.0000 0.0000 0.0000 0.0000 0.0000 0.0000 0.0000 0.0000 0.0000 0.0000 0.0000 0.0000 0.0000 0.0000 0.0000 0.0000 0.0000 0.0000 0.0000 0.0000 0.0000 0.0000 0.0000 0.0000 0.0000 0.0000 0.0000 0.0000 0.0000 0.0000 0.0000 0.0000 0.0000 0.0000 0.0000 0.0000 0.0000 0.0000 0.0000 0.0000 0.0000 0.0000 0.0000 0.0000 0.0000 0.0000 0.0000 0.0000 0.0000 0.0000 0.0000 0.0000 0.0000 0.0000 0.0000 0.0000 0.0000 0.0000 0.0000 0.0000 0.0000 0.0000 0.0000 0.0000 0.0000 0.0000 0.0000 0.0000 0.0000 0.0000 0.0000 0.0000 0.0000 0.0000 0.0000 0.0000 0.0000 0.0000 0.0000 0.0000 0.0000 0.0000 0.0000 0.0000 0.0000 0.0000 0.0000 0.0000 0.0000 0.0000 0.0000 0.0000 0.0000 0.0000 0.0000 0.0000 0.0000 0.0000 0.0000 0.0000 0.0000 0.0000 0.0000 0.0000 0.0000 0.0000 0.0000 0.0000 0.0000 0.0000 0.0000 0.0000 0.0000 0.0000 0.0000 0.0000 0.0000 0.0000 0.0000 0.0000 0.0000 0.0000 0.0000 0.0000 0.0000 0.0000 0.0000 0.0000 0.0000 0.0000 0.0000 0.0000 0.0000 0.0000 0.0000 0.0000 0.0000 0.0000 0.0000 0.0000 0.0000 0.0000 0.0000 0.0000 0.0000 0.0000 0.0000 0.0000 0.0000 0.0000 0.0000 0.0000 0.0000 0.0000 0.0000 0.0000 0.0000 0.0000 0.0000 0.0000 0.0000 0.0000 0.0000 0.0000 0.0000 0.0000 0.0000 0.0000 0.0000 0.0000 0.0000 0.0000 0.0000 0.0000 0.0000 0.0000 0.0000 0.0000 0.0000 0.0000 0.0000 0.0000 0.0000 0.0000 0.0000 0.0000 0.0000 0.0000 0.0000 0.0000 0.0000 0.0000 0.0000 0.0000 0.0000 0.0000 0.0000 0.0000 0.0000 0.0000 0.0000 0.0000 0.0000 0.0000 0.0000 0.0000 0.0000 0.0000 0.0000 0.0000 0.0000 0.0000 0.0000 0.0000 0.0000 0.0000 0.0000 0.0000 0.0000 0.0000 0.0000 0.0000 0.0000 0.0000 0.0000 0.0000 0.0000 0.0000 0.0000 0.0000 0.0000 0.0000 0.0000 0.0000 0.0000 0.0000 0.0000 0.0000 0.0000 0.0000 0.0000 0.0000 0.0000 0.0000 0.0000 0.0000 0.0000 0.0000 0.0000 0.0000 0.0000 0.0000 0.0000 0.0000 0.0000 0.0000 0.0000 0.0000 0.0000 0.0000 0.0000 0.0000 0.0000 0.0000 0.0000 0.0000 0.0000 0.0000 0.0000 0.0000 0.0000 0.0000 0.0000 0.0000 0.0000 0.0000 0.0000 0.0000 0.0000 0.0000 0.0000 0.0000 0.0000 0.0000 0.0000 0.0000 0.0000 0.0000 0.0000 0.0000 0.0000 0.0000 0.0000 0.0000 0.0000 0.0000 0.0000 0.0000 0.0000 0.0000 0.0000 0.0000 0.0000 0.0000 0.0000 0.0000 0.0000 0.0000 0.0000 0.0000 0.0000 0.0000 0.0000 0.0000 0.0000 0.0000 0.0000 0.0000 0.0000 0.0000 0.0000 0.0000 0.0000 0.0000 0.0000 0.0000 0.0000 0.0000 0.0000 0.0000 0.0000 0.0000 0.0000 0.0000 0.0000 0.0000 0.0000 0.0000 0.0000 0.0000 0.0000 0.0000 0.0000 0.0000 0.0000 0.0000 0.0000 0.0000 0.0000 0.0000 0.0000 0.0000 0.0000 0.0000 0.0000 0.0000 0.0000 0.0000 0.0000 0.0000 0.0000 0.0000 0.0000 0.0000 0.0000 0.0000 0.0000 0.0000 0.0000 0.0000 0.0000 0.0000 0.0000 0.0000 0.0000 0.0000 0.0000 0.0000 0.0000 0.0000 0.0000 0.0000 0.0000 0.0000 0.0000 0.0000 0.0000 0.0000 0.0000 0.0000 0.0000 0.0000 0.0000 0.0000 0.0000 0.0000 0.0000 0.0000 0.0000 0.0000 0.0000 0.0000 0.0000 0.0000 0.0000 0.0000 0.0000 0.0000 0.0000 0.0000 0.0000 0.0000 0.0000 0.0000 0.0000 0.0000 0.0000 0.0000 0.0000 0.0000 0.0000 0.0000 0.0000 0.0000 0.0000 0.0000 0.0000 0.0000 0.0000 0.0000 0.0000 0.0000 0.0000 0.0000 0.0000 0.0000 0.0000 0.0000 0.0000 0.0000 0.0000 0.0000 0.0000 0.0000 0.0000 0.0000 0.0000 0.0000 0.0000 0.0000 0.0000 0.0000 0.0000 0.0000 0.0000 0.0000 0.0000 0.0000 0.0000 0.0000 0.0000 0.0000 0.0000 0.0000 0.0000 0.0000 0.0000 0.0000 0.0000 0.0000 0.0000 0.0000 0.0000 0.0000 0.0000 0.0000 0.0000 0.0000 0.0000 0.0000 0.0000 0.0000 0.0000 0.0000 0.0000 0.0000 0.0000 0.0000 0.0000 0.0000 0.0000 0.0000 0.0000 0.0000 0.0000 0.0000 0.0000 0.0000 0.0000 0.0000 0.0000 0.0000 0.0000 0.0000 0.0000 0.0000 0.0000 0.0000 0.0000 0.0000 0.0000 0.0000 0.0000 0.0000 0.0000 0.0000 0.0000 0.0000 0.0000 0.0000 0.0000 0.0000 0.0000 0.0000 0.0000 0.0000 0.0000 0.0000 0.0000 0.0000 0.0000 0.0000 0.0000 0.0000 0.0000 0.0000 0.0000 0.0000 0.0000 0.0000 0.0000 0.0000 0.0000 0.0000 0.0000 0.0000 0.0000 0.0000 0.0000 0.0000 0.0000 0.0000 0.0000 0.0000 0.0000 0.0000 0.0000 0.0000 0.0000 0.0000 0.0000 0.0000 0.0000 0.0000 0.0000 0.0000 0.0000 0.0000 0.0000 0.0000 0.0000 0.0000 0.0000 0.0000 0.0000 0.0000 0.0000 0.0000 0.0000 0.0000 0.0000 0.0000 0.0000 0.0000 0.0000 0.0000 0.0000 0.0000 0.0000 0.0000 0.0000 0.0000 0.0000 0.0000 0.0000 0.0000 0.0000 0.0000 0.0000 0.0000 0.0000 0.0000 0.0000 0.0000 0.0000 0.0000 0.0000 0.0000 0.0000 0.0000 0.0000 0.0000 0.0000 0.0000 0.0000 0.0000 0.0000 0.0000 0.0000 0.0000 0.0000 0.0000 0.0000 0.0000 0.0000 0.0000 0.0000 0.0000 0.0000 0.0000 0.0000 0.0000 0.0000 0.0000 0.0000 0.0000 0.0000 0.0000 0.0000 0.0000 0.0000 0.0000 0.0000 0.0000 0.0000 0.0000 0.0000 0.0000 0.0000 0.0000 0.0000 0.0000 0.0000 0.0000 0.0000 0.0000 0.0000 0.0000 0.0000 0.0000 0.0000 0.0000 0.0000 0.0000 0.0000 0.0000 0.0000 0.0000 0.0000 0.0000 0.0000 0.0000 0.0000 0.0000 0.0000 0.0000 0.0000 0.0000 0.0000 0.0000 0.0000 0.0000 0.0000 0.0000 0.0000 0.0000 0.0000 0.0000 0.0000 0.0000 0.0000 0.0000 0.0000 0.0000 0.0000 0.0000 0.0000 0.0000 0.0000 0.0000 0.0000 0.0000 0.0000 0.0000 0.0000 0.0000 0.0000 0.0000 0.0000 0.0000 0.0000 0.0000 0.0000 0.0000 0.0000 0.0000 0.0000 0.0000 0.0000 0.0000 0.0000 0.0000 0.0000 0.0000 0.0000 0.0000 0.0000 0.0000 0.0000 0.0000 0.0000 0.0000 0.0000 0.0000 0.0000 0.0000 0.0000 0.0000 0.0000 0.0000 0.0000 0.0000 0.0000 0.0000 0.0000 0.0000 0.0000 0.0000 0.0000 0.0000 0.0000 0.0000 0.0000 0.0000 0.0000 0.0000 0.0000 0.0000 0.0000 0.0000 0.0000 0.0000 0.0000 0.0000 0.0000 0.0000 0.0000 0.0000 0.0000 0.0000 0.0000 0.0000 0.0000 0.0000 0.0000 0.0000 0.0000 0.0000 0.0000 0.0000 0.0000 0.0000 0.0000 0.0000 0.0000 0.0000 0.0000 0.0000 0.0000 0.0000 0.0000 0.0000 0.0000 0.0000 0.0000 0.0000 0.0000 0.0000 0.0000 0.0000 0.0000 0.0000 0.0000 0.0000 0.0000 0.0000 0.0000 0.0000 0.0000 0.0000 0.0000 0.0000 0.0000 0.0000 0.0000 0.0000 0.0000 0.0000 0.0000 0.0000 0.0000 0.0000 0.0000 0.0000 0.0000 0.0000 0.0000 0.0000 0.0000 0.0000 0.0000 0.0000 0.0000 0.0000 0.0000 0.0000 0.0000 0.0000 0.0000 0.0000 0.0000 0.0000 0.0000 0.0000 0.0000 0.0000 0.0000 0.0000 0.0000 0.0000 0.0000 0.0000 0.0000 0.0000 0.0000 0.0000 0.0000 0.0000 0.0000 0.0000 0.0000 0.0000 0.0000 0.0000 0.0000 0.0000 0.0000 0.0000 0.0000 0.0000 0.0000 0.0000 0.0000 0.0000 0.0000 0.0000 0.0000 0.0000 0.0000 0.0000 0.0000 0.0000 0.0000 0.0000 0.0000 0.0000 0.0000 0.0000 0.0000 0.0000 0.0000 0.0000 0.0000 0.0000 0.0000 0.0000 0.0000 0.0000 0.0000 0.0000 0.0000 0.0000 0.0000 0.0000 0.0000 0.0000 0.0000 0.0000 0.0000 0.0000 0.0000 0.0000 0.0000 0.0000 0.0000 0.0000 0.0000 0.0000 0.0000 0.0000 0.0000 0.0000 0.0000 0.0000 0.0000 0.0000 0.0000 0.0000 0.0000 0.0000 0.0000 0.0000 0.0000 0.0000 0.0000 0.0000 0.0000 0.0000 0.0000 0.0000 0.0000 0.0000 0.0000 0.0000 0.0000 0.0000 0.0000 0.0000 0.0000 0.0000 0.0000 0.0000 0.0000 0.0000 0.0000 0.0000 0.0000 0.0000 0.0000 0.0000 0.0000 0.0000 0.0000 0.0000 0.0000 0.0000 0.0000 0.0000 0.0000 0.0000 0.0000 0.0000 0.0000 0.0000 0.0000 0.0000 0.0000 0.0000 0.0000 0.0000 0.0000 0.0000 0.0000 0.0000 0.0000 0.0000 0.0000 0.0000 0.0000 0.0000 0.0000 0.0000 0.0000 0.0000 0.0000 0.0000 0.0000 0.0000 0.0000 0.0000 0.0000 0.0000 0.0000 0.0000 0.0000 0.0000 0.0000 0.0000 0.0000 0.0000 0.0000 0.0000 0.0000 0.0000 0.0000 0.0000 0.0000 0.0000 0.0000 0.0000 0.0000 0.0000 0.0000 0.0000 0.0000 0.0000 0.0000 0.0000 0.0000 0.0000 0.0000 0.0000 0.0000 0.0000 0.0000 0.0000 0.0000 0.0000 0.0000 0.0000 0.0000 0.0000 0.0000 0.0000 0.0000 0.0000 0.0000 0.0000 0.0000 0.0000 0.0000 0.0000 0.0000 0.0000 0.0000 0.0000 0.0000 0.0000 0.0000 0.0000 0.0000 0.0000 0.0000 0.0000 0.0000 0.0000 0.0000 0.0000 0.0000 0.0000 0.0000 0.0000 0.0000 0.0000 0.0000 0.0000 0.0000 0.0000 0.0000 0.0000 0.0000 0.0000 0.0000 0.0000 0.0000 0.0000 0.0000 0.0000 0.0000 0.0000 0.0000 0.0000 0.0000 0.0000 0.0000 0.0000 0.0000 0.0000 0.0000 0.0000 0.0000 0.0000 0.0000 0.0000 0.0000 0.0000 0.0000 0.0000 0.0000 0.0000 0.0000 0.0000 0.0000 0.0000 0.0000 0.0000 0.0000 0.0000 0.0000 0.0000 0.0000 0.0000 0.0000 0.0000 0.0000 0.0000 0.0000 0.0000 0.0000 0.0000 0.0000 0.0000 0.0000 0.0000 0.0000 0.0000 0.0000 0.0000 0.0000 0.0000 0.0000 0.0000 0.0000 0.0000 0.0000 0.0000 0.0000 0.0000 0.0000 0.0000 0.0000 0.0000 0.0000 0.0000 0.0000 0.0000 0.0000 0.0000 0.0000 0.0000 0.0000 0.0000 0.0000 0.0000 0.0000 0.0000 0.0000 0.0000 0.0000 0.0000 0.0000 0.0000 0.0000 0.0000 0.0000 0.0000 0.0000 0.0000 0.0000 0.0000 0.0000 0.0000 0.0000 0.0000 0.0000 0.0000 0.0000 0.0000 0.0000 0.0000 0.0000 0.0000 0.0000 0.0000 0.0000 0.0000 0.0000 0.0000 0.0000 0.0000 0.0000 0.0000 0.0000 0.0000 0.0000 0.0000 0.0000 0.0000 0.0000 0.0000 0.0000 0.0000 0.0000 0.0000 0.0000 0.0000 0.0000 0.0000 0.0000 0.0000 0.0000 0.0000 0.0000 0.0000 0.0000 0.0000 0.0000 0.0000 0.0000 0.0000 0.0000 0.0000 0.0000 0.0000 0.0000 0.0000 0.0000 0.0000 0.0000 0.0000 0.0000 0.0000 0.0000 0.0000 0.0000 0.0000 0.0000 0.0000 0.0000 0.0000 0.0000 0.0000 0.0000 0.0000 0.0000 0.0000 0.0000 0.0000 0.0000 0.0000 0.0000 0.0000 0.0000 0.0000 0.0000 0.0000 0.0000 0.0000 0.0000 0.0000 0.0000 0.0000 0.0000 0.0000 0.0000 0.0000 0.0000 0.0000 0.0000 0.0000 0.0000 0.0000 0.0000 0.0000 0.0000 0.0000 0.0000 0.0000 0.0000 0.0000 0.0000 0.0000 0.0000 0.0000 0.0000 0.0000 0.0000 0.0000 0.0000 0.0000 0.0000 0.0000 0.0000 0.0000 0.0000 0.0000 0.0000 0.0000 0.0000 0.0000 0.0000 0.0000 0.0000 0.0000 0.0000 0.0000 0.0000 0.0000 0.0000 0.0000 0.0000 0.0000 0.0000 0.0000 0.0000 0.0000 0.0000 0.0000 0.0000 0.0000 0.0000 0.0000 0.0000 0.0000 0.0000 0.0000 0.0000 0.0000 0.0000 0.0000 0.0000 0.0000 0.0000 0.0000 0.0000 0.0000 0.0000 0.0000 0.0000 0.0000 0.0000 0.0000 0.0000 0.0000 0.0000 0.0000 0.0000 0.0000 0.0000 0.0000 0.0000 0.0000 0.0000 0.0000 0.0000 0.0000 0.0000 0.0000 0.0000 0.0000 0.0000 0.0000 0.0000 0.0000 0.0000 0.0000 0.0000 0.0000 0.0000 0.0000 0.0000 0.0000 0.0000 0.0000 0.0000 0.0000 0.0000 0.0000 0.0000 0.0000 0.0000 0.0000 0.0000 0.0000 0.0000 0.0000 0.0000 0.0000 0.0000 0.0000 0.0000 0.0000 0.0000 0.0000 0.0000 0.0000 0.0000 0.0000 0.0000 0.0000 0.0000 0.0000 0.0000 0.0000 0.0000 0.0000 0.0000 0.0000 0.0000 0.0000 0.0000 0.0000 0.0000 0.0000 0.0000 0.0000 0.0000 0.0000 0.0000 0.0000 0.0000 0.0000 0.0000 0.0000 0.0000 0.0000 0.0000 0.0000 0.0000 0.0000 0.0000 0.0000 0.0000 0.0000 0.0000 0.0000 0.0000 0.0000 0.0000 0.0000 0.0000 0.0000 0.0000 0.0000 0.0000 0.0000 0.0000 0.0000 0.0000 0.0000 0.0000 0.0000 0.0000 0.0000 0.0000 0.0000 0.0000 0.0000 0.0000 0.0000 0.0000 0.0000 0.0000 0.0000 0.0000 0.0000 0.0000 0.0000 0.0000 0.0000 0.0000 0.0000 0.0000 0.0000 0.0000 0.0000 0.0000 0.0000 0.0000 0.0000 0.0000 0.0000 0.0000 0.0000 0.0000 0.0000 0.0000 0.0000 0.0000 0.0000 0.0000 0.0000 0.0000 0.0000 0.0000 0.0000 0.0000 0.0000 0.0000 0.0000 0.0000 0.0000 0.0000 0.0000 0.0000 0.0000 0.0000 0.0000 0.0000 0.0000 0.0000 0.0000 0.0000 0.0000 0.0000 0.0000 0.0000 0.0000 0.0000 0.0000 0.0000 0.0000 0.0000 0.0000 0.0000 0.0000 0.0000 0.0000 0.0000 0.0000 0.0000 0.0000 0.0000 0.0000 0.0000 0.0000 0.0000 0.0000 0.0000 0.0000 0.0000 0.0000 0.0000 0.0000 0.0000 0.0000 0.0000 0.0000 0.0000 0.0000 0.0000 0.0000 0.0000 0.0000 0.0000 0.0000 0.0000 0.0000 0.0000 0.0000 0.0000 0.0000 0.0000 0.0000 0.0000 0.0000 0.0000 0.0000 0.0000 0.0000 0.0000 0.0000 0.0000 0.0000 0.0000 0.0000 0.0000 0.0000 0.0000 0.0000 0.0000 0.0000 0.0000 0.0000 0.0000 0.0000 0.0000 0.0000 0.0000 0.0000 0.0000 0.0000 0.0000 0.0000 0.0000 0.0000 0.0000 0.0000 0.0000 0.0000 0.0000 0.0000 0.0000 0.0000 0.0000 0.0000 0.0000 0.0000 0.0000 0.0000 0.0000 0.0000 0.0000 0.0000 0.0000 0.0000 0.0000 0.0000 0.0000 0.0000 0.0000 0.0000 0.0000 0.0000 0.0000 0.0000 0.0000 0.0000 0.0000 0.0000 0.0000 0.0000 0.0000 0.0000 0.0000 0.0000 0.0000 0.0000 0.0000 0.0000 0.0000 0.0000 0.0000 0.0000 0.0000 0.0000 0.0000 0.0000 0.0000 0.0000 0.0000 0.0000 0.0000 0.0000 0.0000 0.0000 0.0000 0.0000 0.0000 0.0000 0.0000 0.0000 0.0000 0.0000 0.0000 0.0000 0.0000 0.0000 0.0000 0.0000 0.0000 0.0000 0.0000 0.0000 0.0000 0.0000 0.0000 0.0000 0.0000 0.0000 0.0000 0.0000 0.0000 0.0000 0.0000 0.0000 0.0000 0.0000 0.0000 0.0000 0.0000 0.0000 0.0000 0.0000 0.0000 0.0000 0.0000 0.0000 0.0000 0.0000 0.0000 0.0000 0.0000 0.0000 0.0000 0.0000 0.0000 0.0000 0.0000 0.0000 0.0000 0.0000 0.0000 0.0000 0.0000 0.0000 0.0000 0.0000 0.0000 0.0000 0.0000 0.0000 0.0000 0.0000 0.0000 0.0000 0.0000 0.0000 0.0000 0.0000 0.0000 0.0000 0.0000 0.0000 0.0000 0.0000 0.0000 0.0000 0.0000 0.0000 0.0000 0.0000 0.0000 0.0000 0.0000 0.0000 0.0000 0.0000 0.0000 0.0000 0.0000 0.0000 0.0000 0.0000 0.0000 0.0000 0.0000 0.0000 0.0000 0.0000 0.0000 0.0000 0.0000 0.0000 0.0000 0.0000 0.0000 0.0000 0.0000 0.0000 0.0000 0.0000 0.0000 0.0000 0.0000 0.0000 0.0000 0.0000 0.0000 0.0000 0.0000 0.0000 0.0000 0.0000 0.0000 0.0000 0.0000 0.0000 0.0000 0.0000 0.0000 0.0000 0.0000 0.0000 0.0000 0.0000 0.0000 0.0000 0.0000 0.0000 0.0000 0.0000 0.0000 0.0000 0.0000 0.0000 0.0000 0.0000 0.0000 0.0000 0.0000 0.0000 0.0000 0.0000 0.0000 0.0000 0.0000 0.0000 0.0000 0.0000 0.0000 0.0000 0.0000 0.0000 0.0000 0.0000 0.0000 0.0000 0.0000 0.0000 0.0000 0.0000 0.0000 0.0000 0.0000 0.0000 0.0000 0.0000 0.0000 0.0000 0.0000 0.0000 0.0000 0.0000 0.0000 0.0000 0.0000 0.0000 0.0000 0.0000 0.0000 0.0000 0.0000 0.0000 0.0000 0.0000 0.0000 0.0000 0.0000 0.0000 0.0000 0.0000 0.0000 0.0000 0.0000 0.0000 0.0000 0.0000 0.0000 0.0000 0.0000 0.0000 0.0000 0.0000 0.0000 0.0000 0.0000 0.0000 0.0000 0.0000 0.0000 0.0000 0.0000 0.0000 0.0000 0.0000 0.0000 0.0000 0.0000 0.0000 0.0000 0.0000 0.0000 0.0000 0.0000 0.0000 0.0000 0.0000 0.0000 0.0000 0.0000 0.0000 0.0000 0.0000 0.0000 0.0000 0.0000 0.0000 0.0000 0.0000 0.0000 0.0000 0.0000 0.0000 0.0000 0.0000 0.0000 0.0000 0.0000 0.0000 0.0000 0.0000 0.0000 0.0000 0.0000 0.0000 0.0000 0.0000 0.0000 0.0000 0.0000 0.0000 0.0000 0.0000 0.0000 0.0000 0.0000 0.0000 0.0000 0.0000 0.0000 0.0000 0.0000 0.0000 0.0000 0.0000 0.0000 0.0000 0.0000 0.0000 0.0000 0.0000 0.0000 0.0000 0.0000 0.0000 0.0000 0.0000 0.0000 0.0000 0.0000 0.0000 0.0000 0.0000 0.0000 0.0000 0.0000 0.0000 0.0000 0.0000 0.0000 0.0000 0.0000 0.0000 0.0000 0.0000 0.0000 0.0000 0.0000 0.0000 0.0000 0.0000 0.0000 0.0000 0.0000 0.0000 0.0000 0.0000 0.0000 0.0000 0.0000 0.0000 0.0000 0.0000 0.0000 0.0000 0.0000 0.0000 0.0000 0.0000 0.0000 0.0000 0.0000 0.0000 0.0000 0.0000 0.0000 0.0000 0.0000 0.0000 0.0000 0.0000 0.0000 0.0000 0.0000 0.0000 0.0000 0.0000 0.0000 0.0000 0.0000 0.0000 0.0000 0.0000 0.0000 0.0000 0.0000 0.0000 0.0000 0.0000 0.0000 0.0000 0.0000 0.0000 0.0000 0.0000 0.0000 0.0000 0.0000 0.0000 0.0000 0.0000 0.0000 0.0000 0.0000 0.0000 0.0000 0.0000 0.0000 0.0000 0.0000 0.0000 0.0000 0.0000 0.0000 0.0000 0.0000 0.0000 0.0000 0.0000 0.0000 0.0000 0.0000 0.0000 0.0000 0.0000 0.0000 0.0000 0.0000 0.0000 0.0000 0.0000 0.0000 0.0000 0.0000 0.0000 0.0000 0.0000 0.0000 0.0000 0.0000 0.0000 0.0000 0.0000 0.0000 0.0000 0.0000 0.0000 0.0000 0.0000 0.0000 0.0000 0.0000 0.0000 0.0000 0.0000 0.0000 0.0000 0.0000 0.0000 0.0000 0.0000 0.0000 0.0000 0.0000 0.0000 0.0000 0.0000 0.0000 0.0000 0.0000 0.0000 0.0000 0.0000 0.0000 0.0000 0.0000 0.0000 0.0000 0.0000 0.0000 0.0000 0.0000 0.0000 0.0000 0.0000 0.0000 0.0000 0.0000 0.0000 0.0000 0.0000 0.0000 0.0000 0.0000 0.0000 0.0000 0.0000 0.0000 0.0000 0.0000 0.0000 0.0000 0.0000 0.0000 0.0000 0.0000 0.0000 0.0000 0.0000 0.0000 0.0000 0.0000 0.0000 0.0000 0.0000 0.0000 0.0000 0.0000 0.0000 0.0000 0.0000 0.0000 0.0000 0.0000 0.0000 0.0000 0.0000 0.0000 0.0000 0.0000 0.0000 0.0000 0.0000 0.0000 0.0000 0.0000 0.0000 0.0000 0.0000 0.0000 0.0000 0.0000 0.0000 0.0000 0.0000 0.0000 0.0000 0.0000 0.0000 0.0000 0.0000 0.0000 0.0000 0.0000 0.0000 0.0000 0.0000 0.0000 0.0000 0.0000 0.0000 0.0000 0.0000 0.0000 0.0000 0.0000 0.0000 0.0000 0.0000 0.0000 0.0000 0.0000 0.0000 0.0000 0.0000 0.0000 0.0000 0.0000 0.0000 0.0000 0.0000 0.0000 0.0000 0.0000 0.0000 0.0000 0.0000 0.0000 0.0000 0.0000 0.0000 0.0000 0.0000 0.0000 0.0000 0.0000 0.0000 0.0000 0.0000 0.0000 0.0000 0.0000 0.0000 0.0000 0.0000 0.0000 0.0000 0.0000 0.0000 0.0000 0.0000 0.0000 0.0000 0.0000 0.0000 0.0000 0.0000 0.0000 0.0000 0.0000 0.0000 0.0000 0.0000 0.0000 0.0000 0.0000 0.0000 0.0000 0.0000 0.0000 0.0000 0.0000 0.0000 0.0000 0.0000 0.0000 0.0000 0.0000 0.0000 0.0000 0.0000 0.0000 0.0000 0.0000 0.0000 0.0000 0.0000 0.0000 0.0000 0.0000 0.0000 0.0000 0.0000 0.0000 0.0000 0.0000 0.0000 0.0000 0.0000 0.0000 0.0000 0.0000 0.0000 0.0000 0.0000 0.0000 0.0000 0.0000 0.0000 0.0000 0.0000 0.0000 0.0000 0.0000 0.0000 0.0000 0.0000 0.0000 0.0000 0.0000 0.0000 0.0000 0.0000 0.0000 0.0000 0.0000 0.0000 0.0000 0.0000 0.0000 0.0000 0.0000 0.0000 0.0000 0.0000 0.0000 0.0000 0.0000 0.0000 0.0000 0.0000 0.0000 0.0000 0.0000 0.0000 0.0000 0.0000 0.0000 0.0000 0.0000 0.0000 0.0000 0.0000 0.0000 0.0000 0.0000 0.0000 0.0000 0.0000 0.0000 0.0000 0.0000 0.0000 0.0000 0.0000 0.0000 0.0000 0.0000 0.0000 0.0000 0.0000 0.0000 0.0000 0.0000 0.0000 0.0000 0.0000 0.0000 0.0000 0.0000 0.0000 0.0000 0.0000 0.0000 0.0000 0.0000 0.0000 0.0000 0.0000 0.0000 0.0000 0.0000 0.0000 0.0000 0.0000 0.0000 0.0000 0.0000 0.0000 0.0000 0.0000 0.0000 0.0000 0.0000 0.0000 0.0000 0.0000 0.0000 0.0000 0.0000 0.0000 0.0000 0.0000 0.0000 0.0000 0.0000 0.0000 0.0000 0.0000 0.0000 0.0000 0.0000 0.0000 0.0000 0.0000 0.0000 0.0000 0.0000 0.0000 0.0000 0.0000 0.0000 0.0000 0.0000 0.0000 0.0000 0.0000 0.0000 0.0000 0.0000 0.0000 0.0000 0.0000 0.0000 0.0000 0.0000 0.0000 0.0000 0.0000 0.0000 0.0000 0.0000 0.0000 0.0000 0.0000 0.0000 0.0000 0.0000 0.0000 0.0000 0.0000 0.0000 0.0000 0.0000 0.0000 0.0000 0.0000 0.0000 0.0000 0.0000 0.0000 0.0000 0.0000 0.0000 0.0000 0.0000 0.0000 0.0000 0.0000 0.0000 0.0000 0.0000 0.0000 0.0000 0.0000 0.0000 0.0000 0.0000 0.0000 0.0000 0.0000 0.0000 0.0000 0.0000 0.0000 0.0000 0.0000 0.0000 0.0000 0.0000 0.0000 0.0000 0.0000 0.0000 0.0000 0.0000 0.0000 0.0000 0.0000 0.0000 0.0000 0.0000 0.0000 0.0000 0.0000 0.0000 0.0000 0.0000 0.0000 0.0000 0.0000 0.0000 0.0000 0.0000 0.0000 0.0000 0.0000 0.0000 0.0000 0.0000 0.0000 0.0000 0.0000 0.0000 0.0000 0.0000 0.0000 0.0000 0.0000 0.0000 0.0000 0.0000 0.0000 0.0000 0.0000 0.0000 0.0000 0.0000 0.0000 0.0000 0.0000 0.0000 0.0000 0.0000 0.0000 0.0000 0.0000 0.0000 0.0000 0.0000 0.0000 0.0000 0.0000 0.0000 0.0000 0.0000 0.0000 0.0000 0.0000 0.0000 0.0000 0.0000 0.0000 0.0000 0.0000 0.0000 0.0000 0.0000 0.0000 0.0000 0.0000 0.0000 0.0000 0.0000 0.0000 0.0000 0.0000 0.0000 0.0000 0.0000 0.0000 0.0000 0.0000 0.0000 0.0000 0.0000 0.0000 0.0000 0.0000 0.0000 0.0000 0.0000 0.0000 0.0000 0.0000 0.0000 0.0000 0.0000 0.0000 0.0000 0.0000 0.0000 0.0000 0.0000 0.0000 0.0000 0.0000 0.0000 0.0000 0.0000 0.0000 0.0000 0.0000 0.0000 0.0000 0.0000 0.0000 0.0000 0.0000 0.0000 0.0000 0.0000 0.0000 0.0000 0.0000 0.0000 0.0000 0.0000 0.0000 0.0000 0.0000 0.0000 0.0000 0.0000 0.0000 0.0000 0.0000 0.0000 0.0000 0.0000 0.0000 0.0000 0.0000 0.0000 0.0000 0.0000 0.0000 0.0000 0.0000 0.0000 0.0000 0.0000 0.0000 0.0000 0.0000 0.0000 0.0000 0.0000 0.0000 0.0000 0.0000 0.0000 0.0000 0.0000 0.0000 0.0000 0.0000 0.0000 0.0000 0.0000 0.0000 0.0000 0.0000 0.0000 0.0000 0.0000 0.0000 0.0000 0.0000 0.0000 0.0000 0.0000 0.0000 0.0000 0.0000 0.0000 0.0000 0.0000 0.0000 0.0000 0.0000 0.0000 0.0000 0.0000 0.0000 0.0000 0.0000 0.0000 0.0000 0.0000 0.0000 0.0000 0.0000 0.0000 0.0000 0.0000 0.0000 0.0000 0.0000 0.0000 0.0000 0.0000 0.0000 0.0000 0.0000 0.0000 0.0000 0.0000 0.0000 0.0000 0.0000 0.0000 0.0000 0.0000 0.0000 0.0000 0.0000 0.0000 0.0000 0.0000 0.0000 0.0000 0.0000 0.0000 0.0000 0.0000 0.0000 0.0000 0.0000 0.0000 0.0000 0.0000 0.0000 0.0000 0.0000 0.0000 0.0000 0.0000 0.0000 0.0000 0.0000 0.0000 0.0000 0.0000 0.0000 0.0000 0.0000 0.0000 0.0000 0.0000 0.0000 0.0000 0.0000 0.0000 0.0000 0.0000 0.0000 0.0000 0.0000 0.0000 0.0000 0.0000 0.0000 0.0000 0.0000 0.0000 0.0000 0.0000 0.0000 0.0000 0.0000 0.0000 0.0000 0.0000 0.0000 0.0000 0.0000 0.0000 0.0000 0.0000 0.0000 0.0000 0.0000 0.0000 0.0000 0.0000 0.0000 0.0000 0.0000 0.0000 0.0000 0.0000 0.0000 0.0000 0.0000 0.0000 0.0000 0.0000 0.0000 0.0000 0.0000 0.0000 0.0000 0.0000 0.0000 0.0000 0.0000 0.0000 0.0000 0.0000 0.0000 0.0000 0.0000 0.0000 0.0000 0.0000 0.0000 0.0000 0.0000 0.0000 0.0000 0.0000 0.0000 0.0000 0.0000 0.0000 0.0000 0.0000 0.0000 0.0000 0.0000 0.0000 0.0000 0.0000 0.0000 0.0000 0.0000 0.0000 0.0000 0.0000 0.0000 0.0000 0.0000 0.0000 0.0000 0.0000 0.0000 0.0000 0.0000 0.0000 0.0000 0.0000 0.0000 0.0000 0.0000 0.0000 0.0000 0.0000 0.0000 0.0000 0.0000 0.0000 0.0000 0.0000 0.0000 0.0000 0.0000 0.0000 0.0000 0.0000 0.0000 0.0000 0.0000 0.0000 0.0000 0.0000 0.0000 0.0000 0.0000 0.0000 0.0000 0.0000 0.0000 0.0000 0.0000 0.0000 0.0000 0.0000 0.0000 0.0000 0.0000 0.0000 0.0000 0.0000 0.0000 0.0000 0.0000 0.0000 0.0000 0.0000 0.0000 0.0000 0.0000 0.0000 0.0000 0.0000 0.0000 0.0000 0.0000 0.0000 0.0000 0.0000 0.0000 0.0000 0.0000 0.0000 0.0000 0.0000 0.0000 0.0000 0.0000 0.0000 0.0000 0.0000 0.0000 0.0000 0.0000 0.0000 0.0000 0.0000 0.0000 0.0000 0.0000 0.0000 0.0000 0.0000 0.0000 0.0000 0.0000 0.0000 0.0000 0.0000 0.0000 0.0000 0.0000 0.0000 0.0000 0.0000 0.0000 0.0000 0.0000 0.0000 0.0000 0.0000 0.0000 0.0000 0.0000 0.0000 0.0000 0.0000 0.0000 0.0000 0.0000 0.0000 0.0000 0.0000 0.0000 0.0000 0.0000 0.0000 0.0000 0.0000 0.0000 0.0000 0.0000 0.0000 0.0000 0.0000 0.0000 0.0000 0.0000 0.0000 0.0000 0.0000 0.0000 0.0000 0.0000 0.0000 0.0000 0.0000 0.0000 0.0000 0.0000 0.0000 0.0000 0.0000 0.0000 0.0000 0.0000 0.0000 0.0000 0.0000 0.0000 0.0000 0.0000 0.0000 0.0000 0.0000 0.0000 0.0000 0.0000 0.0000 0.0000 0.0000 0.0000 0.0000 0.0000 0.0000 0.0000 0.0000 0.0000 0.0000 0.0000 0.0000 0.0000 0.0000 0.0000 0.0000 0.0000 0.0000 0.0000 0.0000 0.0000 0.0000 0.0000 0.0000 0.0000 0.0000 0.0000 0.0000 0.0000 0.0000 0.0000 0.0000 0.0000 0.0000 0.0000 0.0000 0.0000 0.0000 0.0000 0.0000 0.0000 0.0000 0.0000 0.0000 0.0000 0.0000 0.0000 0.0000 0.0000 0.0000 0.0000 0.0000 0.0000 0.0000 0.0000 0.0000 0.0000 0.0000 0.0000 0.0000 0.0000 0.0000 0.0000 0.0000 0.0000 0.0000 0.0000 0.0000 0.0000 0.0000 0.0000 0.0000 0.0000 0.0000 0.0000 0.0000 0.0000 0.0000 0.0000 0.0000 0.0000 0.0000 0.0000 0.0000 0.0000 0.0000 0.0000 0.0000 0.0000 0.0000 0.0000 0.0000 0.0000 0.0000 0.0000 0.0000 0.0000 0.0000 0.0000 0.0000 0.0000 0.0000 0.0000 0.0000 0.0000 0.0000 0.0000 0.0000 0.0000 0.0000 0.0000 0.0000 0.0000 0.0000 0.0000 0.0000 0.0000 0.0000 0.0000 0.0000 0.0000 0.0000 0.0000 0.0000 0.0000 0.0000 0.0000 0.0000 0.0000 0.0000 0.0000 0.0000 0.0000 0.0000 0.0000 0.0000 0.0000 0.0000 0.0000 0.0000 0.0000 0.0000 0.0000 0.0000 0.0000 0.0000 0.0000 0.0000 0.0000 0.0000 0.0000 0.0000 0.0000 0.0000 0.0000 0.0000 0.0000 0.0000 0.0000 0.0000 0.0000 0.0000 0.0000 0.0000 0.0000 0.0000 0.0000 0.0000 0.0000 0.0000 0.0000 0.0000 0.0000 0.0000 0.0000 0.0000 0.0000 0.0000 0.0000 0.0000 0.0000 0.0000 0.0000 0.0000 0.0000 0.0000 0.0000 0.0000 0.0000 0.0000 0.0000 0.0000 0.0000 0.0000 0.0000 0.0000 0.0000 0.0000 0.0000 0.0000 0.0000 0.0000 0.0000 0.0000 0.0000 0.0000 0.0000 0.0000 0.0000 0.0000 0.0000 0.0000 0.0000 0.0000 0.0000 0.0000 0.0000 0.0000 0.0000 0.0000 0.0000 0.0000 0.0000 0.0000 0.0000 0.0000 0.0000 0.0000 0.0000 0.0000 0.0000 0.0000 0.0000 0.0000 0.0000 0.0000 0.0000 0.0000 0.0000 0.0000 0.0000 0.0000 0.0000 0.0000 0.0000 0.0000 0.0000 0.0000 0.0000 0.0000 0.0000 0.0000 0.0000 0.0000 0.0000 0.0000 0.0000 0.0000 0.0000 0.0000 0.0000 0.0000 0.0000 0.0000 0.0000 0.0000 0.0000 0.0000 0.0000 0.0000 0.0000 0.0000 0.0000 0.0000 0.0000 0.0000 0.0000 0.0000 0.0000 0.0000 0.0000 0.0000 0.0000 0.0000 0.0000 0.0000 0.0000 0.0000 0.0000 0.0000 0.0000 0.0000 0.0000 0.0000 0.0000 0.0000 0.0000 0.0000 0.0000 0.0000 0.0000 0.0000 0.0000 0.0000 0.0000 0.0000 0.0000 0.0000 0.0000 0.0000 0.0000 0.0000 0.0000 0.0000 0.0000 0.0000 0.0000 0.0000 0.0000 0.0000 0.0000 0.0000 0.0000 0.0000 0.0000 0.0000 0.0000 0.0000 0.0000 0.0000 0.0000 0.0000 0.0000 0.0000 0.0000 0.0000 0.0000 0.0000 0.0000 0.0000 0.0000 0.0000 0.0000 0.0000 0.0000 0.0000 0.0000 0.0000 0.0000 0.0000 0.0000 0.0000 0.0000 0.0000 0.0000 0.0000 0.0000 0.0000 0.0000 0.0000 0.0000 0.0000 0.0000 0.0000 0.0000 0.0000 0.0000 0.0000 0.0000 0.0000 0.0000 0.0000 0.0000 0.0000 0.0000 0.0000 0.0000 0.0000 0.0000 0.0000 0.0000 0.0000 0.0000 0.0000 0.0000 0.0000 0.0000 0.0000 0.0000 0.0000 0.0000 0.0000 0.0000 0.0000 0.0000 0.0000 0.0000 0.0000 0.0000 0.0000 0.0000 0.0000 0.0000 0.0000 0.0000 0.0000 0.0000 0.0000 0.0000 0.0000 0.0000 0.0000 0.0000 0.0000 0.0000 0.0000 0.0000 0.0000 0.0000 0.0000 0.0000 0.0000 0.0000 0.0000 0.0000 0.0000 0.0000 0.0000 0.0000 0.0000 0.0000 0.0000 0.0000 0.0000 0.0000 0.0000 0.0000 0.0000 0.0000 0.0000 0.0000 0.0000 0.0000 0.0000 0.0000 0.0000 0.0000 0.0000 0.0000 0.0000 0.0000 0.0000 0.0000 0.0000 0.0000 0.0000 0.0000 0.0000 0.0000 0.0000 0.0000 0.0000 0.0000 0.0000 0.0000 0.0000 0.0000 0.0000 0.0000 0.0000 0.0000 0.0000 0.0000 0.0000 0.0000 0.0000 0.0000 0.0000 0.0000 0.0000 0.0000 0.0000 0.0000 0.0000 0.0000 0.0000 0.0000 0.0000 0.0000 0.0000 0.0000 0.0000 0.0000 0.0000 0.0000 0.0000 0.0000 0.0000 0.0000 0.0000 0.0000 0.0000 0.0000 0.0000 0.0000 0.0000 0.0000 0.0000 0.0000 0.0000 0.0000 0.0000 0.0000 0.0000 0.0000 0.0000 0.0000 0.0000 0.0000 0.0000 0.0000 0.0000 0.0000 0.0000 0.0000 0.0000 0.0000 0.0000 0.0000 0.0000 0.0000 0.0000 0.0000 0.0000 0.0000 0.0000 0.0000 0.0000 0.0000 0.0000 0.0000 0.0000 0.0000 0.0000 0.0000 0.0000 0.0000 0.0000 0.0000 0.0000 0.0000 0.0000 0.0000 0.0000 0.0000 0.0000 0.0000 0.0000 0.0000 0.0000 0.0000 0.0000 0.0000 0.0000 0.0000 0.0000 0.0000 0.0000 0.0000 0.0000 0.0000 0.0000 0.0000 0.0000 0.0000 0.0000 0.0000 0.0000 0.0000 0.0000 0.0000 0.0000 0.0000 0.0000 0.0000 0.0000 0.0000 0.0000 0.0000 0.0000 0.0000 0.0000 0.0000 0.0000 0.0000 0.0000 0.0000 0.0000 0.0000 0.0000 0.0000 0.0000 0.0000 0.0000 0.0000 0.0000 0.0000 0.0000 0.0000 0.0000 0.0000 0.0000 0.0000 0.0000 0.0000 0.0000 0.0000 0.0000 0.0000 0.0000 0.0000 0.0000 0.0000 0.0000 0.0000 0.0000 0.0000 0.0000 0.0000 0.0000 0.0000 0.0000 0.0000 0.0000 0.0000 0.0000 0.0000 0.0000 0.0000 0.0000 0.0000 0.0000 0.0000 0.0000 0.0000 0.0000 0.0000 0.0000 0.0000 0.0000 0.0000 0.0000 0.0000 0.0000 0.0000 0.0000 0.0000 0.0000 0.0000 0.0000 0.0000 0.0000 0.0000 0.0000 0.0000 0.0000 0.0000 0.0000 0.0000 0.0000 0.0000 0.0000 0.0000 0.0000 0.0000 0.0000 0.0000 0.0000 0.0000 0.0000 0.0000 0.0000 0.0000 0.0000 0.0000 0.0000 0.0000 0.0000 0.0000 0.0000 0.0000 0.0000 0.0000 0.0000 0.0000 0.0000 0.0000 0.0000 0.0000 0.0000 0.0000 0.0000 0.0000 0.0000 0.0000 0.0000 0.0000 0.0000 0.0000 0.0000 0.0000 0.0000 0.0000 0.0000 0.0000 0.0000 0.0000 0.0000 0.0000 0.0000 0.0000 0.0000 0.0000 0.0000 0.0000 0.0000 0.0000 0.0000 0.0000 0.0000 0.0000 0.0000 0.0000 0.0000 0.0000 0.0000 0.0000 0.0000 0.0000 0.0000 0.0000 0.0000 0.0000 0.0000 0.0000 0.0000 0.0000 0.0000 0.0000 0.0000 0.0000 0.0000 0.0000 0.0000 0.0000 0.0000 0.0000 0.0000 0.0000 0.0000 0.0000 0.0000 0.0000 0.0000 0.0000 0.0000 0.0000 0.0000 0.0000 0.0000 0.0000 0.0000 0.0000 0.0000 0.0000 0.0000 0.0000 0.0000 0.0000 0.0000 0.0000 0.0000 0.0000 0.0000 0.0000 0.0000 0.0000 0.0000 0.0000 0.0000 0.0000 0.0000 0.0000 0.0000 0.0000 0.0000 0.0000 0.0000 0.0000 0.0000 0.0000 0.0000 0.0000 0.0000 0.0000 0.0000 0.0000 0.0000 0.0000 0.0000 0.0000 0.0000 0.0000 0.0000 0.0000 0.0000 0.0000 0.0000 0.0000 0.0000 0.0000 0.0000 0.0000 0.0000 0.0000 0.0000 0.0000 0.0000 0.0000 0.0000 0.0000 0.0000 0.0000 0.0000 0.0000 0.0000 0.0000 0.0000 0.0000 0.0000 0.0000 0.0000 0.0000 0.0000 0.0000 0.0000 0.0000 0.0000 0.0000 0.0000 0.0000 0.0000 0.0000 0.0000 0.0000 0.0000 0.0000 0.0000 0.0000 0.0000 0.0000 0.0000 0.0000 0.0000 0.0000 0.0000 0.0000 0.0000 0.0000 0.0000 0.0000 0.0000 0.0000 0.0000 0.0000 0.0000 0.0000 0.0000 0.0000 0.0000 0.0000 0.0000 0.0000 0.0000 0.0000 0.0000 0.0000 0.0000 0.0000 0.0000 0.0000 0.0000 0.0000 0.0000 0.0000 0.0000 0.0000 0.0000 0.0000 0.0000 0.0000 0.0000 0.0000 0.0000 0.0000 0.0000 0.0000 0.0000 0.0000 0.0000 0.0000 0.0000 0.0000 0.0000 0.0000 0.0000 0.0000 0.0000 0.0000 0.0000 0.0000 0.0000 0.0000 0.0000 0.0000 0.0000 0.0000 0.0000 0.0000 0.0000 0.0000 0.0000 0.0000 0.0000 0.0000 0.0000 0.0000 0.0000 0.0000 0.0000 0.0000 0.0000 0.0000 0.0000 0.0000 0.0000 0.0000 0.0000 0.0000 0.0000 0.0000 0.0000 0.0000 0.0000 0.0000 0.0000 0.0000 0.0000 0.0000 0.0000 0.0000 0.0000 0.0000 0.0000 0.0000 0.0000 0.0000 0.0000 0.0000 0.0000 0.0000 0.0000 0.0000 0.0000 0.0000 0.0000 0.0000 0.0000 0.0000 0.0000 0.0000 0.0000 0.0000 0.0000 0.0000 0.0000 0.0000 0.0000 0.0000 0.0000 0.0000 0.0000 0.0000 0.0000 0.0000 0.0000 0.0000 0.0000 0.0000 0.0000 0.0000 0.0000 0.0000 0.0000 0.0000 0.0000 0.0000 0.0000 0.0000 0.0000 0.0000 0.0000 0.0000 0.0000 0.0000 0.0000 0.0000 0.0000 0.0000 0.0000 0.0000 0.0000 0.0000 0.0000 0.0000 0.0000 0.0000 0.0000 0.0000 0.0000 0.0000 0.0000 0.0000 0.0000 0.0000 0.0000 0.0000 0.0000 0.0000 0.0000 0.0000 0.0000 0.0000 0.0000 0.0000 0.0000 0.0000 0.0000 0.0000 0.0000 0.0000 0.0000 0.0000 0.0000 0.0000 0.0000 0.0000 0.0000 0.0000 0.0000 0.0000 0.0000 0.0000 0.0000 0.0000 0.0000 0.0000 0.0000 0.0000 0.0000 0.0000 0.0000 0.0000 0.0000 0.0000 0.0000 0.0000 0.0000 0.0000 0.0000 0.0000 0.0000 0.0000 0.0000 0.0000 0.0000 0.0000 0.0000 0.0000 0.0000 0.0000 0.0000 0.0000 0.0000 0.0000 0.0000 0.0000 0.0000 0.0000 0.0000 0.0000 0.0000 0.0000 0.0000 0.0000 0.0000 0.0000 0.0000 0.0000 0.0000 0.0000 0.0000 0.0000 0.0000 0.0000 0.0000 0.0000 0.0000 0.0000 0.0000 0.0000 0.0000 0.0000 0.0000 0.0000 0.0000 0.0000 0.0000 0.0000 0.0000 0.0000 0.0000 0.0000 0.0000 0.0000 0.0000 0.0000 0.0000 0.0000 0.0000 0.0000 0.0000 0.0000 0.0000 0.0000 0.0000 0.0000 0.0000 0.0000 0.0000 0.0000 0.0000 0.0000 0.0000 0.0000 0.0000 0.0000 0.0000 0.0000 0.0000 0.0000 0.0000 0.0000 0.0000 0.0000 0.0000 0.0000 0.0000 0.0000 0.0000 0.0000 0.0000 0.0000 0.0000 0.0000 0.0000 0.0000 0.0000 0.0000 0.0000 0.0000 0.0000 0.0000 0.0000 0.0000 0.0000 0.0000 0.0000 0.0000 0.0000 0.0000 0.0000 0.0000 0.0000 0.0000 0.0000 0.0000 0.0000 0.0000 0.0000 0.0000 0.0000 0.0000 0.0000 0.0000 0.0000 0.0000 0.0000 0.0000 0.0000 0.0000 0.0000 0.0000 0.0000 0.0000 0.0000 0.0000 0.0000 0.0000 0.0000 0.0000 0.0000 0.0000 0.0000 0.0000 0.0000 0.0000 0.0000 0.0000 0.0000 0.0000 0.0000 0.0000 0.0000 0.0000 0.0000 0.0000 0.0000 0.0000 0.0000 0.0000 0.0000 0.0000 0.0000 0.0000 0.0000 0.0000 0.0000 0.0000 0.0000 0.0000 0.0000 0.0000 0.0000 0.0000 0.0000 0.0000 0.0000 0.0000 0.0000 0.0000 0.0000 0.0000 0.0000 0.0000 0.0000 0.0000 0.0000 0.0000 0.0000 0.0000 0.0000 0.0000 0.0000 0.0000 0.0000 0.0000 0.0000 0.0000 0.0000 0.0000 0.0000 0.0000 0.0000 0.0000 0.0000 0.0000 0.0000 0.0000 0.0000 0.0000 0.0000 0.0000 0.0000 0.0000 0.0000 0.0000 0.0000 0.0000 0.0000 0.0000 0.0000 0.0000 0.0000 0.0000 0.0000 0.0000 0.0000 0.0000 0.0000 0.0000 0.0000 0.0000 0.0000 0.0000 0.0000 0.0000 0.0000 0.0000 0.0000 0.0000 0.0000 0.0000 0.0000 0.0000 0.0000 0.0000 0.0000 0.0000 0.0000 0.0000 0.0000 0.0000 0.0000 0.0000 0.0000 0.0000 0.0000 0.0000 0.0000 0.0000 0.0000 0.0000 0.0000 0.0000 0.0000 0.0000 0.0000 0.0000 0.0000 0.0000 0.0000 0.0000 0.0000 0.0000 0.0000 0.0000 0.0000 0.0000 0.0000 0.0000 0.0000 0.0000 0.0000 0.0000 0.0000 0.0000 0.0000 0.0000 0.0000 0.0000 0.0000 0.0000 0.0000 0.0000 0.0000 0.0000 0.0000 0.0000 0.0000 0.0000 0.0000 0.0000 0.0000 0.0000 0.0000 0.0000 0.0000 0.0000 0.0000 0.0000 0.0000 0.0000 0.0000 0.0000 0.0000 0.0000 0.0000 0.0000 0.0000 0.0000 0.0000 0.0000 0.0000 0.0000 0.0000 0.0000 0.0000 0.0000 0.0000 0.0000 0.0000 0.0000 0.0000 0.0000 0.0000 0.0000 0.0000 0.0000 0.0000 0.0000 0.0000 0.0000 0.0000 0.0000 0.0000 0.0000 0.0000 0.0000 0.0000 0.0000 0.0000 0.0000 0.0000 0.0000 0.0000 0.0000 0.0000 0.0000 0.0000 0.0000 0.0000 0.0000 0.0000 0.0000 0.0000 0.0000 0.0000 0.0000 0.0000 0.0000 0.0000 0.0000 0.0000 0.0000 0.0000 0.0000 0.0000 0.0000 0.0000 0.0000 0.0000 0.0000 0.0000 0.0000 0.0000 0.0000 0.0000 0.0000 0.0000 0.0000 0.0000 0.0000 0.0000 0.0000 0.0000 0.0000 0.0000 0.0000 0.0000 0.0000 0.0000 0.0000 0.0000 0.0000 0.0000 0.0000 0.0000 0.0000 0.0000 0.0000 0.0000 0.0000 0.0000 0.0000 0.0000 0.0000 0.0000 0.0000 0.0000 0.0000 0.0000 0.0000 0.0000 0.0000 0.0000 0.0000 0.0000 0.0000 0.0000 0.0000 0.0000 0.0000 0.0000 0.0000 0.0000 0.0000 0.0000 0.0000 0.0000 0.0000 0.0000 0.0000 0.0000 0.0000 0.0000 0.0000 0.0000 0.0000 0.0000 0.0000 0.0000 0.0000 0.0000 0.0000 0.0000 0.0000 0.0000 0.0000 0.0000 0.0000 0.0000 0.0000 0.0000 0.0000 0.0000 0.0000 0.0000 0.0000 0.0000 0.0000 0.0000 0.0000 0.0000 0.0000 0.0000 0.0000 0.0000 0.0000 0.0000 0.0000 0.0000 0.0000 0.0000 0.0000 0.0000 0.0000 0.0000 0.0000 0.0000 0.0000 0.0000 0.0000 0.0000 0.0000 0.0000 0.0000 0.0000 0.0000 0.0000 0.0000 0.0000 0.0000 0.0000 0.0000 0.0000 0.0000 0.0000 0.0000 0.0000 0.0000 0.0000 0.0000 0.0000 0.0000 0.0000 0.0000 0.0000 0.0000 0.0000 0.0000 0.0000 0.0000 0.0000 0.0000 0.0000 0.0000 0.0000 0.0000 0.0000 0.0000 0.0000 0.0000 0.0000 0.0000 0.0000 0.0000 0.0000 0.0000 0.0000 0.0000 0.0000 0.0000 0.0000 0.0000 0.0000 0.0000 0.0000 0.0000 0.0000 0.0000 0.0000 0.0000 0.0000 0.0000 0.0000 0.0000 0.0000 0.0000 0.0000 0.0000 0.0000 0.0000 0.0000 0.0000 0.0000 0.0000 0.0000 0.0000 0.0000 0.0000 0.0000 0.0000 0.0000 0.0000 0.0000 0.0000 0.0000 0.0000 0.0000 0.0000 0.0000 0.0000 0.0000 0.0000 0.0000 0.0000 0.0000 0.0000 0.0000 0.0000 0.0000 0.0000 0.0000 0.0000 0.0000 0.0000 0.0000 0.0000 0.0000 0.0000 0.0000 0.0000 0.0000 0.0000 0.0000 0.0000 0.0000 0.0000 0.0000 0.0000 0.0000 0.0000 0.0000 0.0000 0.0000 0.0000 0.0000 0.0000 0.0000 0.0000 0.0000 0.0000 0.0000 0.0000 0.0000 0.0000 0.0000 0.0000 0.0000 0.0000 0.0000 0.0000 0.0000 0.0000 0.0000 0.0000 0.0000 0.0000 0.0000 0.0000 0.0000 0.0000 0.0000 0.0000 0.0000 0.0000 0.0000 0.0000 0.0000 0.0000 0.0000 0.0000 0.0000 0.0000 0.0000 0.0000 0.0000 0.0000 0.0000 0.0000 0.0000 0.0000 0.0000 0.0000 0.0000 0.0000 0.0000 0.0000 0.0000 0.0000 0.0000 0.0000 0.0000 0.0000 0.0000 0.0000 0.0000 0.0000 0.0000 0.0000 0.0000 0.0000 0.0000 0.0000 0.0000 0.0000 0.0000 0.0000 0.0000 0.0000 0.0000 0.0000 0.0000 0.0000 0.0000 0.0000 0.0000 0.0000 0.0000 0.0000 0.0000 0.0000 0.0000 0.0000 0.0000 0.0000 0.0000 0.0000 0.0000 0.0000 0.0000 0.0000 0.0000 0.0000 0.0000 0.0000 0.0000 0.0000 0.0000 0.0000 0.0000 0.0000 0.0000 0.0000 0.0000 0.0000 0.0000 0.0000 0.0000 0.0000 0.0000 0.0000 0.0000 0.0000 0.0000 0.0000 0.0000 0.0000 0.0000 0.0000 0.0000 0.0000 0.0000 0.0000 0.0000 0.0000 0.0000 0.0000 0.0000 0.0000 0.0000 0.0000 0.0000 0.0000 0.0000 0.0000 0.0000 0.0000 0.0000 0.0000 0.0000 0.0000 0.0000 0.0000 0.0000 0.0000 0.0000 0.0000 0.0000 0.0000 0.0000 0.0000 0.0000 0.0000 0.0000 0.0000 0.0000 0.0000 0.0000 0.0000 0.0000 0.0000 0.0000 0.0000 0.0000 0.0000 0.0000 0.0000 0.0000 0.0000 0.0000 0.0000 0.0000 0.0000 0.0000 0.0000 0.0000 0.0000 0.0000 0.0000 0.0000 0.0000 0.0000 0.0000 0.0000 0.0000 0.0000 0.0000 0.0000 0.0000 0.0000 0.0000 0.0000 0.0000 0.0000 0.0000 0.0000 0.0000 0.0000 0.0000 0.0000 0.0000 0.0000 0.0000 0.0000 0.0000 0.0000 0.0000 0.0000 0.0000 0.0000 0.0000 0.0000 0.0000 0.0000 0.0000 0.0000 0.0000 0.0000 0.0000 0.0000 0.0000 0.0000 0.0000 0.0000 0.0000 0.0000 0.0000 0.0000 0.0000 0.0000 0.0000 0.0000 0.0000 0.0000 0.0000 0.0000 0.0000 0.0000 0.0000 0.0000 0.0000 0.0000 0.0000 0.0000 0.0000 0.0000 0.0000 0.0000 0.0000 0.0000 0.0000 0.0000 0.0000 0.0000 0.0000 0.0000 0.0000 0.0000 0.0000 0.0000 0.0000 0.0000 0.0000 0.0000 0.0000 0.0000 0.0000 0.0000 0.0000 0.0000 0.0000 0.0000 0.0000 0.0000 0.0000 0.0000 0.0000 0.0000 0.0000 0.0000 0.0000 0.0000 0.0000 0.0000 0.0000 0.0000 0.0000 0.0000 0.0000 0.0000 0.0000 0.0000 0.0000 0.0000 0.0000 0.0000 0.0000 0.0000 0.0000 0.0000 0.0000 0.0000 0.0000 0.0000 0.0000 0.0000 0.0000 0.0000 0.0000 0.0000 0.0000 0.0000 0.0000 0.0000 0.0000 0.0000 0.0000 0.0000 0.0000 0.0000 0.0000 0.0000 0.0000 0.0000 0.0000 0.0000 0.0000 0.0000 0.0000 0.0000 0.0000 0.0000 0.0000 0.0000 0.0000 0.0000 0.0000 0.0000 0.0000 0.0000 0.0000 0.0000 0.0000 0.0000 0.0000 0.0000 0.0000 0.0000 0.0000 0.0000 0.0000 0.0000 0.0000 0.0000 0.0000 0.0000 0.0000 0.0000 0.0000 0.0000 0.0000 0.0000 0.0000 0.0000 0.0000 0.0000 0.0000 0.0000 0.0000 0.0000 0.0000 0.0000 0.0000 0.0000 0.0000 0.0000 0.0000 0.0000 0.0000 0.0000 0.0000 0.0000 0.0000 0.0000 0.0000 0.0000 0.0000 0.0000 0.0000 0.0000 0.0000 0.0000 0.0000 0.0000 0.0000 0.0000 0.0000 0.0000 0.0000 0.0000 0.0000 0.0000 0.0000 0.0000 0.0000 0.0000 0.0000 0.0000 0.0000 0.0000 0.0000 0.0000 0.0000 0.0000 0.0000 0.0000 0.0000 0.0000 0.0000 0.0000 0.0000 0.0000 0.0000 0.0000 0.0000 0.0000 0.0000 0.0000 0.0000 0.0000 0.0000 0.0000 0.0000 0.0000 0.0000 0.0000 0.0000 0.0000 0.0000 0.0000 0.0000 0.0000 0.0000 0.0000 0.0000 0.0000 0.0000 0.0000 0.0000 0.0000 0.0000 0.0000 0.0000 0.0000 0.0000 0.0000 0.0000 0.0000 0.0000 0.0000 0.0000 0.0000 0.0000 0.0000 0.0000 0.0000 0.0000 0.0000 0.0000 0.0000 0.0000 0.0000 0.0000 0.0000 0.0000 0.0000 0.0000 0.0000 0.0000 0.0000 0.0000 0.0000 0.0000 0.0000 0.0000 0.0000 0.0000 0.0000 0.0000 0.0000 0.0000 0.0000 0.0000 0.0000 0.0000 0.0000 0.0000 0.0000 0.0000 0.0000 0.0000 0.0000 0.0000 0.0000 0.0000 0.0000 0.0000 0.0000 0.0000 0.0000 0.0000 0.0000 0.0000 0.0000 0.0000 0.0000 0.0000 0.0000 0.0000 0.0000 0.0000 0.0000 0.0000 0.0000 0.0000 0.0000 0.0000 0.0000 0.0000 0.0000 0.0000 0.0000 0.0000 0.0000 0.0000 0.0000 0.0000 0.0000 0.0000 0.0000 0.0000 0.0000 0.0000 0.0000 0.0000 0.0000 0.0000 0.0000 0.0000 0.0000 0.0000 0.0000 0.0000 0.0000 0.0000 0.0000 0.0000 0.0000 0.0000 0.0000 0.0000 0.0000 0.0000 0.0000 0.0000 0.0000 0.0000 0.0000 0.0000 0.0000 0.0000 0.0000 0.0000 0.0000 0.0000 0.0000 0.0000 0.0000 0.0000 0.0000 0.0000 0.0000 0.0000 0.0000 0.0000 0.0000 0.0000 0.0000 0.0000 0.0000 0.0000 0.0000 0.0000 0.0000 0.0000 0.0000 0.0000 0.0000 0.0000 0.0000 0.0000 0.0000 0.0000 0.0000 0.0000 0.0000 0.0000 0.0000 0.0000 0.0000 0.0000 0.0000 0.0000 0.0000 0.0000 0.0000 0.0000 0.0000 0.0000 0.0000 0.0000 0.0000 0.0000 0.0000 0.0000 0.0000 0.0000 0.0000 0.0000 0.0000 0.0000 0.0000 0.0000 0.0000 0.0000 0.0000 0.0000 0.0000 0.0000 0.0000 0.0000 0.0000 0.0000 0.0000 0.0000 0.0000 0.0000 0.0000 0.0000 0.0000 0.0000 0.0000 0.0000 0.0000 0.0000 0.0000 0.0000 0.0000 0.0000 0.0000 0.0000 0.0000 0.0000 0.0000 0.0000 0.0000 0.0000 0.0000 0.0000 0.0000 0.0000 0.0000 0.0000 0.0000 0.0000 0.0000 0.0000 0.0000 0.0000 0.0000 0.0000 0.0000 0.0000 0.0000 0.0000 0.0000 0.0000 0.0000 0.0000 0.0000 0.0000 0.0000 0.0000 0.0000 0.0000 0.0000 0.0000 0.0000 0.0000 0.0000 0.0000 0.0000 0.0000 0.0000 0.0000 0.0000 0.0000 0.0000 0.0000 0.0000 0.0000 0.0000 0.0000 0.0000 0.0000 0.0000 0.0000 0.0000 0.0000 0.0000 0.0000 0.0000 0.0000 0.0000 0.0000 0.0000 0.0000 0.0000 0.0000 0.0000 0.0000 0.0000 0.0000 0.0000 0.0000 0.0000 0.0000 0.0000 0.0000 0.0000 0.0000 0.0000 0.0000 0.0000 0.0000 0.0000 0.0000 0.0000 0.0000 0.0000 0.0000 0.0000 0.0000 0.0000 0.0000 0.0000 0.0000 0.0000 0.0000 0.0000 0.0000 0.0000 0.0000 0.0000 0.0000 0.0000 0.0000 0.0000 0.0000 0.0000 0.0000 0.0000 0.0000 0.0000 0.0000 0.0000 0.0000 0.0000 0.0000 0.0000 0.0000 0.0000 0.0000 0.0000 0.0000 0.0000 0.0000 0.0000 0.0000 0.0000 0.0000 0.0000 0.0000 0.0000 0.0000 0.0000 0.0000 0.0000 0.0000 0.0000 0.0000 0.0000 0.0000 0.0000 0.0000 0.0000 0.0000 0.0000 0.0000 0.0000 0.0000 0.0000 0.0000 0.0000 0.0000 0.0000 0.0000 0.0000 0.0000 0.0000 0.0000 0.0000 0.0000 0.0000 0.0000 0.0000 0.0000 0.0000 0.0000 0.0000 0.0000 0.0000 0.0000 0.0000 0.0000 0.0000 0.0000 0.0000 0.0000 0.0000 0.0000 0.0000 0.0000 0.0000 0.0000 0.0000 0.0000 0.0000 0.0000 0.0000 0.0000 0.0000 0.0000 0.0000 0.0000 0.0000 0.0000 0.0000 0.0000 0.0000 0.0000 0.0000 0.0000 0.0000 0.0000 0.0000 0.0000 0.0000 0.0000 0.0000 0.0000 0.0000 0.0000 0.0000 0.0000 0.0000 0.0000 0.0000 0.0000 0.0000 0.0000 0.0000 0.0000 0.0000 0.0000 0.0000 0.0000 0.0000 0.0000 0.0000 0.0000 0.0000 0.0000 0.0000 0.0000 0.0000 0.0000 0.0000 0.0000 0.0000 0.0000 0.0000 0.0000 0.0000 0.0000 0.0000 0.0000 0.0000 0.0000 0.0000 0.0000 0.0000 0.0000 0.0000 0.0000 0.0000 0.0000 0.0000 0.0000 0.0000 0.0000 0.0000 0.0000 0.0000 0.0000 0.0000 0.0000 0.0000 0.0000 0.0000 0.0000 0.0000 0.0000 0.0000 0.0000 0.0000 0.0000 0.0000 0.0000 0.0000 0.0000 0.0000 0.0000 0.0000 0.0000 0.0000 0.0000 0.0000 0.0000 0.0000 0.0000 0.0000 0.0000 0.0000 0.0000 0.0000 0.0000 0.0000 0.0000 0.0000 0.0000 0.0000 0.0000 0.0000 0.0000 0.0000 0.0000 0.0000 0.0000 0.0000 0.0000 0.0000 0.0000 0.0000 0.0000 0.0000 0.0000 0.0000 0.0000 0.0000 0.0000 0.0000 0.0000 0.0000 0.0000 0.0000 0.0000 0.0000 0.0000 0.0000 0.0000 0.0000 0.0000 0.0000 0.0000 0.0000 0.0000 0.0000 0.0000 0.0000 0.0000 0.0000 0.0000 0.0000 0.0000 0.0000 0.0000 0.0000 0.0000 0.0000 0.0000 0.0000 0.0000 0.0000 0.0000 0.0000 0.0000 0.0000 0.0000 0.0000 0.0000 0.0000 0.0000 0.0000 0.0000 0.0000 0.0000 0.0000 0.0000 0.0000 0.0000 0.0000 0.0000 0.0000 0.0000 0.0000 0.0000 0.0000 0.0000 0.0000 0.0000 0.0000 0.0000 0.0000 0.0000 0.0000 0.0000 0.0000 0.0000 0.0000 0.0000 0.0000 0.0000 0.0000 0.0000 0.0000 0.0000 0.0000 0.0000 0.0000 0.0000 0.0000 0.0000 0.0000 0.0000 0.0000 0.0000 0.0000 0.0000 0.0000 0.0000 0.0000 0.0000 0.0000 0.0000 0.0000 0.0000 0.0000 0.0000 0.0000 0.0000 0.0000 0.0000 0.0000 0.0000 0.0000 0.0000 0.0000 0.0000 0.0000 0.0000 0.0000 0.0000 0.0000 0.0000 0.0000 0.0000 0.0000 0.0000 0.0000 0.0000 0.0000 0.0000 0.0000 0.0000 0.0000 0.0000 0.0000 0.0000 0.0000 0.0000 0.0000 0.0000 0.0000 0.0000 0.0000 0.0000 0.0000 0.0000 0.0000 0.0000 0.0000 0.0000 0.0000 0.0000 0.0000 0.0000 0.0000 0.0000 0.0000 0.0000 0.0000 0.0000 0.0000 0.0000 0.0000 0.0000 0.0000 0.0000 0.0000 0.0000 0.0000 0.0000 0.0000 0.0000 0.0000 0.0000 0.0000 0.0000 0.0000 0.0000 0.0000 0.0000 0.0000 0.0000 0.0000 0.0000 0.0000 0.0000 0.0000 0.0000 0.0000 0.0000 0.0000 0.0000 0.0000 0.0000 0.0000 0.0000 0.0000 0.0000 0.0000 0.0000 0.0000 0.0000 0.0000 0.0000 0.0000 0.0000 0.0000 0.0000 0.0000 0.0000 0.0000 0.0000 0.0000 0.0000 0.0000 0.0000 0.0000 0.0000 0.0000 0.0000 0.0000 0.0000 0.0000 0.0000 0.0000 0.0000 0.0000 0.0000 0.0000 0.0000 0.0000 0.0000 0.0000 0.0000 0.0000 0.0000 0.0000 0.0000 0.0000 0.0000 0.0000 0.0000 0.0000 0.0000 0.0000 0.0000 0.0000 0.0000 0.0000 0.0000 0.0000 0.0000 0.0000 0.0000 0.0000 0.0000 0.0000 0.0000 0.0000 0.0000 0.0000 0.0000 0.0000 0.0000 0.0000 0.0000 0.0000 0.0000 0.0000 0.0000 0.0000 0.0000 0.0000 0.0000 0.0000 0.0000 0.0000 0.0000 0.0000 0.0000 0.0000 0.0000 0.0000 0.0000 0.0000 0.0000 0.0000 0.0000 0.0000 0.0000 0.0000 0.0000 0.0000 0.0000 0.0000 0.0000 0.0000 0.0000 0.0000 0.0000 0.0000 0.0000 0.0000 0.0000 0.0000 0.0000 0.0000 0.0000 0.0000 0.0000 0.0000 0.0000 0.0000 0.0000 0.0000 0.0000 0.0000 0.0000 0.0000 0.0000 0.0000 0.0000 0.0000 0.0000 0.0000 0.0000 0.0000 0.0000 0.0000 0.0000 0.0000 0.0000 0.0000 0.0000 0.0000 0.0000 0.0000 0.0000 0.0000 0.0000 0.0000 0.0000 0.0000 0.0000 0.0000 0.0000 0.0000 0.0000 0.0000 0.0000 0.0000 0.0000 0.0000 0.0000 0.0000 0.0000 0.0000 0.0000 0.0000 0.0000 0.0000 0.0000 0.0000 0.0000 0.0000 0.0000 0.0000 0.0000 0.0000 0.0000 0.0000 0.0000 0.0000 0.0000 0.0000 0.0000 0.0000 0.0000 0.0000 0.0000 0.0000 0.0000 0.0000 0.0000 0.0000 0.0000 0.0000 0.0000 0.0000 0.0000 0.0000 0.0000 0.0000 0.0000 0.0000 0.0000 0.0000 0.0000 0.0000 0.0000 0.0000 0.0000 0.0000 0.0000 0.0000 0.0000 0.0000 0.0000 0.0000 0.0000 0.0000 0.0000 0.0000 0.0000 0.0000 0.0000 0.0000 0.0000 0.0000 0.0000 0.0000 0.0000 0.0000 0.0000 0.0000 0.0000 0.0000 0.0000 0.0000 0.0000 0.0000 0.0000 0.0000 0.0000 0.0000 0.0000 0.0000 0.0000 0.0000 0.0000 0.0000 0.0000 0.0000 0.0000 0.0000 0.0000 0.0000 0.0000 0.0000 0.0000 0.0000 0.0000 0.0000 0.0000 0.0000 0.0000 0.0000 0.0000 0.0000 0.0000 0.0000 0.0000 0.0000 0.0000 0.0000 0.0000 0.0000 0.0000 0.0000 0.0000 0.0000 0.0000 0.0000 0.0000 0.0000 0.0000 0.0000 0.0000 0.0000 0.0000 0.0000 0.0000 0.0000 0.0000 0.0000 0.0000 0.0000 0.0000 0.0000 0.0000 0.0000 0.0000 0.0000 0.0000 0.0000 0.0000 0.0000 0.0000 0.0000 0.0000 0.0000 0.0000 0.0000 0.0000 0.0000 0.0000 0.0000 0.0000 0.0000 0.0000 0.0000 0.0000 0.0000 0.0000 0.0000 0.0000 0.0000 0.0000 0.0000 0.0000 0.0000 0.0000 0.0000 0.0000 0.0000 0.0000 0.0000 0.0000 0.0000 0.0000 0.0000 0.0000 0.0000 0.0000 0.0000 0.0000 0.0000 0.0000 0.0000 0.0000 0.0000 0.0000 0.0000 0.0000 0.0000 0.0000 0.0000 0.0000 0.0000 0.0000 0.0000 0.0000 0.0000 0.0000 0.0000 0.0000 0.0000 0.0000 0.0000 0.0000 0.0000 0.0000 0.0000 0.0000 0.0000 0.0000 0.0000 0.0000 0.0000 0.0000 0.0000 0.0000 0.0000 0.0000 0.0000 0.0000 0.0000 0.0000 0.0000 0.0000 0.0000 0.0000 0.0000 0.0000 0.0000 0.0000 0.0000 0.0000 0.0000 0.0000 0.0000 0.0000 0.0000 0.0000 0.0000 0.0000 0.0000 0.0000 0.0000 0.0000 0.0000 0.0000 0.0000 0.0000 0.0000 0.0000 0.0000 0.0000 0.0000 0.0000 0.0000 0.0000 0.0000 0.0000 0.0000 0.0000 0.0000 0.0000 0.0000 0.0000 0.0000 0.0000 0.0000 0.0000 0.0000 0.0000 0.0000 0.0000 0.0000 0.0000 0.0000 0.0000 0.0000 0.0000 0.0000 0.0000 0.0000 0.0000 0.0000 0.0000 0.0000 0.0000 0.0000 0.0000 0.0000 0.0000 0.0000 0.0000 0.0000 0.0000 0.0000 0.0000 0.0000 0.0000 0.0000 0.0000 0.0000 0.0000 0.0000 0.0000 0.0000 0.0000 0.0000 0.0000 0.0000 0.0000 0.0000 0.0000 0.0000 0.0000 0.0000 0.0000 0.0000 0.0000 0.0000 0.0000 0.0000 0.0000 0.0000 0.0000 0.0000 0.0000 0.0000 0.0000 0.0000 0.0000 0.0000 0.0000 0.0000 0.0000 0.0000 0.0000 0.0000 0.0000 0.0000 0.0000 0.0000 0.0000 0.0000 0.0000 0.0000 0.0000 0.0000 0.0000 0.0000 0.0000 0.0000 0.0000 0.0000 0.0000 0.0000 0.0000 0.0000 0.0000 0.0000 0.0000 0.0000 0.0000 0.0000 0.0000 0.0000 0.0000 0.0000 0.0000 0.0000 0.0000 0.0000 0.0000 0.0000 0.0000 0.0000 0.0000 0.0000 0.0000 0.0000 0.0000 0.0000 0.0000 0.0000 0.0000 0.0000 0.0000 0.0000 0.0000 0.0000 0.0000 0.0000 0.0000 0.0000 0.0000 0.0000 0.0000 0.0000 0.0000 0.0000 0.0000 0.0000 0.0000 0.0000 0.0000 0.0000 0.0000 0.0000 0.0000 0.0000 0.0000 0.0000 0.0000 0.0000 0.0000 0.0000 0.0000 0.0000 0.0000 0.0000 0.0000 0.0000 0.0000 0.0000 0.0000 0.0000 0.0000 0.0000 0.0000 0.0000 0.0000 0.0000 0.0000 0.0000 0.0000 0.0000 0.0000 0.0000 0.0000 0.0000 0.0000 0.0000 0.0000 0.0000 0.0000 0.0000 0.0000 0.0000 0.0000 0.0000 0.0000 0.0000 0.0000 0.0000 0.0000 0.0000 0.0000 0.0000 0.0000 0.0000 0.0000 0.0000 0.0000 0.0000 0.0000 0.0000 0.0000 0.0000 0.0000 0.0000 0.0000 0.0000 0.0000 0.0000 0.0000 0.0000 0.0000 0.0000 0.0000 0.0000 0.0000 0.0000 0.0000 0.0000 0.0000 0.0000 0.0000 0.0000 0.0000 0.0000 0.0000 0.0000 0.0000 0.0000 0.0000 0.0000 0.0000 0.0000 0.0000 0.0000 0.0000 0.0000 0.0000 0.0000 0.0000 0.0000 0.0000 0.0000 0.0000 0.0000 0.0000 0.0000 0.0000 0.0000 0.0000 0.0000 0.0000 0.0000 0.0000 0.0000 0.0000 0.0000 0.0000 0.0000 0.0000 0.0000 0.0000 0.0000 0.0000 0.0000 0.0000 0.0000 0.0000 0.0000 0.0000 0.0000 0.0000 0.0000 0.0000 0.0000 0.0000 0.0000 0.0000 0.0000 0.0000 0.0000 0.0000 0.0000 0.0000 0.0000 0.0000 0.0000 0.0000 0.0000 0.0000 0.0000 0.0000 0.0000 0.0000 0.0000 0.0000 0.0000 0.0000 0.0000 0.0000 0.0000 0.0000 0.0000 0.0000 0.0000 0.0000 0.0000 0.0000 0.0000 0.0000 0.0000 0.0000 0.0000 0.0000 0.0000 0.0000 0.0000 0.0000 0.0000 0.0000 0.0000 0.0000 0.0000 0.0000 0.0000 0.0000 0.0000 0.0000 0.0000 0.0000 0.0000 0.0000 0.0000 0.0000 0.0000 0.0000 0.0000 0.0000 0.0000 0.0000 0.0000 0.0000 0.0000 0.0000 0.0000 0.0000 0.0000 0.0000 0.0000 0.0000 0.0000 0.0000 0.0000 0.0000 0.0000 0.0000 0.0000 0.0000 0.0000 0.0000 0.0000 0.0000 0.0000 0.0000 0.0000 0.0000 0.0000 0.0000 0.0000 0.0000 0.0000 0.0000 0.0000 0.0000 0.0000 0.0000 0.0000 0.0000 0.0000 0.0000 0.0000 0.0000 0.0000 0.0000 0.0000 0.0000 0.0000 0.0000 0.0000 0.0000 0.0000 0.0000 0.0000 0.0000 0.0000 0.0000 0.0000 0.0000 0.0000 0.0000 0.0000 0.0000 0.0000 0.0000 0.0000 0.0000 0.0000 0.0000 0.0000 0.0000 0.0000 0.0000 0.0000 0.0000 0.0000 0.0000 0.0000 0.0000 0.0000 0.0000 0.0000 0.0000 0.0000 0.0000 0.0000 0.0000 0.0000 0.0000 0.0000 0.0000 0.0000 0.0000 0.0000 0.0000 0.0000 0.0000 0.0000 0.0000 0.0000 0.0000 0.0000 0.0000 0.0000 0.0000 0.0000 0.0000 0.0000 0.0000 0.0000 0.0000 0.0000 0.0000 0.0000 0.0000 0.0000 0.0000 0.0000 0.0000 0.0000 0.0000 0.0000 0.0000 0.0000 0.0000 0.0000 0.0000 0.0000 0.0000 0.0000 0.0000 0.0000 0.0000 0.0000 0.0000 0.0000 0.0000 0.0000 0.0000 0.0000 0.0000 0.0000 0.0000 0.0000 0.0000 0.0000 0.0000 0.0000 0.0000 0.0000 0.0000 0.0000 0.0000 0.0000 0.0000 0.0000 0.0000 0.0000 0.0000 0.0000 0.0000 0.0000 0.0000 0.0000 0.0000 0.0000 0.0000 0.0000 0.0000 0.0000 0.0000 0.0000 0.0000 0.0000 0.0000 0.0000 0.0000 0.0000 0.0000 0.0000 0.0000 0.0000 0.0000 0.0000 0.0000 0.0000 0.0000 0.0000 0.0000 0.0000 0.0000 0.0000 0.0000 0.0000 0.0000 0.0000 0.0000 0.0000 0.0000 0.0000 0.0000 0.0000 0.0000 0.0000 0.0000 0.0000 0.0000 0.0000 0.0000 0.0000 0.0000 0.0000 0.0000 0.0000 0.0000 0.0000 0.0000 0.0000 0.0000 0.0000 0.0000 0.0000 0.0000 0.0000 0.0000 0.0000 0.0000 0.0000 0.0000 0.0000 0.0000 0.0000 0.0000 0.0000 0.0000 0.0000 0.0000 0.0000 0.0000 0.0000 0.0000 0.0000 0.0000 0.0000 0.0000 0.0000 0.0000 0.0000 0.0000 0.0000 0.0000 0.0000 0.0000 0.0000 0.0000 0.0000 0.0000 0.0000 0.0000 0.0000 0.0000 0.0000 0.0000 0.0000 0.0000 0.0000 0.0000 0.0000 0.0000 0.0000 0.0000 0.0000 0.0000 0.0000 0.0000 0.0000 0.0000 0.0000 0.0000 0.0000 0.0000 0.0000 0.0000 0.0000 0.0000 0.0000 0.0000 0.0000 0.0000 0.0000 0.0000 0.0000 0.0000 0.0000 0.0000 0.0000 0.0000 0.0000 0.0000 0.0000 0.0000 0.0000 0.0000 0.0000 0.0000 0.0000 0.0000 0.0000 0.0000 0.0000 0.0000 0.0000 0.0000 0.0000 0.0000 0.0000 0.0000 0.0000 0.0000 0.0000 0.0000 0.0000 0.0000 0.0000 0.0000 0.0000 0.0000 0.0000 0.0000 0.0000 0.0000 0.0000 0.0000 0.0000 0.0000 0.0000 0.0000 0.0000 0.0000 0.0000 0.0000 0.0000 0.0000 0.0000 0.0000 0.0000 0.0000 0.0000 0.0000 0.0000 0.0000 0.0000 0.0000 0.0000 0.0000 0.0000 0.0000 0.0000 0.0000 0.0000 0.0000 0.0000 0.0000 0.0000 0.0000 0.0000 0.0000 0.0000 0.0000 0.0000 0.0000 0.0000 0.0000 0.0000 0.0000 0.0000 0.0000 0.0000 0.0000 0.0000 0.0000 0.0000 0.0000 0.0000 0.0000 0.0000 0.0000 0.0000 0.0000 0.0000 0.0000 0.0000 0.0000 0.0000 0.0000 0.0000 0.0000 0.0000 0.0000 0.0000 0.0000 0.0000 0.0000 0.0000 0.0000 0.0000 0.0000 0.0000 0.0000 0.0000 0.0000 0.0000 0.0000 0.0000 0.0000 0.0000 0.0000 0.0000 0.0000 0.0000 0.0000 0.0000 0.0000 0.0000 0.0000 0.0000 0.0000 0.0000 0.0000 0.0000 0.0000 0.0000 0.0000 0.0000 0.0000 0.0000 0.0000 0.0000 0.0000 0.0000 0.0000 0.0000 0.0000 0.0000 0.0000 0.0000 0.0000 0.0000 0.0000 0.0000 0.0000 0.0000 0.0000 0.0000 0.0000 0.0000 0.0000 0.0000 0.0000 0.0000 0.0000 0.0000 0.0000 0.0000 0.0000 0.0000 0.0000 0.0000 0.0000 0.0000 0.0000 0.0000 0.0000 0.0000 0.0000 0.0000 0.0000 0.0000 0.0000 0.0000 0.0000 0.0000 0.0000 0.0000 0.0000 0.0000 0.0000 0.0000 0.0000 0.0000 0.0000 0.0000 0.0000 0.0000 0.0000 0.0000 0.0000 0.0000 0.0000 0.0000 0.0000 0.0000 0.0000 0.0000 0.0000 0.0000 0.0000 0.0000 0.0000 0.0000 0.0000 0.0000 0.0000 0.0000 0.0000 0.0000 0.0000 0.0000 0.0000 0.0000 0.0000 0.0000 0.0000 0.0000 0.0000 0.0000 0.0000 0.0000 0.0000 0.0000 0.0000 0.0000 0.0000 0.0000 0.0000 0.0000 0.0000 0.0000 0.0000 0.0000 0.0000 0.0000 0.0000 0.0000 0.0000 0.0000 0.0000 0.0000 0.0000 0.0000 0.0000 0.0000 0.0000 0.0000 0.0000 0.0000 0.0000 0.0000 0.0000 0.0000 0.0000 0.0000 0.0000 0.0000 0.0000 0.0000 0.0000 0.0000 0.0000 0.0000 0.0000 0.0000 0.0000 0.0000 0.0000 0.0000 0.0000 0.0000 0.0000 0.0000 0.0000 0.0000 0.0000 0.0000 0.0000 0.0000 0.0000 0.0000 0.0000 0.0000 0.0000 0.0000 0.0000 0.0000 0.0000 0.0000 0.0000 0.0000 0.0000 0.0000 0.0000 0.0000 0.0000 0.0000 0.0000 0.0000 0.0000 0.0000 0.0000 0.0000 0.0000 0.0000 0.0000 0.0000 0.0000 0.0000 0.0000 0.0000 0.0000 0.0000 0.0000 0.0000 0.0000 0.0000 0.0000 0.0000 0.0000 0.0000 0.0000 0.0000 0.0000 0.0000 0.0000 0.0000 0.0000 0.0000 0.0000 0.0000 0.0000 0.0000 0.0000 0.0000 0.0000 0.0000 0.0000 0.0000 0.0000 0.0000 0.0000 0.0000 0.0000 0.0000 0.0000 0.0000 0.0000 0.0000 0.0000 0.0000 0.0000 0.0000 0.0000 0.0000 0.0000 0.0000 0.0000 0.0000 0.0000 0.0000 0.0000 0.0000 0.0000 0.0000 0.0000 0.0000 0.0000 0.0000 0.0000 0.0000 0.0000 0.0000 0.0000 0.0000 0.0000 0.0000 0.0000 0.0000 0.0000 0.0000 0.0000 0.0000 0.0000 0.0000 0.0000 0.0000 0.0000 0.0000 0.0000 0.0000 0.0000 0.0000 0.0000 0.0000 0.0000 0.0000 0.0000 0.0000 0.0000 0.0000 0.0000 0.0000 0.0000 0.0000 0.0000 0.0000 0.0000 0.0000 0.0000 0.0000 0.0000 0.0000 0.0000 0.0000 0.0000 0.0000 0.0000 0.0000 0.0000 0.0000 0.0000 0.0000 0.0000 0.0000 0.0000 0.0000 0.0000 0.0000 0.0000 0.0000 0.0000 0.0000 0.0000 0.0000 0.0000 0.0000 0.0000 0.0000 0.0000 0.0000 0.0000 0.0000 0.0000 0.0000 0.0000 0.0000 0.0000 0.0000 0.0000 0.0000 0.0000 0.0000 0.0000 0.0000 0.0000 0.0000 0.0000 0.0000 0.0000 0.0000 0.0000 0.0000 0.0000 0.0000 0.0000 0.0000 0.0000 0.0000 0.0000 0.0000 0.0000 0.0000 0.0000 0.0000 0.0000 0.0000 0.0000 0.0000 0.0000 0.0000 0.0000 0.0000 0.0000 0.0000 0.0000 0.0000 0.0000 0.0000 0.0000 0.0000 0.0000 0.0000 0.0000 0.0000 0.0000 0.0000 0.0000 0.0000 0.0000 0.0000 0.0000 0.0000 0.0000 0.0000 0.0000 0.0000 0.0000 0.0000 0.0000 0.0000 0.0000 0.0000 0.0000 0.0000 0.0000 0.0000 0.0000 0.0000 0.0000 0.0000 0.0000 0.0000 0.0000 0.0000 0.0000 0.0000 0.0000 0.0000 0.0000 0.0000 0.0000 0.0000 0.0000 0.0000 0.0000 0.0000 0.0000 0.0000 0.0000 0.0000 0.0000 0.0000 0.0000 0.0000 0.0000 0.0000 0.0000 0.0000 0.0000 0.0000 0.0000 0.0000 0.0000 0.0000 0.0000 0.0000 0.0000 0.0000 0.0000 0.0000 0.0000 0.0000 0.0000 0.0000 0.0000 0.0000 0.0000 0.0000 0.0000 0.0000 0.0000 0.0000 0.0000 0.0000 0.0000 0.0000 0.0000 0.0000 0.0000 0.0000 0.0000 0.0000 0.0000 0.0000 0.0000 0.0000 0.0000 0.0000 0.0000 0.0000 0.0000 0.0000 0.0000 0.0000 0.0000 0.0000 0.0000 0.0000 0.0000 0.0000 0.0000 0.0000 0.0000 0.0000 0.0000 0.0000 0.0000 0.0000 0.0000 0.0000 0.0000 0.0000 0.0000 0.0000 0.0000 0.0000 0.0000 0.0000 0.0000 0.0000 0.0000 0.0000 0.0000 0.0000 0.0000 0.0000 0.0000 0.0000 0.0000 0.0000 0.0000 0.0000 0.0000 0.0000 0.0000 0.0000 0.0000 0.0000 0.0000 0.0000 0.0000 0.0000 0.0000 0.0000 0.0000 0.0000 0.0000 0.0000 0.0000 0.0000 0.0000 0.0000 0.0000 0.0000 0.0000 0.0000 0.0000 0.0000 0.0000 0.0000 0.0000 0.0000 0.0000 0.0000 0.0000 0.0000 0.0000 0.0000 0.0000 0.0000 0.0000 0.0000 0.0000 0.0000 0.0000 0.0000 0.0000 0.0000 0.0000 0.0000 0.0000 0.0000 0.0000 0.0000 0.0000 0.0000 0.0000 0.0000 0.0000 0.0000 0.0000 0.0000 0.0000 0.0000 0.0000 0.0000 0.0000 0.0000 0.0000 0.0000 0.0000 0.0000 0.0000 0.0000 0.0000 0.0000 0.0000 0.0000 0.0000 0.0000 0.0000 0.0000 0.0000 0.0000 0.0000 0.0000 0.0000 0.0000 0.0000 0.0000 0.0000 0.0000 0.0000 0.0000 0.0000 0.0000 0.0000 0.0000 0.0000 0.0000 0.0000 0.0000 0.0000 0.0000 0.0000 0.0000 0.0000 0.0000 0.0000 0.0000 0.0000 0.0000 0.0000 0.0000 0.0000 0.0000 0.0000 0.0000 0.0000 0.0000 0.0000 0.0000 0.0000 0.0000 0.0000 0.0000 0.0000 0.0000 0.0000 0.0000 0.0000 0.0000 0.0000 0.0000 0.0000 0.0000 0.0000 0.0000 0.0000 0.0000 0.0000 0.0000 0.0000 0.0000 0.0000 0.0000 0.0000 0.0000 0.0000 0.0000 0.0000 0.0000 0.0000 0.0000 0.0000 0.0000 0.0000 0.0000 0.0000 0.0000 0.0000 0.0000 0.0000 0.0000 0.0000 0.0000 0.0000 0.0000 0.0000 0.0000 0.0000 0.0000 0.0000 0.0000 0.0000 0.0000 0.0000 0.0000 0.0000 0.0000 0.0000 0.0000 0.0000 0.0000 0.0000 0.0000 0.0000 0.0000 0.0000 0.0000 0.0000 0.0000 0.0000 0.0000 0.0000 0.0000 0.0000 0.0000 0.0000 0.0000 0.0000 0.0000 0.0000 0.0000 0.0000 0.0000 0.0000 0.0000 0.0000 0.0000 0.0000 0.0000 0.0000 0.0000 0.0000 0.0000 0.0000 0.0000 0.0000 0.0000 0.0000 0.0000 0.0000 0.0000 0.0000 0.0000 0.0000 0.0000 0.0000 0.0000 0.0000 0.0000 0.0000 0.0000 0.0000 0.0000 0.0000 0.0000 0.0000 0.0000 0.0000 0.0000 0.0000 0.0000 0.0000 0.0000 0.0000 0.0000 0.0000 0.0000 0.0000 0.0000 0.0000 0.0000 0.0000 0.0000 0.0000 0.0000 0.0000 0.0000 0.0000 0.0000 0.0000 0.0000 0.0000 0.0000 0.0000 0.0000 0.0000 0.0000 0.0000 0.0000 0.0000 0.0000 0.0000 0.0000 0.0000 0.0000 0.0000 0.0000 0.0000 0.0000 0.0000 0.0000 0.0000 0.0000 0.0000 0.0000 0.0000 0.0000 0.0000 0.0000 0.0000 0.0000 0.0000 0.0000 0.0000 0.0000 0.0000 0.0000 0.0000 0.0000 0.0000 0.0000 0.0000 0.0000 0.0000 0.0000 0.0000 0.0000 0.0000 0.0000 0.0000 0.0000 0.0000 0.0000 0.0000 0.0000 0.0000 0.0000 0.0000 0.0000 0.0000 0.0000 0.0000 0.0000 0.0000 0.0000 0.0000 0.0000 0.0000 0.0000 0.0000 0.0000 0.0000 0.0000 0.0000 0.0000 0.0000 0.0000 0.0000 0.0000 0.0000 0.0000 0.0000 0.0000 0.0000 0.0000 0.0000 0.0000 0.0000 0.0000 0.0000 0.0000 0.0000 0.0000 0.0000 0.0000 0.0000 0.0000 0.0000 0.0000 0.0000 0.0000 0.0000 0.0000 0.0000 0.0000 0.0000 0.0000 0.0000 0.0000 0.0000 0.0000 0.0000 0.0000 0.0000 0.0000 0.0000 0.0000 0.0000 0.0000 0.0000 0.0000 0.0000 0.0000 0.0000 0.0000 0.0000 0.0000 0.0000 0.0000 0.0000 0.0000 0.0000 0.0000 0.0000 0.0000 0.0000 0.0000 0.0000 0.0000 0.0000 0.0000 0.0000 0.0000 0.0000 0.0000 0.0000 0.0000 0.0000 0.0000 0.0000 0.0000 0.0000 0.0000 0.0000 0.0000 0.0000 0.0000 0.0000 0.0000 0.0000 0.0000 0.0000 0.0000 0.0000 0.0000 0.0000 0.0000 0.0000 0.0000 0.0000 0.0000 0.0000 0.0000 0.0000 0.0000 0.0000 0.0000 0.0000 0.0000 0.0000 0.0000 0.0000 0.0000 0.0000 0.0000 0.0000 0.0000 0.0000 0.0000 0.0000 0.0000 0.0000 0.0000 0.0000 0.0000 0.0000 0.0000 0.0000 0.0000 0.0000 0.0000 0.0000 0.0000 0.0000 0.0000 0.0000 0.0000 0.0000 0.0000 0.0000 0.0000 0.0000 0.0000 0.0000 0.0000 0.0000 0.0000 0.0000 0.0000 0.0000 0.0000 0.0000 0.0000 0.0000 0.0000 0.0000 0.0000 0.0000 0.0000 0.0000 0.0000 0.0000 0.0000 0.0000 0.0000 0.0000 0.0000 0.0000 0.0000 0.0000 0.0000 0.0000 0.0000 0.0000 0.0000 0.0000 0.0000 0.0000 0.0000 0.0000 0.0000 0.0000 0.0000 0.0000 0.0000 0.0000 0.0000 0.0000 0.0000 0.0000 0.0000 0.0000 0.0000 0.0000 0.0000 0.0000 0.0000 0.0000 0.0000 0.0000 0.0000 0.0000 0.0000 0.0000 0.0000 0.0000 0.0000 0.0000 0.0000 0.0000 0.0000 0.0000 0.0000 0.0000 0.0000 0.0000 0.0000 0.0000 0.0000 0.0000 0.0000 0.0000 0.0000 0.0000 0.0000 0.0000 0.0000 0.0000 0.0000 0.0000 0.0000 0.0000 0.0000 0.0000 0.0000 0.0000 0.0000 0.0000 0.0000 0.0000 0.0000 0.0000 0.0000 0.0000 0.0000 0.0000 0.0000 0.0000 0.0000 0.0000 0.0000 0.0000 0.0000 0.0000 0.0000 0.0000 0.0000 0.0000 0.0000 0.0000 0.0000 0.0000 0.0000 0.0000 0.0000 0.0000 0.0000 0.0000 0.0000 0.0000 0.0000 0.0000 0.0000 0.0000 0.0000 0.0000 0.0000 0.0000 0.0000 0.0000 0.0000 0.0000 0.0000 0.0000 0.0000 0.0000 0.0000 0.0000 0.0000 0.0000 0.0000 0.0000 0.0000 0.0000 0.0000 0.0000 0.0000 0.0000 0.0000 0.0000 0.0000 0.0000 0.0000 0.0000 0.0000 0.0000 0.0000 0.0000 0.0000 0.0000 0.0000 0.0000 0.0000 0.0000 0.0000 0.0000 0.0000 0.0000 0.0000 0.0000 0.0000 0.0000 0.0000 0.0000 0.0000 0.0000 0.0000 0.0000 0.0000 0.0000 0.0000 0.0000 0.0000 0.0000 0.0000 0.0000 0.0000 0.0000 0.0000 0.0000 0.0000 0.0000 0.0000 0.0000 0.0000 0.0000 0.0000 0.0000 0.0000 0.0000 0.0000 0.0000 0.0000 0.0000 0.0000 0.0000 0.0000 0.0000 0.0000 0.0000 0.0000 0.0000 0.0000 0.0000 0.0000 0.0000 0.0000 0.0000 0.0000 0.0000 0.0000 0.0000 0.0000 0.0000 0.0000 0.0000 0.0000 0.0000 0.0000 0.0000 0.0000 0.0000 0.0000 0.0000 0.0000 0.0000 0.0000 0.0000 0.0000 0.0000 0.0000 0.0000 0.0000 0.0000 0.0000 0.0000 0.0000 0.0000 0.0000 0.0000 0.0000 0.0000 0.0000 0.0000 0.0000 0.0000 0.0000 0.0000 0.0000 0.0000 0.0000 0.0000 0.0000 0.0000 0.0000 0.0000 0.0000 0.0000 0.0000 0.0000 0.0000 0.0000 0.0000 0.0000 0.0000 0.0000 0.0000 0.0000 0.0000 0.0000 0.0000 0.0000 0.0000 0.0000 0.0000 0.0000 0.0000 0.0000 0.0000 0.0000 0.0000 0.0000 0.0000 0.0000 0.0000 0.0000 0.0000 0.0000 0.0000 0.0000 0.0000 0.0000 0.0000 0.0000 0.0000 0.0000 0.0000 0.0000 0.0000 0.0000 0.0000 0.0000 0.0000 0.0000 0.0000 0.0000 0.0000 0.0000 0.0000 0.0000 0.0000 0.0000 0.0000 0.0000 0.0000 0.0000 0.0000 0.0000 0.0000 0.0000 0.0000 0.0000 0.0000 0.0000 0.0000 0.0000 0.0000 0.0000 0.0000 0.0000 0.0000 0.0000 0.0000 0.0000 0.0000 0.0000 0.0000 0.0000 0.0000 0.0000 0.0000 0.0000 0.0000 0.0000 0.0000 0.0000 0.0000 0.0000 0.0000 0.0000 0.0000 0.0000 0.0000 0.0000 0.0000 0.0000 0.0000 0.0000 0.0000 0.0000 0.0000 0.0000 0.0000 0.0000 0.0000 0.0000 0.0000 0.0000 0.0000 0.0000 0.0000 0.0000 0.0000 0.0000 0.0000 0.0000 0.0000 0.0000 0.0000 0.0000 0.0000 0.0000 0.0000 0.0000 0.0000 0.0000 0.0000 0.0000 0.0000 0.0000 0.0000 0.0000 0.0000 0.0000 0.0000 0.0000 0.0000 0.0000 0.0000 0.0000 0.0000 0.0000 0.0000 0.0000 0.0000 0.0000 0.0000 0.0000 0.0000 0.0000 0.0000 0.0000 0.0000 0.0000 0.0000 0.0000 0.0000 0.0000 0.0000 0.0000 0.0000 0.0000 0.0000 0.0000 0.0000 0.0000 0.0000 0.0000 0.0000 0.0000 0.0000 0.0000 0.0000 0.0000 0.0000 0.0000 0.0000 0.0000 0.0000 0.0000 0.0000 0.0000 0.0000 0.0000 0.0000 0.0000 0.0000 0.0000 0.0000 0.0000 0.0000 0.0000 0.0000 0.0000 0.0000 0.0000 0.0000 0.0000 0.0000 0.0000 0.0000 0.0000 0.0000 0.0000 0.0000 0.0000 0.0000 0.0000 0.0000 0.0000 0.0000 0.0000 0.0000 0.0000 0.0000 0.0000 0.0000 0.0000 0.0000 0.0000 0.0000 0.0000 0.0000 0.0000 0.0000 0.0000 0.0000 0.0000 0.0000 0.0000 0.0000 0.0000 0.0000 0.0000 0.0000 0.0000 0.0000 0.0000 0.0000 0.0000 0.0000 0.0000 0.0000 0.0000 0.0000 0.0000 0.0000 0.0000 0.0000 0.0000 0.0000 0.0000 0.0000 0.0000 0.0000 0.0000 0.0000 0.0000 0.0000 0.0000 0.0000 0.0000 0.0000 0.0000 0.0000 0.0000 0.0000 0.0000 0.0000 0.0000 0.0000 0.0000 0.0000 0.0000 0.0000 0.0000 0.0000 0.0000 0.0000 0.0000 0.0000 0.0000 0.0000 0.0000 0.0000 0.0000 0.0000 0.0000 0.0000 0.0000 0.0000 0.0000 0.0000 0.0000 0.0000 0.0000 0.0000 0.0000 0.0000 0.0000 0.0000 0.0000 0.0000 0.0000 0.0000 0.0000 0.0000 0.0000 0.0000 0.0000 0.0000 0.0000 0.0000 0.0000 0.0000 0.0000 0.0000 0.0000 0.0000 0.0000 0.0000 0.0000 0.0000 0.0000 0.0000 0.0000 0.0000 0.0000 0.0000 0.0000 0.0000 0.0000 0.0000 0.0000 0.0000 0.0000 0.0000 0.0000 0.0000 0.0000 0.0000 0.0000 0.0000 0.0000 0.0000 0.0000 0.0000 0.0000 0.0000 0.0000 0.0000 0.0000 0.0000 0.0000 0.0000 0.0000 0.0000 0.0000 0.0000 0.0000 0.0000 0.0000 0.0000 0.0000 0.0000 0.0000 0.0000 0.0000 0.0000 0.0000 0.0000 0.0000 0.0000 0.0000 0.0000 0.0000 0.0000 0.0000 0.0000 0.0000 0.0000 0.0000 0.0000 0.0000 0.0000 0.0000 0.0000 0.0000 0.0000 0.0000 0.0000 0.0000 0.0000 0.0000 0.0000 0.0000 0.0000 0.0000 0.0000 0.0000 0.0000 0.0000 0.0000 0.0000 0.0000 0.0000 0.0000 0.0000 0.0000 0.0000 0.0000 0.0000 0.0000 0.0000 0.0000 0.0000 0.0000 0.0000 0.0000 0.0000 0.0000 0.0000 0.0000 0.0000 0.0000 0.0000 0.0000 0.0000 0.0000 0.0000 0.0000 0.0000 0.0000 0.0000 0.0000 0.0000 0.0000 0.0000 0.0000 0.0000 0.0000 0.0000 0.0000 0.0000 0.0000 0.0000 0.0000 0.0000 0.0000 0.0000 0.0000 0.0000 0.0000 0.0000 0.0000 0.0000 0.0000 0.0000 0.0000 0.0000 0.0000 0.0000 0.0000 0.0000 0.0000 0.0000 0.0000 0.0000 0.0000 0.0000 0.0000 0.0000 0.0000 0.0000 0.0000 0.0000 0.0000 0.0000 0.0000 0.0000 0.0000 0.0000 0.0000 0.0000 0.0000 0.0000 0.0000 0.0000 0.0000 0.0000 0.0000 0.0000 0.0000 0.0000 0.0000 0.0000 0.0000 0.0000 0.0000 0.0000 0.0000 0.0000 0.0000 0.0000 0.0000 0.0000 0.0000 0.0000 0.0000 0.0000 0.0000 0.0000 0.0000 0.0000 0.0000 0.0000 0.0000 0.0000 0.0000 0.0000 0.0000 0.0000 0.0000 0.0000 0.0000 0.0000 0.0000 0.0000 0.0000 0.0000 0.0000 0.0000 0.0000 0.0000 0.0000 0.0000 0.0000 0.0000 0.0000 0.0000 0.0000 0.0000 0.0000 0.0000 0.0000 0.0000 0.0000 0.0000 0.0000 0.0000 0.0000 0.0000 0.0000 0.0000 0.0000 0.0000 0.0000 0.0000 0.0000 0.0000 0.0000 0.0000 0.0000 0.0000 0.0000 0.0000 0.0000 0.0000 0.0000 0.0000 0.0000 0.0000 0.0000 0.0000 0.0000 0.0000 0.0000 0.0000 0.0000 0.0000 0.0000 0.0000 0.0000 0.0000 0.0000 0.0000 0.0000 0.0000 0.0000 0.0000 0.0000 0.0000 0.0000 0.0000 0.0000 0.0000 0.0000 0.0000 0.0000 0.0000 0.0000 0.0000 0.0000 0.0000 0.0000 0.0000 0.0000 0.0000 0.0000 0.0000 0.0000 0.0000 0.0000 0.0000 0.0000 0.0000 0.0000 0.0000 0.0000 0.0000 0.0000 0.0000 0.0000 0.0000 0.0000 0.0000 0.0000 0.0000 0.0000 0.0000 0.0000 0.0000 0.0000 0.0000 0.0000 0.0000 0.0000 0.0000 0.0000 0.0000 0.0000 0.0000 0.0000 0.0000 0.0000 0.0000 0.0000 0.0000 0.0000 0.0000 0.0000 0.0000 0.0000 0.0000 0.0000 0.0000 0.0000 0.0000 0.0000 0.0000 0.0000 0.0000 0.0000 0.0000 0.0000 0.0000 0.0000 0.0000 0.0000 0.0000 0.0000 0.0000 0.0000 0.0000 0.0000 0.0000 0.0000 0.0000 0.0000 0.0000 0.0000 0.0000 0.0000 0.0000 0.0000 0.0000 0.0000 0.0000 0.0000 0.0000 0.0000 0.0000 0.0000 0.0000 0.0000 0.0000 0.0000 0.0000 0.0000 0.0000 0.0000 0.0000 0.0000 0.0000 0.0000 0.0000 0.0000 0.0000 0.0000 0.0000 0.0000 0.0000 0.0000 0.0000 0.0000 0.0000 0.0000 0.0000 0.0000 0.0000 0.0000 0.0000 0.0000 0.0000 0.0000 0.0000 0.0000 0.0000 0.0000 0.0000 0.0000 0.0000 0.0000 0.0000 0.0000 0.0000 0.0000 0.0000 0.0000 0.0000 0.0000 0.0000 0.0000 0.0000 0.0000 0.0000 0.0000 0.0000 0.0000 0.0000 0.0000 0.0000 0.0000 0.0000 0.0000 0.0000 0.0000 0.0000 0.0000 0.0000 0.0000 0.0000 0.0000 0.0000 0.0000 0.0000 0.0000 0.0000 0.0000 0.0000 0.0000 0.0000 0.0000 0.0000 0.0000 0.0000 0.0000 0.0000 0.0000 0.0000 0.0000 0.0000 0.0000 0.0000 0.0000 0.0000 0.0000 0.0000 0.0000 0.0000 0.0000 0.0000 0.0000 0.0000 0.0000 0.0000 0.0000 0.0000 0.0000 0.0000 0.0000 0.0000 0.0000 0.0000 0.0000 0.0000 0.0000 0.0000 0.0000 0.0000 0.0000 0.0000 0.0000 0.0000 0.0000 0.0000 0.0000 0.0000 0.0000 0.0000 0.0000 0.0000 0.0000 0.0000 0.0000 0.0000 0.0000 0.0000 0.0000 0.0000 0.0000 0.0000 0.0000 0.0000 0.0000 0.0000 0.0000 0.0000 0.0000 0.0000 0.0000 0.0000 0.0000 0.0000 0.0000 0.0000 0.0000 0.0000 0.0000 0.0000 0.0000 0.0000 0.0000 0.0000 0.0000 0.0000 0.0000 0.0000 0.0000 0.0000 0.0000 0.0000 0.0000 0.0000 0.0000 0.0000 0.0000 0.0000 0.0000 0.0000 0.0000 0.0000 0.0000 0.0000 0.0000 0.0000 0.0000 0.0000 0.0000 0.0000 0.0000 0.0000 0.0000 0.0000 0.0000 0.0000 0.0000 0.0000 0.0000 0.0000 0.0000 0.0000 0.0000 0.0000 0.0000 0.0000 0.0000 0.0000 0.0000 0.0000 0.0000 0.0000 0.0000 0.0000 0.0000 0.0000 0.0000 0.0000 0.0000 0.0000 0.0000 0.0000 0.0000 0.0000 0.0000 0.0000 0.0000 0.0000 0.0000 0.0000 0.0000 0.0000 0.0000 0.0000 0.0000 0.0000 0.0000 0.0000 0.0000 0.0000 0.0000 0.0000 0.0000 0.0000 0.0000 0.0000 0.0000 0.0000 0.0000 0.0000 0.0000 0.0000 0.0000 0.0000 0.0000 0.0000 0.0000 0.0000 0.0000 0.0000 0.0000 0.0000 0.0000 0.0000 0.0000 0.0000 0.0000 0.0000 0.0000 0.0000 0.0000 0.0000 0.0000 0.0000 0.0000 0.0000 0.0000 0.0000 0.0000 0.0000 0.0000 0.0000 0.0000 0.0000 0.0000 0.0000 0.0000 0.0000 0.0000 0.0000 0.0000 0.0000 0.0000 0.0000 0.0000 0.0000 0.0000 0.0000 0.0000 0.0000 0.0000 0.0000 0.0000 0.0000 0.0000 0.0000 0.0000 0.0000 0.0000 0.0000 0.0000 0.0000 0.0000 0.0000 0.0000 0.0000 0.0000 0.0000 0.0000 0.0000 0.0000 0.0000 0.0000 0.0000 0.0000 0.0000 0.0000 0.0000 0.0000 0.0000 0.0000 0.0000 0.0000 0.0000 0.0000 0.0000 0.0000 0.0000 0.0000 0.0000 0.0000 0.0000 0.0000 0.0000 0.0000 0.0000 0.0000 0.0000 0.0000 0.0000 0.0000 0.0000 0.0000 0.0000 0.0000 0.0000 0.0000 0.0000 0.0000 0.0000 0.0000 0.0000 0.0000 0.0000 0.0000 0.0000 0.0000 0.0000 0.0000 0.0000 0.0000 0.0000 0.0000 0.0000 0.0000 0.0000 0.0000 0.0000 0.0000 0.0000 0.0000 0.0000 0.0000 0.0000 0.0000 0.0000 0.0000 0.0000 0.0000 0.0000 0.0000 0.0000 0.0000 0.0000 0.0000 0.0000 0.0000 0.0000 0.0000 0.0000 0.0000 0.0000 0.0000 0.0000 0.0000 0.0000 0.0000 0.0000 0.0000 0.0000 0.0000 0.0000 0.0000 0.0000 0.0000 0.0000 0.0000 0.0000 0.0000 0.0000 0.0000 0.0000 0.0000 0.0000 0.0000 0.0000 0.0000 0.0000 0.0000 0.0000 0.0000 0.0000 0.0000 0.0000 0.0000 0.0000 0.0000 0.0000 0.0000 0.0000 0.0000 0.0000 0.0000 0.0000 0.0000 0.0000 0.0000 0.0000 0.0000 0.0000 0.0000 0.0000 0.0000 0.0000 0.0000 0.0000 0.0000 0.0000 0.0000 0.0000 0.0000 0.0000 0.0000 0.0000 0.0000 0.0000 0.0000 0.0000 0.0000 0.0000 0.0000 0.0000 0.0000 0.0000 0.0000 0.0000 0.0000 0.0000 0.0000 0.0000 0.0000 0.0000 0.0000 0.0000 0.0000 0.0000 0.0000 0.0000 0.0000 0.0000 0.0000 0.0000 0.0000 0.0000 0.0000 0.0000 0.0000 0.0000 0.0000 0.0000 0.0000 0.0000 0.0000 0.0000 0.0000 0.0000 0.0000 0.0000 0.0000 0.0000 0.0000 0.0000 0.0000 0.0000 0.0000 0.0000 0.0000 0.0000 0.0000 0.0000 0.0000 0.0000 0.0000 0.0000 0.0000 0.0000 0.0000 0.0000 0.0000 0.0000 0.0000 0.0000 0.0000 0.0000 0.0000 0.0000 0.0000 0.0000 0.0000 0.0000 0.0000 0.0000 0.0000 0.0000 0.0000 0.0000 0.0000 0.0000 0.0000 0.0000 0.0000 0.0000 0.0000 0.0000 0.0000 0.0000 0.0000 0.0000 0.0000 0.0000 0.0000 0.0000 0.0000 0.0000 0.0000 0.0000 0.0000 0.0000 0.0000 0.0000 0.0000 0.0000 0.0000 0.0000 0.0000 0.0000 0.0000 0.0000 0.0000 0.0000 0.0000 0.0000 0.0000 0.0000 0.0000 0.0000 0.0000 0.0000 0.0000 0.0000 0.0000 0.0000 0.0000 0.0000 0.0000 0.0000 0.0000 0.0000 0.0000 0.0000 0.0000 0.0000 0.0000 0.0000 0.0000 0.0000 0.0000 0.0000 0.0000 0.0000 0.0000 0.0000 0.0000 0.0000 0.0000 0.0000 0.0000 0.0000 0.0000 0.0000 0.0000 0.0000 0.0000 0.0000 0.0000 0.0000 0.0000 0.0000 0.0000 0.0000 0.0000 0.0000 0.0000 0.0000 0.0000 0.0000 0.0000 0.0000 0.0000 0.0000 0.0000 0.0000 0.0000 0.0000 0.0000 0.0000 0.0000 0.0000 0.0000 0.0000 0.0000 0.0000 0.0000 0.0000 0.0000 0.0000 0.0000 0.0000 0.0000 0.0000 0.0000 0.0000 0.0000 0.0000 0.0000 0.0000 0.0000 0.0000 0.0000 0.0000 0.0000 0.0000 0.0000 0.0000 0.0000 0.0000 0.0000 0.0000 0.0000 0.0000 0.0000 0.0000 0.0000 0.0000 0.0000 0.0000 0.0000 0.0000 0.0000 0.0000 0.0000 0.0000 0.0000 0.0000 0.0000 0.0000 0.0000 0.0000 0.0000 0.0000 0.0000 0.0000 0.0000 0.0000 0.0000 0.0000 0.0000 0.0000 0.0000 0.0000 0.0000 0.0000 0.0000 0.0000 0.0000 0.0000 0.0000 0.0000 0.0000 0.0000 0.0000 0.0000 0.0000 0.0000 0.0000 0.0000 0.0000 0.0000 0.0000 0.0000 0.0000 0.0000 0.0000 0.0000 0.0000 0.0000 0.0000 0.0000 0.0000 0.0000 0.0000 0.0000 0.0000 0.0000 0.0000 0.0000 0.0000 0.0000 0.0000 0.0000 0.0000 0.0000 0.0000 0.0000 0.0000 0.0000 0.0000 0.0000 0.0000 0.0000 0.0000 0.0000 0.0000 0.0000 0.0000 0.0000 0.0000 0.0000 0.0000 0.0000 0.0000 0.0000 0.0000 0.0000 0.0000 0.0000 0.0000 0.0000 0.0000 0.0000 0.0000 0.0000 0.0000 0.0000 0.0000 0.0000 0.0000 0.0000 0.0000 0.0000 0.0000 0.0000 0.0000 0.0000 0.0000 0.0000 0.0000 0.0000 0.0000 0.0000 0.0000 0.0000 0.0000 0.0000 0.0000 0.0000 0.0000 0.0000 0.0000 0.0000 0.0000 0.0000 0.0000 0.0000 0.0000 0.0000 0.0000 0.0000 0.0000 0.0000 0.0000 0.0000 0.0000 0.0000 0.0000 0.0000 0.0000 0.0000 0.0000 0.0000 0.0000 0.0000 0.0000 0.0000 0.0000 0.0000 0.0000 0.0000 0.0000 0.0000 0.0000 0.0000 0.0000 0.0000 0.0000 0.0000 0.0000 0.0000 0.0000 0.0000 0.0000 0.0000 0.0000 0.0000 0.0000 0.0000 0.0000 0.0000 0.0000 0.0000 0.0000 0.0000 0.0000 0.0000 0.0000 0.0000 0.0000 0.0000 0.0000 0.0000 0.0000 0.0000 0.0000 0.0000 0.0000 0.0000 0.0000 0.0000 0.0000 0.0000 0.0000 0.0000 0.0000 0.0000 0.0000 0.0000 0.0000 0.0000 0.0000 0.0000 0.0000 0.0000 0.0000 0.0000 0.0000 0.0000 0.0000 0.0000 0.0000 0.0000 0.0000 0.0000 0.0000 0.0000 0.0000 0.0000 0.0000 0.0000 0.0000 0.0000 0.0000 0.0000 0.0000 0.0000 0.0000 0.0000 0.0000 0.0000 0.0000 0.0000 0.0000 0.0000 0.0000 0.0000 0.0000 0.0000 0.0000 0.0000 0.0000 0.0000 0.0000 0.0000 0.0000 0.0000 0.0000 0.0000 0.0000 0.0000 0.0000 0.0000 0.0000 0.0000 0.0000 0.0000 0.0000 0.0000 0.0000 0.0000 0.0000 0.0000 0.0000 0.0000 0.0000 0.0000 0.0000 0.0000 0.0000 0.0000 0.0000 0.0000 0.0000 0.0000 0.0000 0.0000 0.0000 0.0000 0.0000 0.0000 0.0000 0.0000 0.0000 0.0000 0.0000 0.0000 0.0000 0.0000 0.0000 0.0000 0.0000 0.0000 0.0000 0.0000 0.0000 0.0000 0.0000 0.0000 0.0000 0.0000 0.0000 0.0000 0.0000 0.0000 0.0000 0.0000 0.0000 0.0000 0.0000 0.0000 0.0000 0.0000 0.0000 0.0000 0.0000 0.0000 0.0000 0.0000 0.0000 0.0000 0.0000 0.0000 0.0000 0.0000 0.0000 0.0000 0.0000 0.0000 0.0000 0.0000 0.0000 0.0000 0.0000 0.0000 0.0000 0.0000 0.0000 0.0000 0.0000 0.0000 0.0000 0.0000 0.0000 0.0000 0.0000 0.0000 0.0000 0.0000 0.0000 0.0000 0.0000 0.0000 0.0000 0.0000 0.0000 0.0000 0.0000 0.0000 0.0000 0.0000 0.0000 0.0000 0.0000 0.0000 0.0000 0.0000 0.0000 0.0000 0.0000 0.0000 0.0000 0.0000 0.0000 0.0000 0.0000 0.0000 0.0000 0.0000 0.0000 0.0000 0.0000 0.0000 0.0000 0.0000 0.0000 0.0000 0.0000 0.0000 0.0000 0.0000 0.0000 0.0000 0.0000 0.0000 0.0000 0.0000 0.0000 0.0000 0.0000 0.0000 0.0000 0.0000 0.0000 0.0000 0.0000 0.0000 0.0000 0.0000 0.0000 0.0000 0.0000 0.0000 0.0000 0.0000 0.0000 0.0000 0.0000 0.0000 0.0000 0.0000 0.0000 0.0000 0.0000 0.0000 0.0000 0.0000 0.0000 0.0000 0.0000 0.0000 0.0000 0.0000 0.0000 0.0000 0.0000 0.0000 0.0000 0.0000 0.0000 0.0000 0.0000 0.0000 0.0000 0.0000 0.0000 0.0000 0.0000 0.0000 0.0000 0.0000 0.0000 0.0000 0.0000 0.0000 0.0000 0.0000 0.0000 0.0000 0.0000 0.0000 0.0000 0.0000 0.0000 0.0000 0.0000 0.0000 0.0000 0.0000 0.0000 0.0000 0.0000 0.0000 0.0000 0.0000 0.0000 0.0000 0.0000 0.0000 0.0000 0.0000 0.0000 0.0000 0.0000 0.0000 0.0000 0.0000 0.0000 0.0000 0.0000 0.0000 0.0000 0.0000 0.0000 0.0000 0.0000 0.0000 0.0000 0.0000 0.0000 0.0000 0.0000 0.0000 0.0000 0.0000 0.0000 0.0000 0.0000 0.0000 0.0000 0.0000 0.0000 0.0000 0.0000 0.0000 0.0000 0.0000 0.0000 0.0000 0.0000 0.0000 0.0000 0.0000 0.0000 0.0000 0.0000 0.0000 0.0000 0.0000 0.0000 0.0000 0.0000 0.0000 0.0000 0.0000 0.0000 0.0000 0.0000 0.0000 0.0000 0.0000 0.0000 0.0000 0.0000 0.0000 0.0000 0.0000 0.0000 0.0000 0.0000 0.0000 0.0000 0.0000 0.0000 0.0000 0.0000 0.0000 0.0000 0.0000 0.0000 0.0000 0.0000 0.0000 0.0000 0.0000 0.0000 0.0000 0.0000 0.0000 0.0000 0.0000 0.0000 0.0000 0.0000 0.0000 0.0000 0.0000 0.0000 0.0000 0.0000 0.0000 0.0000 0.0000 0.0000 0.0000 0.0000 0.0000 0.0000 0.0000 0.0000 0.0000 0.0000 0.0000 0.0000 0.0000 0.0000 0.0000 0.0000 0.0000 0.0000 0.0000 0.0000 0.0000 0.0000 0.0000 0.0000 0.0000 0.0000 0.0000 0.0000 0.0000 0.0000 0.0000 0.0000 0.0000 0.0000 0.0000 0.0000 0.0000 0.0000 0.0000 0.0000 0.0000 0.0000 0.0000 0.0000 0.0000 0.0000 0.0000 0.0000 0.0000 0.0000 0.0000 0.0000 0.0000 0.0000 0.0000 0.0000 0.0000 0.0000 0.0000 0.0000 0.0000 0.0000 0.0000 0.0000 0.0000 0.0000 0.0000 0.0000 0.0000 0.0000 0.0000 0.0000 0.0000 0.0000 0.0000 0.0000 0.0000 0.0000 0.0000 0.0000 0.0000 0.0000 0.0000 0.0000 0.0000 0.0000 0.0000 0.0000 0.0000 0.0000 0.0000 0.0000 0.0000 0.0000 0.0000 0.0000 0.0000 0.0000 0.0000 0.0000 0.0000 0.0000 0.0000 0.0000 0.0000 0.0000 0.0000 0.0000 0.0000 0.0000 0.0000 0.0000 0.0000 0.0000 0.0000 0.0000 0.0000 0.0000 0.0000 0.0000 0.0000 0.0000 0.0000 0.0000 0.0000 0.0000 0.0000 0.0000 0.0000 0.0000 0.0000 0.0000 0.0000 0.0000 0.0000 0.0000 0.0000 0.0000 0.0000 0.0000 0.0000 0.0000 0.0000 0.0000 0.0000 0.0000 0.0000 0.0000 0.0000 0.0000 0.0000 0.0000 0.0000 0.0000 0.0000 0.0000 0.0000 0.0000 0.0000 0.0000 0.0000 0.0000 0.0000 0.0000 0.0000 0.0000 0.0000 0.0000 0.0000 0.0000 0.0000 0.0000 0.0000 0.0000 0.0000 0.0000 0.0000 0.0000 0.0000 0.0000 0.0000 0.0000 0.0000 0.0000 0.0000 0.0000 0.0000 0.0000 0.0000 0.0000 0.0000 0.0000 0.0000 0.0000 0.0000 0.0000 0.0000 0.0000 0.0000 0.0000 0.0000 0.0000 0.0000 0.0000 0.0000 0.0000 0.0000 0.0000 0.0000 0.0000 0.0000 0.0000 0.0000 0.0000 0.0000 0.0000 0.0000 0.0000 0.0000 0.0000 0.0000 0.0000 0.0000 0.0000 0.0000 0.0000 0.0000 0.0000 0.0000 0.0000 0.0000 0.0000 0.0000 0.0000 0.0000 0.0000 0.0000 0.0000 0.0000 0.0000 0.0000 0.0000 0.0000 0.0000 0.0000 0.0000 0.0000 0.0000 0.0000 0.0000 0.0000 0.0000 0.0000 0.0000 0.0000 0.0000 0.0000 0.0000 0.0000 0.0000 0.0000 0.0000 0.0000 0.0000 0.0000 0.0000 0.0000 0.0000 0.0000 0.0000 0.0000 0.0000 0.0000 0.0000 0.0000 0.0000 0.0000 0.0000 0.0000 0.0000 0.0000 0.0000 0.0000 0.0000 0.0000 0.0000 0.0000 0.0000 0.0000 0.0000 0.0000 0.0000 0.0000 0.0000 0.0000 0.0000 0.0000 0.0000 0.0000 0.0000 0.0000 0.0000 0.0000 0.0000 0.0000 0.0000 0.0000 0.0000 0.0000 0.0000 0.0000 0.0000 0.0000 0.0000 0.0000 0.0000 0.0000 0.0000 0.0000 0.0000 0.0000 0.0000 0.0000 0.0000 0.0000 0.0000 0.0000 0.0000 0.0000 0.0000 0.0000 0.0000 0.0000 0.0000 0.0000 0.0000 0.0000 0.0000 0.0000 0.0000 0.0000 0.0000 0.0000 0.0000 0.0000 0.0000 0.0000 0.0000 0.0000 0.0000 0.0000 0.0000 0.0000 0.0000 0.0000 0.0000 0.0000 0.0000 0.0000 0.0000 0.0000 0.0000 0.0000 0.0000 0.0000 0.0000 0.0000 0.0000 0.0000 0.0000 0.0000 0.0000 0.0000 0.0000 0.0000 0.0000 0.0000 0.0000 0.0000 0.0000 0.0000 0.0000 0.0000 0.0000 0.0000 0.0000 0.0000 0.0000 0.0000 0.0000 0.0000 0.0000 0.0000 0.0000 0.0000 0.0000 0.0000 0.0000 0.0000 0.0000 0.0000 0.0000 0.0000 0.0000 0.0000 0.0000 0.0000 0.0000 0.0000 0.0000 0.0000 0.0000 0.0000 0.0000 0.0000 0.0000 0.0000 0.0000 0.0000 0.0000 0.0000 0.0000 0.0000 0.0000 0.0000 0.0000 0.0000 0.0000 0.0000 0.0000 0.0000 0.0000 0.0000 0.0000 0.0000 0.0000 0.0000 0.0000 0.0000 0.0000 0.0000 0.0000 0.0000 0.0000 0.0000 0.0000 0.0000 0.0000 0.0000 0.0000 0.0000 0.0000 0.0000 0.0000 0.0000 0.0000 0.0000 0.0000 0.0000 0.0000 0.0000 0.0000 0.0000 0.0000 0.0000 0.0000 0.0000 0.0000 0.0000 0.0000 0.0000 0.0000 0.0000 0.0000 0.0000 0.0000 0.0000 0.0000 0.0000 0.0000 0.0000 0.0000 0.0000 0.0000 0.0000 0.0000 0.0000 0.0000 0.0000 0.0000 0.0000 0.0000 0.0000 0.0000 0.0000 0.0000 0.0000 0.0000 0.0000 0.0000 0.0000 0.0000 0.0000 0.0000 0.0000 0.0000 0.0000 0.0000 0.0000 0.0000 0.0000 0.0000 0.0000 0.0000 0.0000 0.0000 0.0000 0.0000 0.0000 0.0000 0.0000 0.0000 0.0000 0.0000 0.0000 0.0000 0.0000 0.0000 0.0000 0.0000 0.0000 0.0000 0.0000 0.0000 0.0000 0.0000 0.0000 0.0000 0.0000 0.0000 0.0000 0.0000 0.0000 0.0000 0.0000 0.0000 0.0000 0.0000 0.0000 0.0000 0.0000 0.0000 0.0000 0.0000 0.0000 0.0000 0.0000 0.0000 0.0000 0.0000 0.0000 0.0000 0.0000 0.0000 0.0000 0.0000 0.0000 0.0000 0.0000 0.0000 0.0000 0.0000 0.0000 0.0000 0.0000 0.0000 0.0000 0.0000 0.0000 0.0000 0.0000 0.0000 0.0000 0.0000 0.0000 0.0000 0.0000 0.0000 0.0000 0.0000 0.0000 0.0000 0.0000 0.0000 0.0000 0.0000 0.0000 0.0000 0.0000 0.0000 0.0000 0.0000 0.0000 0.0000 0.0000 0.0000 0.0000 0.0000 0.0000 0.0000 0.0000 0.0000 0.0000 0.0000 0.0000 0.0000 0.0000 0.0000 0.0000 0.0000 0.0000 0.0000 0.0000 0.0000 0.0000 0.0000 0.0000 0.0000 0.0000 0.0000 0.0000 0.0000 0.0000 0.0000 0.0000 0.0000 0.0000 0.0000 0.0000 0.0000 0.0000 0.0000 0.0000 0.0000 0.0000 0.0000 0.0000 0.0000 0.0000 0.0000 0.0000 0.0000 0.0000 0.0000 0.0000 0.0000 0.0000 0.0000 0.0000 0.0000 0.0000 0.0000 0.0000 0.0000 0.0000 0.0000 0.0000 0.0000 0.0000 0.0000 0.0000 0.0000 0.0000 0.0000 0.0000 0.0000 0.0000 0.0000 0.0000 0.0000 0.0000 0.0000 0.0000 0.0000 0.0000 0.0000 0.0000 0.0000 0.0000 0.0000 0.0000 0.0000 0.0000 0.0000 0.0000 0.0000 0.0000 0.0000 0.0000 0.0000 0.0000 0.0000 0.0000 0.0000 0.0000 0.0000 0.0000 0.0000 0.0000 0.0000 0.0000 0.0000 0.0000 0.0000 0.0000 0.0000 0.0000 0.0000 0.0000 0.0000 0.0000 0.0000 0.0000 0.0000 0.0000 0.0000 0.0000 0.0000 0.0000 0.0000 0.0000 0.0000 0.0000 0.0000 0.0000 0.0000 0.0000 0.0000 0.0000 0.0000 0.0000 0.0000 0.0000 0.0000 0.0000 0.0000 0.0000 0.0000 0.0000 0.0000 0.0000 0.0000 0.0000 0.0000 0.0000 0.0000 0.0000 0.0000 0.0000 0.0000 0.0000 0.0000 0.0000 0.0000 0.0000 0.0000 0.0000 0.0000 0.0000 0.0000 0.0000 0.0000 0.0000 0.0000 0.0000 0.0000 0.0000 0.0000 0.0000 0.0000 0.0000 0.0000 0.0000 0.0000 0.0000 0.0000 0.0000 0.0000 0.0000 0.0000 0.0000 0.0000 0.0000 0.0000 0.0000 0.0000 0.0000 0.0000 0.0000 0.0000 0.0000 0.0000 0.0000 0.0000 0.0000 0.0000 0.0000 0.0000 0.0000 0.0000 0.0000 0.0000 0.0000 0.0000 0.0000 0.0000 0.0000 0.0000 0.0000 0.0000 0.0000 0.0000 0.0000 0.0000 0.0000 0.0000 0.0000 0.0000 0.0000 0.0000 0.0000 0.0000 0.0000 0.0000 0.0000 0.0000 0.0000 0.0000 0.0000 0.0000 0.0000 0.0000 0.0000 0.0000 0.0000 0.0000 0.0000 0.0000 0.0000 0.0000 0.0000 0.0000 0.0000 0.0000 0.0000 0.0000 0.0000 0.0000 0.0000 0.0000 0.0000 0.0000 0.0000 0.0000 0.0000 0.0000 0.0000 0.0000 0.0000 0.0000 0.0000 0.0000 0.0000 0.0000 0.0000 0.0000 0.0000 0.0000 0.0000 0.0000 0.0000 0.0000 0.0000 0.0000 0.0000 0.0000 0.0000 0.0000 0.0000 0.0000 0.0000 0.0000 0.0000 0.0000 0.0000 0.0000 0.0000 0.0000 0.0000 0.0000 0.0000 0.0000 0.0000 0.0000 0.0000 0.0000 0.0000 0.0000 0.0000 0.0000 0.0000 0.0000 0.0000 0.0000 0.0000 0.0000 0.0000 0.0000 0.0000 0.0000 0.0000 0.0000 0.0000 0.0000 0.0000 0.0000 0.0000 0.0000 0.0000 0.0000 0.0000 0.0000 0.0000 0.0000 0.0000 0.0000 0.0000 0.0000 0.0000 0.0000 0.0000 0.0000 0.0000 0.0000 0.0000 0.0000 0.0000 0.0000 0.0000 0.0000 0.0000 0.0000 0.0000 0.0000 0.0000 0.0000 0.0000 0.0000 0.0000 0.0000 0.0000 0.0000 0.0000 0.0000 0.0000 0.0000 0.0000 0.0000 0.0000 0.0000 0.0000 0.0000 0.0000 0.0000 0.0000 0.0000 0.0000 0.0000 0.0000 0.0000 0.0000 0.0000 0.0000 0.0000 0.0000 0.0000 0.0000 0.0000 0.0000 0.0000 0.0000 0.0000 0.0000 0.0000 0.0000 0.0000 0.0000 0.0000 0.0000 0.0000 0.0000 0.0000 0.0000 0.0000 0.0000 0.0000 0.0000 0.0000 0.0000 0.0000 0.0000 0.0000 0.0000 0.0000 0.0000 0.0000 0.0000 0.0000 0.0000 0.0000 0.0000 0.0000 0.0000 0.0000 0.0000 0.0000 0.0000 0.0000 0.0000 0.0000 0.0000 0.0000 0.0000 0.0000 0.0000 0.0000 0.0000 0.0000 0.0000 0.0000 0.0000 0.0000 0.0000 0.0000 0.0000 0.0000 0.0000 0.0000 0.0000 0.0000 0.0000 0.0000 0.0000 0.0000 0.0000 0.0000 0.0000 0.0000 0.0000 0.0000 0.0000 0.0000 0.0000 0.0000 0.0000 0.0000 0.0000 0.0000 0.0000 0.0000 0.0000 0.0000 0.0000 0.0000 0.0000 0.0000 0.0000 0.0000 0.0000 0.0000 0.0000 0.0000 0.0000 0.0000 0.0000 0.0000 0.0000 0.0000 0.0000 0.0000 0.0000 0.0000 0.0000 0.0000 0.0000 0.0000 0.0000 0.0000 0.0000 0.0000 0.0000 0.0000 0.0000 0.0000 0.0000 0.0000 0.0000 0.0000 0.0000 0.0000 0.0000 0.0000 0.0000 0.0000 0.0000 0.0000 0.0000 0.0000 0.0000 0.0000 0.0000 0.0000 0.0000 0.0000 0.0000 0.0000 0.0000 0.0000 0.0000 0.0000 0.0000 0.0000 0.0000 0.0000 0.0000 0.0000 0.0000 0.0000 0.0000 0.0000 0.0000 0.0000 0.0000 0.0000 0.0000 0.0000 0.0000 0.0000 0.0000 0.0000 0.0000 0.0000 0.0000 0.0000 0.0000 0.0000 0.0000 0.0000 0.0000 0.0000 0.0000 0.0000 0.0000 0.0000 0.0000 0.0000 0.0000 0.0000 0.0000 0.0000 0.0000 0.0000 0.0000 0.0000 0.0000 0.0000 0.0000 0.0000 0.0000 0.0000 0.0000 0.0000 0.0000 0.0000 0.0000 0.0000 0.0000 0.0000 0.0000 0.0000 0.0000 0.0000 0.0000 0.0000 0.0000 0.0000 0.0000 0.0000 0.0000 0.0000 0.0000 0.0000 0.0000 0.0000 0.0000 0.0000 0.0000 0.0000 0.0000 0.0000 0.0000 0.0000 0.0000 0.0000 0.0000 0.0000 0.0000 0.0000 0.0000 0.0000 0.0000 0.0000 0.0000 0.0000 0.0000 0.0000 0.0000 0.0000 0.0000 0.0000 0.0000 0.0000 0.0000 0.0000 0.0000 0.0000 0.0000 0.0000 0.0000 0.0000 0.0000 0.0000 0.0000 0.0000 0.0000 0.0000 0.0000 0.0000 0.0000 0.0000 0.0000 0.0000 0.0000 0.0000 0.0000 0.0000 0.0000 0.0000 0.0000 0.0000 0.0000 0.0000 0.0000 0.0000 0.0000 0.0000 0.0000 0.0000 0.0000 0.0000 0.0000 0.0000 0.0000 0.0000 0.0000 0.0000 0.0000 0.0000 0.0000 0.0000 0.0000 0.0000 0.0000 0.0000 0.0000 0.0000 0.0000 0.0000 0.0000 0.0000 0.0000 0.0000 0.0000 0.0000 0.0000 0.0000 0.0000 0.0000 0.0000 0.0000 0.0000 0.0000 0.0000 0.0000 0.0000 0.0000 0.0000 0.0000 0.0000 0.0000 0.0000 0.0000 0.0000 0.0000 0.0000 0.0000 0.0000 0.0000 0.0000 0.0000 0.0000 0.0000 0.0000 0.0000 0.0000 0.0000 0.0000 0.0000 0.0000 0.0000 0.0000 0.0000 0.0000 0.0000 0.0000 0.0000 0.0000 0.0000 0.0000 0.0000 0.0000 0.0000 0.0000 0.0000 0.0000 0.0000 0.0000 0.0000 0.0000 0.0000 0.0000 0.0000 0.0000 0.0000 0.0000 0.0000 0.0000 0.0000 0.0000 0.0000 0.0000 0.0000 0.0000 0.0000 0.0000 0.0000 0.0000 0.0000 0.0000 0.0000 0.0000 0.0000 0.0000 0.0000 0.0000 0.0000 0.0000 0.0000 0.0000 0.0000 0.0000 0.0000 0.0000 0.0000 0.0000 0.0000 0.0000 0.0000 0.0000 0.0000 0.0000 0.0000 0.0000 0.0000 0.0000 0.0000 0.0000 0.0000 0.0000 0.0000 0.0000 0.0000 0.0000 0.0000 0.0000 0.0000 0.0000 0.0000 0.0000 0.0000 0.0000 0.0000 0.0000 0.0000 0.0000 0.0000 0.0000 0.0000 0.0000 0.0000 0.0000 0.0000 0.0000 0.0000 0.0000 0.0000 0.0000 0.0000 0.0000 0.0000 0.0000 0.0000 0.0000 0.0000 0.0000 0.0000 0.0000 0.0000 0.0000 0.0000 0.0000 0.0000 0.0000 0.0000 0.0000 0.0000 0.0000 0.0000 0.0000 0.0000 0.0000 0.0000 0.0000 0.0000 0.0000 0.0000 0.0000 0.0000 0.0000 0.0000 0.0000 0.0000 0.0000 0.0000 0.0000 0.0000 0.0000 0.0000 0.0000 0.0000 0.0000 0.0000 0.0000 0.0000 0.0000 0.0000 0.0000 0.0000 0.0000 0.0000 0.0000 0.0000 0.0000 0.0000 0.0000 0.0000 0.0000 0.0000 0.0000 0.0000 0.0000 0.0000 0.0000 0.0000 0.0000 0.0000 0.0000 0.0000 0.0000 0.0000 0.0000 0.0000 0.0000 0.0000 0.0000 0.0000 0.0000 0.0000 0.0000 0.0000 0.0000 0.0000 0.0000 0.0000 0.0000 0.0000 0.0000 0.0000 0.0000 0.0000 0.0000 0.0000 0.0000 0.0000 0.0000 0.0000 0.0000 0.0000 0.0000 0.0000 0.0000 0.0000 0.0000 0.0000 0.0000 0.0000 0.0000 0.0000 0.0000 0.0000 0.0000 0.0000 0.0000 0.0000 0.0000 0.0000 0.0000 0.0000 0.0000 0.0000 0.0000 0.0000 0.0000 0.0000 0.0000 0.0000 0.0000 0.0000 0.0000 0.0000 0.0000 0.0000 0.0000 0.0000 0.0000 0.0000 0.0000 0.0000 0.0000 0.0000 0.0000 0.0000 0.0000 0.0000 0.0000 0.0000 0.0000 0.0000 0.0000 0.0000 0.0000 0.0000 0.0000 0.0000 0.0000 0.0000 0.0000 0.0000 0.0000 0.0000 0.0000 0.0000 0.0000 0.0000 0.0000 0.0000 0.0000 0.0000 0.0000 0.0000 0.0000 0.0000 0.0000 0.0000 0.0000 0.0000 0.0000 0.0000 0.0000 0.0000 0.0000 0.0000 0.0000 0.0000 0.0000 0.0000 0.0000 0.0000 0.0000 0.0000 0.0000 0.0000 0.0000 0.0000 0.0000 0.0000 0.0000 0.0000 0.0000 0.0000 0.0000 0.0000 0.0000 0.0000 0.0000 0.0000 0.0000 0.0000 0.0000 0.0000 0.0000 0.0000 0.0000 0.0000 0.0000 0.0000 0.0000 0.0000 0.0000 0.0000 0.0000 0.0000 0.0000 0.0000 0.0000 0.0000 0.0000 0.0000 0.0000 0.0000 0.0000 0.0000 0.0000 0.0000 0.0000 0.0000 0.0000 0.0000 0.0000 0.0000 0.0000 0.0000 0.0000 0.0000 0.0000 0.0000 0.0000 0.0000 0.0000 0.0000 0.0000 0.0000 0.0000 0.0000 0.0000 0.0000 0.0000 0.0000 0.0000 0.0000 0.0000 0.0000 0.0000 0.0000 0.0000 0.0000 0.0000 0.0000 0.0000 0.0000 0.0000 0.0000 0.0000 0.0000 0.0000 0.0000 0.0000 0.0000 0.0000 0.0000 0.0000 0.0000 0.0000 0.0000 0.0000 0.0000 0.0000 0.0000 0.0000 0.0000 0.0000 0.0000 0.0000 0.0000 0.0000 0.0000 0.0000 0.0000 0.0000 0.0000 0.0000 0.0000 0.0000 0.0000 0.0000 0.0000 0.0000 0.0000 0.0000 0.0000 0.0000 0.0000 0.0000 0.0000 0.0000 0.0000 0.0000 0.0000 0.0000 0.0000 0.0000 0.0000 0.0000 0.0000 0.0000 0.0000 0.0000 0.0000 0.0000 0.0000 0.0000 0.0000 0.0000 0.0000 0.0000 0.0000 0.0000 0.0000 0.0000 0.0000 0.0000 0.0000 0.0000 0.0000 0.0000 0.0000 0.0000 0.0000 0.0000 0.0000 0.0000 0.0000 0.0000 0.0000 0.0000 0.0000 0.0000 0.0000 0.0000 0.0000 0.0000 0.0000 0.0000 0.0000 0.0000 0.0000 0.0000 0.0000 0.0000 0.0000 0.0000 0.0000 0.0000 0.0000 0.0000 0.0000 0.0000 0.0000 0.0000 0.0000 0.0000 0.0000 0.0000 0.0000 0.0000 0.0000 0.0000 0.0000 0.0000 0.0000 0.0000 0.0000 0.0000 0.0000 0.0000 0.0000 0.0000 0.0000 0.0000 0.0000 0.0000 0.0000 0.0000 0.0000 0.0000 0.0000 0.0000 0.0000 0.0000 0.0000 0.0000 0.0000 0.0000 0.0000 0.0000 0.0000 0.0000 0.0000 0.0000 0.0000 0.0000 0.0000 0.0000 0.0000 0.0000 0.0000 0.0000 0.0000 0.0000 0.0000 0.0000 0.0000 0.0000 0.0000 0.0000 0.0000 0.0000 0.0000 0.0000 0.0000 0.0000 0.0000 0.0000 0.0000 0.0000 0.0000 0.0000 0.0000 0.0000 0.0000 0.0000 0.0000 0.0000 0.0000 0.0000 0.0000 0.0000 0.0000 0.0000 0.0000 0.0000 0.0000 0.0000 0.0000 0.0000 0.0000 0.0000 0.0000 0.0000 0.0000 0.0000 0.0000 0.0000 0.0000 0.0000 0.0000 0.0000 0.0000 0.0000 0.0000 0.0000 0.0000 0.0000 0.0000 0.0000 0.0000 0.0000 0.0000 0.0000 0.0000 0.0000 0.0000 0.0000 0.0000 0.0000 0.0000 0.0000 0.0000 0.0000 0.0000 0.0000 0.0000 0.0000 0.0000 0.0000 0.0000 0.0000 0.0000 0.0000 0.0000 0.0000 0.0000 0.0000 0.0000 0.0000 0.0000 0.0000 0.0000 0.0000 0.0000 0.0000 0.0000 0.0000 0.0000 0.0000 0.0000 0.0000 0.0000 0.0000 0.0000 0.0000 0.0000 0.0000 0.0000 0.0000 0.0000 0.0000 0.0000 0.0000 0.0000 0.0000 0.0000 0.0000 0.0000 0.0000 0.0000 0.0000 0.0000 0.0000 0.0000 0.0000 0.0000 0.0000 0.0000 0.0000 0.0000 0.0000 0.0000 0.0000 0.0000 0.0000 0.0000 0.0000 0.0000 0.0000 0.0000 0.0000 0.0000 0.0000 0.0000 0.0000 0.0000 0.0000 0.0000 0.0000 0.0000 0.0000 0.0000 0.0000 0.0000 0.0000 0.0000 0.0000 0.0000 0.0000 0.0000 0.0000 0.0000 0.0000 0.0000 0.0000 0.0000 0.0000 0.0000 0.0000 0.0000 0.0000 0.0000 0.0000 0.0000 0.0000 0.0000 0.0000 0.0000 0.0000 0.0000 0.0000 0.0000 0.0000 0.0000 0.0000 0.0000 0.0000 0.0000 0.0000 0.0000 0.0000 0.0000 0.0000 0.0000 0.0000 0.0000 0.0000 0.0000 0.0000 0.0000 0.0000 0.0000 0.0000 0.0000 0.0000 0.0000 0.0000 0.0000 0.0000 0.0000 0.0000 0.0000 0.0000 0.0000 0.0000 0.0000 0.0000 0.0000 0.0000 0.0000 0.0000 0.0000 0.0000 0.0000 0.0000 0.0000 0.0000 0.0000 0.0000 0.0000 0.0000 0.0000 0.0000 0.0000 0.0000 0.0000 0.0000 0.0000 0.0000 0.0000 0.0000 0.0000 0.0000 0.0000 0.0000 0.0000 0.0000 0.0000 0.0000 0.0000 0.0000 0.0000 0.0000 0.0000 0.0000 0.0000 0.0000 0.0000 0.0000 0.0000 0.0000 0.0000 0.0000 0.0000 0.0000 0.0000 0.0000 0.0000 0.0000 0.0000 0.0000 0.0000 0.0000 0.0000 0.0000 0.0000 0.0000 0.0000 0.0000 0.0000 0.0000 0.0000 0.0000 0.0000 0.0000 0.0000 0.0000 0.0000 0.0000 0.0000 0.0000 0.0000 0.0000 0.0000 0.0000 0.0000 0.0000 0.0000 0.0000 0.0000 0.0000 0.0000 0.0000 0.0000 0.0000 0.0000 0.0000 0.0000 0.0000 0.0000 0.0000 0.0000 0.0000 0.0000 0.0000 0.0000 0.0000 0.0000 0.0000 0.0000 0.0000 0.0000 0.0000 0.0000 0.0000 0.0000 0.0000 0.0000 0.0000 0.0000 0.0000 0.0000 0.0000 0.0000 0.0000 0.0000 0.0000 0.0000 0.0000 0.0000 0.0000 0.0000 0.0000 0.0000 0.0000 0.0000 0.0000 0.0000 0.0000 0.0000 0.0000 0.0000 0.0000 0.0000 0.0000 0.0000 0.0000 0.0000 0.0000 0.0000 0.0000 0.0000 0.0000 0.0000 0.0000 0.0000 0.0000 0.0000 0.0000 0.0000 0.0000 0.0000 0.0000 0.0000 0.0000 0.0000 0.0000 0.0000 0.0000 0.0000 0.0000 0.0000 0.0000 0.0000 0.0000 0.0000 0.0000 0.0000 0.0000 0.0000 0.0000 0.0000 0.0000 0.0000 0.0000 0.0000 0.0000 0.0000 0.0000 0.0000 0.0000 0.0000 0.0000 0.0000 0.0000 0.0000 0.0000 0.0000 0.0000 0.0000 0.0000 0.0000 0.0000 0.0000 0.0000 0.0000 0.0000 0.0000 0.0000 0.0000 0.0000 0.0000 0.0000 0.0000 0.0000 0.0000 0.0000 0.0000 0.0000 0.0000 0.0000 0.0000 0.0000 0.0000 0.0000 0.0000 0.0000 0.0000 0.0000 0.0000 0.0000 0.0000 0.0000 0.0000 0.0000 0.0000 0.0000 0.0000 0.0000 0.0000 0.0000 0.0000 0.0000 0.0000 0.0000 0.0000 0.0000 0.0000 0.0000 0.0000 0.0000 0.0000 0.0000 0.0000 0.0000 0.0000 0.0000 0.0000 0.0000 0.0000 0.0000 0.0000 0.0000 0.0000 0.0000 0.0000 0.0000 0.0000 0.0000 0.0000 0.0000 0.0000 0.0000 0.0000 0.0000 0.0000 0.0000 0.0000 0.0000 0.0000 0.0000 0.0000 0.0000 0.0000 0.0000 0.0000 0.0000 0.0000 0.0000 0.0000 0.0000 0.0000 0.0000 0.0000 0.0000 0.0000 0.0000 0.0000 0.0000 0.0000 0.0000 0.0000 0.0000 0.0000 0.0000 0.0000 0.0000 0.0000 0.0000 0.0000 0.0000 0.0000 0.0000 0.0000 0.0000 0.0000 0.0000 0.0000 0.0000 0.0000 0.0000 0.0000 0.0000 0.0000 0.0000 0.0000 0.0000 0.0000 0.0000 0.0000 0.0000 0.0000 0.0000 0.0000 0.0000 0.0000 0.0000 0.0000 0.0000 0.0000 0.0000 0.0000 0.0000 0.0000 0.0000 0.0000 0.0000 0.0000 0.0000 0.0000 0.0000 0.0000 0.0000 0.0000 0.0000 0.0000 0.0000 0.0000 0.0000 0.0000 0.0000 0.0000 0.0000 0.0000 0.0000 0.0000 0.0000 0.0000 0.0000 0.0000 0.0000 0.0000 0.0000 0.0000 0.0000 0.0000 0.0000 0.0000 0.0000 0.0000 0.0000 0.0000 0.0000 0.0000 0.0000 0.0000 0.0000 0.0000 0.0000 0.0000 0.0000 0.0000 0.0000 0.0000 0.0000 0.0000 0.0000 0.0000 0.0000 0.0000 0.0000 0.0000 0.0000 0.0000 0.0000 0.0000 0.0000 0.0000 0.0000 0.0000 0.0000 0.0000 0.0000 0.0000 0.0000 0.0000 0.0000 0.0000 0.0000 0.0000 0.0000 0.0000 0.0000 0.0000 0.0000 0.0000 0.0000 0.0000 0.0000 0.0000 0.0000 0.0000 0.0000 0.0000 0.0000 0.0000 0.0000 0.0000 0.0000 0.0000 0.0000 0.0000 0.0000 0.0000 0.0000 0.0000 0.0000 0.0000 0.0000 0.0000 0.0000 0.0000 0.0000 0.0000 0.0000 0.0000 0.0000 0.0000 0.0000 0.0000 0.0000 0.0000 0.0000 0.0000 0.0000 0.0000 0.0000 0.0000 0.0000 0.0000 0.0000 0.0000 0.0000 0.0000 0.0000 0.0000 0.0000 0.0000 0.0000 0.0000 0.0000 0.0000 0.0000 0.0000 0.0000 0.0000 0.0000 0.0000 0.0000 0.0000 0.0000 0.0000 0.0000 0.0000 0.0000 0.0000 0.0000 0.0000 0.0000 0.0000 0.0000 0.0000 0.0000 0.0000 0.0000 0.0000 0.0000 0.0000 0.0000 0.0000 0.0000 0.0000 0.0000 0.0000 0.0000 0.0000 0.0000 0.0000 0.0000 0.0000 0.0000 0.0000 0.0000 0.0000 0.0000 0.0000 0.0000 0.0000 0.0000 0.0000 0.0000 0.0000 0.0000 0.0000 0.0000 0.0000 0.0000 0.0000 0.0000 0.0000 0.0000 0.0000 0.0000 0.0000 0.0000 0.0000 0.0000 0.0000 0.0000 0.0000 0.0000 0.0000 0.0000 0.0000 0.0000 0.0000 0.0000 0.0000 0.0000 0.0000 0.0000 0.0000 0.0000 0.0000 0.0000 0.0000 0.0000 0.0000 0.0000 0.0000 0.0000 0.0000 0.0000 0.0000 0.0000 0.0000 0.0000 0.0000 0.0000 0.0000 0.0000 0.0000 0.0000 0.0000 0.0000 0.0000 0.0000 0.0000 0.0000 0.0000 0.0000 0.0000 0.0000 0.0000 0.0000 0.0000 0.0000 0.0000 0.0000 0.0000 0.0000 0.0000 0.0000 0.0000 0.0000 0.0000 0.0000 0.0000 0.0000 0.0000 0.0000 0.0000 0.0000 0.0000 0.0000 0.0000 0.0000 0.0000 0.0000 0.0000 0.0000 0.0000 0.0000 0.0000 0.0000 0.0000 0.0000 0.0000 0.0000 0.0000 0.0000 0.0000 0.0000 0.0000 0.0000 0.0000 0.0000 0.0000 0.0000 0.0000 0.0000 0.0000 0.0000 0.0000 0.0000 0.0000 0.0000 0.0000 0.0000 0.0000 0.0000 0.0000 0.0000 0.0000 0.0000 0.0000 0.0000 0.0000 0.0000 0.0000 0.0000 0.0000 0.0000 0.0000 0.0000 0.0000 0.0000 0.0000 0.0000 0.0000 0.0000 0.0000 0.0000 0.0000 0.0000 0.0000 0.0000 0.0000 0.0000 0.0000 0.0000 0.0000 0.0000 0.0000 0.0000 0.0000 0.0000 0.0000 0.0000 0.0000 0.0000 0.0000 0.0000 0.0000 0.0000 0.0000 0.0000 0.0000 0.0000 0.0000 0.0000 0.0000 0.0000 0.0000 0.0000 0.0000 0.0000 0.0000 0.0000 0.0000 0.0000 0.0000 0.0000 0.0000 0.0000 0.0000 0.0000 0.0000 0.0000 0.0000 0.0000 0.0000 0.0000 0.0000 0.0000 0.0000 0.0000 0.0000 0.0000 0.0000 0.0000 0.0000 0.0000 0.0000 0.0000 0.0000 0.0000 0.0000 0.0000 0.0000 0.0000 0.0000 0.0000 0.0000 0.0000 0.0000 0.0000 0.0000 0.0000 0.0000 0.0000 0.0000 0.0000 0.0000 0.0000 0.0000 0.0000 0.0000 0.0000 0.0000 0.0000 0.0000 0.0000 0.0000 0.0000 0.0000 0.0000 0.0000 0.0000 0.0000 0.0000 0.0000 0.0000 0.0000 0.0000 0.0000 0.0000 0.0000 0.0000 0.0000 0.0000 0.0000 0.0000 0.0000 0.0000 0.0000 0.0000 0.0000 0.0000 0.0000 0.0000 0.0000 0.0000 0.0000 0.0000 0.0000 0.0000 0.0000 0.0000 0.0000 0.0000 0.0000 0.0000 0.0000 0.0000 0.0000 0.0000 0.0000 0.0000 0.0000 0.0000 0.0000 0.0000 0.0000 0.0000 0.0000 0.0000 0.0000 0.0000 0.0000 0.0000 0.0000 0.0000 0.0000 0.0000 0.0000 0.0000 0.0000 0.0000 0.0000 0.0000 0.0000 0.0000 0.0000 0.0000 0.0000 0.0000 0.0000 0.0000 0.0000 0.0000 0.0000 0.0000 0.0000 0.0000 0.0000 0.0000 0.0000 0.0000 0.0000 0.0000 0.0000 0.0000 0.0000 0.0000 0.0000 0.0000 0.0000 0.0000 0.0000 0.0000 0.0000 0.0000 0.0000 0.0000 0.0000 0.0000 0.0000 0.0000 0.0000 0.0000 0.0000 0.0000 0.0000 0.0000 0.0000 0.0000 0.0000 0.0000 0.0000 0.0000 0.0000 0.0000 0.0000 0.0000 0.0000 0.0000 0.0000 0.0000 0.0000 0.0000 0.0000 0.0000 0.0000 0.0000 0.0000 0.0000 0.0000 0.0000 0.0000 0.0000 0.0000 0.0000 0.0000 0.0000 0.0000 0.0000 0.0000 0.0000 0.0000 0.0000 0.0000 0.0000 0.0000 0.0000 0.0000 0.0000 0.0000 0.0000 0.0000 0.0000 0.0000 0.0000 0.0000 0.0000 0.0000 0.0000 0.0000 0.0000 0.0000 0.0000 0.0000 0.0000 0.0000 0.0000 0.0000 0.0000 0.0000 0.0000 0.0000 0.0000 0.0000 0.0000 0.0000 0.0000 0.0000 0.0000 0.0000 0.0000 0.0000 0.0000 0.0000 0.0000 0.0000 0.0000 0.0000 0.0000 0.0000 0.0000 0.0000 0.0000 0.0000 0.0000 0.0000 0.0000 0.0000 0.0000 0.0000 0.0000 0.0000 0.0000 0.0000 0.0000 0.0000 0.0000 0.0000 0.0000 0.0000 0.0000 0.0000 0.0000 0.0000 0.0000 0.0000 0.0000 0.0000 0.0000 0.0000 0.0000 0.0000 0.0000 0.0000 0.0000 0.0000 0.0000 0.0000 0.0000 0.0000 0.0000 0.0000 0.0000 0.0000 0.0000 0.0000 0.0000 0.0000 0.0000 0.0000 0.0000 0.0000 0.0000 0.0000 0.0000 0.0000 0.0000 0.0000 0.0000 0.0000 0.0000 0.0000 0.0000 0.0000 0.0000 0.0000 0.0000 0.0000 0.0000 0.0000 0.0000 0.0000 0.0000 0.0000 0.0000 0.0000 0.0000 0.0000 0.0000 0.0000 0.0000 0.0000 0.0000 0.0000 0.0000 0.0000 0.0000 0.0000 0.0000 0.0000 0.0000 0.0000 0.0000 0.0000 0.0000 0.0000 0.0000 0.0000 0.0000 0.0000 0.0000 0.0000 0.0000 0.0000 0.0000 0.0000 0.0000 0.0000 0.0000 0.0000 0.0000 0.0000 0.0000 0.0000 0.0000 0.0000 0.0000 0.0000 0.0000 0.0000 0.0000 0.0000 0.0000 0.0000 0.0000 0.0000 0.0000 0.0000 0.0000 0.0000 0.0000 0.0000 0.0000 0.0000 0.0000 0.0000 0.0000 0.0000 0.0000 0.0000 0.0000 0.0000 0.0000 0.0000 0.0000 0.0000 0.0000 0.0000 0.0000 0.0000 0.0000 0.0000 0.0000 0.0000 0.0000 0.0000 0.0000 0.0000 0.0000 0.0000 0.0000 0.0000 0.0000 0.0000 0.0000 0.0000 0.0000 0.0000 0.0000 0.0000 0.0000 0.0000 0.0000 0.0000 0.0000 0.0000 0.0000 0.0000 0.0000 0.0000 0.0000 0.0000 0.0000 0.0000 0.0000 0.0000 0.0000 0.0000 0.0000 0.0000 0.0000 0.0000 0.0000 0.0000 0.0000 0.0000 0.0000 0.0000 0.0000 0.0000 0.0000 0.0000 0.0000 0.0000 0.0000 0.0000 0.0000 0.0000 0.0000 0.0000 0.0000 0.0000 0.0000 0.0000 0.0000 0.0000 0.0000 0.0000 0.0000 0.0000 0.0000 0.0000 0.0000 0.0000 0.0000 0.0000 0.0000 0.0000 0.0000 0.0000 0.0000 0.0000 0.0000 0.0000 0.0000 0.0000 0.0000 0.0000 0.0000 0.0000 0.0000 0.0000 0.0000 0.0000 0.0000 0.0000 0.0000 0.0000 0.0000 0.0000 0.0000 0.0000 0.0000 0.0000 0.0000 0.0000 0.0000 0.0000 0.0000 0.0000 0.0000 0.0000 0.0000 0.0000 0.0000 0.0000 0.0000 0.0000 0.0000 0.0000 0.0000 0.0000 0.0000 0.0000 0.0000 0.0000 0.0000 0.0000 0.0000 0.0000 0.0000 0.0000 0.0000 0.0000 0.0000 0.0000 0.0000 0.0000 0.0000 0.0000 0.0000 0.0000 0.0000 0.0000 0.0000 0.0000 0.0000 0.0000 0.0000 0.0000 0.0000 0.0000 0.0000 0.0000 0.0000 0.0000 0.0000 0.0000 0.0000 0.0000 0.0000 0.0000 0.0000 0.0000 0.0000 0.0000 0.0000 0.0000 0.0000 0.0000 0.0000 0.0000 0.0000 0.0000 0.0000 0.0000 0.0000 0.0000 0.0000 0.0000 0.0000 0.0000 0.0000 0.0000 0.0000 0.0000 0.0000 0.0000 0.0000 0.0000 0.0000 0.0000 0.0000 0.0000 0.0000 0.0000 0.0000 0.0000 0.0000 0.0000 0.0000 0.0000 0.0000 0.0000 0.0000 0.0000 0.0000 0.0000 0.0000 0.0000 0.0000 0.0000 0.0000 0.0000 0.0000 0.0000 0.0000 0.0000 0.0000 0.0000 0.0000 0.0000 0.0000 0.0000 0.0000 0.0000 0.0000 0.0000 0.0000 0.0000 0.0000 0.0000 0.0000 0.0000 0.0000 0.0000 0.0000 0.0000 0.0000 0.0000 0.0000 0.0000 0.0000 0.0000 0.0000 0.0000 0.0000 0.0000 0.0000 0.0000 0.0000 0.0000 0.0000 0.0000 0.0000 0.0000 0.0000 0.0000 0.0000 0.0000 0.0000 0.0000 0.0000 0.0000 0.0000 0.0000 0.0000 0.0000 0.0000 0.0000 0.0000 0.0000 0.0000 0.0000 0.0000 0.0000 0.0000 0.0000 0.0000 0.0000 0.0000 0.0000 0.0000 0.0000 0.0000 0.0000 0.0000 0.0000 0.0000 0.0000 0.0000 0.0000 0.0000 0.0000 0.0000 0.0000 0.0000 0.0000 0.0000 0.0000 0.0000 0.0000 0.0000 0.0000 0.0000 0.0000 0.0000 0.0000 0.0000 0.0000 0.0000 0.0000 0.0000 0.0000 0.0000 0.0000 0.0000 0.0000 0.0000 0.0000 0.0000 0.0000 0.0000 0.0000 0.0000 0.0000 0.0000 0.0000 0.0000 0.0000 0.0000 0.0000 0.0000 0.0000 0.0000 0.0000 0.0000 0.0000 0.0000 0.0000 0.0000 0.0000 0.0000 0.0000 0.0000 0.0000 0.0000 0.0000 0.0000 0.0000 0.0000 0.0000 0.0000 0.0000 0.0000 0.0000 0.0000 0.0000 0.0000 0.0000 0.0000 0.0000 0.0000 0.0000 0.0000 0.0000 0.0000 0.0000 0.0000 0.0000 0.0000 0.0000 0.0000 0.0000 0.0000 0.0000 0.0000 0.0000 0.0000 0.0000 0.0000 0.0000 0.0000 0.0000 0.0000 0.0000 0.0000 0.0000 0.0000 0.0000 0.0000 0.0000 0.0000 0.0000 0.0000 0.0000 0.0000 0.0000 0.0000 0.0000 0.0000 0.0000 0.0000 0.0000 0.0000 0.0000 0.0000 0.0000 0.0000 0.0000 0.0000 0.0000 0.0000 0.0000 0.0000 0.0000 0.0000 0.0000 0.0000 0.0000 0.0000 0.0000 0.0000 0.0000 0.0000 0.0000 0.0000 0.0000 0.0000 0.0000 0.0000 0.0000 0.0000 0.0000 0.0000 0.0000 0.0000 0.0000 0.0000 0.0000 0.0000 0.0000 0.0000 0.0000 0.0000 0.0000 0.0000 0.0000 0.0000 0.0000 0.0000 0.0000 0.0000 0.0000 0.0000 0.0000 0.0000 0.0000 0.0000 0.0000 0.0000 0.0000 0.0000 0.0000 0.0000 0.0000 0.0000 0.0000 0.0000 0.0000 0.0000 0.0000 0.0000 0.0000 0.0000 0.0000 0.0000 0.0000 0.0000 0.0000 0.0000 0.0000 0.0000 0.0000 0.0000 0.0000 0.0000 0.0000 0.0000 0.0000 0.0000 0.0000 0.0000 0.0000 0.0000 0.0000 0.0000 0.0000 0.0000 0.0000 0.0000 0.0000 0.0000 0.0000 0.0000 0.0000 0.0000 0.0000 0.0000 0.0000 0.0000 0.0000 0.0000 0.0000 0.0000 0.0000 0.0000 0.0000 0.0000 0.0000 0.0000 0.0000 0.0000 0.0000 0.0000 0.0000 0.0000 0.0000 0.0000 0.0000 0.0000 0.0000 0.0000 0.0000 0.0000 0.0000 0.0000 0.0000 0.0000 0.0000 0.0000 0.0000 0.0000 0.0000 0.0000 0.0000 0.0000 0.0000 0.0000 0.0000 0.0000 0.0000 0.0000 0.0000 0.0000 0.0000 0.0000 0.0000 0.0000 0.0000 0.0000 0.0000 0.0000 0.0000 0.0000 0.0000 0.0000 0.0000 0.0000 0.0000 0.0000 0.0000 0.0000 0.0000 0.0000 0.0000 0.0000 0.0000 0.0000 0.0000 0.0000 0.0000 0.0000 0.0000 0.0000 0.0000 0.0000 0.0000 0.0000 0.0000 0.0000 0.0000 0.0000 0.0000 0.0000 0.0000 0.0000 0.0000 0.0000 0.0000 0.0000 0.0000 0.0000 0.0000 0.0000 0.0000 0.0000 0.0000 0.0000 0.0000 0.0000 0.0000 0.0000 0.0000 0.0000 0.0000 0.0000 0.0000 0.0000 0.0000 0.0000 0.0000 0.0000 0.0000 0.0000 0.0000 0.0000 0.0000 0.0000 0.0000 0.0000 0.0000 0.0000 0.0000 0.0000 0.0000 0.0000 0.0000 0.0000 0.0000 0.0000 0.0000 0.0000 0.0000 0.0000 0.0000 0.0000 0.0000 0.0000 0.0000 0.0000 0.0000 0.0000 0.0000 0.0000 0.0000 0.0000 0.0000 0.0000 0.0000 0.0000 0.0000 0.0000 0.0000 0.0000 0.0000 0.0000 0.0000 0.0000 0.0000 0.0000 0.0000 0.0000 0.0000 0.0000 0.0000 0.0000 0.0000 0.0000 0.0000 0.0000 0.0000 0.0000 0.0000 0.0000 0.0000 0.0000 0.0000 0.0000 0.0000 0.0000 0.0000 0.0000 0.0000 0.0000 0.0000 0.0000 0.0000 0.0000 0.0000 0.0000 0.0000 0.0000 0.0000 0.0000 0.0000 0.0000 0.0000 0.0000 0.0000 0.0000 0.0000 0.0000 0.0000 0.0000 0.0000 0.0000 0.0000 0.0000 0.0000 0.0000 0.0000 0.0000 0.0000 0.0000 0.0000 0.0000 0.0000 0.0000 0.0000 0.0000 0.0000 0.0000 0.0000 0.0000 0.0000 0.0000 0.0000 0.0000 0.0000 0.0000 0.0000 0.0000 0.0000 0.0000 0.0000 0.0000 0.0000 0.0000 0.0000 0.0000 0.0000 0.0000 0.0000 0.0000 0.0000 0.0000 0.0000 0.0000 0.0000 0.0000 0.0000 0.0000 0.0000 0.0000 0.0000 0.0000 0.0000 0.0000 0.0000 0.0000 0.0000 0.0000 0.0000 0.0000 0.0000 0.0000 0.0000 0.0000 0.0000 0.0000 0.0000 0.0000 0.0000 0.0000 0.0000 0.0000 0.0000 0.0000 0.0000 0.0000 0.0000 0.0000 0.0000 0.0000 0.0000 0.0000 0.0000 0.0000 0.0000 0.0000 0.0000 0.0000 0.0000 0.0000 0.0000 0.0000 0.0000 0.0000 0.0000 0.0000 0.0000 0.0000 0.0000 0.0000 0.0000 0.0000 0.0000 0.0000 0.0000 0.0000 0.0000 0.0000 0.0000 0.0000 0.0000 0.0000 0.0000 0.0000 0.0000 0.0000 0.0000 0.0000 0.0000 0.0000 0.0000 0.0000 0.0000 0.0000 0.0000 0.0000 0.0000 0.0000 0.0000 0.0000 0.0000 0.0000 0.0000 0.0000 0.0000 0.0000 0.0000 0.0000 0.0000 0.0000 0.0000 0.0000 0.0000 0.0000 0.0000 0.0000 0.0000 0.0000 0.0000 0.0000 0.0000 0.0000 0.0000 0.0000 0.0000 0.0000 0.0000 0.0000 0.0000 0.0000 0.0000 0.0000 0.0000 0.0000 0.0000 0.0000 0.0000 0.0000 0.0000 0.0000 0.0000 0.0000 0.0000 0.0000 0.0000 0.0000 0.0000 0.0000 0.0000 0.0000 0.0000 0.0000 0.0000 0.0000 0.0000 0.0000 0.0000 0.0000 0.0000 0.0000 0.0000 0.0000 0.0000 0.0000 0.0000 0.0000 0.0000 0.0000 0.0000 0.0000 0.0000 0.0000 0.0000 0.0000 0.0000 0.0000 0.0000 0.0000 0.0000 0.0000 0.0000 0.0000 0.0000 0.0000 0.0000 0.0000 0.0000 0.0000 0.0000 0.0000 0.0000 0.0000 0.0000 0.0000 0.0000 0.0000 0.0000 0.0000 0.0000 0.0000 0.0000 0.0000 0.0000 0.0000 0.0000 0.0000 0.0000 0.0000 0.0000 0.0000 0.0000 0.0000 0.0000 0.0000 0.0000 0.0000 0.0000 0.0000 0.0000 0.0000 0.0000 0.0000 0.0000 0.0000 0.0000 0.0000 0.0000 0.0000 0.0000 0.0000 0.0000 0.0000 0.0000 0.0000 0.0000 0.0000 0.0000 0.0000 0.0000 0.0000 0.0000 0.0000 0.0000 0.0000 0.0000 0.0000 0.0000 0.0000 0.0000 0.0000 0.0000 0.0000 0.0000 0.0000 0.0000 0.0000 0.0000 0.0000 0.0000 0.0000 0.0000 0.0000 0.0000 0.0000 0.0000 0.0000 0.0000 0.0000 0.0000 0.0000 0.0000 0.0000 0.0000 0.0000 0.0000 0.0000 0.0000 0.0000 0.0000 0.0000 0.0000 0.0000 0.0000 0.0000 0.0000 0.0000 0.0000 0.0000 0.0000 0.0000 0.0000 0.0000 0.0000 0.0000 0.0000 0.0000 0.0000 0.0000 0.0000 0.0000 0.0000 0.0000 0.0000 0.0000 0.0000 0.0000 0.0000 0.0000 0.0000 0.0000 0.0000 0.0000 0.0000 0.0000 0.0000 0.0000 0.0000 0.0000 0.0000 0.0000 0.0000 0.0000 0.0000 0.0000 0.0000 0.0000 0.0000 0.0000 0.0000 0.0000 0.0000 0.0000 0.0000 0.0000 0.0000 0.0000 0.0000 0.0000 0.0000 0.0000 0.0000 0.0000 0.0000 0.0000 0.0000 0.0000 0.0000 0.0000 0.0000 0.0000 0.0000 0.0000 0.0000 0.0000 0.0000 0.0000 0.0000 0.0000 0.0000 0.0000 0.0000 0.0000 0.0000 0.0000 0.0000 0.0000 0.0000 0.0000 0.0000 0.0000 0.0000 0.0000 0.0000 0.0000 0.0000 0.0000 0.0000 0.0000 0.0000 0.0000 0.0000 0.0000 0.0000 0.0000 0.0000 0.0000 0.0000 0.0000 0.0000 0.0000 0.0000 0.0000 0.0000 0.0000 0.0000 0.0000 0.0000 0.0000 0.0000 0.0000 0.0000 0.0000 0.0000 0.0000 0.0000 0.0000 0.0000 0.0000 0.0000 0.0000 0.0000 0.0000 0.0000 0.0000 0.0000 0.0000 0.0000 0.0000 0.0000 0.0000 0.0000 0.0000 0.0000 0.0000 0.0000 0.0000 0.0000 0.0000 0.0000 0.0000 0.0000 0.0000 0.0000 0.0000 0.0000 0.0000 0.0000 0.0000 0.0000 0.0000 0.0000 0.0000 0.0000 0.0000 0.0000 0.0000 0.0000 0.0000 0.0000 0.0000 0.0000 0.0000 0.0000 0.0000 0.0000 0.0000 0.0000 0.0000 0.0000 0.0000 0.0000 0.0000 0.0000 0.0000 0.0000 0.0000 0.0000 0.0000 0.0000 0.0000 0.0000 0.0000 0.0000 0.0000 0.0000 0.0000 0.0000 0.0000 0.0000 0.0000 0.0000 0.0000 0.0000 0.0000 0.0000 0.0000 0.0000 0.0000 0.0000 0.0000 0.0000 0.0000 0.0000 0.0000 0.0000 0.0000 0.0000 0.0000 0.0000 0.0000 0.0000 0.0000 0.0000 0.0000 0.0000 0.0000 0.0000 0.0000 0.0000 0.0000 0.0000 0.0000 0.0000 0.0000 0.0000 0.0000 0.0000 0.0000 0.0000 0.0000 0.0000 0.0000 0.0000 0.0000 0.0000 0.0000 0.0000 0.0000 0.0000 0.0000 0.0000 0.0000 0.0000 0.0000 0.0000 0.0000 0.0000 0.0000 0.0000 0.0000 0.0000 0.0000 0.0000 0.0000 0.0000 0.0000 0.0000 0.0000 0.0000 0.0000 0.0000 0.0000 0.0000 0.0000 0.0000 0.0000 0.0000 0.0000 0.0000 0.0000 0.0000 0.0000 0.0000 0.0000 0.0000 0.0000 0.0000 0.0000 0.0000 0.0000 0.0000 0.0000 0.0000 0.0000 0.0000 0.0000 0.0000 0.0000 0.0000 0.0000 0.0000 0.0000 0.0000 0.0000 0.0000 0.0000 0.0000 0.0000 0.0000 0.0000 0.0000 0.0000 0.0000 0.0000 0.0000 0.0000 0.0000 0.0000 0.0000 0.0000 0.0000 0.0000 0.0000 0.0000 0.0000 0.0000 0.0000 0.0000 0.0000 0.0000 0.0000 0.0000 0.0000 0.0000 0.0000 0.0000 0.0000 0.0000 0.0000 0.0000 0.0000 0.0000 0.0000 0.0000 0.0000 0.0000 0.0000 0.0000 0.0000 0.0000 0.0000 0.0000 0.0000 0.0000 0.0000 0.0000 0.0000 0.0000 0.0000 0.0000 0.0000 0.0000 0.0000 0.0000 0.0000 0.0000 0.0000 0.0000 0.0000 0.0000 0.0000 0.0000 0.0000 0.0000 0.0000 0.0000 0.0000 0.0000 0.0000 0.0000 0.0000 0.0000 0.0000 0.0000 0.0000 0.0000 0.0000 0.0000 0.0000 0.0000 0.0000 0.0000 0.0000 0.0000 0.0000 0.0000 0.0000 0.0000 0.0000 0.0000 0.0000 0.0000 0.0000 0.0000 0.0000 0.0000 0.0000 0.0000 0.0000 0.0000 0.0000 0.0000 0.0000 0.0000 0.0000 0.0000 0.0000 0.0000 0.0000 0.0000 0.0000 0.0000 0.0000 0.0000 0.0000 0.0000 0.0000 0.0000 0.0000 0.0000 0.0000 0.0000 0.0000 0.0000 0.0000 0.0000 0.0000 0.0000 0.0000 0.0000 0.0000 0.0000 0.0000 0.0000 0.0000 0.0000 0.0000 0.0000 0.0000 0.0000 0.0000 0.0000 0.0000 0.0000 0.0000 0.0000 0.0000 0.0000 0.0000 0.0000 0.0000 0.0000 0.0000 0.0000 0.0000 0.0000 0.0000 0.0000 0.0000 0.0000 0.0000 0.0000 0.0000 0.0000 0.0000 0.0000 0.0000 0.0000 0.0000 0.0000 0.0000 0.0000 0.0000 0.0000 0.0000 0.0000 0.0000 0.0000 0.0000 0.0000 0.0000 0.0000 0.0000 0.0000 0.0000 0.0000 0.0000 0.0000 0.0000 0.0000 0.0000 0.0000 0.0000 0.0000 0.0000 0.0000 0.0000 0.0000 0.0000 0.0000 0.0000 0.0000 0.0000 0.0000 0.0000 0.0000 0.0000 0.0000 0.0000 0.0000 0.0000 0.0000 0.0000 0.0000 0.0000 0.0000 0.0000 0.0000 0.0000 0.0000 0.0000 0.0000 0.0000 0.0000 0.0000 0.0000 0.0000 0.0000 0.0000 0.0000 0.0000 0.0000 0.0000 0.0000 0.0000 0.0000 0.0000 0.0000 0.0000 0.0000 0.0000 0.0000 0.0000 0.0000 0.0000 0.0000 0.0000 0.0000 0.0000 0.0000 0.0000 0.0000 0.0000 0.0000 0.0000 0.0000 0.0000 0.0000 0.0000 0.0000 0.0000 0.0000 0.0000 0.0000 0.0000 0.0000 0.0000 0.0000 0.0000 0.0000 0.0000 0.0000 0.0000 0.0000 0.0000 0.0000 0.0000 0.0000 0.0000 0.0000 0.0000 0.0000 0.0000 0.0000 0.0000 0.0000 0.0000 0.0000 0.0000 0.0000 0.0000 0.0000 0.0000 0.0000 0.0000 0.0000 0.0000 0.0000 0.0000 0.0000 0.0000 0.0000 0.0000 0.0000 0.0000 0.0000 0.0000 0.0000 0.0000 0.0000 0.0000 0.0000 0.0000 0.0000 0.0000 0.0000 0.0000 0.0000 0.0000 0.0000 0.0000 0.0000 0.0000 0.0000 0.0000 0.0000 0.0000 0.0000 0.0000 0.0000 0.0000 0.0000 0.0000 0.0000 0.0000 0.0000 0.0000 0.0000 0.0000 0.0000 0.0000 0.0000 0.0000 0.0000 0.0000 0.0000 0.0000 0.0000 0.0000 0.0000 0.0000 0.0000 0.0000 0.0000 0.0000 0.0000 0.0000 0.0000 0.0000 0.0000 0.0000 0.0000 0.0000 0.0000 0.0000 0.0000 0.0000 0.0000 0.0000 0.0000 0.0000 0.0000 0.0000 0.0000 0.0000 0.0000 0.0000 0.0000 0.0000 0.0000 0.0000 0.0000 0.0000 0.0000 0.0000 0.0000 0.0000 0.0000 0.0000 0.0000 0.0000 0.0000 0.0000 0.0000 0.0000 0.0000 0.0000 0.0000 0.0000 0.0000 0.0000 0.0000 0.0000 0.0000 " />
							<ColorRGBA color="0.000 0.000 0.000 0.000 0.000 0.000 0.000 0.000 0.000 0.000 0.000 0.000 0.000 0.000 0.000 0.000 0.000 0.000 0.000 0.000 0.000 0.000 0.000 0.000 0.000 0.000 0.000 0.000 0.000 0.000 0.000 0.000 0.000 0.000 0.000 0.000 0.000 0.000 0.000 0.000 0.000 0.000 0.000 0.000 0.000 0.000 0.000 0.000 0.000 0.000 0.000 0.000 0.000 0.000 0.000 0.000 0.000 0.000 0.000 0.000 0.000 0.000 0.000 0.000 0.000 0.000 0.000 0.000 0.000 0.000 0.000 0.000 0.000 0.000 0.000 0.000 0.000 0.000 0.000 0.000 0.000 0.000 0.000 0.000 0.000 0.000 0.000 0.000 0.000 0.000 0.000 0.000 0.000 0.000 0.000 0.000 0.000 0.000 0.000 0.000 0.000 0.000 0.000 0.000 0.000 0.000 0.000 0.000 0.000 0.000 0.000 0.000 0.000 0.000 0.000 0.000 0.000 0.000 0.000 0.000 0.000 0.000 0.000 0.000 0.000 0.000 0.000 0.000 0.000 0.000 0.000 0.000 0.000 0.000 0.000 0.000 0.000 0.000 0.000 0.000 0.000 0.000 0.000 0.000 0.000 0.000 0.000 0.000 0.000 0.000 0.000 0.000 0.000 0.000 0.000 0.000 0.000 0.000 0.000 0.000 0.000 0.000 0.000 0.000 0.000 0.000 0.000 0.000 0.000 0.000 0.000 0.000 0.000 0.000 0.000 0.000 0.000 0.000 0.000 0.000 0.000 0.000 0.000 0.000 0.000 0.000 0.000 0.000 0.000 0.000 0.000 0.000 0.000 0.000 0.000 0.000 0.000 0.000 0.000 0.000 0.000 0.000 0.000 0.000 0.000 0.000 0.000 0.000 0.000 0.000 0.000 0.000 0.000 0.000 0.000 0.000 0.000 0.000 0.000 0.000 0.000 0.000 0.000 0.000 0.000 0.000 0.000 0.000 0.000 0.000 0.000 0.000 0.000 0.000 0.000 0.000 0.000 0.000 0.000 0.000 0.000 0.000 0.000 0.000 0.000 0.000 0.000 0.000 0.000 0.000 0.000 0.000 0.000 0.000 0.000 0.000 0.000 0.000 0.000 0.000 0.000 0.000 0.000 0.000 0.000 0.000 0.000 0.000 0.000 0.000 0.000 0.000 0.000 0.000 0.000 0.000 0.000 0.000 0.000 0.000 0.000 0.000 0.000 0.000 0.000 0.000 0.000 0.000 0.000 0.000 0.000 0.000 0.000 0.000 0.000 0.000 0.000 0.000 0.000 0.000 0.000 0.000 0.000 0.000 0.000 0.000 0.000 0.000 0.000 0.000 0.000 0.000 0.000 0.000 0.000 0.000 0.000 0.000 0.000 0.000 0.000 0.000 0.000 0.000 0.000 0.000 0.000 0.000 0.000 0.000 0.000 0.000 0.000 0.000 0.000 0.000 0.000 0.000 0.000 0.000 0.000 0.000 0.000 0.000 0.000 0.000 0.000 0.000 0.000 0.000 0.000 0.000 0.000 0.000 0.000 0.000 0.000 0.000 0.000 0.000 0.000 0.000 0.000 0.000 0.000 0.000 0.000 0.000 0.000 0.000 0.000 0.000 0.000 0.000 0.000 0.000 0.000 0.000 0.000 0.000 0.000 0.000 0.000 0.000 0.000 0.000 0.000 0.000 0.000 0.000 0.000 0.000 0.000 0.000 0.000 0.000 0.000 0.000 0.000 0.000 0.000 0.000 0.000 0.000 0.000 0.000 0.000 0.000 0.000 0.000 0.000 0.000 0.000 0.000 0.000 0.000 0.000 0.000 0.000 0.000 0.000 0.000 0.000 0.000 0.000 0.000 0.000 0.000 0.000 0.000 0.000 0.000 0.000 0.000 0.000 0.000 0.000 0.000 0.000 0.000 0.000 0.000 0.000 0.000 0.000 0.000 0.000 0.000 0.000 0.000 0.000 0.000 0.000 0.000 0.000 0.000 0.000 0.000 0.000 0.000 0.000 0.000 0.000 0.000 0.000 0.000 0.000 0.000 0.000 0.000 0.000 0.000 0.000 0.000 0.000 0.000 0.000 0.000 0.000 0.000 0.000 0.000 0.000 0.000 0.000 0.000 0.000 0.000 0.000 0.000 0.000 0.000 0.000 0.000 0.000 0.000 0.000 0.000 0.000 0.000 0.000 0.000 0.000 0.000 0.000 0.000 0.000 0.000 0.000 0.000 0.000 0.000 0.000 0.000 0.000 0.000 0.000 0.000 0.000 0.000 0.000 0.000 0.000 0.000 0.000 0.000 0.000 0.000 0.000 0.000 0.000 0.000 0.000 0.000 0.000 0.000 0.000 0.000 0.000 0.000 0.000 0.000 0.000 0.000 0.000 0.000 0.000 0.000 0.000 0.000 0.000 0.000 0.000 0.000 0.000 0.000 0.000 0.000 0.000 0.000 0.000 0.000 0.000 0.000 0.000 0.000 0.000 0.000 0.000 0.000 0.000 0.000 0.000 0.000 0.000 0.000 0.000 0.000 0.000 0.000 0.000 0.000 0.000 0.000 0.000 0.000 0.000 0.000 0.000 0.000 0.000 0.000 0.000 0.000 0.000 0.000 0.000 0.000 0.000 0.000 0.000 0.000 0.000 0.000 0.000 0.000 0.000 0.000 0.000 0.000 0.000 0.000 0.000 0.000 0.000 0.000 0.000 0.000 0.000 0.000 0.000 0.000 0.000 0.000 0.000 0.000 0.000 0.000 0.000 0.000 0.000 0.000 0.000 0.000 0.000 0.000 0.000 0.000 0.000 0.000 0.000 0.000 0.000 0.000 0.000 0.000 0.000 0.000 0.000 0.000 0.000 0.000 0.000 0.000 0.000 0.000 0.000 0.000 0.000 0.000 0.000 0.000 0.000 0.000 0.000 0.000 0.000 0.000 0.000 0.000 0.000 0.000 0.000 0.000 0.000 0.000 0.000 0.000 0.000 0.000 0.000 0.000 0.000 0.000 0.000 0.000 0.000 0.000 0.000 0.000 0.000 0.000 0.000 0.000 0.000 0.000 0.000 0.000 0.000 0.000 0.000 0.000 0.000 0.000 0.000 0.000 0.000 0.000 0.000 0.000 0.000 0.000 0.000 0.000 0.000 0.000 0.000 0.000 0.000 0.000 0.000 0.000 0.000 0.000 0.000 0.000 0.000 0.000 0.000 0.000 0.000 0.000 0.000 0.000 0.000 0.000 0.000 0.000 0.000 0.000 0.000 0.000 0.000 0.000 0.000 0.000 0.000 0.000 0.000 0.000 0.000 0.000 0.000 0.000 0.000 0.000 0.000 0.000 0.000 0.000 0.000 0.000 0.000 0.000 0.000 0.000 0.000 0.000 0.000 0.000 0.000 0.000 0.000 0.000 0.000 0.000 0.000 0.000 0.000 0.000 0.000 0.000 0.000 0.000 0.000 0.000 0.000 0.000 0.000 0.000 0.000 0.000 0.000 0.000 0.000 0.000 0.000 0.000 0.000 0.000 0.000 0.000 0.000 0.000 0.000 0.000 0.000 0.000 0.000 0.000 0.000 0.000 0.000 0.000 0.000 0.000 0.000 0.000 0.000 0.000 0.000 0.000 0.000 0.000 0.000 0.000 0.000 0.000 0.000 0.000 0.000 0.000 0.000 0.000 0.000 0.000 0.000 0.000 0.000 0.000 0.000 0.000 0.000 0.000 0.000 0.000 0.000 0.000 0.000 0.000 0.000 0.000 0.000 0.000 0.000 0.000 0.000 0.000 0.000 0.000 0.000 0.000 0.000 0.000 0.000 0.000 0.000 0.000 0.000 0.000 0.000 0.000 0.000 0.000 0.000 0.000 0.000 0.000 0.000 0.000 0.000 0.000 0.000 0.000 0.000 0.000 0.000 0.000 0.000 0.000 0.000 0.000 0.000 0.000 0.000 0.000 0.000 0.000 0.000 0.000 0.000 0.000 0.000 0.000 0.000 0.000 0.000 0.000 0.000 0.000 0.000 0.000 0.000 0.000 0.000 0.000 0.000 0.000 0.000 0.000 0.000 0.000 0.000 0.000 0.000 0.000 0.000 0.000 0.000 0.000 0.000 0.000 0.000 0.000 0.000 0.000 0.000 0.000 0.000 0.000 0.000 0.000 0.000 0.000 0.000 0.000 0.000 0.000 0.000 0.000 0.000 0.000 0.000 0.000 0.000 0.000 0.000 0.000 0.000 0.000 0.000 0.000 0.000 0.000 0.000 0.000 0.000 0.000 0.000 0.000 0.000 0.000 0.000 0.000 0.000 0.000 0.000 0.000 0.000 0.000 0.000 0.000 0.000 0.000 0.000 0.000 0.000 0.000 0.000 0.000 0.000 0.000 0.000 0.000 0.000 0.000 0.000 0.000 0.000 0.000 0.000 0.000 0.000 0.000 0.000 0.000 0.000 0.000 0.000 0.000 0.000 0.000 0.000 0.000 0.000 0.000 0.000 0.000 0.000 0.000 0.000 0.000 0.000 0.000 0.000 0.000 0.000 0.000 0.000 0.000 0.000 0.000 0.000 0.000 0.000 0.000 0.000 0.000 0.000 0.000 0.000 0.000 0.000 0.000 0.000 0.000 0.000 0.000 0.000 0.000 0.000 0.000 0.000 0.000 0.000 0.000 0.000 0.000 0.000 0.000 0.000 0.000 0.000 0.000 0.000 0.000 0.000 0.000 0.000 0.000 0.000 0.000 0.000 0.000 0.000 0.000 0.000 0.000 0.000 0.000 0.000 0.000 0.000 0.000 0.000 0.000 0.000 0.000 0.000 0.000 0.000 0.000 0.000 0.000 0.000 0.000 0.000 0.000 0.000 0.000 0.000 0.000 0.000 0.000 0.000 0.000 0.000 0.000 0.000 0.000 0.000 0.000 0.000 0.000 0.000 0.000 0.000 0.000 0.000 0.000 0.000 0.000 0.000 0.000 0.000 0.000 0.000 0.000 0.000 0.000 0.000 0.000 0.000 0.000 0.000 0.000 0.000 0.000 0.000 0.000 0.000 0.000 0.000 0.000 0.000 0.000 0.000 0.000 0.000 0.000 0.000 0.000 0.000 0.000 0.000 0.000 0.000 0.000 0.000 0.000 0.000 0.000 0.000 0.000 0.000 0.000 0.000 0.000 0.000 0.000 0.000 0.000 0.000 0.000 0.000 0.000 0.000 0.000 0.000 0.000 0.000 0.000 0.000 0.000 0.000 0.000 0.000 0.000 0.000 0.000 0.000 0.000 0.000 0.000 0.000 0.000 0.000 0.000 0.000 0.000 0.000 0.000 0.000 0.000 0.000 0.000 0.000 0.000 0.000 0.000 0.000 0.000 0.000 0.000 0.000 0.000 0.000 0.000 0.000 0.000 0.000 0.000 0.000 0.000 0.000 0.000 0.000 0.000 0.000 0.000 0.000 0.000 0.000 0.000 0.000 0.000 0.000 0.000 0.000 0.000 0.000 0.000 0.000 0.000 0.000 0.000 0.000 0.000 0.000 0.000 0.000 0.000 0.000 0.000 0.000 0.000 0.000 0.000 0.000 0.000 0.000 0.000 0.000 0.000 0.000 0.000 0.000 0.000 0.000 0.000 0.000 0.000 0.000 0.000 0.000 0.000 0.000 0.000 0.000 0.000 0.000 0.000 0.000 0.000 0.000 0.000 0.000 0.000 0.000 0.000 0.000 0.000 0.000 0.000 0.000 0.000 0.000 0.000 0.000 0.000 0.000 0.000 0.000 0.000 0.000 0.000 0.000 0.000 0.000 0.000 0.000 0.000 0.000 0.000 0.000 0.000 0.000 0.000 0.000 0.000 0.000 0.000 0.000 0.000 0.000 0.000 0.000 0.000 0.000 0.000 0.000 0.000 0.000 0.000 0.000 0.000 0.000 0.000 0.000 0.000 0.000 0.000 0.000 0.000 0.000 0.000 0.000 0.000 0.000 0.000 0.000 0.000 0.000 0.000 0.000 0.000 0.000 0.000 0.000 0.000 0.000 0.000 0.000 0.000 0.000 0.000 0.000 0.000 0.000 0.000 0.000 0.000 0.000 0.000 0.000 0.000 0.000 0.000 0.000 0.000 0.000 0.000 0.000 0.000 0.000 0.000 0.000 0.000 0.000 0.000 0.000 0.000 0.000 0.000 0.000 0.000 0.000 0.000 0.000 0.000 0.000 0.000 0.000 0.000 0.000 0.000 0.000 0.000 0.000 0.000 0.000 0.000 0.000 0.000 0.000 0.000 0.000 0.000 0.000 0.000 0.000 0.000 0.000 0.000 0.000 0.000 0.000 0.000 0.000 0.000 0.000 0.000 0.000 0.000 0.000 0.000 0.000 0.000 0.000 0.000 0.000 0.000 0.000 0.000 0.000 0.000 0.000 0.000 0.000 0.000 0.000 0.000 0.000 0.000 0.000 0.000 0.000 0.000 0.000 0.000 0.000 0.000 0.000 0.000 0.000 0.000 0.000 0.000 0.000 0.000 0.000 0.000 0.000 0.000 0.000 0.000 0.000 0.000 0.000 0.000 0.000 0.000 0.000 0.000 0.000 0.000 0.000 0.000 0.000 0.000 0.000 0.000 0.000 0.000 0.000 0.000 0.000 0.000 0.000 0.000 0.000 0.000 0.000 0.000 0.000 0.000 0.000 0.000 0.000 0.000 0.000 0.000 0.000 0.000 0.000 0.000 0.000 0.000 0.000 0.000 0.000 0.000 0.000 0.000 0.000 0.000 0.000 0.000 0.000 0.000 0.000 0.000 0.000 0.000 0.000 0.000 0.000 0.000 0.000 0.000 0.000 0.000 0.000 0.000 0.000 0.000 0.000 0.000 0.000 0.000 0.000 0.000 0.000 0.000 0.000 0.000 0.000 0.000 0.000 0.000 0.000 0.000 0.000 0.000 0.000 0.000 0.000 0.000 0.000 0.000 0.000 0.000 0.000 0.000 0.000 0.000 0.000 0.000 0.000 0.000 0.000 0.000 0.000 0.000 0.000 0.000 0.000 0.000 0.000 0.000 0.000 0.000 0.000 0.000 0.000 0.000 0.000 0.000 0.000 0.000 0.000 0.000 0.000 0.000 0.000 0.000 0.000 0.000 0.000 0.000 0.000 0.000 0.000 0.000 0.000 0.000 0.000 0.000 0.000 0.000 0.000 0.000 0.000 0.000 0.000 0.000 0.000 0.000 0.000 0.000 0.000 0.000 0.000 0.000 0.000 0.000 0.000 0.000 0.000 0.000 0.000 0.000 0.000 0.000 0.000 0.000 0.000 0.000 0.000 0.000 0.000 0.000 0.000 0.000 0.000 0.000 0.000 0.000 0.000 0.000 0.000 0.000 0.000 0.000 0.000 0.000 0.000 0.000 0.000 0.000 0.000 0.000 0.000 0.000 0.000 0.000 0.000 0.000 0.000 0.000 0.000 0.000 0.000 0.000 0.000 0.000 0.000 0.000 0.000 0.000 0.000 0.000 0.000 0.000 0.000 0.000 0.000 0.000 0.000 0.000 0.000 0.000 0.000 0.000 0.000 0.000 0.000 0.000 0.000 0.000 0.000 0.000 0.000 0.000 0.000 0.000 0.000 0.000 0.000 0.000 0.000 0.000 0.000 0.000 0.000 0.000 0.000 0.000 0.000 0.000 0.000 0.000 0.000 0.000 0.000 0.000 0.000 0.000 0.000 0.000 0.000 0.000 0.000 0.000 0.000 0.000 0.000 0.000 0.000 0.000 0.000 0.000 0.000 0.000 0.000 0.000 0.000 0.000 0.000 0.000 0.000 0.000 0.000 0.000 0.000 0.000 0.000 0.000 0.000 0.000 0.000 0.000 0.000 0.000 0.000 0.000 0.000 0.000 0.000 0.000 0.000 0.000 0.000 0.000 0.000 0.000 0.000 0.000 0.000 0.000 0.000 0.000 0.000 0.000 0.000 0.000 0.000 0.000 0.000 0.000 0.000 0.000 0.000 0.000 0.000 0.000 0.000 0.000 0.000 0.000 0.000 0.000 0.000 0.000 0.000 0.000 0.000 0.000 0.000 0.000 0.000 0.000 0.000 0.000 0.000 0.000 0.000 0.000 0.000 0.000 0.000 0.000 0.000 0.000 0.000 0.000 0.000 0.000 0.000 0.000 0.000 0.000 0.000 0.000 0.000 0.000 0.000 0.000 0.000 0.000 0.000 0.000 0.000 0.000 0.000 0.000 0.000 0.000 0.000 0.000 0.000 0.000 0.000 0.000 0.000 0.000 0.000 0.000 0.000 0.000 0.000 0.000 0.000 0.000 0.000 0.000 0.000 0.000 0.000 0.000 0.000 0.000 0.000 0.000 0.000 0.000 0.000 0.000 0.000 0.000 0.000 0.000 0.000 0.000 0.000 0.000 0.000 0.000 0.000 0.000 0.000 0.000 0.000 0.000 0.000 0.000 0.000 0.000 0.000 0.000 0.000 0.000 0.000 0.000 0.000 0.000 0.000 0.000 0.000 0.000 0.000 0.000 0.000 0.000 0.000 0.000 0.000 0.000 0.000 0.000 0.000 0.000 0.000 0.000 0.000 0.000 0.000 0.000 0.000 0.000 0.000 0.000 0.000 0.000 0.000 0.000 0.000 0.000 0.000 0.000 0.000 0.000 0.000 0.000 0.000 0.000 0.000 0.000 0.000 0.000 0.000 0.000 0.000 0.000 0.000 0.000 0.000 0.000 0.000 0.000 0.000 0.000 0.000 0.000 0.000 0.000 0.000 0.000 0.000 0.000 0.000 0.000 0.000 0.000 0.000 0.000 0.000 0.000 0.000 0.000 0.000 0.000 0.000 0.000 0.000 0.000 0.000 0.000 0.000 0.000 0.000 0.000 0.000 0.000 0.000 0.000 0.000 0.000 0.000 0.000 0.000 0.000 0.000 0.000 0.000 0.000 0.000 0.000 0.000 0.000 0.000 0.000 0.000 0.000 0.000 0.000 0.000 0.000 0.000 0.000 0.000 0.000 0.000 0.000 0.000 0.000 0.000 0.000 0.000 0.000 0.000 0.000 0.000 0.000 0.000 0.000 0.000 0.000 0.000 0.000 0.000 0.000 0.000 0.000 0.000 0.000 0.000 0.000 0.000 0.000 0.000 0.000 0.000 0.000 0.000 0.000 0.000 0.000 0.000 0.000 0.000 0.000 0.000 0.000 0.000 0.000 0.000 0.000 0.000 0.000 0.000 0.000 0.000 0.000 0.000 0.000 0.000 0.000 0.000 0.000 0.000 0.000 0.000 0.000 0.000 0.000 0.000 0.000 0.000 0.000 0.000 0.000 0.000 0.000 0.000 0.000 0.000 0.000 0.000 0.000 0.000 0.000 0.000 0.000 0.000 0.000 0.000 0.000 0.000 0.000 0.000 0.000 0.000 0.000 0.000 0.000 0.000 0.000 0.000 0.000 0.000 0.000 0.000 0.000 0.000 0.000 0.000 0.000 0.000 0.000 0.000 0.000 0.000 0.000 0.000 0.000 0.000 0.000 0.000 0.000 0.000 0.000 0.000 0.000 0.000 0.000 0.000 0.000 0.000 0.000 0.000 0.000 0.000 0.000 0.000 0.000 0.000 0.000 0.000 0.000 0.000 0.000 0.000 0.000 0.000 0.000 0.000 0.000 0.000 0.000 0.000 0.000 0.000 0.000 0.000 0.000 0.000 0.000 0.000 0.000 0.000 0.000 0.000 0.000 0.000 0.000 0.000 0.000 0.000 0.000 0.000 0.000 0.000 0.000 0.000 0.000 0.000 0.000 0.000 0.000 0.000 0.000 0.000 0.000 0.000 0.000 0.000 0.000 0.000 0.000 0.000 0.000 0.000 0.000 0.000 0.000 0.000 0.000 0.000 0.000 0.000 0.000 0.000 0.000 0.000 0.000 0.000 0.000 0.000 0.000 0.000 0.000 0.000 0.000 0.000 0.000 0.000 0.000 0.000 0.000 0.000 0.000 0.000 0.000 0.000 0.000 0.000 0.000 0.000 0.000 0.000 0.000 0.000 0.000 0.000 0.000 0.000 0.000 0.000 0.000 0.000 0.000 0.000 0.000 0.000 0.000 0.000 0.000 0.000 0.000 0.000 0.000 0.000 0.000 0.000 0.000 0.000 0.000 0.000 0.000 0.000 0.000 0.000 0.000 0.000 0.000 0.000 0.000 0.000 0.000 0.000 0.000 0.000 0.000 0.000 0.000 0.000 0.000 0.000 0.000 0.000 0.000 0.000 0.000 0.000 0.000 0.000 0.000 0.000 0.000 0.000 0.000 0.000 0.000 0.000 0.000 0.000 0.000 0.000 0.000 0.000 0.000 0.000 0.000 0.000 0.000 0.000 0.000 0.000 0.000 0.000 0.000 0.000 0.000 0.000 0.000 0.000 0.000 0.000 0.000 0.000 0.000 0.000 0.000 0.000 0.000 0.000 0.000 0.000 0.000 0.000 0.000 0.000 0.000 0.000 0.000 0.000 0.000 0.000 0.000 0.000 0.000 0.000 0.000 0.000 0.000 0.000 0.000 0.000 0.000 0.000 0.000 0.000 0.000 0.000 0.000 0.000 0.000 0.000 0.000 0.000 0.000 0.000 0.000 0.000 0.000 0.000 0.000 0.000 0.000 0.000 0.000 0.000 0.000 0.000 0.000 0.000 0.000 0.000 0.000 0.000 0.000 0.000 0.000 0.000 0.000 0.000 0.000 0.000 0.000 0.000 0.000 0.000 0.000 0.000 0.000 0.000 0.000 0.000 0.000 0.000 0.000 0.000 0.000 0.000 0.000 0.000 0.000 0.000 0.000 0.000 0.000 0.000 0.000 0.000 0.000 0.000 0.000 0.000 0.000 0.000 0.000 0.000 0.000 0.000 0.000 0.000 0.000 0.000 0.000 0.000 0.000 0.000 0.000 0.000 0.000 0.000 0.000 0.000 0.000 0.000 0.000 0.000 0.000 0.000 0.000 0.000 0.000 0.000 0.000 0.000 0.000 0.000 0.000 0.000 0.000 0.000 0.000 0.000 0.000 0.000 0.000 0.000 0.000 0.000 0.000 0.000 0.000 0.000 0.000 0.000 0.000 0.000 0.000 0.000 0.000 0.000 0.000 0.000 0.000 0.000 0.000 0.000 0.000 0.000 0.000 0.000 0.000 0.000 0.000 0.000 0.000 0.000 0.000 0.000 0.000 0.000 0.000 0.000 0.000 0.000 0.000 0.000 0.000 0.000 0.000 0.000 0.000 0.000 0.000 0.000 0.000 0.000 0.000 0.000 0.000 0.000 0.000 0.000 0.000 0.000 0.000 0.000 0.000 0.000 0.000 0.000 0.000 0.000 0.000 0.000 0.000 0.000 0.000 0.000 0.000 0.000 0.000 0.000 0.000 0.000 0.000 0.000 0.000 0.000 0.000 0.000 0.000 0.000 0.000 0.000 0.000 0.000 0.000 0.000 0.000 0.000 0.000 0.000 0.000 0.000 0.000 0.000 0.000 0.000 0.000 0.000 0.000 0.000 0.000 0.000 0.000 0.000 0.000 0.000 0.000 0.000 0.000 0.000 0.000 0.000 0.000 0.000 0.000 0.000 0.000 0.000 0.000 0.000 0.000 0.000 0.000 0.000 0.000 0.000 0.000 0.000 0.000 0.000 0.000 0.000 0.000 0.000 0.000 0.000 0.000 0.000 0.000 0.000 0.000 0.000 0.000 0.000 0.000 0.000 0.000 0.000 0.000 0.000 0.000 0.000 0.000 0.000 0.000 0.000 0.000 0.000 0.000 0.000 0.000 0.000 0.000 0.000 0.000 0.000 0.000 0.000 0.000 0.000 0.000 0.000 0.000 0.000 0.000 0.000 0.000 0.000 0.000 0.000 0.000 0.000 0.000 0.000 0.000 0.000 0.000 0.000 0.000 0.000 0.000 0.000 0.000 0.000 0.000 0.000 0.000 0.000 0.000 0.000 0.000 0.000 0.000 0.000 0.000 0.000 0.000 0.000 0.000 0.000 0.000 0.000 0.000 0.000 0.000 0.000 0.000 0.000 0.000 0.000 0.000 0.000 0.000 0.000 0.000 0.000 0.000 0.000 0.000 0.000 0.000 0.000 0.000 0.000 0.000 0.000 0.000 0.000 0.000 0.000 0.000 0.000 0.000 0.000 0.000 0.000 0.000 0.000 0.000 0.000 0.000 0.000 0.000 0.000 0.000 0.000 0.000 0.000 0.000 0.000 0.000 0.000 0.000 0.000 0.000 0.000 0.000 0.000 0.000 0.000 0.000 0.000 0.000 0.000 0.000 0.000 0.000 0.000 0.000 0.000 0.000 0.000 0.000 0.000 0.000 0.000 0.000 0.000 0.000 0.000 0.000 0.000 0.000 0.000 0.000 0.000 0.000 0.000 0.000 0.000 0.000 0.000 0.000 0.000 0.000 0.000 0.000 0.000 0.000 0.000 0.000 0.000 0.000 0.000 0.000 0.000 0.000 0.000 0.000 0.000 0.000 0.000 0.000 0.000 0.000 0.000 0.000 0.000 0.000 0.000 0.000 0.000 0.000 0.000 0.000 0.000 0.000 0.000 0.000 0.000 0.000 0.000 0.000 0.000 0.000 0.000 0.000 0.000 0.000 0.000 0.000 0.000 0.000 0.000 0.000 0.000 0.000 0.000 0.000 0.000 0.000 0.000 0.000 0.000 0.000 0.000 0.000 0.000 0.000 0.000 0.000 0.000 0.000 0.000 0.000 0.000 0.000 0.000 0.000 0.000 0.000 0.000 0.000 0.000 0.000 0.000 0.000 0.000 0.000 0.000 0.000 0.000 0.000 0.000 0.000 0.000 0.000 0.000 0.000 0.000 0.000 0.000 0.000 0.000 0.000 0.000 0.000 0.000 0.000 0.000 0.000 0.000 0.000 0.000 0.000 0.000 0.000 0.000 0.000 0.000 0.000 0.000 0.000 0.000 0.000 0.000 0.000 0.000 0.000 0.000 0.000 0.000 0.000 0.000 0.000 0.000 0.000 0.000 0.000 0.000 0.000 0.000 0.000 0.000 0.000 0.000 0.000 0.000 0.000 0.000 0.000 0.000 0.000 0.000 0.000 0.000 0.000 0.000 0.000 0.000 0.000 0.000 0.000 0.000 0.000 0.000 0.000 0.000 0.000 0.000 0.000 0.000 0.000 0.000 0.000 0.000 0.000 0.000 0.000 0.000 0.000 0.000 0.000 0.000 0.000 0.000 0.000 0.000 0.000 0.000 0.000 0.000 0.000 0.000 0.000 0.000 0.000 0.000 0.000 0.000 0.000 0.000 0.000 0.000 0.000 0.000 0.000 0.000 0.000 0.000 0.000 0.000 0.000 0.000 0.000 0.000 0.000 0.000 0.000 0.000 0.000 0.000 0.000 0.000 0.000 0.000 0.000 0.000 0.000 0.000 0.000 0.000 0.000 0.000 0.000 0.000 0.000 0.000 0.000 0.000 0.000 0.000 0.000 0.000 0.000 0.000 0.000 0.000 0.000 0.000 0.000 0.000 0.000 0.000 0.000 0.000 0.000 0.000 0.000 0.000 0.000 0.000 0.000 0.000 0.000 0.000 0.000 0.000 0.000 0.000 0.000 0.000 0.000 0.000 0.000 0.000 0.000 0.000 0.000 0.000 0.000 0.000 0.000 0.000 0.000 0.000 0.000 0.000 0.000 0.000 0.000 0.000 0.000 0.000 0.000 0.000 0.000 0.000 0.000 0.000 0.000 0.000 0.000 0.000 0.000 0.000 0.000 0.000 0.000 0.000 0.000 0.000 0.000 0.000 0.000 0.000 0.000 0.000 0.000 0.000 0.000 0.000 0.000 0.000 0.000 0.000 0.000 0.000 0.000 0.000 0.000 0.000 0.000 0.000 0.000 0.000 0.000 0.000 0.000 0.000 0.000 0.000 0.000 0.000 0.000 0.000 0.000 0.000 0.000 0.000 0.000 0.000 0.000 0.000 0.000 0.000 0.000 0.000 0.000 0.000 0.000 0.000 0.000 0.000 0.000 0.000 0.000 0.000 0.000 0.000 0.000 0.000 0.000 0.000 0.000 0.000 0.000 0.000 0.000 0.000 0.000 0.000 0.000 0.000 0.000 0.000 0.000 0.000 0.000 0.000 0.000 0.000 0.000 0.000 0.000 0.000 0.000 0.000 0.000 0.000 0.000 0.000 0.000 0.000 0.000 0.000 0.000 0.000 0.000 0.000 0.000 0.000 0.000 0.000 0.000 0.000 0.000 0.000 0.000 0.000 0.000 0.000 0.000 0.000 0.000 0.000 0.000 0.000 0.000 0.000 0.000 0.000 0.000 0.000 0.000 0.000 0.000 0.000 0.000 0.000 0.000 0.000 0.000 0.000 0.000 0.000 0.000 0.000 0.000 0.000 0.000 0.000 0.000 0.000 0.000 0.000 0.000 0.000 0.000 0.000 0.000 0.000 0.000 0.000 0.000 0.000 0.000 0.000 0.000 0.000 0.000 0.000 0.000 0.000 0.000 0.000 0.000 0.000 0.000 0.000 0.000 0.000 0.000 0.000 0.000 0.000 0.000 0.000 0.000 0.000 0.000 0.000 0.000 0.000 0.000 0.000 0.000 0.000 0.000 0.000 0.000 0.000 0.000 0.000 0.000 0.000 0.000 0.000 0.000 0.000 0.000 0.000 0.000 0.000 0.000 0.000 0.000 0.000 0.000 0.000 0.000 0.000 0.000 0.000 0.000 0.000 0.000 0.000 0.000 0.000 0.000 0.000 0.000 0.000 0.000 0.000 0.000 0.000 0.000 0.000 0.000 0.000 0.000 0.000 0.000 0.000 0.000 0.000 0.000 0.000 0.000 0.000 0.000 0.000 0.000 0.000 0.000 0.000 0.000 0.000 0.000 0.000 0.000 0.000 0.000 0.000 0.000 0.000 0.000 0.000 0.000 0.000 0.000 0.000 0.000 0.000 0.000 0.000 0.000 0.000 0.000 0.000 0.000 0.000 0.000 0.000 0.000 0.000 0.000 0.000 0.000 0.000 0.000 0.000 0.000 0.000 0.000 0.000 0.000 0.000 0.000 0.000 0.000 0.000 0.000 0.000 0.000 0.000 0.000 0.000 0.000 0.000 0.000 0.000 0.000 0.000 0.000 0.000 0.000 0.000 0.000 0.000 0.000 0.000 0.000 0.000 0.000 0.000 0.000 0.000 0.000 0.000 0.000 0.000 0.000 0.000 0.000 0.000 0.000 0.000 0.000 0.000 0.000 0.000 0.000 0.000 0.000 0.000 0.000 0.000 0.000 0.000 0.000 0.000 0.000 0.000 0.000 0.000 0.000 0.000 0.000 0.000 0.000 0.000 0.000 0.000 0.000 0.000 0.000 0.000 0.000 0.000 0.000 0.000 0.000 0.000 0.000 0.000 0.000 0.000 0.000 0.000 0.000 0.000 0.000 0.000 0.000 0.000 0.000 0.000 0.000 0.000 0.000 0.000 0.000 0.000 0.000 0.000 0.000 0.000 0.000 0.000 0.000 0.000 0.000 0.000 0.000 0.000 0.000 0.000 0.000 0.000 0.000 0.000 0.000 0.000 0.000 0.000 0.000 0.000 0.000 0.000 0.000 0.000 0.000 0.000 0.000 0.000 0.000 0.000 0.000 0.000 0.000 0.000 0.000 0.000 0.000 0.000 0.000 0.000 0.000 0.000 0.000 0.000 0.000 0.000 0.000 0.000 0.000 0.000 0.000 0.000 0.000 0.000 0.000 0.000 0.000 0.000 0.000 0.000 0.000 0.000 0.000 0.000 0.000 0.000 0.000 0.000 0.000 0.000 0.000 0.000 0.000 0.000 0.000 0.000 0.000 0.000 0.000 0.000 0.000 0.000 0.000 0.000 0.000 0.000 0.000 0.000 0.000 0.000 0.000 0.000 0.000 0.000 0.000 0.000 0.000 0.000 0.000 0.000 0.000 0.000 0.000 0.000 0.000 0.000 0.000 0.000 0.000 0.000 0.000 0.000 0.000 0.000 0.000 0.000 0.000 0.000 0.000 0.000 0.000 0.000 0.000 0.000 0.000 0.000 0.000 0.000 0.000 0.000 0.000 0.000 0.000 0.000 0.000 0.000 0.000 0.000 0.000 0.000 0.000 0.000 0.000 0.000 0.000 0.000 0.000 0.000 0.000 0.000 0.000 0.000 0.000 0.000 0.000 0.000 0.000 0.000 0.000 0.000 0.000 0.000 0.000 0.000 0.000 0.000 0.000 0.000 0.000 0.000 0.000 0.000 0.000 0.000 0.000 0.000 0.000 0.000 0.000 0.000 0.000 0.000 0.000 0.000 0.000 0.000 0.000 0.000 0.000 0.000 0.000 0.000 0.000 0.000 0.000 0.000 0.000 0.000 0.000 0.000 0.000 0.000 0.000 0.000 0.000 0.000 0.000 0.000 0.000 0.000 0.000 0.000 0.000 0.000 0.000 0.000 0.000 0.000 0.000 0.000 0.000 0.000 0.000 0.000 0.000 0.000 0.000 0.000 0.000 0.000 0.000 0.000 0.000 0.000 0.000 0.000 0.000 0.000 0.000 0.000 0.000 0.000 0.000 0.000 0.000 0.000 0.000 0.000 0.000 0.000 0.000 0.000 0.000 0.000 0.000 0.000 0.000 0.000 0.000 0.000 0.000 0.000 0.000 0.000 0.000 0.000 0.000 0.000 0.000 0.000 0.000 0.000 0.000 0.000 0.000 0.000 0.000 0.000 0.000 0.000 0.000 0.000 0.000 0.000 0.000 0.000 0.000 0.000 0.000 0.000 0.000 0.000 0.000 0.000 0.000 0.000 0.000 0.000 0.000 0.000 0.000 0.000 0.000 0.000 0.000 0.000 0.000 0.000 0.000 0.000 0.000 0.000 0.000 0.000 0.000 0.000 0.000 0.000 0.000 0.000 0.000 0.000 0.000 0.000 0.000 0.000 0.000 0.000 0.000 0.000 0.000 0.000 0.000 0.000 0.000 0.000 0.000 0.000 0.000 0.000 0.000 0.000 0.000 0.000 0.000 0.000 0.000 0.000 0.000 0.000 0.000 0.000 0.000 0.000 0.000 0.000 0.000 0.000 0.000 0.000 0.000 0.000 0.000 0.000 0.000 0.000 0.000 0.000 0.000 0.000 0.000 0.000 0.000 0.000 0.000 0.000 0.000 0.000 0.000 0.000 0.000 0.000 0.000 0.000 0.000 0.000 0.000 0.000 0.000 0.000 0.000 0.000 0.000 0.000 0.000 0.000 0.000 0.000 0.000 0.000 0.000 0.000 0.000 0.000 0.000 0.000 0.000 0.000 0.000 0.000 0.000 0.000 0.000 0.000 0.000 0.000 0.000 0.000 0.000 0.000 0.000 0.000 0.000 0.000 0.000 0.000 0.000 0.000 0.000 0.000 0.000 0.000 0.000 0.000 0.000 0.000 0.000 0.000 0.000 0.000 0.000 0.000 0.000 0.000 0.000 0.000 0.000 0.000 0.000 0.000 0.000 0.000 0.000 0.000 0.000 0.000 0.000 0.000 0.000 0.000 0.000 0.000 0.000 0.000 0.000 0.000 0.000 0.000 0.000 0.000 0.000 0.000 0.000 0.000 0.000 0.000 0.000 0.000 0.000 0.000 0.000 0.000 0.000 0.000 0.000 0.000 0.000 0.000 0.000 0.000 0.000 0.000 0.000 0.000 0.000 0.000 0.000 0.000 0.000 0.000 0.000 0.000 0.000 0.000 0.000 0.000 0.000 0.000 0.000 0.000 0.000 0.000 0.000 0.000 0.000 0.000 0.000 0.000 0.000 0.000 0.000 0.000 0.000 0.000 0.000 0.000 0.000 0.000 0.000 0.000 0.000 0.000 0.000 0.000 0.000 0.000 0.000 0.000 0.000 0.000 0.000 0.000 0.000 0.000 0.000 0.000 0.000 0.000 0.000 0.000 0.000 0.000 0.000 0.000 0.000 0.000 0.000 0.000 0.000 0.000 0.000 0.000 0.000 0.000 0.000 0.000 0.000 0.000 0.000 0.000 0.000 0.000 0.000 0.000 0.000 0.000 0.000 0.000 0.000 0.000 0.000 0.000 0.000 0.000 0.000 0.000 0.000 0.000 0.000 0.000 0.000 0.000 0.000 0.000 0.000 0.000 0.000 0.000 0.000 0.000 0.000 0.000 0.000 0.000 0.000 0.000 0.000 0.000 0.000 0.000 0.000 0.000 0.000 0.000 0.000 0.000 0.000 0.000 0.000 0.000 0.000 0.000 0.000 0.000 0.000 0.000 0.000 0.000 0.000 0.000 0.000 0.000 0.000 0.000 0.000 0.000 0.000 0.000 0.000 0.000 0.000 0.000 0.000 0.000 0.000 0.000 0.000 0.000 0.000 0.000 0.000 0.000 0.000 0.000 0.000 0.000 0.000 0.000 0.000 0.000 0.000 0.000 0.000 0.000 0.000 0.000 0.000 0.000 0.000 0.000 0.000 0.000 0.000 0.000 0.000 0.000 0.000 0.000 0.000 0.000 0.000 0.000 0.000 0.000 0.000 0.000 0.000 0.000 0.000 0.000 0.000 0.000 0.000 0.000 0.000 0.000 0.000 0.000 0.000 0.000 0.000 0.000 0.000 0.000 0.000 0.000 0.000 0.000 0.000 0.000 0.000 0.000 0.000 0.000 0.000 0.000 0.000 0.000 0.000 0.000 0.000 0.000 0.000 0.000 0.000 0.000 0.000 0.000 0.000 0.000 0.000 0.000 0.000 0.000 0.000 0.000 0.000 0.000 0.000 0.000 0.000 0.000 0.000 0.000 0.000 0.000 0.000 0.000 0.000 0.000 0.000 0.000 0.000 0.000 0.000 0.000 0.000 0.000 0.000 0.000 0.000 0.000 0.000 0.000 0.000 0.000 0.000 0.000 0.000 0.000 0.000 0.000 0.000 0.000 0.000 0.000 0.000 0.000 0.000 0.000 0.000 0.000 0.000 0.000 0.000 0.000 0.000 0.000 0.000 0.000 0.000 0.000 0.000 0.000 0.000 0.000 0.000 0.000 0.000 0.000 0.000 0.000 0.000 0.000 0.000 0.000 0.000 0.000 0.000 0.000 0.000 0.000 0.000 0.000 0.000 0.000 0.000 0.000 0.000 0.000 0.000 0.000 0.000 0.000 0.000 0.000 0.000 0.000 0.000 0.000 0.000 0.000 0.000 0.000 0.000 0.000 0.000 0.000 0.000 0.000 0.000 0.000 0.000 0.000 0.000 0.000 0.000 0.000 0.000 0.000 0.000 0.000 0.000 0.000 0.000 0.000 0.000 0.000 0.000 0.000 0.000 0.000 0.000 0.000 0.000 0.000 0.000 0.000 0.000 0.000 0.000 0.000 0.000 0.000 0.000 0.000 0.000 0.000 0.000 0.000 0.000 0.000 0.000 0.000 0.000 0.000 0.000 0.000 0.000 0.000 0.000 0.000 0.000 0.000 0.000 0.000 0.000 0.000 0.000 0.000 0.000 0.000 0.000 0.000 0.000 0.000 0.000 0.000 0.000 0.000 0.000 0.000 0.000 0.000 0.000 0.000 0.000 0.000 0.000 0.000 0.000 0.000 0.000 0.000 0.000 0.000 0.000 0.000 0.000 0.000 0.000 0.000 0.000 0.000 0.000 0.000 0.000 0.000 0.000 0.000 0.000 0.000 0.000 0.000 0.000 0.000 0.000 0.000 0.000 0.000 0.000 0.000 0.000 0.000 0.000 0.000 0.000 0.000 0.000 0.000 0.000 0.000 0.000 0.000 0.000 0.000 0.000 0.000 0.000 0.000 0.000 0.000 0.000 0.000 0.000 0.000 0.000 0.000 0.000 0.000 0.000 0.000 0.000 0.000 0.000 0.000 0.000 0.000 0.000 0.000 0.000 0.000 0.000 0.000 0.000 0.000 0.000 0.000 0.000 0.000 0.000 0.000 0.000 0.000 0.000 0.000 0.000 0.000 0.000 0.000 0.000 0.000 0.000 0.000 0.000 0.000 0.000 0.000 0.000 0.000 0.000 0.000 0.000 0.000 0.000 0.000 0.000 0.000 0.000 0.000 0.000 0.000 0.000 0.000 0.000 0.000 0.000 0.000 0.000 0.000 0.000 0.000 0.000 0.000 0.000 0.000 0.000 0.000 0.000 0.000 0.000 0.000 0.000 0.000 0.000 0.000 0.000 0.000 0.000 0.000 0.000 0.000 0.000 0.000 0.000 0.000 0.000 0.000 0.000 0.000 0.000 0.000 0.000 0.000 0.000 0.000 0.000 0.000 0.000 0.000 0.000 0.000 0.000 0.000 0.000 0.000 0.000 0.000 0.000 0.000 0.000 0.000 0.000 0.000 0.000 0.000 0.000 0.000 0.000 0.000 0.000 0.000 0.000 0.000 0.000 0.000 0.000 0.000 0.000 0.000 0.000 0.000 0.000 0.000 0.000 0.000 0.000 0.000 0.000 0.000 0.000 0.000 0.000 0.000 0.000 0.000 0.000 0.000 0.000 0.000 0.000 0.000 0.000 0.000 0.000 0.000 0.000 0.000 0.000 0.000 0.000 0.000 0.000 0.000 0.000 0.000 0.000 0.000 0.000 0.000 0.000 0.000 0.000 0.000 0.000 0.000 0.000 0.000 0.000 0.000 0.000 0.000 0.000 0.000 0.000 0.000 0.000 0.000 0.000 0.000 0.000 0.000 0.000 0.000 0.000 0.000 0.000 0.000 0.000 0.000 0.000 0.000 0.000 0.000 0.000 0.000 0.000 0.000 0.000 0.000 0.000 0.000 0.000 0.000 0.000 0.000 0.000 0.000 0.000 0.000 0.000 0.000 0.000 0.000 0.000 0.000 0.000 0.000 0.000 0.000 0.000 0.000 0.000 0.000 0.000 0.000 0.000 0.000 0.000 0.000 0.000 0.000 0.000 0.000 0.000 0.000 0.000 0.000 0.000 0.000 0.000 0.000 0.000 0.000 0.000 0.000 0.000 0.000 0.000 0.000 0.000 0.000 0.000 0.000 0.000 0.000 0.000 0.000 0.000 0.000 0.000 0.000 0.000 0.000 0.000 0.000 0.000 0.000 0.000 0.000 0.000 0.000 0.000 0.000 0.000 0.000 0.000 0.000 0.000 0.000 0.000 0.000 0.000 0.000 0.000 0.000 0.000 0.000 0.000 0.000 0.000 0.000 0.000 0.000 0.000 0.000 0.000 0.000 0.000 0.000 0.000 0.000 0.000 0.000 0.000 0.000 0.000 0.000 0.000 0.000 0.000 0.000 0.000 0.000 0.000 0.000 0.000 0.000 0.000 0.000 0.000 0.000 0.000 0.000 0.000 0.000 0.000 0.000 0.000 0.000 0.000 0.000 0.000 0.000 0.000 0.000 0.000 0.000 0.000 0.000 0.000 0.000 0.000 0.000 0.000 0.000 0.000 0.000 0.000 0.000 0.000 0.000 0.000 0.000 0.000 0.000 0.000 0.000 0.000 0.000 0.000 0.000 0.000 0.000 0.000 0.000 0.000 0.000 0.000 0.000 0.000 0.000 0.000 0.000 0.000 0.000 0.000 0.000 0.000 0.000 0.000 0.000 0.000 0.000 0.000 0.000 0.000 0.000 0.000 0.000 0.000 0.000 0.000 0.000 0.000 0.000 0.000 0.000 0.000 0.000 0.000 0.000 0.000 0.000 0.000 0.000 0.000 0.000 0.000 0.000 0.000 0.000 0.000 0.000 0.000 0.000 0.000 0.000 0.000 0.000 0.000 0.000 0.000 0.000 0.000 0.000 0.000 0.000 0.000 0.000 0.000 0.000 0.000 0.000 0.000 0.000 0.000 0.000 0.000 0.000 0.000 0.000 0.000 0.000 0.000 0.000 0.000 0.000 0.000 0.000 0.000 0.000 0.000 0.000 0.000 0.000 0.000 0.000 0.000 0.000 0.000 0.000 0.000 0.000 0.000 0.000 0.000 0.000 0.000 0.000 0.000 0.000 0.000 0.000 0.000 0.000 0.000 0.000 0.000 0.000 0.000 0.000 0.000 0.000 0.000 0.000 0.000 0.000 0.000 0.000 0.000 0.000 0.000 0.000 0.000 0.000 0.000 0.000 0.000 0.000 0.000 0.000 0.000 0.000 0.000 0.000 0.000 0.000 0.000 0.000 0.000 0.000 0.000 0.000 0.000 0.000 0.000 0.000 0.000 0.000 0.000 0.000 0.000 0.000 0.000 0.000 0.000 0.000 0.000 0.000 0.000 0.000 0.000 0.000 0.000 0.000 0.000 0.000 0.000 0.000 0.000 0.000 0.000 0.000 0.000 0.000 0.000 0.000 0.000 0.000 0.000 0.000 0.000 0.000 0.000 0.000 0.000 0.000 0.000 0.000 0.000 0.000 0.000 0.000 0.000 0.000 0.000 0.000 0.000 0.000 0.000 0.000 0.000 0.000 0.000 0.000 0.000 0.000 0.000 0.000 0.000 0.000 0.000 0.000 0.000 0.000 0.000 0.000 0.000 0.000 0.000 0.000 0.000 0.000 0.000 0.000 0.000 0.000 0.000 0.000 0.000 0.000 0.000 0.000 0.000 0.000 0.000 0.000 0.000 0.000 0.000 0.000 0.000 0.000 0.000 0.000 0.000 0.000 0.000 0.000 0.000 0.000 0.000 0.000 0.000 0.000 0.000 0.000 0.000 0.000 0.000 0.000 0.000 0.000 0.000 0.000 0.000 0.000 0.000 0.000 0.000 0.000 0.000 0.000 0.000 0.000 0.000 0.000 0.000 0.000 0.000 0.000 0.000 0.000 0.000 0.000 0.000 0.000 0.000 0.000 0.000 0.000 0.000 0.000 0.000 0.000 0.000 0.000 0.000 0.000 0.000 0.000 0.000 0.000 0.000 0.000 0.000 0.000 0.000 0.000 0.000 0.000 0.000 0.000 0.000 0.000 0.000 0.000 0.000 0.000 0.000 0.000 0.000 0.000 0.000 0.000 0.000 0.000 0.000 0.000 0.000 0.000 0.000 0.000 0.000 0.000 0.000 0.000 0.000 0.000 0.000 0.000 0.000 0.000 0.000 0.000 0.000 0.000 0.000 0.000 0.000 0.000 0.000 0.000 0.000 0.000 0.000 0.000 0.000 0.000 0.000 0.000 0.000 0.000 0.000 0.000 0.000 0.000 0.000 0.000 0.000 0.000 0.000 0.000 0.000 0.000 0.000 0.000 0.000 0.000 0.000 0.000 0.000 0.000 0.000 0.000 0.000 0.000 0.000 0.000 0.000 0.000 0.000 0.000 0.000 0.000 0.000 0.000 0.000 0.000 0.000 0.000 0.000 0.000 0.000 0.000 0.000 0.000 0.000 0.000 0.000 0.000 0.000 0.000 0.000 0.000 0.000 0.000 0.000 0.000 0.000 0.000 0.000 0.000 0.000 0.000 0.000 0.000 0.000 0.000 0.000 0.000 0.000 0.000 0.000 0.000 0.000 0.000 0.000 0.000 0.000 0.000 0.000 0.000 0.000 0.000 0.000 0.000 0.000 0.000 0.000 0.000 0.000 0.000 0.000 0.000 0.000 0.000 0.000 0.000 0.000 0.000 0.000 0.000 0.000 0.000 0.000 0.000 0.000 0.000 0.000 0.000 0.000 0.000 0.000 0.000 0.000 0.000 0.000 0.000 0.000 0.000 0.000 0.000 0.000 0.000 0.000 0.000 0.000 0.000 0.000 0.000 0.000 0.000 0.000 0.000 0.000 0.000 0.000 0.000 0.000 0.000 0.000 0.000 0.000 0.000 0.000 0.000 0.000 0.000 0.000 0.000 0.000 0.000 0.000 0.000 0.000 0.000 0.000 0.000 0.000 0.000 0.000 0.000 0.000 0.000 0.000 0.000 0.000 0.000 0.000 0.000 0.000 0.000 0.000 0.000 0.000 0.000 0.000 0.000 0.000 0.000 0.000 0.000 0.000 0.000 0.000 0.000 0.000 0.000 0.000 0.000 0.000 0.000 0.000 0.000 0.000 0.000 0.000 0.000 0.000 0.000 0.000 0.000 0.000 0.000 0.000 0.000 0.000 0.000 0.000 0.000 0.000 0.000 0.000 0.000 0.000 0.000 0.000 0.000 0.000 0.000 0.000 0.000 0.000 0.000 0.000 0.000 0.000 0.000 0.000 0.000 0.000 0.000 0.000 0.000 0.000 0.000 0.000 0.000 0.000 0.000 0.000 0.000 0.000 0.000 0.000 0.000 0.000 0.000 0.000 0.000 0.000 0.000 0.000 0.000 0.000 0.000 0.000 0.000 0.000 0.000 0.000 0.000 0.000 0.000 0.000 0.000 0.000 0.000 0.000 0.000 0.000 0.000 0.000 0.000 0.000 0.000 0.000 0.000 0.000 0.000 0.000 0.000 0.000 0.000 0.000 0.000 0.000 0.000 0.000 0.000 0.000 0.000 0.000 0.000 0.000 0.000 0.000 0.000 0.000 0.000 0.000 0.000 0.000 0.000 0.000 0.000 0.000 0.000 0.000 0.000 0.000 0.000 0.000 0.000 0.000 0.000 0.000 0.000 0.000 0.000 0.000 0.000 0.000 0.000 0.000 0.000 0.000 0.000 0.000 0.000 0.000 0.000 0.000 0.000 0.000 0.000 0.000 0.000 0.000 0.000 0.000 0.000 0.000 0.000 0.000 0.000 0.000 0.000 0.000 0.000 0.000 0.000 0.000 0.000 0.000 0.000 0.000 0.000 0.000 0.000 0.000 0.000 0.000 0.000 0.000 0.000 0.000 0.000 0.000 0.000 0.000 0.000 0.000 0.000 0.000 0.000 0.000 0.000 0.000 0.000 0.000 0.000 0.000 0.000 0.000 0.000 0.000 0.000 0.000 0.000 0.000 0.000 0.000 0.000 0.000 0.000 0.000 0.000 0.000 0.000 0.000 0.000 0.000 0.000 0.000 0.000 0.000 0.000 0.000 0.000 0.000 0.000 0.000 0.000 0.000 0.000 0.000 0.000 0.000 0.000 0.000 0.000 0.000 0.000 0.000 0.000 0.000 0.000 0.000 0.000 0.000 0.000 0.000 0.000 0.000 0.000 0.000 0.000 0.000 0.000 0.000 0.000 0.000 0.000 0.000 0.000 0.000 0.000 0.000 0.000 0.000 0.000 0.000 0.000 0.000 0.000 0.000 0.000 0.000 0.000 0.000 0.000 0.000 0.000 0.000 0.000 0.000 0.000 0.000 0.000 0.000 0.000 0.000 0.000 0.000 0.000 0.000 0.000 0.000 0.000 0.000 0.000 0.000 0.000 0.000 0.000 0.000 0.000 0.000 0.000 0.000 0.000 0.000 0.000 0.000 0.000 0.000 0.000 0.000 0.000 0.000 0.000 0.000 0.000 0.000 0.000 0.000 0.000 0.000 0.000 0.000 0.000 0.000 0.000 0.000 0.000 0.000 0.000 0.000 0.000 0.000 0.000 0.000 0.000 0.000 0.000 0.000 0.000 0.000 0.000 0.000 0.000 0.000 0.000 0.000 0.000 0.000 0.000 0.000 0.000 0.000 0.000 0.000 0.000 0.000 0.000 0.000 0.000 0.000 0.000 0.000 0.000 0.000 0.000 0.000 0.000 0.000 0.000 0.000 0.000 0.000 0.000 0.000 0.000 0.000 0.000 0.000 0.000 0.000 0.000 0.000 0.000 0.000 0.000 0.000 0.000 0.000 0.000 0.000 0.000 0.000 0.000 0.000 0.000 0.000 0.000 0.000 0.000 0.000 0.000 0.000 0.000 0.000 0.000 0.000 0.000 0.000 0.000 0.000 0.000 0.000 0.000 0.000 0.000 0.000 0.000 0.000 0.000 0.000 0.000 0.000 0.000 0.000 0.000 0.000 0.000 0.000 0.000 0.000 0.000 0.000 0.000 0.000 0.000 0.000 0.000 0.000 0.000 0.000 0.000 0.000 0.000 0.000 0.000 0.000 0.000 0.000 0.000 0.000 0.000 0.000 0.000 0.000 0.000 0.000 0.000 0.000 0.000 0.000 0.000 0.000 0.000 0.000 0.000 0.000 0.000 0.000 0.000 0.000 0.000 0.000 0.000 0.000 0.000 0.000 0.000 0.000 0.000 0.000 0.000 0.000 0.000 0.000 0.000 0.000 0.000 0.000 0.000 0.000 0.000 0.000 0.000 0.000 0.000 0.000 0.000 0.000 0.000 0.000 0.000 0.000 0.000 0.000 0.000 0.000 0.000 0.000 0.000 0.000 0.000 0.000 0.000 0.000 0.000 0.000 0.000 0.000 0.000 0.000 0.000 0.000 0.000 0.000 0.000 0.000 0.000 0.000 0.000 0.000 0.000 0.000 0.000 0.000 0.000 0.000 0.000 0.000 0.000 0.000 0.000 0.000 0.000 0.000 0.000 0.000 0.000 0.000 0.000 0.000 0.000 0.000 0.000 0.000 0.000 0.000 0.000 0.000 0.000 0.000 0.000 0.000 0.000 0.000 0.000 0.000 0.000 0.000 0.000 0.000 0.000 0.000 0.000 0.000 0.000 0.000 0.000 0.000 0.000 0.000 0.000 0.000 0.000 0.000 0.000 0.000 0.000 0.000 0.000 0.000 0.000 0.000 0.000 0.000 0.000 0.000 0.000 0.000 0.000 0.000 0.000 0.000 0.000 0.000 0.000 0.000 0.000 0.000 0.000 0.000 0.000 0.000 0.000 0.000 0.000 0.000 0.000 0.000 0.000 0.000 0.000 0.000 0.000 0.000 0.000 0.000 0.000 0.000 0.000 0.000 0.000 0.000 0.000 0.000 0.000 0.000 0.000 0.000 0.000 0.000 0.000 0.000 0.000 0.000 0.000 0.000 0.000 0.000 0.000 0.000 0.000 0.000 0.000 0.000 0.000 0.000 0.000 0.000 0.000 0.000 0.000 0.000 0.000 0.000 0.000 0.000 0.000 0.000 0.000 0.000 0.000 0.000 0.000 0.000 0.000 0.000 0.000 0.000 0.000 0.000 0.000 0.000 0.000 0.000 0.000 0.000 0.000 0.000 0.000 0.000 0.000 0.000 0.000 0.000 0.000 0.000 0.000 0.000 0.000 0.000 0.000 0.000 0.000 0.000 0.000 0.000 0.000 0.000 0.000 0.000 0.000 0.000 0.000 0.000 0.000 0.000 0.000 0.000 0.000 0.000 0.000 0.000 0.000 0.000 0.000 0.000 0.000 0.000 0.000 0.000 0.000 0.000 0.000 0.000 0.000 0.000 0.000 0.000 0.000 0.000 0.000 0.000 0.000 0.000 0.000 0.000 0.000 0.000 0.000 0.000 0.000 0.000 0.000 0.000 0.000 0.000 0.000 0.000 0.000 0.000 0.000 0.000 0.000 0.000 0.000 0.000 0.000 0.000 0.000 0.000 0.000 0.000 0.000 0.000 0.000 0.000 0.000 0.000 0.000 0.000 0.000 0.000 0.000 0.000 0.000 0.000 0.000 0.000 0.000 0.000 0.000 0.000 0.000 0.000 0.000 0.000 0.000 0.000 0.000 0.000 0.000 0.000 0.000 0.000 0.000 0.000 0.000 0.000 0.000 0.000 0.000 0.000 0.000 0.000 0.000 0.000 0.000 0.000 0.000 0.000 0.000 0.000 0.000 0.000 0.000 0.000 0.000 0.000 0.000 0.000 0.000 0.000 0.000 0.000 0.000 0.000 0.000 0.000 0.000 0.000 0.000 0.000 0.000 0.000 0.000 0.000 0.000 0.000 0.000 0.000 0.000 0.000 0.000 0.000 0.000 0.000 0.000 0.000 0.000 0.000 0.000 0.000 0.000 0.000 0.000 0.000 0.000 0.000 0.000 0.000 0.000 0.000 0.000 0.000 0.000 0.000 0.000 0.000 0.000 0.000 0.000 0.000 0.000 0.000 0.000 0.000 0.000 0.000 0.000 0.000 0.000 0.000 0.000 0.000 0.000 0.000 0.000 0.000 0.000 0.000 0.000 0.000 0.000 0.000 0.000 0.000 0.000 0.000 0.000 0.000 0.000 0.000 0.000 0.000 0.000 0.000 0.000 0.000 0.000 0.000 0.000 0.000 0.000 0.000 0.000 0.000 0.000 0.000 0.000 0.000 0.000 0.000 0.000 0.000 0.000 0.000 0.000 0.000 0.000 0.000 0.000 0.000 0.000 0.000 0.000 0.000 0.000 0.000 0.000 0.000 0.000 0.000 0.000 0.000 0.000 0.000 0.000 0.000 0.000 0.000 0.000 0.000 0.000 0.000 0.000 0.000 0.000 0.000 0.000 0.000 0.000 0.000 0.000 0.000 0.000 0.000 0.000 0.000 0.000 0.000 0.000 0.000 0.000 0.000 0.000 0.000 0.000 0.000 0.000 0.000 0.000 0.000 0.000 0.000 0.000 0.000 0.000 0.000 0.000 0.000 0.000 0.000 0.000 0.000 0.000 0.000 0.000 0.000 0.000 0.000 0.000 0.000 0.000 0.000 0.000 0.000 0.000 0.000 0.000 0.000 0.000 0.000 0.000 0.000 0.000 0.000 0.000 0.000 0.000 0.000 0.000 0.000 0.000 0.000 0.000 0.000 0.000 0.000 0.000 0.000 0.000 0.000 0.000 0.000 0.000 0.000 0.000 0.000 0.000 0.000 0.000 0.000 0.000 0.000 0.000 0.000 0.000 0.000 0.000 0.000 0.000 0.000 0.000 0.000 0.000 0.000 0.000 0.000 0.000 0.000 0.000 0.000 0.000 0.000 0.000 0.000 0.000 0.000 0.000 0.000 0.000 0.000 0.000 0.000 0.000 0.000 0.000 0.000 0.000 0.000 0.000 0.000 0.000 0.000 0.000 0.000 0.000 0.000 0.000 0.000 0.000 0.000 0.000 0.000 0.000 0.000 0.000 0.000 0.000 0.000 0.000 0.000 0.000 0.000 0.000 0.000 0.000 0.000 0.000 0.000 0.000 0.000 0.000 0.000 0.000 0.000 0.000 0.000 0.000 0.000 0.000 0.000 0.000 0.000 0.000 0.000 0.000 0.000 0.000 0.000 0.000 0.000 0.000 0.000 0.000 0.000 0.000 0.000 0.000 0.000 0.000 0.000 0.000 0.000 0.000 0.000 0.000 0.000 0.000 0.000 0.000 0.000 0.000 0.000 0.000 0.000 0.000 0.000 0.000 0.000 0.000 0.000 0.000 0.000 0.000 0.000 0.000 0.000 0.000 0.000 0.000 0.000 0.000 0.000 0.000 0.000 0.000 0.000 0.000 0.000 0.000 0.000 0.000 0.000 0.000 0.000 0.000 0.000 0.000 0.000 0.000 0.000 0.000 0.000 0.000 0.000 0.000 0.000 0.000 0.000 0.000 0.000 0.000 0.000 0.000 0.000 0.000 0.000 0.000 0.000 0.000 0.000 0.000 0.000 0.000 0.000 0.000 0.000 0.000 0.000 0.000 0.000 0.000 0.000 0.000 0.000 0.000 0.000 0.000 0.000 0.000 0.000 0.000 0.000 0.000 0.000 0.000 0.000 0.000 0.000 0.000 0.000 0.000 0.000 0.000 0.000 0.000 0.000 0.000 0.000 0.000 0.000 0.000 0.000 0.000 0.000 0.000 0.000 0.000 0.000 0.000 0.000 0.000 0.000 0.000 0.000 0.000 0.000 0.000 0.000 0.000 0.000 0.000 0.000 0.000 0.000 0.000 0.000 0.000 0.000 0.000 0.000 0.000 0.000 0.000 0.000 0.000 0.000 0.000 0.000 0.000 0.000 0.000 0.000 0.000 0.000 0.000 0.000 0.000 0.000 0.000 0.000 0.000 0.000 0.000 0.000 0.000 0.000 0.000 0.000 0.000 0.000 0.000 0.000 0.000 0.000 0.000 0.000 0.000 0.000 0.000 0.000 0.000 0.000 0.000 0.000 0.000 0.000 0.000 0.000 0.000 0.000 0.000 0.000 0.000 0.000 0.000 0.000 0.000 0.000 0.000 0.000 0.000 0.000 0.000 0.000 0.000 0.000 0.000 0.000 0.000 0.000 0.000 0.000 0.000 0.000 0.000 0.000 0.000 0.000 0.000 0.000 0.000 0.000 0.000 0.000 0.000 0.000 0.000 0.000 0.000 0.000 0.000 0.000 0.000 0.000 0.000 0.000 0.000 0.000 0.000 0.000 0.000 0.000 0.000 0.000 0.000 0.000 0.000 0.000 0.000 0.000 0.000 0.000 0.000 0.000 0.000 0.000 0.000 0.000 0.000 0.000 0.000 0.000 0.000 0.000 0.000 0.000 0.000 0.000 0.000 0.000 0.000 0.000 0.000 0.000 0.000 0.000 0.000 0.000 0.000 0.000 0.000 0.000 0.000 0.000 0.000 0.000 0.000 0.000 0.000 0.000 0.000 0.000 0.000 0.000 0.000 0.000 0.000 0.000 0.000 0.000 0.000 0.000 0.000 0.000 0.000 0.000 0.000 0.000 0.000 0.000 0.000 0.000 0.000 0.000 0.000 0.000 0.000 0.000 0.000 0.000 0.000 0.000 0.000 0.000 0.000 0.000 0.000 0.000 0.000 0.000 0.000 0.000 0.000 0.000 0.000 0.000 0.000 0.000 0.000 0.000 0.000 0.000 0.000 0.000 0.000 0.000 0.000 0.000 0.000 0.000 0.000 0.000 0.000 0.000 0.000 0.000 0.000 0.000 0.000 0.000 0.000 0.000 0.000 0.000 0.000 0.000 0.000 0.000 0.000 0.000 0.000 0.000 0.000 0.000 0.000 0.000 0.000 0.000 0.000 0.000 0.000 0.000 0.000 0.000 0.000 0.000 0.000 0.000 0.000 0.000 0.000 0.000 0.000 0.000 0.000 0.000 0.000 0.000 0.000 0.000 0.000 0.000 0.000 0.000 0.000 0.000 0.000 0.000 0.000 0.000 0.000 0.000 0.000 0.000 0.000 0.000 0.000 0.000 0.000 0.000 0.000 0.000 0.000 0.000 0.000 0.000 0.000 0.000 0.000 0.000 0.000 0.000 0.000 0.000 0.000 0.000 0.000 0.000 0.000 0.000 0.000 0.000 0.000 0.000 0.000 0.000 0.000 0.000 0.000 0.000 0.000 0.000 0.000 0.000 0.000 0.000 0.000 0.000 0.000 0.000 0.000 0.000 0.000 0.000 0.000 0.000 0.000 0.000 0.000 0.000 0.000 0.000 0.000 0.000 0.000 0.000 0.000 0.000 0.000 0.000 0.000 0.000 0.000 0.000 0.000 0.000 0.000 0.000 0.000 0.000 0.000 0.000 0.000 0.000 0.000 0.000 0.000 0.000 0.000 0.000 0.000 0.000 0.000 0.000 0.000 0.000 0.000 0.000 0.000 0.000 0.000 0.000 0.000 0.000 0.000 0.000 0.000 0.000 0.000 0.000 0.000 0.000 0.000 0.000 0.000 0.000 0.000 0.000 0.000 0.000 0.000 0.000 0.000 0.000 0.000 0.000 0.000 0.000 0.000 0.000 0.000 0.000 0.000 0.000 0.000 0.000 0.000 0.000 0.000 0.000 0.000 0.000 0.000 0.000 0.000 0.000 0.000 0.000 0.000 0.000 0.000 0.000 0.000 0.000 0.000 0.000 0.000 0.000 0.000 0.000 0.000 0.000 0.000 0.000 0.000 0.000 0.000 0.000 0.000 0.000 0.000 0.000 0.000 0.000 0.000 0.000 0.000 0.000 0.000 0.000 0.000 0.000 0.000 0.000 0.000 0.000 0.000 0.000 0.000 0.000 0.000 0.000 0.000 0.000 0.000 0.000 0.000 0.000 0.000 0.000 0.000 0.000 0.000 0.000 0.000 0.000 0.000 0.000 0.000 0.000 0.000 0.000 0.000 0.000 0.000 0.000 0.000 0.000 0.000 0.000 0.000 0.000 0.000 0.000 0.000 0.000 0.000 0.000 0.000 0.000 0.000 0.000 0.000 0.000 0.000 0.000 0.000 0.000 0.000 0.000 0.000 0.000 0.000 0.000 0.000 0.000 0.000 0.000 0.000 0.000 0.000 0.000 0.000 0.000 0.000 0.000 0.000 0.000 0.000 0.000 0.000 0.000 0.000 0.000 0.000 0.000 0.000 0.000 0.000 0.000 0.000 0.000 0.000 0.000 0.000 0.000 0.000 0.000 0.000 0.000 0.000 0.000 0.000 0.000 0.000 0.000 0.000 0.000 0.000 0.000 0.000 0.000 0.000 0.000 0.000 0.000 0.000 0.000 0.000 0.000 0.000 0.000 0.000 0.000 0.000 0.000 0.000 0.000 0.000 0.000 0.000 0.000 0.000 0.000 0.000 0.000 0.000 0.000 0.000 0.000 0.000 0.000 0.000 0.000 0.000 0.000 0.000 0.000 0.000 0.000 0.000 0.000 0.000 0.000 0.000 0.000 0.000 0.000 0.000 0.000 0.000 0.000 0.000 0.000 0.000 0.000 0.000 0.000 0.000 0.000 0.000 0.000 0.000 0.000 0.000 0.000 0.000 0.000 0.000 0.000 0.000 0.000 0.000 0.000 0.000 0.000 0.000 0.000 0.000 0.000 0.000 0.000 0.000 0.000 0.000 0.000 0.000 0.000 0.000 0.000 0.000 0.000 0.000 0.000 0.000 0.000 0.000 0.000 0.000 0.000 0.000 0.000 0.000 0.000 0.000 0.000 0.000 0.000 0.000 0.000 0.000 0.000 0.000 0.000 0.000 0.000 0.000 0.000 0.000 0.000 0.000 0.000 0.000 0.000 0.000 0.000 0.000 0.000 0.000 0.000 0.000 0.000 0.000 0.000 0.000 0.000 0.000 0.000 0.000 0.000 0.000 0.000 0.000 0.000 0.000 0.000 0.000 0.000 0.000 0.000 0.000 0.000 0.000 0.000 0.000 0.000 0.000 0.000 0.000 0.000 0.000 0.000 0.000 0.000 0.000 0.000 0.000 0.000 0.000 0.000 0.000 0.000 0.000 0.000 0.000 0.000 0.000 0.000 0.000 0.000 0.000 0.000 0.000 0.000 0.000 0.000 0.000 0.000 0.000 0.000 0.000 0.000 0.000 0.000 0.000 0.000 0.000 0.000 0.000 0.000 0.000 0.000 0.000 0.000 0.000 0.000 0.000 0.000 0.000 0.000 0.000 0.000 0.000 0.000 0.000 0.000 0.000 0.000 0.000 0.000 0.000 0.000 0.000 0.000 0.000 0.000 0.000 0.000 0.000 0.000 0.000 0.000 0.000 0.000 0.000 0.000 0.000 0.000 0.000 0.000 0.000 0.000 0.000 0.000 0.000 0.000 0.000 0.000 0.000 0.000 0.000 0.000 0.000 0.000 0.000 0.000 0.000 0.000 0.000 0.000 0.000 0.000 0.000 0.000 0.000 0.000 0.000 0.000 0.000 0.000 0.000 0.000 0.000 0.000 0.000 0.000 0.000 0.000 0.000 0.000 0.000 0.000 0.000 0.000 0.000 0.000 0.000 0.000 0.000 0.000 0.000 0.000 0.000 0.000 0.000 0.000 0.000 0.000 0.000 0.000 0.000 0.000 0.000 0.000 0.000 0.000 0.000 0.000 0.000 0.000 0.000 0.000 0.000 0.000 0.000 0.000 0.000 0.000 0.000 0.000 0.000 0.000 0.000 0.000 0.000 0.000 0.000 0.000 0.000 0.000 0.000 0.000 0.000 0.000 0.000 0.000 0.000 0.000 0.000 0.000 0.000 0.000 0.000 0.000 0.000 0.000 0.000 0.000 0.000 0.000 0.000 0.000 0.000 0.000 0.000 0.000 0.000 0.000 0.000 0.000 0.000 0.000 0.000 0.000 0.000 0.000 0.000 0.000 0.000 0.000 0.000 0.000 0.000 0.000 0.000 0.000 0.000 0.000 0.000 0.000 0.000 0.000 0.000 0.000 0.000 0.000 0.000 0.000 0.000 0.000 0.000 0.000 0.000 0.000 0.000 0.000 0.000 0.000 0.000 0.000 0.000 0.000 0.000 0.000 0.000 0.000 0.000 0.000 0.000 0.000 0.000 0.000 0.000 0.000 0.000 0.000 0.000 0.000 0.000 0.000 0.000 0.000 0.000 0.000 0.000 0.000 0.000 0.000 0.000 0.000 0.000 0.000 0.000 0.000 0.000 0.000 0.000 0.000 0.000 0.000 0.000 0.000 0.000 0.000 0.000 0.000 0.000 0.000 0.000 0.000 0.000 0.000 0.000 0.000 0.000 0.000 0.000 0.000 0.000 0.000 0.000 0.000 0.000 0.000 0.000 0.000 0.000 0.000 0.000 0.000 0.000 0.000 0.000 0.000 0.000 0.000 0.000 0.000 0.000 0.000 0.000 0.000 0.000 0.000 0.000 0.000 0.000 0.000 0.000 0.000 0.000 0.000 0.000 0.000 0.000 0.000 0.000 0.000 0.000 0.000 0.000 0.000 0.000 0.000 0.000 0.000 0.000 0.000 0.000 0.000 0.000 0.000 0.000 0.000 0.000 0.000 0.000 0.000 0.000 0.000 0.000 0.000 0.000 0.000 0.000 0.000 0.000 0.000 0.000 0.000 0.000 0.000 0.000 0.000 0.000 0.000 0.000 0.000 0.000 0.000 0.000 0.000 0.000 0.000 0.000 0.000 0.000 0.000 0.000 0.000 0.000 0.000 0.000 0.000 0.000 0.000 0.000 0.000 0.000 0.000 0.000 0.000 0.000 0.000 0.000 0.000 0.000 0.000 0.000 0.000 0.000 0.000 0.000 0.000 0.000 0.000 0.000 0.000 0.000 0.000 0.000 0.000 0.000 0.000 0.000 0.000 0.000 0.000 0.000 0.000 0.000 0.000 0.000 0.000 0.000 0.000 0.000 0.000 0.000 0.000 0.000 0.000 0.000 0.000 0.000 0.000 0.000 0.000 0.000 0.000 0.000 0.000 0.000 0.000 0.000 0.000 0.000 0.000 0.000 0.000 0.000 0.000 0.000 0.000 0.000 0.000 0.000 0.000 0.000 0.000 0.000 0.000 0.000 0.000 0.000 0.000 0.000 0.000 0.000 0.000 0.000 0.000 0.000 0.000 0.000 0.000 0.000 0.000 0.000 0.000 0.000 0.000 0.000 0.000 0.000 0.000 0.000 0.000 0.000 0.000 0.000 0.000 0.000 0.000 0.000 0.000 0.000 0.000 0.000 0.000 0.000 0.000 0.000 0.000 0.000 0.000 0.000 0.000 0.000 0.000 0.000 0.000 0.000 0.000 0.000 0.000 0.000 0.000 0.000 0.000 0.000 0.000 0.000 0.000 0.000 0.000 0.000 0.000 0.000 0.000 0.000 0.000 0.000 0.000 0.000 0.000 0.000 0.000 0.000 0.000 0.000 0.000 0.000 0.000 0.000 0.000 0.000 0.000 0.000 0.000 0.000 0.000 0.000 0.000 0.000 0.000 0.000 0.000 0.000 0.000 0.000 0.000 0.000 0.000 0.000 0.000 0.000 0.000 0.000 0.000 0.000 0.000 0.000 0.000 0.000 0.000 0.000 0.000 0.000 0.000 0.000 0.000 0.000 0.000 0.000 0.000 0.000 0.000 0.000 0.000 0.000 0.000 0.000 0.000 0.000 0.000 0.000 0.000 0.000 0.000 0.000 0.000 0.000 0.000 0.000 0.000 0.000 0.000 0.000 0.000 0.000 0.000 0.000 0.000 0.000 0.000 0.000 0.000 0.000 0.000 0.000 0.000 0.000 0.000 0.000 0.000 0.000 0.000 0.000 0.000 0.000 0.000 0.000 0.000 0.000 0.000 0.000 0.000 0.000 0.000 0.000 0.000 0.000 0.000 0.000 0.000 0.000 0.000 0.000 0.000 0.000 0.000 0.000 0.000 0.000 0.000 0.000 0.000 0.000 0.000 0.000 0.000 0.000 0.000 0.000 0.000 0.000 0.000 0.000 0.000 0.000 0.000 0.000 0.000 0.000 0.000 0.000 0.000 0.000 0.000 0.000 0.000 0.000 0.000 0.000 0.000 0.000 0.000 0.000 0.000 0.000 0.000 0.000 0.000 0.000 0.000 0.000 0.000 0.000 0.000 0.000 0.000 0.000 0.000 0.000 0.000 0.000 0.000 0.000 0.000 0.000 0.000 0.000 0.000 0.000 0.000 0.000 0.000 0.000 0.000 0.000 0.000 0.000 0.000 0.000 0.000 0.000 0.000 0.000 0.000 0.000 0.000 0.000 0.000 0.000 0.000 0.000 0.000 0.000 0.000 0.000 0.000 0.000 0.000 0.000 0.000 0.000 0.000 0.000 0.000 0.000 0.000 0.000 0.000 0.000 0.000 0.000 0.000 0.000 0.000 0.000 0.000 0.000 0.000 0.000 0.000 0.000 0.000 0.000 0.000 0.000 0.000 0.000 0.000 0.000 0.000 0.000 0.000 0.000 0.000 0.000 0.000 0.000 0.000 0.000 0.000 0.000 0.000 0.000 0.000 0.000 0.000 0.000 0.000 0.000 0.000 0.000 0.000 0.000 0.000 0.000 0.000 0.000 0.000 0.000 0.000 0.000 0.000 0.000 0.000 0.000 0.000 0.000 0.000 0.000 0.000 0.000 0.000 0.000 0.000 0.000 0.000 0.000 0.000 0.000 0.000 0.000 0.000 0.000 0.000 0.000 0.000 0.000 0.000 0.000 0.000 0.000 0.000 0.000 0.000 0.000 0.000 0.000 0.000 0.000 0.000 0.000 0.000 0.000 0.000 0.000 0.000 0.000 0.000 0.000 0.000 0.000 0.000 0.000 0.000 0.000 0.000 0.000 0.000 0.000 0.000 0.000 0.000 0.000 0.000 0.000 0.000 0.000 0.000 0.000 0.000 0.000 0.000 0.000 0.000 0.000 0.000 0.000 0.000 0.000 0.000 0.000 0.000 0.000 0.000 0.000 0.000 0.000 0.000 0.000 0.000 0.000 0.000 0.000 0.000 0.000 0.000 0.000 0.000 0.000 0.000 0.000 0.000 0.000 0.000 0.000 0.000 0.000 0.000 0.000 0.000 0.000 0.000 0.000 0.000 0.000 0.000 0.000 0.000 0.000 0.000 0.000 0.000 0.000 0.000 0.000 0.000 0.000 0.000 0.000 0.000 0.000 0.000 0.000 0.000 0.000 0.000 0.000 0.000 0.000 0.000 0.000 0.000 0.000 0.000 0.000 0.000 0.000 0.000 0.000 0.000 0.000 0.000 0.000 0.000 0.000 0.000 0.000 0.000 0.000 0.000 0.000 0.000 0.000 0.000 0.000 0.000 0.000 0.000 0.000 0.000 0.000 0.000 0.000 0.000 0.000 0.000 0.000 0.000 0.000 0.000 0.000 0.000 0.000 0.000 0.000 0.000 0.000 0.000 0.000 0.000 0.000 0.000 0.000 0.000 0.000 0.000 0.000 0.000 0.000 0.000 0.000 0.000 0.000 0.000 0.000 0.000 0.000 0.000 0.000 0.000 0.000 0.000 0.000 0.000 0.000 0.000 0.000 0.000 0.000 0.000 0.000 0.000 0.000 0.000 0.000 0.000 0.000 0.000 0.000 0.000 0.000 0.000 0.000 0.000 0.000 0.000 0.000 0.000 0.000 0.000 0.000 0.000 0.000 0.000 0.000 0.000 0.000 0.000 0.000 0.000 0.000 0.000 0.000 0.000 0.000 0.000 0.000 0.000 0.000 0.000 0.000 0.000 0.000 0.000 0.000 0.000 0.000 0.000 0.000 0.000 0.000 0.000 0.000 0.000 0.000 0.000 0.000 0.000 0.000 0.000 0.000 0.000 0.000 0.000 0.000 0.000 0.000 0.000 0.000 0.000 0.000 0.000 0.000 0.000 0.000 0.000 0.000 0.000 0.000 0.000 0.000 0.000 0.000 0.000 0.000 0.000 0.000 0.000 0.000 0.000 0.000 0.000 0.000 0.000 0.000 0.000 0.000 0.000 0.000 0.000 0.000 0.000 0.000 0.000 0.000 0.000 0.000 0.000 0.000 0.000 0.000 0.000 0.000 0.000 0.000 0.000 0.000 0.000 0.000 0.000 0.000 0.000 0.000 0.000 0.000 0.000 0.000 0.000 0.000 0.000 0.000 0.000 0.000 0.000 0.000 0.000 0.000 0.000 0.000 0.000 0.000 0.000 0.000 0.000 0.000 0.000 0.000 0.000 0.000 0.000 0.000 0.000 0.000 0.000 0.000 0.000 0.000 0.000 0.000 0.000 0.000 0.000 0.000 0.000 0.000 0.000 0.000 0.000 0.000 0.000 0.000 0.000 0.000 0.000 0.000 0.000 0.000 0.000 0.000 0.000 0.000 0.000 0.000 0.000 0.000 0.000 0.000 0.000 0.000 0.000 0.000 0.000 0.000 0.000 0.000 0.000 0.000 0.000 0.000 0.000 0.000 0.000 0.000 0.000 0.000 0.000 0.000 0.000 0.000 0.000 0.000 0.000 0.000 0.000 0.000 0.000 0.000 0.000 0.000 0.000 0.000 0.000 0.000 0.000 0.000 0.000 0.000 0.000 0.000 0.000 0.000 0.000 0.000 0.000 0.000 0.000 0.000 0.000 0.000 0.000 0.000 0.000 0.000 0.000 0.000 0.000 0.000 0.000 0.000 0.000 0.000 0.000 0.000 0.000 0.000 0.000 0.000 0.000 0.000 0.000 0.000 0.000 0.000 0.000 0.000 0.000 0.000 0.000 0.000 0.000 0.000 0.000 0.000 0.000 0.000 0.000 0.000 0.000 0.000 0.000 0.000 0.000 0.000 0.000 0.000 0.000 0.000 0.000 0.000 0.000 0.000 0.000 0.000 0.000 0.000 0.000 0.000 0.000 0.000 0.000 0.000 0.000 0.000 0.000 0.000 0.000 0.000 0.000 0.000 0.000 0.000 0.000 0.000 0.000 0.000 0.000 0.000 0.000 0.000 0.000 0.000 0.000 0.000 0.000 0.000 0.000 0.000 0.000 0.000 0.000 0.000 0.000 0.000 0.000 0.000 0.000 0.000 0.000 0.000 0.000 0.000 0.000 0.000 0.000 0.000 0.000 0.000 0.000 0.000 0.000 0.000 0.000 0.000 0.000 0.000 0.000 0.000 0.000 0.000 0.000 0.000 0.000 0.000 0.000 0.000 0.000 0.000 0.000 0.000 0.000 0.000 0.000 0.000 0.000 0.000 0.000 0.000 0.000 0.000 0.000 0.000 0.000 0.000 0.000 0.000 0.000 0.000 0.000 0.000 0.000 0.000 0.000 0.000 0.000 0.000 0.000 0.000 0.000 0.000 0.000 0.000 0.000 0.000 0.000 0.000 0.000 0.000 0.000 0.000 0.000 0.000 0.000 0.000 0.000 0.000 0.000 0.000 0.000 0.000 0.000 0.000 0.000 0.000 0.000 0.000 0.000 0.000 0.000 0.000 0.000 0.000 0.000 0.000 0.000 0.000 0.000 0.000 0.000 0.000 0.000 0.000 0.000 0.000 0.000 0.000 0.000 0.000 0.000 0.000 0.000 0.000 0.000 0.000 0.000 0.000 0.000 0.000 0.000 0.000 0.000 0.000 0.000 0.000 0.000 0.000 0.000 0.000 0.000 0.000 0.000 0.000 0.000 0.000 0.000 0.000 0.000 0.000 0.000 0.000 0.000 0.000 0.000 0.000 0.000 0.000 0.000 0.000 0.000 0.000 0.000 0.000 0.000 0.000 0.000 0.000 0.000 0.000 0.000 0.000 0.000 0.000 0.000 0.000 0.000 0.000 0.000 0.000 0.000 0.000 0.000 0.000 0.000 0.000 0.000 0.000 0.000 0.000 0.000 0.000 0.000 0.000 0.000 0.000 0.000 0.000 0.000 0.000 0.000 0.000 0.000 0.000 0.000 0.000 0.000 0.000 0.000 0.000 0.000 0.000 0.000 0.000 0.000 0.000 0.000 0.000 0.000 0.000 0.000 0.000 0.000 0.000 0.000 0.000 0.000 0.000 0.000 0.000 0.000 0.000 0.000 0.000 0.000 0.000 0.000 0.000 0.000 0.000 0.000 0.000 0.000 0.000 0.000 0.000 0.000 0.000 0.000 0.000 0.000 0.000 0.000 0.000 0.000 0.000 0.000 0.000 0.000 0.000 0.000 0.000 0.000 0.000 0.000 0.000 0.000 0.000 0.000 0.000 0.000 0.000 0.000 0.000 0.000 0.000 0.000 0.000 0.000 0.000 0.000 0.000 0.000 0.000 0.000 0.000 0.000 0.000 0.000 0.000 0.000 0.000 0.000 0.000 0.000 0.000 0.000 0.000 0.000 0.000 0.000 0.000 0.000 0.000 0.000 0.000 0.000 0.000 0.000 0.000 0.000 0.000 0.000 0.000 0.000 0.000 0.000 0.000 0.000 0.000 0.000 0.000 0.000 0.000 0.000 0.000 0.000 0.000 0.000 0.000 0.000 0.000 0.000 0.000 0.000 0.000 0.000 0.000 0.000 0.000 0.000 0.000 0.000 0.000 0.000 0.000 0.000 0.000 0.000 0.000 0.000 0.000 0.000 0.000 0.000 0.000 0.000 0.000 0.000 0.000 0.000 0.000 0.000 0.000 0.000 0.000 0.000 0.000 0.000 0.000 0.000 0.000 0.000 0.000 0.000 0.000 0.000 0.000 0.000 0.000 0.000 0.000 0.000 0.000 0.000 0.000 0.000 0.000 0.000 0.000 0.000 0.000 0.000 0.000 0.000 0.000 0.000 0.000 0.000 0.000 0.000 0.000 0.000 0.000 0.000 0.000 0.000 0.000 0.000 0.000 0.000 0.000 0.000 0.000 0.000 0.000 0.000 0.000 0.000 0.000 0.000 0.000 0.000 0.000 0.000 0.000 0.000 0.000 0.000 0.000 0.000 0.000 0.000 0.000 0.000 0.000 0.000 0.000 0.000 0.000 0.000 0.000 0.000 0.000 0.000 0.000 0.000 0.000 0.000 0.000 0.000 0.000 0.000 0.000 0.000 0.000 0.000 0.000 0.000 0.000 0.000 0.000 0.000 0.000 0.000 0.000 0.000 0.000 0.000 0.000 0.000 0.000 0.000 0.000 0.000 0.000 0.000 0.000 0.000 0.000 0.000 0.000 0.000 0.000 0.000 0.000 0.000 0.000 0.000 0.000 0.000 0.000 0.000 0.000 0.000 0.000 0.000 0.000 0.000 0.000 0.000 0.000 0.000 0.000 0.000 0.000 0.000 0.000 0.000 0.000 0.000 0.000 0.000 0.000 0.000 0.000 0.000 0.000 0.000 0.000 0.000 0.000 0.000 0.000 0.000 0.000 0.000 0.000 0.000 0.000 0.000 0.000 0.000 0.000 0.000 0.000 0.000 0.000 0.000 0.000 0.000 0.000 0.000 0.000 0.000 0.000 0.000 0.000 0.000 0.000 0.000 0.000 0.000 0.000 0.000 0.000 0.000 0.000 0.000 0.000 0.000 0.000 0.000 0.000 0.000 0.000 0.000 0.000 0.000 0.000 0.000 0.000 0.000 0.000 0.000 0.000 0.000 0.000 0.000 0.000 0.000 0.000 0.000 0.000 0.000 0.000 0.000 0.000 0.000 0.000 0.000 0.000 0.000 0.000 0.000 0.000 0.000 0.000 0.000 0.000 0.000 0.000 0.000 0.000 0.000 0.000 0.000 0.000 0.000 0.000 0.000 0.000 0.000 0.000 0.000 0.000 0.000 0.000 0.000 0.000 0.000 0.000 0.000 0.000 0.000 0.000 0.000 0.000 0.000 0.000 0.000 0.000 0.000 0.000 0.000 0.000 0.000 0.000 0.000 0.000 0.000 0.000 0.000 0.000 0.000 0.000 0.000 0.000 0.000 0.000 0.000 0.000 0.000 0.000 0.000 0.000 0.000 0.000 0.000 0.000 0.000 0.000 0.000 0.000 0.000 0.000 0.000 0.000 0.000 0.000 0.000 0.000 0.000 0.000 0.000 0.000 0.000 0.000 0.000 0.000 0.000 0.000 0.000 0.000 0.000 0.000 0.000 0.000 0.000 0.000 0.000 0.000 0.000 0.000 0.000 0.000 0.000 0.000 0.000 0.000 0.000 0.000 0.000 0.000 0.000 0.000 0.000 0.000 0.000 0.000 0.000 0.000 0.000 0.000 0.000 0.000 0.000 0.000 0.000 0.000 0.000 0.000 0.000 0.000 0.000 0.000 0.000 0.000 0.000 0.000 0.000 0.000 0.000 0.000 0.000 0.000 0.000 0.000 0.000 0.000 0.000 0.000 0.000 0.000 0.000 0.000 0.000 0.000 0.000 0.000 0.000 0.000 0.000 0.000 0.000 0.000 0.000 0.000 0.000 0.000 0.000 0.000 0.000 0.000 0.000 0.000 0.000 0.000 0.000 0.000 0.000 0.000 0.000 0.000 0.000 0.000 0.000 0.000 0.000 0.000 0.000 0.000 0.000 0.000 0.000 0.000 0.000 0.000 0.000 0.000 0.000 0.000 0.000 0.000 0.000 0.000 0.000 0.000 0.000 0.000 0.000 0.000 0.000 0.000 0.000 0.000 0.000 0.000 0.000 0.000 0.000 0.000 0.000 0.000 0.000 0.000 0.000 0.000 0.000 0.000 0.000 0.000 0.000 0.000 0.000 0.000 0.000 0.000 0.000 0.000 0.000 0.000 0.000 0.000 0.000 0.000 0.000 0.000 0.000 0.000 0.000 0.000 0.000 0.000 0.000 0.000 0.000 0.000 0.000 0.000 0.000 0.000 0.000 0.000 0.000 0.000 0.000 0.000 0.000 0.000 0.000 0.000 0.000 0.000 0.000 0.000 0.000 0.000 0.000 0.000 0.000 0.000 0.000 0.000 0.000 0.000 0.000 0.000 0.000 0.000 0.000 0.000 0.000 0.000 0.000 0.000 0.000 0.000 0.000 0.000 0.000 0.000 0.000 0.000 0.000 0.000 0.000 0.000 0.000 0.000 0.000 0.000 0.000 0.000 0.000 0.000 0.000 0.000 0.000 0.000 0.000 0.000 0.000 0.000 0.000 0.000 0.000 0.000 0.000 0.000 0.000 0.000 0.000 0.000 0.000 0.000 0.000 0.000 0.000 0.000 0.000 0.000 0.000 0.000 0.000 0.000 0.000 0.000 0.000 0.000 0.000 0.000 0.000 0.000 0.000 0.000 0.000 0.000 0.000 0.000 0.000 0.000 0.000 0.000 0.000 0.000 0.000 0.000 0.000 0.000 0.000 0.000 0.000 0.000 0.000 0.000 0.000 0.000 0.000 0.000 0.000 0.000 0.000 0.000 0.000 0.000 0.000 0.000 0.000 0.000 0.000 0.000 0.000 0.000 0.000 0.000 0.000 0.000 0.000 0.000 0.000 0.000 0.000 0.000 0.000 0.000 0.000 0.000 0.000 0.000 0.000 0.000 0.000 0.000 0.000 0.000 0.000 0.000 0.000 0.000 0.000 0.000 0.000 0.000 0.000 0.000 0.000 0.000 0.000 0.000 0.000 0.000 0.000 0.000 0.000 0.000 0.000 0.000 0.000 0.000 0.000 0.000 0.000 0.000 0.000 0.000 0.000 0.000 0.000 0.000 0.000 0.000 0.000 0.000 0.000 0.000 0.000 0.000 0.000 0.000 0.000 0.000 0.000 0.000 0.000 0.000 0.000 0.000 0.000 0.000 0.000 0.000 0.000 0.000 0.000 0.000 0.000 0.000 0.000 0.000 0.000 0.000 0.000 0.000 0.000 0.000 0.000 0.000 0.000 0.000 0.000 0.000 0.000 0.000 0.000 0.000 0.000 0.000 0.000 0.000 0.000 0.000 0.000 0.000 0.000 0.000 0.000 0.000 0.000 0.000 0.000 0.000 0.000 0.000 0.000 0.000 0.000 0.000 0.000 0.000 0.000 0.000 0.000 0.000 0.000 0.000 0.000 0.000 0.000 0.000 0.000 0.000 0.000 0.000 0.000 0.000 0.000 0.000 0.000 0.000 0.000 0.000 0.000 0.000 0.000 0.000 0.000 0.000 0.000 0.000 0.000 0.000 0.000 0.000 0.000 0.000 0.000 0.000 0.000 0.000 0.000 0.000 0.000 0.000 0.000 0.000 0.000 0.000 0.000 0.000 0.000 0.000 0.000 0.000 0.000 0.000 0.000 0.000 0.000 0.000 0.000 0.000 0.000 0.000 0.000 0.000 0.000 0.000 0.000 0.000 0.000 0.000 0.000 0.000 0.000 0.000 0.000 0.000 0.000 0.000 0.000 0.000 0.000 0.000 0.000 0.000 0.000 0.000 0.000 0.000 0.000 0.000 0.000 0.000 0.000 0.000 0.000 0.000 0.000 0.000 0.000 0.000 0.000 0.000 0.000 0.000 0.000 0.000 0.000 0.000 0.000 0.000 0.000 0.000 0.000 0.000 0.000 0.000 0.000 0.000 0.000 0.000 0.000 0.000 0.000 0.000 0.000 0.000 0.000 0.000 0.000 0.000 0.000 0.000 0.000 0.000 0.000 0.000 0.000 0.000 0.000 0.000 0.000 0.000 0.000 0.000 0.000 0.000 0.000 0.000 0.000 0.000 0.000 0.000 0.000 0.000 0.000 0.000 0.000 0.000 0.000 0.000 0.000 0.000 0.000 0.000 0.000 0.000 0.000 0.000 0.000 0.000 0.000 0.000 0.000 0.000 0.000 0.000 0.000 0.000 0.000 0.000 0.000 0.000 0.000 0.000 0.000 0.000 0.000 0.000 0.000 0.000 0.000 0.000 0.000 0.000 0.000 0.000 0.000 0.000 0.000 0.000 0.000 0.000 0.000 0.000 0.000 0.000 0.000 0.000 0.000 0.000 0.000 0.000 0.000 0.000 0.000 0.000 0.000 0.000 0.000 0.000 0.000 0.000 0.000 0.000 0.000 0.000 0.000 0.000 0.000 0.000 0.000 0.000 0.000 0.000 0.000 0.000 0.000 0.000 0.000 0.000 0.000 0.000 0.000 0.000 0.000 0.000 0.000 0.000 0.000 0.000 0.000 0.000 0.000 0.000 0.000 0.000 0.000 0.000 0.000 0.000 0.000 0.000 0.000 0.000 0.000 0.000 0.000 0.000 0.000 0.000 0.000 0.000 0.000 0.000 0.000 0.000 0.000 0.000 0.000 0.000 0.000 0.000 0.000 0.000 0.000 0.000 0.000 0.000 0.000 0.000 0.000 0.000 0.000 0.000 0.000 0.000 0.000 0.000 0.000 0.000 0.000 0.000 0.000 0.000 0.000 0.000 0.000 0.000 0.000 0.000 0.000 0.000 0.000 0.000 0.000 0.000 0.000 0.000 0.000 0.000 0.000 0.000 0.000 0.000 0.000 0.000 0.000 0.000 0.000 0.000 0.000 0.000 0.000 0.000 0.000 0.000 0.000 0.000 0.000 0.000 0.000 0.000 0.000 0.000 0.000 0.000 0.000 0.000 0.000 0.000 0.000 0.000 0.000 0.000 0.000 0.000 0.000 0.000 0.000 0.000 0.000 0.000 0.000 0.000 0.000 0.000 0.000 0.000 0.000 0.000 0.000 0.000 0.000 0.000 0.000 0.000 0.000 0.000 0.000 0.000 0.000 0.000 0.000 0.000 0.000 0.000 0.000 0.000 0.000 0.000 0.000 0.000 0.000 0.000 0.000 0.000 0.000 0.000 0.000 0.000 0.000 0.000 0.000 0.000 0.000 0.000 0.000 0.000 0.000 0.000 0.000 0.000 0.000 0.000 0.000 0.000 0.000 0.000 0.000 0.000 0.000 0.000 0.000 0.000 0.000 0.000 0.000 0.000 0.000 0.000 0.000 0.000 0.000 0.000 0.000 0.000 0.000 0.000 0.000 0.000 0.000 0.000 0.000 0.000 0.000 0.000 0.000 0.000 0.000 0.000 0.000 0.000 0.000 0.000 0.000 0.000 0.000 0.000 0.000 0.000 0.000 0.000 0.000 0.000 0.000 0.000 0.000 0.000 0.000 0.000 0.000 0.000 0.000 0.000 0.000 0.000 0.000 0.000 0.000 0.000 0.000 0.000 0.000 0.000 0.000 0.000 0.000 0.000 0.000 0.000 0.000 0.000 0.000 0.000 0.000 0.000 0.000 0.000 0.000 0.000 0.000 0.000 0.000 0.000 0.000 0.000 0.000 0.000 0.000 0.000 0.000 0.000 0.000 0.000 0.000 0.000 0.000 0.000 0.000 0.000 0.000 0.000 0.000 0.000 0.000 0.000 0.000 0.000 0.000 0.000 0.000 0.000 0.000 0.000 0.000 0.000 0.000 0.000 0.000 0.000 0.000 0.000 0.000 0.000 0.000 0.000 0.000 0.000 0.000 0.000 0.000 0.000 0.000 0.000 0.000 0.000 0.000 0.000 0.000 0.000 0.000 0.000 0.000 0.000 0.000 0.000 0.000 0.000 0.000 0.000 0.000 0.000 0.000 0.000 0.000 0.000 0.000 0.000 0.000 0.000 0.000 0.000 0.000 0.000 0.000 0.000 0.000 0.000 0.000 0.000 0.000 0.000 0.000 0.000 0.000 0.000 0.000 0.000 0.000 0.000 0.000 0.000 0.000 0.000 0.000 0.000 0.000 0.000 0.000 0.000 0.000 0.000 0.000 0.000 0.000 0.000 0.000 0.000 0.000 0.000 0.000 0.000 0.000 0.000 0.000 0.000 0.000 0.000 0.000 0.000 0.000 0.000 0.000 0.000 0.000 0.000 0.000 0.000 0.000 0.000 0.000 0.000 0.000 0.000 0.000 0.000 0.000 0.000 0.000 0.000 0.000 0.000 0.000 0.000 0.000 0.000 0.000 0.000 0.000 0.000 0.000 0.000 0.000 0.000 0.000 0.000 0.000 0.000 0.000 0.000 0.000 0.000 0.000 0.000 0.000 0.000 0.000 0.000 0.000 0.000 0.000 0.000 0.000 0.000 0.000 0.000 0.000 0.000 0.000 0.000 0.000 0.000 0.000 0.000 0.000 0.000 0.000 0.000 0.000 0.000 0.000 0.000 0.000 0.000 0.000 0.000 0.000 0.000 0.000 0.000 0.000 0.000 0.000 0.000 0.000 0.000 0.000 0.000 0.000 0.000 0.000 0.000 0.000 0.000 0.000 0.000 0.000 0.000 0.000 0.000 0.000 0.000 0.000 0.000 0.000 0.000 0.000 0.000 0.000 0.000 0.000 0.000 0.000 0.000 0.000 0.000 0.000 0.000 0.000 0.000 0.000 0.000 0.000 0.000 0.000 0.000 0.000 0.000 0.000 0.000 0.000 0.000 0.000 0.000 0.000 0.000 0.000 0.000 0.000 0.000 0.000 0.000 0.000 0.000 0.000 0.000 0.000 0.000 0.000 0.000 0.000 0.000 0.000 0.000 0.000 0.000 0.000 0.000 0.000 0.000 0.000 0.000 0.000 0.000 0.000 0.000 0.000 0.000 0.000 0.000 0.000 0.000 0.000 0.000 0.000 0.000 0.000 0.000 0.000 0.000 0.000 0.000 0.000 0.000 0.000 0.000 0.000 0.000 0.000 0.000 0.000 0.000 0.000 0.000 0.000 0.000 0.000 0.000 0.000 0.000 0.000 0.000 0.000 0.000 0.000 0.000 0.000 0.000 0.000 0.000 0.000 0.000 0.000 0.000 0.000 0.000 0.000 0.000 0.000 0.000 0.000 0.000 0.000 0.000 0.000 0.000 0.000 0.000 0.000 0.000 0.000 0.000 0.000 0.000 0.000 0.000 0.000 0.000 0.000 0.000 0.000 0.000 0.000 0.000 0.000 0.000 0.000 0.000 0.000 0.000 0.000 0.000 0.000 0.000 0.000 0.000 0.000 0.000 0.000 0.000 0.000 0.000 0.000 0.000 0.000 0.000 0.000 0.000 0.000 0.000 0.000 0.000 0.000 0.000 0.000 0.000 0.000 0.000 0.000 0.000 0.000 0.000 0.000 0.000 0.000 0.000 0.000 0.000 0.000 0.000 0.000 0.000 0.000 0.000 0.000 0.000 0.000 0.000 0.000 0.000 0.000 0.000 0.000 0.000 0.000 0.000 0.000 0.000 0.000 0.000 0.000 0.000 0.000 0.000 0.000 0.000 0.000 0.000 0.000 0.000 0.000 0.000 0.000 0.000 0.000 0.000 0.000 0.000 0.000 0.000 0.000 0.000 0.000 0.000 0.000 0.000 0.000 0.000 0.000 0.000 0.000 0.000 0.000 0.000 0.000 0.000 0.000 0.000 0.000 0.000 0.000 0.000 0.000 0.000 0.000 0.000 0.000 0.000 0.000 0.000 0.000 0.000 0.000 0.000 0.000 0.000 0.000 0.000 0.000 0.000 0.000 0.000 0.000 0.000 0.000 0.000 0.000 0.000 0.000 0.000 0.000 0.000 0.000 0.000 0.000 0.000 0.000 0.000 0.000 0.000 0.000 0.000 0.000 0.000 0.000 0.000 0.000 0.000 0.000 0.000 0.000 0.000 0.000 0.000 0.000 0.000 0.000 0.000 0.000 0.000 0.000 0.000 0.000 0.000 0.000 0.000 0.000 0.000 0.000 0.000 0.000 0.000 0.000 0.000 0.000 0.000 0.000 0.000 0.000 0.000 0.000 0.000 0.000 0.000 0.000 0.000 0.000 0.000 0.000 0.000 0.000 0.000 0.000 0.000 0.000 0.000 0.000 0.000 0.000 0.000 0.000 0.000 0.000 0.000 0.000 0.000 0.000 0.000 0.000 0.000 0.000 0.000 0.000 0.000 0.000 0.000 0.000 0.000 0.000 0.000 0.000 0.000 0.000 0.000 0.000 0.000 0.000 0.000 0.000 0.000 0.000 0.000 0.000 0.000 0.000 0.000 0.000 0.000 0.000 0.000 0.000 0.000 0.000 0.000 0.000 0.000 0.000 0.000 0.000 0.000 0.000 0.000 0.000 0.000 0.000 0.000 0.000 0.000 0.000 0.000 0.000 0.000 0.000 0.000 0.000 0.000 0.000 0.000 0.000 0.000 0.000 0.000 0.000 0.000 0.000 0.000 0.000 0.000 0.000 0.000 0.000 0.000 0.000 0.000 0.000 0.000 0.000 0.000 0.000 0.000 0.000 0.000 0.000 0.000 0.000 0.000 0.000 0.000 0.000 0.000 0.000 0.000 0.000 0.000 0.000 0.000 0.000 0.000 0.000 0.000 0.000 0.000 0.000 0.000 0.000 0.000 0.000 0.000 0.000 0.000 0.000 0.000 0.000 0.000 0.000 0.000 0.000 0.000 0.000 0.000 0.000 0.000 0.000 0.000 0.000 0.000 0.000 0.000 0.000 0.000 0.000 0.000 0.000 0.000 0.000 0.000 0.000 0.000 0.000 0.000 0.000 0.000 0.000 0.000 0.000 0.000 0.000 0.000 0.000 0.000 0.000 0.000 0.000 0.000 0.000 0.000 0.000 0.000 0.000 0.000 0.000 0.000 0.000 0.000 0.000 0.000 0.000 0.000 0.000 0.000 0.000 0.000 0.000 0.000 0.000 0.000 0.000 0.000 0.000 0.000 0.000 0.000 0.000 0.000 0.000 0.000 0.000 0.000 0.000 0.000 0.000 0.000 0.000 0.000 0.000 0.000 0.000 0.000 0.000 0.000 0.000 0.000 0.000 0.000 0.000 0.000 0.000 0.000 0.000 0.000 0.000 0.000 0.000 0.000 0.000 0.000 0.000 0.000 0.000 0.000 0.000 0.000 0.000 0.000 0.000 0.000 0.000 0.000 0.000 0.000 0.000 0.000 0.000 0.000 0.000 0.000 0.000 0.000 0.000 0.000 0.000 0.000 0.000 0.000 0.000 0.000 0.000 0.000 0.000 0.000 0.000 0.000 0.000 0.000 0.000 0.000 0.000 0.000 0.000 0.000 0.000 0.000 0.000 0.000 0.000 0.000 0.000 0.000 0.000 0.000 0.000 0.000 0.000 0.000 0.000 0.000 0.000 0.000 0.000 0.000 0.000 0.000 0.000 0.000 0.000 0.000 0.000 0.000 0.000 0.000 0.000 0.000 0.000 0.000 0.000 0.000 0.000 0.000 0.000 0.000 0.000 0.000 0.000 0.000 0.000 0.000 0.000 0.000 0.000 0.000 0.000 0.000 0.000 0.000 0.000 0.000 0.000 0.000 0.000 0.000 0.000 0.000 0.000 0.000 0.000 0.000 0.000 0.000 0.000 0.000 0.000 0.000 0.000 0.000 0.000 0.000 0.000 0.000 0.000 0.000 0.000 0.000 0.000 0.000 0.000 0.000 0.000 0.000 0.000 0.000 0.000 0.000 0.000 0.000 0.000 0.000 0.000 0.000 0.000 0.000 0.000 0.000 0.000 0.000 0.000 0.000 0.000 0.000 0.000 0.000 0.000 0.000 0.000 0.000 0.000 0.000 0.000 " />
						</IndexedFaceSet>
					</Shape>
				</Group>
			</Transform>
		</Transform>
	</Scene>
</X3D>